"year","total_prec_inch","avg_t_max","extreme_t_max","avg_t_min","extreme_t_min","avg_t_obs","fog_days","glaze_days","high_wind_days","thunder_days"
"2016",7.97,83.9347826086957,94,57.1630434782609,45,61.3260869565217,4,0,0,0
"2017",11.18,79.4782608695652,94,55.8152173913044,42,59.4021739130435,1,0,0,0
"2018",20.99,82.4239130434783,96,58.8369565217391,45,62.3260869565217,8,2,0,0
