MBD_br,RMSE_br,MBD_abs_br,RMSE_abs_br,MBD_vf,RMSE_vf,MBD_abs_vf,RMSE_abs_vf
1.099116227451219,9.130179244050463,20.09806922972929,166.95138325114732,58.32889750153315,68.21275938505165,1066.5825786214461,1247.315548830326
-0.6314594892683691,16.887467807626752,-16.904661164795417,452.09063458700143,-40.2949515346651,50.33935109824252,-1078.7271613173425,1347.6235420223472
-3.4484517425019057,10.674205221200506,-108.43037532737836,335.6312237724732,-29.754204014695357,34.46857675372942,-935.5675386485482,1083.8025274774059
-12.50836363002826,15.501092458144848,-362.48325521534656,449.2103539533659,-20.363675492557523,31.60285485539264,-590.1244638404032,915.8276846525418
-11.296242615011764,14.811207783308806,-213.1162596951189,279.4300115466065,78.8311434982512,87.2429515408939,1487.237749967447,1645.9359231935596
