Modeled,Measured,MBD,RMSE,MBD_abs,RMSE_abs
Ap_1.modeled,Ap_1.measured,-7.971046663003867,24.881958649315283,-17.472787495652177,54.542043766088504
Ap_2.modeled,Ap_2.measured,-6.630334982640621,26.528845389826436,-21.6702122173913,86.70537928853568
Ap_3.modeled,Ap_3.measured,-3.036807147237756,18.102604630382128,-11.64691545185186,69.42801941840126
Ap_4.modeled,Ap_4.measured,-0.9318875639452385,28.31838851207614,-3.2755887424242474,99.53925581005355
Ap_5.modeled,Ap_5.measured,-3.9295462349103207,46.77048994132378,-8.511851866666662,101.31029343164266
