Modeled,Measured,MBD,RMSE,MBD_abs,RMSE_abs
Ap_1.modeled,Ap_1.measured,-10.204636926614072,59.462725370824494,-20.21853384805502,117.81400301191557
Ap_2.modeled,Ap_2.measured,-2.8467828758102756,39.02497424960748,-8.248333552975147,113.07184936448978
Ap_3.modeled,Ap_3.measured,-2.949130331974707,25.152739442996314,-9.777434079584967,83.39043180238207
Ap_4.modeled,Ap_4.measured,-4.1741492760507155,44.853873356769725,-12.071083238809495,129.71142215231316
Ap_5.modeled,Ap_5.measured,-6.544726024868181,85.85387505043086,-11.821852696815041,155.07935098282434
