Modeled_west,Modeled_east,Modeled_origin,Measured,MBD_west,RMSE_west,MBD_abs_west,RMSE_abs_west,MBD_east,RMSE_east,MBD_abs_east,RMSE_abs_east,MBD_origin,RMSE_origin,MBD_abs_origin,RMSE_abs_origin
ap1.west.modeled,ap1.east.modeled,ap1.origin.modeled,Ap_1.measured,-9.623315563689367,60.59546838438681,-19.066756892400957,120.05831636922153,-11.153633808489493,57.331886059844074,-22.098789433420887,113.59215298004789,-10.204636926614072,59.462725370824494,-20.21853384805502,117.81400301191557
ap2.west.modeled,ap2.east.modeled,ap2.origin.modeled,Ap_2.measured,-2.918628876653796,39.090782593869086,-8.45650179244301,113.26252396024175,-2.7775681880982783,38.985242889409,-8.047789340114843,112.95673081638583,-2.8467828758102756,39.02497424960748,-8.248333552975147,113.07184936448978
ap3.west.modeled,ap3.east.modeled,ap3.origin.modeled,Ap_3.measured,-3.3585802463317025,26.750044090239612,-11.134908689341064,88.68607463108633,-2.539628371380755,23.577827378341613,-8.419786917722435,78.16902848685153,-2.949130331974707,25.152739442996314,-9.777434079584967,83.39043180238207
ap4.west.modeled,ap4.east.modeled,ap4.origin.modeled,Ap_4.measured,-4.473732598780254,45.764941617960126,-12.93743826985162,132.3461101066146,-9.7577721320891,27.8901260809347,-28.218176170073324,80.65452651525248,-4.1741492760507155,44.853873356769725,-12.071083238809495,129.71142215231316
ap5.west.modeled,ap5.east.modeled,ap5.origin.modeled,Ap_5.measured,-5.99562241767107,86.08609621047631,-10.829997279963608,155.4988161119542,-10.227032752689519,77.4922347765017,-18.47326752386605,139.97557440813762,-6.544726024868181,85.85387505043086,-11.821852696815041,155.07935098282434
