Modeled,Measured,MBD,RMSE,MBD_abs,RMSE_abs
Ap_1.modeled,Ap_1.measured,-10.959041996020614,42.181380933735475,-21.897209827567217,84.28241715452327
Ap_2.modeled,Ap_2.measured,-3.406456995111715,24.273715729519953,-9.927133700454831,70.73872407594432
Ap_3.modeled,Ap_3.measured,-3.441590425447864,19.68054449822931,-11.468310508424585,65.58089934574058
Ap_4.modeled,Ap_4.measured,-4.7564300652447296,28.808594977021638,-13.839053945934378,83.8199436394033
Ap_5.modeled,Ap_5.measured,-6.592630091790523,65.91623759471616,-11.914489874331673,119.12671186485262
