Run,Total Yield (g/m2),Days to Maturity,Max LAI
Nominal (GHI),-18.748022180671924,,0.3609803615306075
Row 43,-3.47784096088831,,0.330827652894489
Row 61,0.0,,0.3316278768659048
Row 79,0.0,,0.3730198416497041
