x,y,z,mattype,Wm2Front
3.9746,4.900244e-17,0.05,groundplane,5.731615000000001
3.9746,0.0254,0.05,groundplane,5.731424999999999
3.9746,0.0508,0.05,groundplane,5.731424
3.9746,0.0762,0.05,groundplane,5.731424
3.9746,0.1016,0.05,groundplane,5.731423
