x,y,z,mattype,Wm2Front
1.5746,4.814972e-17,0.05,groundplane,800.8193
1.5746,0.0254,0.05,groundplane,800.8204
1.5746,0.0508,0.05,groundplane,800.8197999999999
1.5746,0.0762,0.05,groundplane,800.8193
1.5746,0.1016,0.05,groundplane,800.8188
