x,y,z,mattype,Wm2Front
0.3746,4.720993e-17,0.05,groundplane,788.0255000000001
0.3746,0.0254,0.05,groundplane,788.0258
0.3746,0.0508,0.05,groundplane,788.0252999999999
0.3746,0.0762,0.05,groundplane,788.0248
0.3746,0.1016,0.05,groundplane,788.0243
