x,y,z,mattype,Wm2Front
2.7746,4.043105e-17,0.05,groundplane,221.6781
2.7746,0.0254,0.05,groundplane,221.6811
2.7746,0.0508,0.05,groundplane,221.681
2.7746,0.0762,0.05,groundplane,221.68089999999998
2.7746,0.1016,0.05,groundplane,221.6808
