x,y,z,mattype,Wm2Front
5.1746,4.875307e-17,0.05,groundplane,809.9793
5.1746,0.0254,0.05,groundplane,809.9802
5.1746,0.0508,0.05,groundplane,809.9797
5.1746,0.0762,0.05,groundplane,809.9792000000001
5.1746,0.1016,0.05,groundplane,809.9787
