x,y,z,mattype,Wm2Front
3.9746,4.596319e-17,0.05,groundplane,773.1285000000001
3.9746,0.0254,0.05,groundplane,773.1289
3.9746,0.0508,0.05,groundplane,773.1284
3.9746,0.0762,0.05,groundplane,773.1279
3.9746,0.1016,0.05,groundplane,773.1274
