x,y,z,mattype,Wm2Front
0.3746,4.637084e-17,0.05,groundplane,776.7327
0.3746,0.0254,0.05,groundplane,776.7343999999999
0.3746,0.0508,0.05,groundplane,776.7338999999998
0.3746,0.0762,0.05,groundplane,776.7333
0.3746,0.1016,0.05,groundplane,776.7327
