x,y,z,mattype,Wm2Front
2.7746,3.050247e-17,0.05,groundplane,469.0414
2.7746,0.0254,0.05,groundplane,469.04490000000004
2.7746,0.0508,0.05,groundplane,469.0446
2.7746,0.0762,0.05,groundplane,469.0443
2.7746,0.1016,0.05,groundplane,469.0441
