x,y,z,mattype,Wm2Front
0.3746,4.900244e-17,0.05,groundplane,5.731627
0.3746,0.0254,0.05,groundplane,5.731477000000001
0.3746,0.0508,0.05,groundplane,5.731476
0.3746,0.0762,0.05,groundplane,5.731475
0.3746,0.1016,0.05,groundplane,5.731474000000001
