x,y,z,rearMat,Wm2Back
0.5697352,3.488622e-17,2.061607,sky,31.14798
0.4274771,2.617542e-17,1.921028,sky,31.14798
0.285219,1.746463e-17,1.780448,sky,31.14798
0.142961,8.753835e-18,1.639868,sky,31.14798
0.0007028983,4.304011e-20,1.499289,sky,31.14798
-0.1415552,-8.667755e-18,1.358709,sky,31.14798
-0.2838132,-1.737855e-17,1.218129,sky,31.14798
-0.4260713,-2.608934e-17,1.07755,sky,31.14798
-0.5683294,-3.480014e-17,0.9369701,sky,31.14798
