x,y,z,rearMat,Wm2Back
0.7944363,4.864519e-17,1.405809,sky,1.985657
0.5957981,3.648211e-17,1.429108,sky,1.985657
0.3971599,2.431903e-17,1.452408,sky,1.985657
0.1985217,1.215595e-17,1.475707,sky,1.985657
-0.0001164974,-7.133408e-21,1.499007,sky,1.985657
-0.1987547,-1.217022e-17,1.522306,sky,1.985657
-0.3973929,-2.43333e-17,1.545606,sky,1.985657
-0.5960311,-3.649638e-17,1.568905,sky,1.985657
-0.7946693,-4.865946e-17,1.592205,sky,1.985657
