x,y,z,mattype,Wm2Front
2.7746,4.875307e-17,0.05,groundplane,810.2605
2.7746,0.0254,0.05,groundplane,810.2612
2.7746,0.0508,0.05,groundplane,810.2607000000002
2.7746,0.0762,0.05,groundplane,810.2603
2.7746,0.1016,0.05,groundplane,810.2597
