x,y,z,mattype,Wm2Front
3.9746,3.050247e-17,0.05,groundplane,373.50130000000007
3.9746,0.0254,0.05,groundplane,373.50589999999994
3.9746,0.0508,0.05,groundplane,373.5057
3.9746,0.0762,0.05,groundplane,373.5055
3.9746,0.1016,0.05,groundplane,373.5053
