x,y,z,mattype,Wm2Front
0.3746,4.12254e-17,0.05,groundplane,714.3374
0.3746,0.0254,0.05,groundplane,714.3398000000001
0.3746,0.0508,0.05,groundplane,714.3392
0.3746,0.0762,0.05,groundplane,714.3386999999999
0.3746,0.1016,0.05,groundplane,714.3383
