x,y,z,mattype,Wm2Front
5.1746,4.62591e-17,0.05,groundplane,103.58409999999999
5.1746,0.0254,0.05,groundplane,103.5862
5.1746,0.0508,0.05,groundplane,103.5862
5.1746,0.0762,0.05,groundplane,103.5861
5.1746,0.1016,0.05,groundplane,103.5861
