x,y,z,mattype,Wm2Front
3.9746,4.887465e-17,0.05,groundplane,810.0004
3.9746,0.0254,0.05,groundplane,810.0018
3.9746,0.0508,0.05,groundplane,810.0012
3.9746,0.0762,0.05,groundplane,810.0007
3.9746,0.1016,0.05,groundplane,810.0000999999999
