x,y,z,mattype,Wm2Front
3.9746,3.909738e-17,0.05,groundplane,691.6672
3.9746,0.0254,0.05,groundplane,691.6698
3.9746,0.0508,0.05,groundplane,691.6693
3.9746,0.0762,0.05,groundplane,691.6688
3.9746,0.1016,0.05,groundplane,691.6682999999999
