x,y,z,mattype,Wm2Front
5.1746,4.444177e-17,0.05,groundplane,753.7365999999998
5.1746,0.0254,0.05,groundplane,753.7370999999999
5.1746,0.0508,0.05,groundplane,753.7367
5.1746,0.0762,0.05,groundplane,753.7361999999999
5.1746,0.1016,0.05,groundplane,753.7356999999998
