x,y,z,mattype,Wm2Front
5.1746,3.247255e-17,0.05,groundplane,472.8625
5.1746,0.0254,0.05,groundplane,472.8616
5.1746,0.0508,0.05,groundplane,472.8613
5.1746,0.0762,0.05,groundplane,472.8611
5.1746,0.1016,0.05,groundplane,472.86089999999996
