x,y,z,rearMat,Wm2Back
0.6167525,3.77652e-17,0.9904734,sky,22.68597
0.4624054,2.831417e-17,1.117662,sky,22.68597
0.3080583,1.886313e-17,1.244851,sky,22.68597
0.1537112,9.412095e-18,1.37204,sky,22.68597
-0.0006359435,-3.894031e-20,1.499228,sky,22.68597
-0.1549831,-9.489975e-18,1.626417,sky,22.68597
-0.3093302,-1.894101e-17,1.753606,sky,22.68597
-0.4636773,-2.839205e-17,1.880794,sky,22.68597
-0.6180244,-3.784308e-17,2.007983,sky,22.68597
