x,y,z,rearMat,Wm2Back
0.7997714,4.897187e-17,1.48085,sky,0.6495788
0.5998229,3.672856e-17,1.485388,sky,0.6495788
0.3998744,2.448524e-17,1.489925,sky,0.6495788
0.1999258,1.224193e-17,1.494463,sky,0.6495788
-2.268733e-05,-1.389199e-21,1.499,sky,0.6495788
-0.1999712,-1.224471e-17,1.503538,sky,0.6495788
-0.3999197,-2.448802e-17,1.508075,sky,0.6495788
-0.5998683,-3.673134e-17,1.512613,sky,0.6495788
-0.7998168,-4.897465e-17,1.51715,sky,0.6495788
