x,y,z,rearMat,Wm2Back
0.540044,3.306816e-17,0.9097852,sky,28.645300000000002
0.4048488,2.478984e-17,1.05717,sky,28.645300000000002
0.2696535,1.651152e-17,1.204555,sky,28.645300000000002
0.1344583,8.233197e-18,1.351939,sky,28.645300000000002
-0.0007369235,-4.512355e-20,1.499324,sky,28.645300000000002
-0.1359322,-8.323444e-18,1.646709,sky,28.645300000000002
-0.2711274,-1.660176e-17,1.794093,sky,28.645300000000002
-0.4063226,-2.488008e-17,1.941478,sky,28.645300000000002
-0.5415178,-3.31584e-17,2.088863,sky,28.645300000000002
