x,y,z,mattype,Wm2Front
2.7746,4.838549e-17,0.05,groundplane,803.2509999999999
2.7746,0.0254,0.05,groundplane,803.2527
2.7746,0.0508,0.05,groundplane,803.2521
2.7746,0.0762,0.05,groundplane,803.2515
2.7746,0.1016,0.05,groundplane,803.2509999999999
