x,y,z,mattype,Wm2Front
2.7746,4.754225e-17,0.05,groundplane,792.4713
2.7746,0.0254,0.05,groundplane,792.4731
2.7746,0.0508,0.05,groundplane,792.4726
2.7746,0.0762,0.05,groundplane,792.4720000000001
2.7746,0.1016,0.05,groundplane,792.4714
