x,y,z,mattype,Wm2Front
5.1746,4.637084e-17,0.05,groundplane,776.8359
5.1746,0.0254,0.05,groundplane,776.8380000000001
5.1746,0.0508,0.05,groundplane,776.8373
5.1746,0.0762,0.05,groundplane,776.8368
5.1746,0.1016,0.05,groundplane,776.8362000000001
