x,y,z,mattype,Wm2Front
2.7746,4.596319e-17,0.05,groundplane,773.1433000000001
2.7746,0.0254,0.05,groundplane,773.1436
2.7746,0.0508,0.05,groundplane,773.1430999999999
2.7746,0.0762,0.05,groundplane,773.1426
2.7746,0.1016,0.05,groundplane,773.1421
