x,y,z,mattype,Wm2Front
3.9746,4.770146e-17,0.05,groundplane,67.12509
3.9746,0.0254,0.05,groundplane,67.12726
3.9746,0.0508,0.05,groundplane,67.12724
3.9746,0.0762,0.05,groundplane,67.12721
3.9746,0.1016,0.05,groundplane,67.12718
