x,y,z,mattype,Wm2Front
3.9746,4.637084e-17,0.05,groundplane,776.8247
3.9746,0.0254,0.05,groundplane,776.8267
3.9746,0.0508,0.05,groundplane,776.8262
3.9746,0.0762,0.05,groundplane,776.8256
3.9746,0.1016,0.05,groundplane,776.8250000000002
