x,y,z,mattype,Wm2Front
5.1746,4.813376e-17,0.05,groundplane,66.79118
5.1746,0.0254,0.05,groundplane,66.79005
5.1746,0.0508,0.05,groundplane,66.79004
5.1746,0.0762,0.05,groundplane,66.79002
5.1746,0.1016,0.05,groundplane,66.78999
