x,y,z,mattype,Wm2Front
5.1746,4.887465e-17,0.05,groundplane,810.0736
5.1746,0.0254,0.05,groundplane,810.0750000000002
5.1746,0.0508,0.05,groundplane,810.0745000000001
5.1746,0.0762,0.05,groundplane,810.0739
5.1746,0.1016,0.05,groundplane,810.0733999999999
