x,y,z,mattype,Wm2Front
0.3746,3.247255e-17,0.05,groundplane,473.0668
0.3746,0.0254,0.05,groundplane,473.0656000000001
0.3746,0.0508,0.05,groundplane,473.0654
0.3746,0.0762,0.05,groundplane,473.0652
0.3746,0.1016,0.05,groundplane,473.0649
