x,y,z,mattype,Wm2Front
2.7746,3.050247e-17,0.05,groundplane,373.6268
2.7746,0.0254,0.05,groundplane,373.6301
2.7746,0.0508,0.05,groundplane,373.6299000000001
2.7746,0.0762,0.05,groundplane,373.6297
2.7746,0.1016,0.05,groundplane,373.6295
