x,y,z,rearMat,Wm2Back
0.7160003,4.384237e-17,1.143146,sky,18.13307
0.536889,3.287497e-17,1.232136,sky,18.13307
0.3577777,2.190756e-17,1.321125,sky,18.13307
0.1786664,1.094016e-17,1.410115,sky,18.13307
-0.0004449478,-2.72452e-20,1.499104,sky,18.13307
-0.1795562,-1.099465e-17,1.588094,sky,18.13307
-0.3586675,-2.196205e-17,1.677084,sky,18.13307
-0.5377788,-3.292946e-17,1.766073,sky,18.13307
-0.7168901,-4.389686e-17,1.855063,sky,18.13307
