x,y,z,mattype,Wm2Front
0.3746,4.770146e-17,0.05,groundplane,66.9942
0.3746,0.0254,0.05,groundplane,66.99568
0.3746,0.0508,0.05,groundplane,66.99565
0.3746,0.0762,0.05,groundplane,66.99564
0.3746,0.1016,0.05,groundplane,66.99562
