x,y,z,mattype,Wm2Front
3.9746,4.444177e-17,0.05,groundplane,753.8398000000001
3.9746,0.0254,0.05,groundplane,753.8401
3.9746,0.0508,0.05,groundplane,753.8395999999999
3.9746,0.0762,0.05,groundplane,753.8391
3.9746,0.1016,0.05,groundplane,753.8386999999999
