x,y,z,mattype,Wm2Front
5.1746,4.12254e-17,0.05,groundplane,714.5355
5.1746,0.0254,0.05,groundplane,714.5381000000001
5.1746,0.0508,0.05,groundplane,714.5376
5.1746,0.0762,0.05,groundplane,714.5369999999999
5.1746,0.1016,0.05,groundplane,714.5366
