x,y,z,rearMat,Wm2Back
0.5777141,3.537479e-17,2.053396,sky,29.302399999999995
0.4334588,2.654169e-17,1.914867,sky,29.302399999999995
0.2892034,1.77086e-17,1.776337,sky,29.302399999999995
0.144948,8.875506e-18,1.637808,sky,29.302399999999995
0.0006926469,4.241239e-20,1.499279,sky,29.302399999999995
-0.1435627,-8.790681e-18,1.360749,sky,29.302399999999995
-0.2878181,-1.762378e-17,1.22222,sky,29.302399999999995
-0.4320735,-2.645687e-17,1.083691,sky,29.302399999999995
-0.5763288,-3.528996e-17,0.9451612,sky,29.302399999999995
