x,y,z,mattype,Wm2Front
2.7746,4.814972e-17,0.05,groundplane,801.1120999999999
2.7746,0.0254,0.05,groundplane,801.1127
2.7746,0.0508,0.05,groundplane,801.1122
2.7746,0.0762,0.05,groundplane,801.1117
2.7746,0.1016,0.05,groundplane,801.1111999999999
