x,y,z,mattype,Wm2Front
2.7746,3.247255e-17,0.05,groundplane,422.8831
2.7746,0.0254,0.05,groundplane,422.8814
2.7746,0.0508,0.05,groundplane,422.8812
2.7746,0.0762,0.05,groundplane,422.88100000000003
2.7746,0.1016,0.05,groundplane,422.8808000000001
