x,y,z,rearMat,Wm2Back
0.6154454,3.768516e-17,2.011105,sky,26.884740000000004
0.461744,2.827367e-17,1.883136,sky,26.884740000000004
0.3080426,1.886217e-17,1.755168,sky,26.884740000000004
0.1543412,9.450674e-18,1.6272,sky,26.884740000000004
0.0006398415,3.917899e-20,1.499231,sky,26.884740000000004
-0.1530615,-9.372316e-18,1.371263,sky,26.884740000000004
-0.3067629,-1.878381e-17,1.243295,sky,26.884740000000004
-0.4604643,-2.819531e-17,1.115327,sky,26.884740000000004
-0.6141657,-3.76068e-17,0.9873583,sky,26.884740000000004
