x,y,z,mattype,Wm2Front
2.7746,4.887465e-17,0.05,groundplane,810.1097999999998
2.7746,0.0254,0.05,groundplane,810.111
2.7746,0.0508,0.05,groundplane,810.1104
2.7746,0.0762,0.05,groundplane,810.1099
2.7746,0.1016,0.05,groundplane,810.1093
