x,y,z,mattype,Wm2Front
2.7746,3.909738e-17,0.05,groundplane,691.3546
2.7746,0.0254,0.05,groundplane,691.3573
2.7746,0.0508,0.05,groundplane,691.3568
2.7746,0.0762,0.05,groundplane,691.3563
2.7746,0.1016,0.05,groundplane,691.3557999999999
