x,y,z,mattype,Wm2Front
2.7746,4.40082e-17,0.05,groundplane,170.9288
2.7746,0.0254,0.05,groundplane,170.93140000000002
2.7746,0.0508,0.05,groundplane,170.9313
2.7746,0.0762,0.05,groundplane,170.9313
2.7746,0.1016,0.05,groundplane,170.9312
