x,y,z,mattype,Wm2Front
5.1746,4.814972e-17,0.05,groundplane,800.93
5.1746,0.0254,0.05,groundplane,800.9307
5.1746,0.0508,0.05,groundplane,800.9302000000001
5.1746,0.0762,0.05,groundplane,800.9297
5.1746,0.1016,0.05,groundplane,800.9292
