x,y,z,mattype,Wm2Front
3.9746,4.073178e-17,0.05,groundplane,702.4576000000001
3.9746,0.0254,0.05,groundplane,702.4575
3.9746,0.0508,0.05,groundplane,702.4572
3.9746,0.0762,0.05,groundplane,702.4567000000001
3.9746,0.1016,0.05,groundplane,702.4563000000002
