x,y,z,mattype,Wm2Front
1.5746,4.596319e-17,0.05,groundplane,772.6661
1.5746,0.0254,0.05,groundplane,772.6667000000001
1.5746,0.0508,0.05,groundplane,772.6663
1.5746,0.0762,0.05,groundplane,772.6658000000001
1.5746,0.1016,0.05,groundplane,772.6653
