x,y,z,mattype,Wm2Front
0.3746,4.838549e-17,0.05,groundplane,803.0777000000002
0.3746,0.0254,0.05,groundplane,803.0790000000001
0.3746,0.0508,0.05,groundplane,803.0784
0.3746,0.0762,0.05,groundplane,803.0778999999999
0.3746,0.1016,0.05,groundplane,803.0773
