x,y,z,mattype,Wm2Front
3.9746,4.856847e-17,0.05,groundplane,21.01382
3.9746,0.0254,0.05,groundplane,21.01498
3.9746,0.0508,0.05,groundplane,21.01497
3.9746,0.0762,0.05,groundplane,21.01496
3.9746,0.1016,0.05,groundplane,21.01495
