x,y,z,mattype,Wm2Front
0.3746,4.688989e-17,0.05,groundplane,114.31599999999999
0.3746,0.0254,0.05,groundplane,114.3148
0.3746,0.0508,0.05,groundplane,114.3147
0.3746,0.0762,0.05,groundplane,114.3147
0.3746,0.1016,0.05,groundplane,114.3147
