x,y,z,mattype,Wm2Front
3.9746,3.050247e-17,0.05,groundplane,422.392
3.9746,0.0254,0.05,groundplane,422.3965
3.9746,0.0508,0.05,groundplane,422.39630000000005
3.9746,0.0762,0.05,groundplane,422.3961
3.9746,0.1016,0.05,groundplane,422.3958
