x,y,z,mattype,Wm2Front
5.1746,4.900244e-17,0.05,groundplane,5.733445
5.1746,0.0254,0.05,groundplane,5.733307
5.1746,0.0508,0.05,groundplane,5.733306
5.1746,0.0762,0.05,groundplane,5.733304999999999
5.1746,0.1016,0.05,groundplane,5.733303
