x,y,z,mattype,Wm2Front
1.5746,4.770146e-17,0.05,groundplane,67.10132
1.5746,0.0254,0.05,groundplane,67.10255
1.5746,0.0508,0.05,groundplane,67.10254
1.5746,0.0762,0.05,groundplane,67.10252
1.5746,0.1016,0.05,groundplane,67.1025
