x,y,z,mattype,Wm2Front
2.7746,4.073178e-17,0.05,groundplane,702.4908
2.7746,0.0254,0.05,groundplane,702.4905
2.7746,0.0508,0.05,groundplane,702.4901
2.7746,0.0762,0.05,groundplane,702.4897
2.7746,0.1016,0.05,groundplane,702.4892999999998
