x,y,z,mattype,Wm2Front
1.5746,4.043105e-17,0.05,groundplane,221.409
1.5746,0.0254,0.05,groundplane,221.4131
1.5746,0.0508,0.05,groundplane,221.413
1.5746,0.0762,0.05,groundplane,221.4129
1.5746,0.1016,0.05,groundplane,221.41279999999998
