x,y,z,mattype,Wm2Front
0.3746,3.050247e-17,0.05,groundplane,422.3887
0.3746,0.0254,0.05,groundplane,422.39259999999996
0.3746,0.0508,0.05,groundplane,422.3924
0.3746,0.0762,0.05,groundplane,422.3922
0.3746,0.1016,0.05,groundplane,422.3919
