x,y,z,mattype,Wm2Front
5.1746,4.880213e-17,0.05,groundplane,26.75502
5.1746,0.0254,0.05,groundplane,26.75434
5.1746,0.0508,0.05,groundplane,26.75434
5.1746,0.0762,0.05,groundplane,26.75433
5.1746,0.1016,0.05,groundplane,26.754319999999996
