x,y,z,mattype,Wm2Front
5.1746,4.073178e-17,0.05,groundplane,702.4841
5.1746,0.0254,0.05,groundplane,702.4843
5.1746,0.0508,0.05,groundplane,702.4838999999998
5.1746,0.0762,0.05,groundplane,702.4834999999999
5.1746,0.1016,0.05,groundplane,702.4829999999998
