x,y,z,mattype,Wm2Front
1.5746,4.073178e-17,0.05,groundplane,702.2722
1.5746,0.0254,0.05,groundplane,702.2723
1.5746,0.0508,0.05,groundplane,702.2719000000001
1.5746,0.0762,0.05,groundplane,702.2715
1.5746,0.1016,0.05,groundplane,702.2711
