x,y,z,mattype,Wm2Front
2.7746,4.900244e-17,0.05,groundplane,5.719429000000001
2.7746,0.0254,0.05,groundplane,5.719273
2.7746,0.0508,0.05,groundplane,5.719271
2.7746,0.0762,0.05,groundplane,5.719269999999999
2.7746,0.1016,0.05,groundplane,5.719269
