x,y,z,mattype,Wm2Front
1.5746,4.688989e-17,0.05,groundplane,114.2642
1.5746,0.0254,0.05,groundplane,114.2631
1.5746,0.0508,0.05,groundplane,114.26299999999999
1.5746,0.0762,0.05,groundplane,114.26299999999999
1.5746,0.1016,0.05,groundplane,114.26299999999999
