x,y,z,mattype,Wm2Front
1.5746,4.813376e-17,0.05,groundplane,66.67086
1.5746,0.0254,0.05,groundplane,66.67003
1.5746,0.0508,0.05,groundplane,66.67001
1.5746,0.0762,0.05,groundplane,66.67
1.5746,0.1016,0.05,groundplane,66.66998
