x,y,z,mattype,Wm2Front
0.3746,3.050247e-17,0.05,groundplane,468.8621
0.3746,0.0254,0.05,groundplane,468.866
0.3746,0.0508,0.05,groundplane,468.8658
0.3746,0.0762,0.05,groundplane,468.86550000000005
0.3746,0.1016,0.05,groundplane,468.8652
