x,y,z,mattype,Wm2Front
5.1746,3.909738e-17,0.05,groundplane,691.3283
5.1746,0.0254,0.05,groundplane,691.331
5.1746,0.0508,0.05,groundplane,691.3305
5.1746,0.0762,0.05,groundplane,691.33
5.1746,0.1016,0.05,groundplane,691.3295000000002
