x,y,z,mattype,Wm2Front
0.3746,4.814972e-17,0.05,groundplane,800.8074
0.3746,0.0254,0.05,groundplane,800.8079000000001
0.3746,0.0508,0.05,groundplane,800.8074
0.3746,0.0762,0.05,groundplane,800.8069
0.3746,0.1016,0.05,groundplane,800.8062999999999
