x,y,z,mattype,Wm2Front
3.9746,3.247255e-17,0.05,groundplane,374.4025
3.9746,0.0254,0.05,groundplane,374.4008999999999
3.9746,0.0508,0.05,groundplane,374.4007
3.9746,0.0762,0.05,groundplane,374.4006
3.9746,0.1016,0.05,groundplane,374.4004
