x,y,z,mattype,Wm2Front
0.3746,4.880213e-17,0.05,groundplane,26.66674
0.3746,0.0254,0.05,groundplane,26.66622
0.3746,0.0508,0.05,groundplane,26.666209999999996
0.3746,0.0762,0.05,groundplane,26.666209999999996
0.3746,0.1016,0.05,groundplane,26.6662
