x,y,z,mattype,Wm2Front
2.7746,4.142183e-17,0.05,groundplane,219.77789999999996
2.7746,0.0254,0.05,groundplane,219.7761
2.7746,0.0508,0.05,groundplane,219.7761
2.7746,0.0762,0.05,groundplane,219.77599999999998
2.7746,0.1016,0.05,groundplane,219.7759
