x,y,z,mattype,Wm2Front
3.9746,3.050247e-17,0.05,groundplane,469.0643
3.9746,0.0254,0.05,groundplane,469.0677
3.9746,0.0508,0.05,groundplane,469.0674000000001
3.9746,0.0762,0.05,groundplane,469.0672
3.9746,0.1016,0.05,groundplane,469.0669
