x,y,z,mattype,Wm2Front
2.7746,4.856847e-17,0.05,groundplane,21.00904
2.7746,0.0254,0.05,groundplane,21.00982
2.7746,0.0508,0.05,groundplane,21.00981
2.7746,0.0762,0.05,groundplane,21.0098
2.7746,0.1016,0.05,groundplane,21.00979
