x,y,z,mattype,Wm2Front
5.1746,4.268501e-17,0.05,groundplane,730.0297
5.1746,0.0254,0.05,groundplane,730.0300000000001
5.1746,0.0508,0.05,groundplane,730.0296
5.1746,0.0762,0.05,groundplane,730.0292
5.1746,0.1016,0.05,groundplane,730.0287
