x,y,z,mattype,Wm2Front
5.1746,3.247255e-17,0.05,groundplane,422.625
5.1746,0.0254,0.05,groundplane,422.6238
5.1746,0.0508,0.05,groundplane,422.62360000000007
5.1746,0.0762,0.05,groundplane,422.6234
5.1746,0.1016,0.05,groundplane,422.6231
