x,y,z,mattype,Wm2Front
1.5746,4.856847e-17,0.05,groundplane,21.0174
1.5746,0.0254,0.05,groundplane,21.01809
1.5746,0.0508,0.05,groundplane,21.01809
1.5746,0.0762,0.05,groundplane,21.01808
1.5746,0.1016,0.05,groundplane,21.01807
