x,y,z,mattype,Wm2Front
5.1746,3.247255e-17,0.05,groundplane,374.3162
5.1746,0.0254,0.05,groundplane,374.31479999999993
5.1746,0.0508,0.05,groundplane,374.3146
5.1746,0.0762,0.05,groundplane,374.3145
5.1746,0.1016,0.05,groundplane,374.3143
