x,y,z,rearMat,Wm2Back
0.7278631,4.456876e-17,1.831988,sky,12.33451
0.5460014,3.343294e-17,1.748764,sky,12.33451
0.3641396,2.229712e-17,1.66554,sky,12.33451
0.1822779,1.11613e-17,1.582315,sky,12.33451
0.0004161221,2.548013e-20,1.499091,sky,12.33451
-0.1814456,-1.111034e-17,1.415866,sky,12.33451
-0.3633074,-2.224616e-17,1.332642,sky,12.33451
-0.5451691,-3.338198e-17,1.249417,sky,12.33451
-0.7270309,-4.45178e-17,1.166193,sky,12.33451
