x,y,z,rearMat,Wm2Back
0.7955325,4.871232e-17,1.584433,sky,1.595459
0.5966761,3.653587e-17,1.563077,sky,1.595459
0.3978197,2.435943e-17,1.54172,sky,1.595459
0.1989632,1.218298e-17,1.520363,sky,1.595459
0.0001067847,6.538676e-21,1.499006,sky,1.595459
-0.1987496,-1.216991e-17,1.477649,sky,1.595459
-0.3976061,-2.434635e-17,1.456292,sky,1.595459
-0.5964625,-3.65228e-17,1.434935,sky,1.595459
-0.7953189,-4.869924e-17,1.413578,sky,1.595459
