x,y,z,mattype,Wm2Front
3.9746,4.875307e-17,0.05,groundplane,809.9618999999999
3.9746,0.0254,0.05,groundplane,809.9627999999999
3.9746,0.0508,0.05,groundplane,809.9623
3.9746,0.0762,0.05,groundplane,809.9618
3.9746,0.1016,0.05,groundplane,809.9612000000001
