x,y,z,mattype,Wm2Front
5.1746,4.596319e-17,0.05,groundplane,772.7536
5.1746,0.0254,0.05,groundplane,772.7544000000001
5.1746,0.0508,0.05,groundplane,772.7539
5.1746,0.0762,0.05,groundplane,772.7534
5.1746,0.1016,0.05,groundplane,772.7529
