x,y,z,mattype,Wm2Front
5.1746,4.754225e-17,0.05,groundplane,792.4213
5.1746,0.0254,0.05,groundplane,792.4231
5.1746,0.0508,0.05,groundplane,792.4225
5.1746,0.0762,0.05,groundplane,792.422
5.1746,0.1016,0.05,groundplane,792.4213999999998
