x,y,z,rearMat,Wm2Back
0.6513061,3.988099e-17,1.964544,sky,24.697330000000004
0.488625,2.991965e-17,1.848205,sky,24.697330000000004
0.3259439,1.995831e-17,1.731865,sky,24.697330000000004
0.1632628,9.996962e-18,1.615526,sky,24.697330000000004
0.0005816972,3.561868e-20,1.499187,sky,24.697330000000004
-0.1620994,-9.925725e-18,1.382847,sky,24.697330000000004
-0.3247805,-1.988707e-17,1.266508,sky,24.697330000000004
-0.4874616,-2.984841e-17,1.150168,sky,24.697330000000004
-0.6501427,-3.980976e-17,1.033829,sky,24.697330000000004
