x,y,z,mattype,Wm2Front
1.5746,4.887465e-17,0.05,groundplane,810.0029
1.5746,0.0254,0.05,groundplane,810.0045999999999
1.5746,0.0508,0.05,groundplane,810.004
1.5746,0.0762,0.05,groundplane,810.0035000000001
1.5746,0.1016,0.05,groundplane,810.003
