x,y,z,mattype,Wm2Front
0.3746,4.813376e-17,0.05,groundplane,66.64421
0.3746,0.0254,0.05,groundplane,66.64333
0.3746,0.0508,0.05,groundplane,66.64331
0.3746,0.0762,0.05,groundplane,66.6433
0.3746,0.1016,0.05,groundplane,66.64328
