x,y,z,mattype,Wm2Front
1.5746,4.899765e-17,0.05,groundplane,814.3959
1.5746,0.0254,0.05,groundplane,814.3973
1.5746,0.0508,0.05,groundplane,814.3968
1.5746,0.0762,0.05,groundplane,814.3962
1.5746,0.1016,0.05,groundplane,814.3957999999999
