x,y,z,rearMat,Wm2Back
0.799197,4.89367e-17,1.535849,sky,16.31776
0.5994093,3.670323e-17,1.526637,sky,16.31776
0.3996215,2.446976e-17,1.517425,sky,16.31776
0.1998338,1.223629e-17,1.508213,sky,16.31776
4.606039e-05,2.820385e-21,1.499001,sky,16.31776
-0.1997417,-1.223065e-17,1.489789,sky,16.31776
-0.3995294,-2.446412e-17,1.480577,sky,16.31776
-0.5993171,-3.669759e-17,1.471365,sky,16.31776
-0.7991049,-4.893106e-17,1.462153,sky,16.31776
