x,y,z,mattype,Wm2Front
5.1746,4.720993e-17,0.05,groundplane,787.6716
5.1746,0.0254,0.05,groundplane,787.6725
5.1746,0.0508,0.05,groundplane,787.6721000000001
5.1746,0.0762,0.05,groundplane,787.6715
5.1746,0.1016,0.05,groundplane,787.6709999999999
