x,y,z,mattype,Wm2Front
3.9746,4.12254e-17,0.05,groundplane,714.5972
3.9746,0.0254,0.05,groundplane,714.5997000000001
3.9746,0.0508,0.05,groundplane,714.5992
3.9746,0.0762,0.05,groundplane,714.5985999999999
3.9746,0.1016,0.05,groundplane,714.5981
