x,y,z,rearMat,Wm2Back
0.7992979,4.894288e-17,1.466477,sky,15.772619999999998
0.5994633,3.670654e-17,1.474608,sky,15.772619999999998
0.3996286,2.44702e-17,1.482739,sky,15.772619999999998
0.199794,1.223385e-17,1.49087,sky,15.772619999999998
-4.065496e-05,-2.489399e-21,1.499001,sky,15.772619999999998
-0.1998753,-1.223883e-17,1.507132,sky,15.772619999999998
-0.39971,-2.447518e-17,1.515263,sky,15.772619999999998
-0.5995446,-3.671152e-17,1.523394,sky,15.772619999999998
-0.7993793,-4.894786e-17,1.531525,sky,15.772619999999998
