x,y,z,mattype,Wm2Front
3.9746,4.043105e-17,0.05,groundplane,221.5752
3.9746,0.0254,0.05,groundplane,221.57949999999997
3.9746,0.0508,0.05,groundplane,221.5794
3.9746,0.0762,0.05,groundplane,221.5793
3.9746,0.1016,0.05,groundplane,221.5792
