x,y,z,mattype,Wm2Front
1.5746,4.317267e-17,0.05,groundplane,742.3547
1.5746,0.0254,0.05,groundplane,742.3577
1.5746,0.0508,0.05,groundplane,742.3570999999998
1.5746,0.0762,0.05,groundplane,742.3566
1.5746,0.1016,0.05,groundplane,742.3560000000001
