x,y,z,mattype,Wm2Front
1.5746,4.880213e-17,0.05,groundplane,26.70805
1.5746,0.0254,0.05,groundplane,26.70756
1.5746,0.0508,0.05,groundplane,26.70756
1.5746,0.0762,0.05,groundplane,26.70755
1.5746,0.1016,0.05,groundplane,26.70755
