x,y,z,mattype,Wm2Front
0.3746,4.754225e-17,0.05,groundplane,792.0618
0.3746,0.0254,0.05,groundplane,792.0633000000001
0.3746,0.0508,0.05,groundplane,792.0627
0.3746,0.0762,0.05,groundplane,792.0621
0.3746,0.1016,0.05,groundplane,792.0616
