x,y,z,mattype,Wm2Front
5.1746,4.043105e-17,0.05,groundplane,221.6518
5.1746,0.0254,0.05,groundplane,221.6549
5.1746,0.0508,0.05,groundplane,221.6548
5.1746,0.0762,0.05,groundplane,221.65469999999996
5.1746,0.1016,0.05,groundplane,221.6546
