x,y,z,mattype,Wm2Front
5.1746,4.770146e-17,0.05,groundplane,67.10857
5.1746,0.0254,0.05,groundplane,67.11008
5.1746,0.0508,0.05,groundplane,67.11006
5.1746,0.0762,0.05,groundplane,67.11004
5.1746,0.1016,0.05,groundplane,67.11002
