x,y,z,mattype,Wm2Front
3.9746,4.838549e-17,0.05,groundplane,803.2788999999999
3.9746,0.0254,0.05,groundplane,803.2805
3.9746,0.0508,0.05,groundplane,803.2800000000001
3.9746,0.0762,0.05,groundplane,803.2794
3.9746,0.1016,0.05,groundplane,803.2788
