x,y,z,mattype,Wm2Front
2.7746,4.770146e-17,0.05,groundplane,67.14931
2.7746,0.0254,0.05,groundplane,67.1507
2.7746,0.0508,0.05,groundplane,67.15067
2.7746,0.0762,0.05,groundplane,67.15065
2.7746,0.1016,0.05,groundplane,67.15062
