x,y,z,mattype,Wm2Front
5.1746,3.050247e-17,0.05,groundplane,422.536
5.1746,0.0254,0.05,groundplane,422.53950000000003
5.1746,0.0508,0.05,groundplane,422.5393000000001
5.1746,0.0762,0.05,groundplane,422.5391
5.1746,0.1016,0.05,groundplane,422.5388
