x,y,z,mattype,Wm2Front
1.5746,4.838549e-17,0.05,groundplane,803.1901000000001
1.5746,0.0254,0.05,groundplane,803.192
1.5746,0.0508,0.05,groundplane,803.1915
1.5746,0.0762,0.05,groundplane,803.1909
1.5746,0.1016,0.05,groundplane,803.1902999999999
