x,y,z,mattype,Wm2Front
3.9746,4.142183e-17,0.05,groundplane,219.5977
3.9746,0.0254,0.05,groundplane,219.596
3.9746,0.0508,0.05,groundplane,219.596
3.9746,0.0762,0.05,groundplane,219.5959
3.9746,0.1016,0.05,groundplane,219.59579999999997
