x,y,z,mattype,Wm2Front
3.9746,4.813376e-17,0.05,groundplane,66.72557
3.9746,0.0254,0.05,groundplane,66.72449
3.9746,0.0508,0.05,groundplane,66.72447
3.9746,0.0762,0.05,groundplane,66.72445
3.9746,0.1016,0.05,groundplane,66.72443
