x,y,z,mattype,Wm2Front
3.9746,4.880213e-17,0.05,groundplane,26.76925
3.9746,0.0254,0.05,groundplane,26.768600000000003
3.9746,0.0508,0.05,groundplane,26.76859
3.9746,0.0762,0.05,groundplane,26.76859
3.9746,0.1016,0.05,groundplane,26.76858
