x,y,z,mattype,Wm2Front
0.3746,4.142183e-17,0.05,groundplane,219.6942
0.3746,0.0254,0.05,groundplane,219.6925
0.3746,0.0508,0.05,groundplane,219.6925
0.3746,0.0762,0.05,groundplane,219.6924
0.3746,0.1016,0.05,groundplane,219.69230000000002
