x,y,z,mattype,Wm2Front
1.5746,4.268501e-17,0.05,groundplane,729.6694000000001
1.5746,0.0254,0.05,groundplane,729.6697
1.5746,0.0508,0.05,groundplane,729.6693
1.5746,0.0762,0.05,groundplane,729.6689
1.5746,0.1016,0.05,groundplane,729.6685000000001
