x,y,z,mattype,Wm2Front
3.9746,4.814972e-17,0.05,groundplane,801.0389
3.9746,0.0254,0.05,groundplane,801.0396999999999
3.9746,0.0508,0.05,groundplane,801.0392
3.9746,0.0762,0.05,groundplane,801.0386
3.9746,0.1016,0.05,groundplane,801.0381000000001
