x,y,z,rearMat,Wm2Back
0.7811931,4.783428e-17,1.672448,sky,18.19047
0.585949,3.587903e-17,1.629092,sky,18.19047
0.3907049,2.392378e-17,1.585736,sky,18.19047
0.1954609,1.196853e-17,1.54238,sky,18.19047
0.0002167804,1.327397e-20,1.499024,sky,18.19047
-0.1950273,-1.194198e-17,1.455668,sky,18.19047
-0.3902714,-2.389723e-17,1.412312,sky,18.19047
-0.5855155,-3.585248e-17,1.368956,sky,18.19047
-0.7807595,-4.780773e-17,1.325599,sky,18.19047
