x,y,z,mattype,Wm2Front
1.5746,3.247255e-17,0.05,groundplane,374.473
1.5746,0.0254,0.05,groundplane,374.4718
1.5746,0.0508,0.05,groundplane,374.4716
1.5746,0.0762,0.05,groundplane,374.4714000000001
1.5746,0.1016,0.05,groundplane,374.4713
