x,y,z,mattype,Wm2Front
1.5746,3.247255e-17,0.05,groundplane,473.0197
1.5746,0.0254,0.05,groundplane,473.0189
1.5746,0.0508,0.05,groundplane,473.0187
1.5746,0.0762,0.05,groundplane,473.01849999999996
1.5746,0.1016,0.05,groundplane,473.0182
