x,y,z,mattype,Wm2Front
3.9746,4.899765e-17,0.05,groundplane,814.3577
3.9746,0.0254,0.05,groundplane,814.3588
3.9746,0.0508,0.05,groundplane,814.3583
3.9746,0.0762,0.05,groundplane,814.3578000000001
3.9746,0.1016,0.05,groundplane,814.3572
