x,y,z,mattype,Wm2Front
0.3746,4.875307e-17,0.05,groundplane,810.006
0.3746,0.0254,0.05,groundplane,810.0067
0.3746,0.0508,0.05,groundplane,810.0062000000001
0.3746,0.0762,0.05,groundplane,810.0057
0.3746,0.1016,0.05,groundplane,810.0052
