x,y,z,mattype,Wm2Front
2.7746,4.62591e-17,0.05,groundplane,103.5238
2.7746,0.0254,0.05,groundplane,103.52569999999999
2.7746,0.0508,0.05,groundplane,103.52569999999999
2.7746,0.0762,0.05,groundplane,103.52569999999999
2.7746,0.1016,0.05,groundplane,103.5256
