x,y,z,mattype,Wm2Front
1.5746,3.909738e-17,0.05,groundplane,691.1171
1.5746,0.0254,0.05,groundplane,691.1202
1.5746,0.0508,0.05,groundplane,691.1198
1.5746,0.0762,0.05,groundplane,691.1193
1.5746,0.1016,0.05,groundplane,691.1187999999999
