x,y,z,mattype,Wm2Front
0.3746,4.043105e-17,0.05,groundplane,221.59990000000002
0.3746,0.0254,0.05,groundplane,221.6032
0.3746,0.0508,0.05,groundplane,221.6031
0.3746,0.0762,0.05,groundplane,221.60299999999998
0.3746,0.1016,0.05,groundplane,221.6029
