x,y,z,mattype,Wm2Front
2.7746,4.880213e-17,0.05,groundplane,26.81041
2.7746,0.0254,0.05,groundplane,26.80962
2.7746,0.0508,0.05,groundplane,26.809610000000003
2.7746,0.0762,0.05,groundplane,26.8096
2.7746,0.1016,0.05,groundplane,26.8096
