x,y,z,rearMat,Wm2Back
0.7813935,4.784655e-17,1.328462,sky,3.737194
0.5859918,3.588165e-17,1.371102,sky,3.737194
0.3905902,2.391675e-17,1.413743,sky,3.737194
0.1951885,1.195185e-17,1.456383,sky,3.737194
-0.0002132009,-1.305479e-20,1.499023,sky,3.737194
-0.1956149,-1.197796e-17,1.541663,sky,3.737194
-0.3910166,-2.394286e-17,1.584303,sky,3.737194
-0.5864182,-3.590776e-17,1.626944,sky,3.737194
-0.7818199,-4.787266e-17,1.669584,sky,3.737194
