x,y,z,rearMat,Wm2Back
0.5539002,3.39166e-17,0.922769,sky,26.05893
0.415245,2.542642e-17,1.066903,sky,26.05893
0.2765898,1.693624e-17,1.211038,sky,26.05893
0.1379345,8.446055e-18,1.355172,sky,26.05893
-0.0007206721,-4.412844e-20,1.499307,sky,26.05893
-0.1393759,-8.534311e-18,1.643441,sky,26.05893
-0.2780311,-1.702449e-17,1.787576,sky,26.05893
-0.4166863,-2.551468e-17,1.93171,sky,26.05893
-0.5553415,-3.400486e-17,2.075844,sky,26.05893
