x,y,z,mattype,Wm2Front
3.9746,4.268501e-17,0.05,groundplane,729.9783000000001
3.9746,0.0254,0.05,groundplane,729.9783000000001
3.9746,0.0508,0.05,groundplane,729.9778
3.9746,0.0762,0.05,groundplane,729.9774000000001
3.9746,0.1016,0.05,groundplane,729.977
