x,y,z,mattype,Wm2Front
2.7746,4.490303e-17,0.05,groundplane,756.8917
2.7746,0.0254,0.05,groundplane,756.8939999999999
2.7746,0.0508,0.05,groundplane,756.8935
2.7746,0.0762,0.05,groundplane,756.8929000000002
2.7746,0.1016,0.05,groundplane,756.8923
