x,y,z,mattype,Wm2Front
3.9746,4.754225e-17,0.05,groundplane,792.4482000000002
3.9746,0.0254,0.05,groundplane,792.4500000000002
3.9746,0.0508,0.05,groundplane,792.4494
3.9746,0.0762,0.05,groundplane,792.4489
3.9746,0.1016,0.05,groundplane,792.4482000000002
