x,y,z,mattype,Wm2Front
3.9746,4.688989e-17,0.05,groundplane,114.33800000000001
3.9746,0.0254,0.05,groundplane,114.33660000000002
3.9746,0.0508,0.05,groundplane,114.33660000000002
3.9746,0.0762,0.05,groundplane,114.3365
3.9746,0.1016,0.05,groundplane,114.3365
