x,y,z,mattype,Wm2Front
2.7746,4.813376e-17,0.05,groundplane,66.75333
2.7746,0.0254,0.05,groundplane,66.75203
2.7746,0.0508,0.05,groundplane,66.75201
2.7746,0.0762,0.05,groundplane,66.75199
2.7746,0.1016,0.05,groundplane,66.75198
