x,y,z,mattype,Wm2Front
5.1746,4.856847e-17,0.05,groundplane,21.00304
5.1746,0.0254,0.05,groundplane,21.00389
5.1746,0.0508,0.05,groundplane,21.00388
5.1746,0.0762,0.05,groundplane,21.00388
5.1746,0.1016,0.05,groundplane,21.00387
