x,y,z,mattype,Wm2Front
3.9746,3.247255e-17,0.05,groundplane,473.08650000000006
3.9746,0.0254,0.05,groundplane,473.0852
3.9746,0.0508,0.05,groundplane,473.085
3.9746,0.0762,0.05,groundplane,473.0847999999999
3.9746,0.1016,0.05,groundplane,473.08459999999997
