x,y,z,mattype,Wm2Front
5.1746,4.142183e-17,0.05,groundplane,219.7007
5.1746,0.0254,0.05,groundplane,219.6993
5.1746,0.0508,0.05,groundplane,219.6992
5.1746,0.0762,0.05,groundplane,219.69909999999996
5.1746,0.1016,0.05,groundplane,219.69899999999998
