x,y,z,mattype,Wm2Front
5.1746,3.050247e-17,0.05,groundplane,373.61539999999997
5.1746,0.0254,0.05,groundplane,373.6188
5.1746,0.0508,0.05,groundplane,373.6187
5.1746,0.0762,0.05,groundplane,373.6185
5.1746,0.1016,0.05,groundplane,373.6182999999999
