x,y,z,rearMat,Wm2Back
0.7415991,4.540985e-17,1.800053,sky,20.84987
0.5562934,3.406315e-17,1.724808,sky,20.84987
0.3709877,2.271644e-17,1.649563,sky,20.84987
0.185682,1.136974e-17,1.574318,sky,20.84987
0.0003762243,2.303709e-20,1.499073,sky,20.84987
-0.1849295,-1.132367e-17,1.423829,sky,20.84987
-0.3702352,-2.267037e-17,1.348584,sky,20.84987
-0.555541,-3.401707e-17,1.273339,sky,20.84987
-0.7408467,-4.536378e-17,1.198094,sky,20.84987
