x,y,z,mattype,Wm2Front
2.7746,4.268501e-17,0.05,groundplane,729.9594000000001
2.7746,0.0254,0.05,groundplane,729.9594000000001
2.7746,0.0508,0.05,groundplane,729.9589
2.7746,0.0762,0.05,groundplane,729.9585000000001
2.7746,0.1016,0.05,groundplane,729.958
