x,y,z,mattype,Wm2Front
0.3746,4.40082e-17,0.05,groundplane,170.8355
0.3746,0.0254,0.05,groundplane,170.8382
0.3746,0.0508,0.05,groundplane,170.83810000000003
0.3746,0.0762,0.05,groundplane,170.838
0.3746,0.1016,0.05,groundplane,170.838
