Position,Offset,mbd,mbd_abs,rmse,rmse_abs
1,1,4.374547360652655,8.285128094308947,20.377637504508577,38.594012834977995
2,4,3.443026683443427,9.683330318699198,17.35499156343462,48.80999522748444
3,-4,1.8141173949404708,6.314339045454553,15.944124847248279,55.496193548094816
4,4,4.1294421335657425,11.416350397470621,12.551525630350296,34.70023552435161
5,4,15.05767155832545,25.86838288217054,31.189611754428977,53.582309567890576
