x,y,z,rearZ,mattype,rearMat,Wm2Front,Wm2Back,Back/FrontRatio,rearX,rearY
2.7238,4.720993e-17,0.05,1.264479,groundplane,sky,787.6877,16.73586,0.02124679457760407,0.7645462,4.681495e-17
2.7238,0.0254,0.05,1.32312,groundplane,sky,787.6879,16.73586,0.021246789182886795,0.5733363,3.510673e-17
2.7238,0.0508,0.05,1.381762,groundplane,sky,787.6874000000001,16.73586,0.021246802669685115,0.3821265,2.33985e-17
2.7238,0.0762,0.05,1.440403,groundplane,sky,787.6869,16.73586,0.02124681615650056,0.1909166,1.169027e-17
2.7238,0.1016,0.05,1.499044,groundplane,sky,787.6864,16.73586,0.021246829643333128,-0.0002932061,-1.79537e-20
2.7238,0.127,0.05,1.557685,groundplane,sky,787.6859,16.73586,0.021246843130182817,-0.1915031,-1.172618e-17
2.7238,0.1524,0.05,1.616326,groundplane,sky,787.6854,16.73586,0.021246856617049628,-0.3827129,-2.343441e-17
2.7238,0.1778,0.05,1.674968,groundplane,sky,787.6848999999999,16.73586,0.021246870103933564,-0.5739228,-3.514263e-17
2.7238,0.2032,0.05,1.733609,groundplane,sky,787.6844,16.73586,0.021246883590834615,-0.7651326,-4.685086e-17
