x,y,z,rearZ,mattype,rearMat,Wm2Front,Wm2Back,Back/FrontRatio,rearX,rearY
5.1238,4.596319e-17,0.05,1.202107,groundplane,sky,772.8991,17.46115,0.02259172951329674,0.7424693,4.546313e-17
5.1238,0.0254,0.05,1.276348,groundplane,sky,772.8987000000001,17.46115,0.02259174120523012,0.5567592,3.409167e-17
5.1238,0.0508,0.05,1.350589,groundplane,sky,772.8982,17.46115,0.022591755820163872,0.371049,2.27202e-17
5.1238,0.0762,0.05,1.42483,groundplane,sky,772.8978000000001,17.46115,0.022591767512124484,0.1853389,1.134874e-17
5.1238,0.1016,0.05,1.499071,groundplane,sky,772.8973,17.46115,0.022591782127092272,-0.0003712058,-2.27298e-20
5.1238,0.127,0.05,1.573313,groundplane,sky,772.8968,17.46115,0.022591796742078965,-0.1860813,-1.13942e-17
5.1238,0.1524,0.05,1.647554,groundplane,sky,772.8963,17.46115,0.02259181135708457,-0.3717915,-2.276566e-17
5.1238,0.1778,0.05,1.721795,groundplane,sky,772.8957999999999,17.46115,0.022591825972109087,-0.5575016,-3.413713e-17
5.1238,0.2032,0.05,1.796036,groundplane,sky,772.8953,17.46115,0.022591840587152506,-0.7432117,-4.550859e-17
