x,y,z,rearZ,mattype,rearMat,Wm2Front,Wm2Back,Back/FrontRatio,rearX,rearY
5.1238,3.050247e-17,0.05,2.112193,groundplane,sky,422.8033,43.2328,0.10225250783873296,0.5149961,3.153442e-17
5.1238,0.0254,0.05,1.958984,groundplane,sky,422.80570000000006,43.2328,0.10225192741742266,0.3864386,2.366254e-17
5.1238,0.0508,0.05,1.805775,groundplane,sky,422.8055,43.2328,0.10225197578561351,0.2578811,1.579066e-17
5.1238,0.0762,0.05,1.652566,groundplane,sky,422.8052,43.2328,0.10225204833798558,0.1293236,7.918785e-18
5.1238,0.1016,0.05,1.499357,groundplane,sky,422.805,43.2328,0.10225209670629083,0.0007660444,4.690669e-20
5.1238,0.127,0.05,1.346148,groundplane,sky,422.80480000000006,43.2328,0.10225214507464182,-0.1277915,-7.824971e-18
5.1238,0.1524,0.05,1.192939,groundplane,sky,422.8046,43.2328,0.1022521934430386,-0.256349,-1.569685e-17
5.1238,0.1778,0.05,1.039731,groundplane,sky,422.8043,43.2328,0.10225226599571954,-0.3849065,-2.356873e-17
5.1238,0.2032,0.05,0.8865217,groundplane,sky,422.8041,43.2328,0.1022523143642307,-0.513464,-3.14406e-17
