x,y,z,rearZ,mattype,rearMat,Wm2Front,Wm2Back,Back/FrontRatio,rearX,rearY
0.3238,4.043105e-17,0.05,1.9337,groundplane,sky,221.5092,17.97073,0.08112822795519123,0.6722391,4.116277e-17
0.3238,0.0254,0.05,1.825065,groundplane,sky,221.5126,17.97073,0.08112698272250553,0.5043151,3.088039e-17
0.3238,0.0508,0.05,1.71643,groundplane,sky,221.51249999999996,17.97073,0.08112701934645068,0.3363911,2.059802e-17
0.3238,0.0762,0.05,1.607795,groundplane,sky,221.51239999999999,17.97073,0.08112705597042888,0.1684671,1.031564e-17
0.3238,0.1016,0.05,1.49916,groundplane,sky,221.5123,17.97073,0.08112709259444015,0.0005431744,3.325984e-20
0.3238,0.127,0.05,1.390525,groundplane,sky,221.5122,17.97073,0.08112712921848449,-0.1673808,-1.024912e-17
0.3238,0.1524,0.05,1.281891,groundplane,sky,221.5121,17.97073,0.0811271658425619,-0.3353048,-2.05315e-17
0.3238,0.1778,0.05,1.173256,groundplane,sky,221.51200000000003,17.97073,0.08112720246667238,-0.5032287,-3.081387e-17
0.3238,0.2032,0.05,1.064621,groundplane,sky,221.5119,17.97073,0.08112723909081593,-0.6711527,-4.109625e-17
