x,y,z,rearZ,mattype,rearMat,Wm2Front,Wm2Back,Back/FrontRatio,rearX,rearY
5.1238,4.268501e-17,0.05,1.08807,groundplane,sky,730.2222,19.11997,0.026183733959698894,0.6857946,4.199281e-17
5.1238,0.0254,0.05,1.190838,groundplane,sky,730.2214,19.11997,0.02618376264546253,0.5142175,3.148674e-17
5.1238,0.0508,0.05,1.293606,groundplane,sky,730.221,19.11997,0.02618377698836792,0.3426404,2.098067e-17
5.1238,0.0762,0.05,1.396374,groundplane,sky,730.2206,19.11997,0.026183791331289022,0.1710633,1.04746e-17
5.1238,0.1016,0.05,1.499142,groundplane,sky,730.2202000000001,19.11997,0.026183805674225832,-0.0005138407,-3.146367e-20
5.1238,0.127,0.05,1.60191,groundplane,sky,730.2197,19.11997,0.026183823602918953,-0.172091,-1.053753e-17
5.1238,0.1524,0.05,1.704678,groundplane,sky,730.2193000000001,19.11997,0.02618383794589112,-0.3436681,-2.10436e-17
5.1238,0.1778,0.05,1.807447,groundplane,sky,730.2189,19.11997,0.026183852288879008,-0.5152452,-3.154967e-17
5.1238,0.2032,0.05,1.910215,groundplane,sky,730.2184000000001,19.11997,0.026183870217635956,-0.6868223,-4.205574e-17
