x,y,z,rearZ,mattype,rearMat,Wm2Front,Wm2Back,Back/FrontRatio,rearX,rearY
3.9238,3.050247e-17,0.05,2.112193,groundplane,sky,323.1241,40.87973,0.126513632026729,0.5149961,3.153442e-17
3.9238,0.0254,0.05,1.958984,groundplane,sky,323.1276,40.87973,0.126512261681572,0.3864386,2.366254e-17
3.9238,0.0508,0.05,1.805775,groundplane,sky,323.1274,40.87973,0.1265123399862098,0.2578811,1.579066e-17
3.9238,0.0762,0.05,1.652566,groundplane,sky,323.1273,40.87973,0.1265123791385651,0.1293236,7.918785e-18
3.9238,0.1016,0.05,1.499357,groundplane,sky,323.1271,40.87973,0.12651245744334835,0.0007660444,4.690669e-20
3.9238,0.127,0.05,1.346148,groundplane,sky,323.127,40.87973,0.1265124965957763,-0.1277915,-7.824971e-18
3.9238,0.1524,0.05,1.192939,groundplane,sky,323.1268,40.87973,0.12651257490070494,-0.256349,-1.569685e-17
3.9238,0.1778,0.05,1.039731,groundplane,sky,323.1267,40.87973,0.1265126140532056,-0.3849065,-2.356873e-17
3.9238,0.2032,0.05,0.8865217,groundplane,sky,323.1265,40.87973,0.12651269235827964,-0.513464,-3.14406e-17
