x,y,z,rearZ,mattype,rearMat,Wm2Front,Wm2Back,Back/FrontRatio,rearX,rearY
5.1238,3.247255e-17,0.05,0.8865217,groundplane,sky,422.80649999999997,38.80855,0.0917877521094115,0.513464,3.14406e-17
5.1238,0.0254,0.05,1.039731,groundplane,sky,422.805,38.80855,0.09178807774724104,0.3849065,2.356873e-17
5.1238,0.0508,0.05,1.192939,groundplane,sky,422.80480000000006,38.80855,0.09178812116579288,0.256349,1.569685e-17
5.1238,0.0762,0.05,1.346148,groundplane,sky,422.8046,38.80855,0.09178816458438582,0.1277915,7.824971e-18
5.1238,0.1016,0.05,1.499357,groundplane,sky,422.8044,38.80855,0.09178820800301983,-0.0007660444,-4.690669e-20
5.1238,0.127,0.05,1.652566,groundplane,sky,422.8042,38.80855,0.09178825142169492,-0.1293236,-7.918785e-18
5.1238,0.1524,0.05,1.805775,groundplane,sky,422.8039999999999,38.80855,0.09178829484041108,-0.2578811,-1.579066e-17
5.1238,0.1778,0.05,1.958984,groundplane,sky,422.80379999999997,38.80855,0.0917883382591683,-0.3864386,-2.366254e-17
5.1238,0.2032,0.05,2.112193,groundplane,sky,422.8036,38.80855,0.0917883816779666,-0.5149961,-3.153442e-17
