x,y,z,rearZ,mattype,rearMat,Wm2Front,Wm2Back,Back/FrontRatio,rearX,rearY
5.1238,3.247255e-17,0.05,0.8865217,groundplane,sky,323.4124,34.80069,0.10760435405583073,0.513464,3.14406e-17
5.1238,0.0254,0.05,1.039731,groundplane,sky,323.4108,34.80069,0.10760488640179489,0.3849065,2.356873e-17
5.1238,0.0508,0.05,1.192939,groundplane,sky,323.4106,34.80069,0.10760495294541077,0.256349,1.569685e-17
5.1238,0.0762,0.05,1.346148,groundplane,sky,323.4105,34.80069,0.10760498621724955,0.1277915,7.824971e-18
5.1238,0.1016,0.05,1.499357,groundplane,sky,323.4104,34.80069,0.10760501948910894,-0.0007660444,-4.690669e-20
5.1238,0.127,0.05,1.652566,groundplane,sky,323.4103,34.80069,0.10760505276098889,-0.1293236,-7.918785e-18
5.1238,0.1524,0.05,1.805775,groundplane,sky,323.4101,34.80069,0.10760511930481052,-0.2578811,-1.579066e-17
5.1238,0.1778,0.05,1.958984,groundplane,sky,323.41,34.80069,0.1076051525767522,-0.3864386,-2.366254e-17
5.1238,0.2032,0.05,2.112193,groundplane,sky,323.4099,34.80069,0.10760518584871445,-0.5149961,-3.153442e-17
