x,y,z,rearZ,mattype,rearMat,Wm2Front,Wm2Back,Back/FrontRatio,rearX,rearY
0.3238,4.720993e-17,0.05,1.264479,groundplane,sky,787.9078,16.73586,0.02124085934818852,0.7645462,4.681495e-17
0.3238,0.0254,0.05,1.32312,groundplane,sky,787.9078,16.73586,0.02124085934818852,0.5733363,3.510673e-17
0.3238,0.0508,0.05,1.381762,groundplane,sky,787.9073,16.73586,0.021240872827459744,0.3821265,2.33985e-17
0.3238,0.0762,0.05,1.440403,groundplane,sky,787.9068000000001,16.73586,0.021240886306748072,0.1909166,1.169027e-17
0.3238,0.1016,0.05,1.499044,groundplane,sky,787.9063,16.73586,0.02124089978605351,-0.0002932061,-1.79537e-20
0.3238,0.127,0.05,1.557685,groundplane,sky,787.9058,16.73586,0.021240913265376058,-0.1915031,-1.172618e-17
0.3238,0.1524,0.05,1.616326,groundplane,sky,787.9053,16.73586,0.02124092674471571,-0.3827129,-2.343441e-17
0.3238,0.1778,0.05,1.674968,groundplane,sky,787.9047999999999,16.73586,0.021240940224072472,-0.5739228,-3.514263e-17
0.3238,0.2032,0.05,1.733609,groundplane,sky,787.9043,16.73586,0.02124095370344634,-0.7651326,-4.685086e-17
