x,y,z,rearZ,mattype,rearMat,Wm2Front,Wm2Back,Back/FrontRatio,rearX,rearY
3.9238,3.488743e-17,0.05,0.922769,groundplane,sky,271.7281,26.05893,0.09590040227564882,0.5539002,3.39166e-17
3.9238,0.0254,0.05,1.066903,groundplane,sky,271.7264,26.05893,0.09590100225446532,0.415245,2.542642e-17
3.9238,0.0508,0.05,1.211038,groundplane,sky,271.7263,26.05893,0.09590103754757069,0.2765898,1.693624e-17
3.9238,0.0762,0.05,1.355172,groundplane,sky,271.7262,26.05893,0.09590107284070201,0.1379345,8.446055e-18
3.9238,0.1016,0.05,1.499307,groundplane,sky,271.7261,26.05893,0.09590110813385933,-0.0007206721,-4.412844e-20
3.9238,0.127,0.05,1.643441,groundplane,sky,271.726,26.05893,0.09590114342704259,-0.1393759,-8.534311e-18
3.9238,0.1524,0.05,1.787576,groundplane,sky,271.7259,26.05893,0.09590117872025185,-0.2780311,-1.702449e-17
3.9238,0.1778,0.05,1.93171,groundplane,sky,271.7258,26.05893,0.09590121401348708,-0.4166863,-2.551468e-17
3.9238,0.2032,0.05,2.075844,groundplane,sky,271.7257,26.05893,0.09590124930674829,-0.5553415,-3.400486e-17
