x,y,z,rearZ,mattype,rearMat,Wm2Front,Wm2Back,Back/FrontRatio,rearX,rearY
3.9238,3.247255e-17,0.05,0.8865217,groundplane,sky,422.9083,38.80855,0.0917656575535227,0.513464,3.14406e-17
3.9238,0.0254,0.05,1.039731,groundplane,sky,422.9067,38.80855,0.09176600473342056,0.3849065,2.356873e-17
3.9238,0.0508,0.05,1.192939,groundplane,sky,422.9065,38.80855,0.0917660481310925,0.256349,1.569685e-17
3.9238,0.0762,0.05,1.346148,groundplane,sky,422.90629999999993,38.80855,0.0917660915288055,0.1277915,7.824971e-18
3.9238,0.1016,0.05,1.499357,groundplane,sky,422.9061,38.80855,0.09176613492655952,-0.0007660444,-4.690669e-20
3.9238,0.127,0.05,1.652566,groundplane,sky,422.9059,38.80855,0.0917661783243546,-0.1293236,-7.918785e-18
3.9238,0.1524,0.05,1.805775,groundplane,sky,422.9057,38.80855,0.09176622172219073,-0.2578811,-1.579066e-17
3.9238,0.1778,0.05,1.958984,groundplane,sky,422.9055,38.80855,0.0917662651200679,-0.3864386,-2.366254e-17
3.9238,0.2032,0.05,2.112193,groundplane,sky,422.90530000000007,38.80855,0.09176630851798612,-0.5149961,-3.153442e-17
