x,y,z,rearZ,mattype,rearMat,Wm2Front,Wm2Back,Back/FrontRatio,rearX,rearY
5.1238,3.050247e-17,0.05,2.112193,groundplane,sky,373.8562,42.79,0.11445546588376525,0.5149961,3.153442e-17
5.1238,0.0254,0.05,1.958984,groundplane,sky,373.85830000000004,42.79,0.11445482297752121,0.3864386,2.366254e-17
5.1238,0.0508,0.05,1.805775,groundplane,sky,373.8581,42.79,0.11445488420637616,0.2578811,1.579066e-17
5.1238,0.0762,0.05,1.652566,groundplane,sky,373.8579,42.79,0.11445494543529659,0.1293236,7.918785e-18
5.1238,0.1016,0.05,1.499357,groundplane,sky,373.8577,42.79,0.11445500666428252,0.0007660444,4.690669e-20
5.1238,0.127,0.05,1.346148,groundplane,sky,373.8575,42.79,0.11445506789333397,-0.1277915,-7.824971e-18
5.1238,0.1524,0.05,1.192939,groundplane,sky,373.85740000000004,42.79,0.11445509850788427,-0.256349,-1.569685e-17
5.1238,0.1778,0.05,1.039731,groundplane,sky,373.8572,42.79,0.114455159737034,-0.3849065,-2.356873e-17
5.1238,0.2032,0.05,0.8865217,groundplane,sky,373.857,42.79,0.11445522096624922,-0.513464,-3.14406e-17
