x,y,z,rearZ,mattype,rearMat,Wm2Front,Wm2Back,Back/FrontRatio,rearX,rearY
1.5238,4.073178e-17,0.05,1.037125,groundplane,sky,702.5886999999999,20.47437,0.02914128971717064,0.6524938,3.995372e-17
1.5238,0.0254,0.05,1.15264,groundplane,sky,702.5880000000001,20.47437,0.029141318751076374,0.489226,2.995645e-17
1.5238,0.0508,0.05,1.268155,groundplane,sky,702.5876,20.47437,0.029141335341905637,0.3259581,1.995918e-17
1.5238,0.0762,0.05,1.383669,groundplane,sky,702.5872,20.47437,0.02914135193275378,0.1626903,9.961906e-18
1.5238,0.1016,0.05,1.499184,groundplane,sky,702.5868,20.47437,0.02914136852362082,-0.0005775727,-3.536613e-20
1.5238,0.127,0.05,1.614698,groundplane,sky,702.5864,20.47437,0.02914138511450675,-0.1638454,-1.003264e-17
1.5238,0.1524,0.05,1.730213,groundplane,sky,702.5859,20.47437,0.02914140585314073,-0.3271133,-2.002991e-17
1.5238,0.1778,0.05,1.845727,groundplane,sky,702.5856,20.47437,0.029141418296335285,-0.4903811,-3.002718e-17
1.5238,0.2032,0.05,1.961242,groundplane,sky,702.5852,20.47437,0.02914143488727789,-0.653649,-4.002446e-17
