x,y,z,rearZ,mattype,rearMat,Wm2Front,Wm2Back,Back/FrontRatio,rearX,rearY
5.1238,4.637084e-17,0.05,1.737745,groundplane,sky,777.0051,19.3535,0.024907783864245085,0.7638575,4.677278e-17
5.1238,0.0254,0.05,1.67807,groundplane,sky,777.0062000000001,19.3535,0.02490774860258695,0.5729677,3.508415e-17
5.1238,0.0508,0.05,1.618395,groundplane,sky,777.0056,19.3535,0.024907767836206286,0.3820779,2.339553e-17
5.1238,0.0762,0.05,1.55872,groundplane,sky,777.005,19.3535,0.024907787069855317,0.1911881,1.17069e-17
5.1238,0.1016,0.05,1.499046,groundplane,sky,777.0044000000001,19.3535,0.024907806303534053,0.0002983745,1.827017e-20
5.1238,0.127,0.05,1.439371,groundplane,sky,777.0038,19.3535,0.024907825537242502,-0.1905914,-1.167036e-17
5.1238,0.1524,0.05,1.379696,groundplane,sky,777.0032,19.3535,0.024907844770980646,-0.3814812,-2.335898e-17
5.1238,0.1778,0.05,1.320021,groundplane,sky,777.0027,19.3535,0.02490786079911846,-0.5723709,-3.504761e-17
5.1238,0.2032,0.05,1.260346,groundplane,sky,777.0021,19.3535,0.024907880032911067,-0.7632607,-4.673624e-17
