x,y,z,rearZ,mattype,rearMat,Wm2Front,Wm2Back,Back/FrontRatio,rearX,rearY
5.1238,4.317267e-17,0.05,1.858936,groundplane,sky,742.7755000000001,21.820759999999996,0.02937728913071428,0.7149586,4.377859e-17
5.1238,0.0254,0.05,1.768979,groundplane,sky,742.7769,21.820759999999996,0.029377233759916657,0.5363314,3.284083e-17
5.1238,0.0508,0.05,1.679022,groundplane,sky,742.7763,21.820759999999996,0.029377257490232938,0.3577042,2.190306e-17
5.1238,0.0762,0.05,1.589064,groundplane,sky,742.7758,21.820759999999996,0.02937727726552579,0.179077,1.09653e-17
5.1238,0.1016,0.05,1.499107,groundplane,sky,742.7752,21.820759999999996,0.029377300995912358,0.0004497867,2.754149e-20
5.1238,0.127,0.05,1.40915,groundplane,sky,742.7747,21.820759999999996,0.02937732077126378,-0.1781774,-1.091022e-17
5.1238,0.1524,0.05,1.319192,groundplane,sky,742.7741,21.820759999999996,0.02937734450172064,-0.3568046,-2.184798e-17
5.1238,0.1778,0.05,1.229235,groundplane,sky,742.7736,21.820759999999996,0.029377364277130637,-0.5354318,-3.278574e-17
5.1238,0.2032,0.05,1.139277,groundplane,sky,742.7731,21.820759999999996,0.029377384052567256,-0.714059,-4.37235e-17
