x,y,z,rearZ,mattype,rearMat,Wm2Front,Wm2Back,Back/FrontRatio,rearX,rearY
3.9238,4.268501e-17,0.05,1.08807,groundplane,sky,730.2124,19.11997,0.026184085364634502,0.6857946,4.199281e-17
3.9238,0.0254,0.05,1.190838,groundplane,sky,730.2123,19.11997,0.026184088950447763,0.5142175,3.148674e-17
3.9238,0.0508,0.05,1.293606,groundplane,sky,730.2118999999999,19.11997,0.026184103293710646,0.3426404,2.098067e-17
3.9238,0.0762,0.05,1.396374,groundplane,sky,730.2114,19.11997,0.026184121222811333,0.1710633,1.04746e-17
3.9238,0.1016,0.05,1.499142,groundplane,sky,730.2109999999999,19.11997,0.02618413556610957,-0.0005138407,-3.146367e-20
3.9238,0.127,0.05,1.60191,groundplane,sky,730.2106,19.11997,0.026184149909423513,-0.172091,-1.053753e-17
3.9238,0.1524,0.05,1.704678,groundplane,sky,730.2102,19.11997,0.026184164252753175,-0.3436681,-2.10436e-17
3.9238,0.1778,0.05,1.807447,groundplane,sky,730.2097,19.11997,0.02618418218193735,-0.5152452,-3.154967e-17
3.9238,0.2032,0.05,1.910215,groundplane,sky,730.2094000000001,19.11997,0.026184192939459637,-0.6868223,-4.205574e-17
