x,y,z,rearZ,mattype,rearMat,Wm2Front,Wm2Back,Back/FrontRatio,rearX,rearY
0.3238,3.050247e-17,0.05,2.112193,groundplane,sky,512.752,41.12716,0.08020852145184916,0.5149961,3.153442e-17
0.3238,0.0254,0.05,1.958984,groundplane,sky,512.7559,41.12716,0.08020791139036842,0.3864386,2.366254e-17
0.3238,0.0508,0.05,1.805775,groundplane,sky,512.7555,41.12716,0.08020797396034961,0.2578811,1.579066e-17
0.3238,0.0762,0.05,1.652566,groundplane,sky,512.7552,41.12716,0.08020802088789956,0.1293236,7.918785e-18
0.3238,0.1016,0.05,1.499357,groundplane,sky,512.7549,41.12716,0.08020806781550442,0.0007660444,4.690669e-20
0.3238,0.127,0.05,1.346148,groundplane,sky,512.7546,41.12716,0.08020811474316421,-0.1277915,-7.824971e-18
0.3238,0.1524,0.05,1.192939,groundplane,sky,512.7543,41.12716,0.0802081616708789,-0.256349,-1.569685e-17
0.3238,0.1778,0.05,1.039731,groundplane,sky,512.754,41.12716,0.08020820859864848,-0.3849065,-2.356873e-17
0.3238,0.2032,0.05,0.8865217,groundplane,sky,512.7537,41.12716,0.08020825552647301,-0.513464,-3.14406e-17
