x,y,z,rearZ,mattype,rearMat,Wm2Front,Wm2Back,Back/FrontRatio,rearX,rearY
3.9238,4.12254e-17,0.05,1.913805,groundplane,sky,714.9006,23.377439999999996,0.03270022056182277,0.684665,4.192364e-17
3.9238,0.0254,0.05,1.81014,groundplane,sky,714.9031,23.377439999999996,0.032700106210049706,0.5136284,3.145067e-17
3.9238,0.0508,0.05,1.706475,groundplane,sky,714.9026,23.377439999999996,0.03270012908034034,0.3425917,2.097769e-17
3.9238,0.0762,0.05,1.60281,groundplane,sky,714.9020999999999,23.377439999999996,0.03270015195066296,0.171555,1.050471e-17
3.9238,0.1016,0.05,1.499145,groundplane,sky,714.9016,23.377439999999996,0.03270017482101757,0.0005183256,3.173829e-20
3.9238,0.127,0.05,1.39548,groundplane,sky,714.9011,23.377439999999996,0.03270019769140418,-0.1705184,-1.044124e-17
3.9238,0.1524,0.05,1.291815,groundplane,sky,714.9005000000001,23.377439999999996,0.032700225135910324,-0.341555,-2.091421e-17
3.9238,0.1778,0.05,1.188149,groundplane,sky,714.9,23.377439999999996,0.03270024800636731,-0.5125917,-3.138719e-17
3.9238,0.2032,0.05,1.084484,groundplane,sky,714.8995,23.377439999999996,0.032700270876856286,-0.6836284,-4.186017e-17
