x,y,z,rearZ,mattype,rearMat,Wm2Front,Wm2Back,Back/FrontRatio,rearX,rearY
2.7238,4.043105e-17,0.05,1.9337,groundplane,sky,221.6204,17.97073,0.08108752133142377,0.6722391,4.116277e-17
2.7238,0.0254,0.05,1.825065,groundplane,sky,221.62340000000003,17.97073,0.08108642369702973,0.5043151,3.088039e-17
2.7238,0.0508,0.05,1.71643,groundplane,sky,221.62340000000003,17.97073,0.08108642369702973,0.3363911,2.059802e-17
2.7238,0.0762,0.05,1.607795,groundplane,sky,221.6233,17.97073,0.08108646028436411,0.1684671,1.031564e-17
2.7238,0.1016,0.05,1.49916,groundplane,sky,221.6232,17.97073,0.08108649687173151,0.0005431744,3.325984e-20
2.7238,0.127,0.05,1.390525,groundplane,sky,221.6231,17.97073,0.08108653345913193,-0.1673808,-1.024912e-17
2.7238,0.1524,0.05,1.281891,groundplane,sky,221.62299999999996,17.97073,0.08108657004656536,-0.3353048,-2.05315e-17
2.7238,0.1778,0.05,1.173256,groundplane,sky,221.6229,17.97073,0.0810866066340318,-0.5032287,-3.081387e-17
2.7238,0.2032,0.05,1.064621,groundplane,sky,221.6228,17.97073,0.08108664322153125,-0.6711527,-4.109625e-17
