x,y,z,rearZ,mattype,rearMat,Wm2Front,Wm2Back,Back/FrontRatio,rearX,rearY
1.5238,3.247255e-17,0.05,0.8865217,groundplane,sky,473.1376,34.77867,0.07350630449513103,0.513464,3.14406e-17
1.5238,0.0254,0.05,1.039731,groundplane,sky,473.1358,34.77867,0.07350658414226076,0.3849065,2.356873e-17
1.5238,0.0508,0.05,1.192939,groundplane,sky,473.1356,34.77867,0.0735066152142954,0.256349,1.569685e-17
1.5238,0.0762,0.05,1.346148,groundplane,sky,473.13539999999995,34.77867,0.07350664628635634,0.1277915,7.824971e-18
1.5238,0.1016,0.05,1.499357,groundplane,sky,473.1352,34.77867,0.0735066773584435,-0.0007660444,-4.690669e-20
1.5238,0.127,0.05,1.652566,groundplane,sky,473.1349,34.77867,0.07350672396662354,-0.1293236,-7.918785e-18
1.5238,0.1524,0.05,1.805775,groundplane,sky,473.1347,34.77867,0.0735067550387764,-0.2578811,-1.579066e-17
1.5238,0.1778,0.05,1.958984,groundplane,sky,473.13449999999995,34.77867,0.07350678611095554,-0.3864386,-2.366254e-17
1.5238,0.2032,0.05,2.112193,groundplane,sky,473.1343,34.77867,0.07350681718316093,-0.5149961,-3.153442e-17
