x,y,z,rearZ,mattype,rearMat,Wm2Front,Wm2Back,Back/FrontRatio,rearX,rearY
1.5238,3.406088e-17,0.05,0.9097852,groundplane,sky,600.3208,28.645300000000002,0.04771657467711485,0.540044,3.306816e-17
1.5238,0.0254,0.05,1.05717,groundplane,sky,600.3196,28.645300000000002,0.04771667005929832,0.4048488,2.478984e-17
1.5238,0.0508,0.05,1.204555,groundplane,sky,600.3192,28.645300000000002,0.04771670185344422,0.2696535,1.651152e-17
1.5238,0.0762,0.05,1.351939,groundplane,sky,600.3189,28.645300000000002,0.04771672569908145,0.1344583,8.233197e-18
1.5238,0.1016,0.05,1.499324,groundplane,sky,600.3186,28.645300000000002,0.04771674954474251,-0.0007369235,-4.512355e-20
1.5238,0.127,0.05,1.646709,groundplane,sky,600.3182,28.645300000000002,0.047716781338994325,-0.1359322,-8.323444e-18
1.5238,0.1524,0.05,1.794093,groundplane,sky,600.3179,28.645300000000002,0.047716805184711,-0.2711274,-1.660176e-17
1.5238,0.1778,0.05,1.941478,groundplane,sky,600.3176,28.645300000000002,0.047716829030451505,-0.4063226,-2.488008e-17
1.5238,0.2032,0.05,2.088863,groundplane,sky,600.3173,28.645300000000002,0.04771685287621583,-0.5415178,-3.31584e-17
