x,y,z,rearZ,mattype,rearMat,Wm2Front,Wm2Back,Back/FrontRatio,rearX,rearY
1.5238,4.317267e-17,0.05,1.858936,groundplane,sky,742.8002,21.820759999999996,0.029376312262284977,0.7149586,4.377859e-17
1.5238,0.0254,0.05,1.768979,groundplane,sky,742.8019,21.820759999999996,0.029376245030815033,0.5363314,3.284083e-17
1.5238,0.0508,0.05,1.679022,groundplane,sky,742.8014,21.820759999999996,0.02937626480474484,0.3577042,2.190306e-17
1.5238,0.0762,0.05,1.589064,groundplane,sky,742.8008,21.820759999999996,0.02937628853349574,0.179077,1.09653e-17
1.5238,0.1016,0.05,1.499107,groundplane,sky,742.8003,21.820759999999996,0.02937630830748411,0.0004497867,2.754149e-20
1.5238,0.127,0.05,1.40915,groundplane,sky,742.7998000000001,21.820759999999996,0.029376328081499096,-0.1781774,-1.091022e-17
1.5238,0.1524,0.05,1.319192,groundplane,sky,742.7993,21.820759999999996,0.029376347855540712,-0.3568046,-2.184798e-17
1.5238,0.1778,0.05,1.229235,groundplane,sky,742.7986999999999,21.820759999999996,0.029376371584425787,-0.5354318,-3.278574e-17
1.5238,0.2032,0.05,1.139277,groundplane,sky,742.7981999999998,21.820759999999996,0.029376391358525968,-0.714059,-4.37235e-17
