x,y,z,rearZ,mattype,rearMat,Wm2Front,Wm2Back,Back/FrontRatio,rearX,rearY
2.7238,3.050247e-17,0.05,2.112193,groundplane,sky,323.2862,40.87973,0.12645019660537132,0.5149961,3.153442e-17
2.7238,0.0254,0.05,1.958984,groundplane,sky,323.2894,40.87973,0.12644894497331194,0.3864386,2.366254e-17
2.7238,0.0508,0.05,1.805775,groundplane,sky,323.2892,40.87973,0.12644902319958973,0.2578811,1.579066e-17
2.7238,0.0762,0.05,1.652566,groundplane,sky,323.2891,40.87973,0.12644906231276493,0.1293236,7.918785e-18
2.7238,0.1016,0.05,1.499357,groundplane,sky,323.2889,40.87973,0.1264491405391879,0.0007660444,4.690669e-20
2.7238,0.127,0.05,1.346148,groundplane,sky,323.2888,40.87973,0.1264491796524357,-0.1277915,-7.824971e-18
2.7238,0.1524,0.05,1.192939,groundplane,sky,323.2887,40.87973,0.12644921876570767,-0.256349,-1.569685e-17
2.7238,0.1778,0.05,1.039731,groundplane,sky,323.2885,40.87973,0.12644929699232424,-0.3849065,-2.356873e-17
2.7238,0.2032,0.05,0.8865217,groundplane,sky,323.2884,40.87973,0.1264493361056688,-0.513464,-3.14406e-17
