x,y,z,rearZ,mattype,rearMat,Wm2Front,Wm2Back,Back/FrontRatio,rearX,rearY
3.9238,3.247255e-17,0.05,0.8865217,groundplane,sky,473.0877,34.77867,0.07351405772321343,0.513464,3.14406e-17
3.9238,0.0254,0.05,1.039731,groundplane,sky,473.08639999999997,34.77867,0.07351425973297958,0.3849065,2.356873e-17
3.9238,0.0508,0.05,1.192939,groundplane,sky,473.0862,34.77867,0.07351429081150367,0.256349,1.569685e-17
3.9238,0.0762,0.05,1.346148,groundplane,sky,473.0859,34.77867,0.07351433742933909,0.1277915,7.824971e-18
3.9238,0.1016,0.05,1.499357,groundplane,sky,473.0856999999999,34.77867,0.0735143685079289,-0.0007660444,-4.690669e-20
3.9238,0.127,0.05,1.652566,groundplane,sky,473.08549999999997,34.77867,0.07351439958654496,-0.1293236,-7.918785e-18
3.9238,0.1524,0.05,1.805775,groundplane,sky,473.0853,34.77867,0.0735144306651873,-0.2578811,-1.579066e-17
3.9238,0.1778,0.05,1.958984,groundplane,sky,473.0851,34.77867,0.07351446174385592,-0.3864386,-2.366254e-17
3.9238,0.2032,0.05,2.112193,groundplane,sky,473.0847999999999,34.77867,0.07351450836190815,-0.5149961,-3.153442e-17
