x,y,z,rearZ,mattype,rearMat,Wm2Front,Wm2Back,Back/FrontRatio,rearX,rearY
1.5238,4.875307e-17,0.05,1.397495,groundplane,sky,809.8482,15.78897,0.019496185215716704,0.7934064,4.858213e-17
1.5238,0.0254,0.05,1.422873,groundplane,sky,809.8485999999999,15.78897,0.01949617558618292,0.5950231,3.643465e-17
1.5238,0.0508,0.05,1.448251,groundplane,sky,809.848,15.78897,0.01949619003048717,0.3966398,2.428718e-17
1.5238,0.0762,0.05,1.47363,groundplane,sky,809.8475,15.78897,0.019496202067423724,0.1982564,1.213971e-17
1.5238,0.1016,0.05,1.499008,groundplane,sky,809.8470000000001,15.78897,0.019496214104375142,-0.0001268915,-7.769863e-21
1.5238,0.127,0.05,1.524386,groundplane,sky,809.8465,15.78897,0.019496226141341427,-0.1985102,-1.215524e-17
1.5238,0.1524,0.05,1.549765,groundplane,sky,809.846,15.78897,0.019496238178322575,-0.3968935,-2.430272e-17
1.5238,0.1778,0.05,1.575143,groundplane,sky,809.8455,15.78897,0.019496250215318582,-0.5952769,-3.645019e-17
1.5238,0.2032,0.05,1.600521,groundplane,sky,809.8449999999999,15.78897,0.01949626225232946,-0.7936602,-4.859767e-17
