x,y,z,rearZ,mattype,rearMat,Wm2Front,Wm2Back,Back/FrontRatio,rearX,rearY
3.9238,3.247255e-17,0.05,0.8865217,groundplane,sky,519.0084,32.5931,0.06279866992775082,0.513464,3.14406e-17
3.9238,0.0254,0.05,1.039731,groundplane,sky,519.0073,32.5931,0.06279880302492273,0.3849065,2.356873e-17
3.9238,0.0508,0.05,1.192939,groundplane,sky,519.0071,32.5931,0.06279882722446914,0.256349,1.569685e-17
3.9238,0.0762,0.05,1.346148,groundplane,sky,519.0068,32.5931,0.06279886352382373,0.1277915,7.824971e-18
3.9238,0.1016,0.05,1.499357,groundplane,sky,519.0066,32.5931,0.06279888772341677,-0.0007660444,-4.690669e-20
3.9238,0.127,0.05,1.652566,groundplane,sky,519.0063,32.5931,0.0627989240228413,-0.1293236,-7.918785e-18
3.9238,0.1524,0.05,1.805775,groundplane,sky,519.0061,32.5931,0.06279894822248097,-0.2578811,-1.579066e-17
3.9238,0.1778,0.05,1.958984,groundplane,sky,519.0059,32.5931,0.06279897242213929,-0.3864386,-2.366254e-17
3.9238,0.2032,0.05,2.112193,groundplane,sky,519.0056,32.5931,0.06279900872166173,-0.5149961,-3.153442e-17
