x,y,z,rearZ,mattype,rearMat,Wm2Front,Wm2Back,Back/FrontRatio,rearX,rearY
1.5238,4.444177e-17,0.05,1.143146,groundplane,sky,753.6201,18.13307,0.02406125571590286,0.7160003,4.384237e-17
1.5238,0.0254,0.05,1.232136,groundplane,sky,753.6198,18.13307,0.024061265294163855,0.536889,3.287497e-17
1.5238,0.0508,0.05,1.321125,groundplane,sky,753.6193,18.13307,0.02406128125794913,0.3577777,2.190756e-17
1.5238,0.0762,0.05,1.410115,groundplane,sky,753.6189,18.13307,0.024061294028992597,0.1786664,1.094016e-17
1.5238,0.1016,0.05,1.499104,groundplane,sky,753.6184,18.13307,0.024061309992816006,-0.0004449478,-2.72452e-20
1.5238,0.127,0.05,1.588094,groundplane,sky,753.618,18.13307,0.024061322763889975,-0.1795562,-1.099465e-17
1.5238,0.1524,0.05,1.677084,groundplane,sky,753.6176,18.13307,0.024061335534977506,-0.3586675,-2.196205e-17
1.5238,0.1778,0.05,1.766073,groundplane,sky,753.6171,18.13307,0.024061351498855986,-0.5377788,-3.292946e-17
1.5238,0.2032,0.05,1.855063,groundplane,sky,753.6166,18.13307,0.02406136746275565,-0.7168901,-4.389686e-17
