x,y,z,rearZ,mattype,rearMat,Wm2Front,Wm2Back,Back/FrontRatio,rearX,rearY
3.9238,4.754225e-17,0.05,1.672448,groundplane,sky,792.6819,18.19047,0.022947978315162345,0.7811931,4.783428e-17
3.9238,0.0254,0.05,1.629092,groundplane,sky,792.6835,18.19047,0.022947931995642656,0.585949,3.587903e-17
3.9238,0.0508,0.05,1.585736,groundplane,sky,792.683,18.19047,0.022947946470472474,0.3907049,2.392378e-17
3.9238,0.0762,0.05,1.54238,groundplane,sky,792.6824,18.19047,0.022947963840292355,0.1954609,1.196853e-17
3.9238,0.1016,0.05,1.499024,groundplane,sky,792.6818,18.19047,0.022947981210138534,0.0002167804,1.327397e-20
3.9238,0.127,0.05,1.455668,groundplane,sky,792.6812999999999,18.19047,0.02294799568503044,-0.1950273,-1.194198e-17
3.9238,0.1524,0.05,1.412312,groundplane,sky,792.6807,18.19047,0.02294801305492482,-0.3902714,-2.389723e-17
3.9238,0.1778,0.05,1.368956,groundplane,sky,792.6801,18.19047,0.022948030424845504,-0.5855155,-3.585248e-17
3.9238,0.2032,0.05,1.325599,groundplane,sky,792.6796,18.19047,0.022948044899799493,-0.7807595,-4.780773e-17
