x,y,z,rearZ,mattype,rearMat,Wm2Front,Wm2Back,Back/FrontRatio,rearX,rearY
2.7238,4.770146e-17,0.05,1.661661,groundplane,sky,66.99508,6.250449,0.09329574207923806,0.7834965,4.797532e-17
2.7238,0.0254,0.05,1.621001,groundplane,sky,66.99652,6.250449,0.09329373684279656,0.5876732,3.598461e-17
2.7238,0.0508,0.05,1.580341,groundplane,sky,66.9965,6.250449,0.0932937646927124,0.3918499,2.399389e-17
2.7238,0.0762,0.05,1.539681,groundplane,sky,66.99648,6.250449,0.09329379254264487,0.1960266,1.200317e-17
2.7238,0.1016,0.05,1.499021,groundplane,sky,66.99646,6.250449,0.09329382039259398,0.0002033,1.244853e-20
2.7238,0.127,0.05,1.458361,groundplane,sky,66.99644,6.250449,0.0932938482425597,-0.19562,-1.197827e-17
2.7238,0.1524,0.05,1.417701,groundplane,sky,66.99641,6.250449,0.09329389001753947,-0.3914433,-2.396899e-17
2.7238,0.1778,0.05,1.377041,groundplane,sky,66.9964,6.250449,0.09329390394254106,-0.5872666,-3.595971e-17
2.7238,0.2032,0.05,1.336381,groundplane,sky,66.99638,6.250449,0.09329393179255666,-0.7830899,-4.795043e-17
