x,y,z,rearZ,mattype,rearMat,Wm2Front,Wm2Back,Back/FrontRatio,rearX,rearY
2.7238,4.814972e-17,0.05,1.329826,groundplane,sky,800.8692,16.13217,0.020143301623658863,0.7816917,4.786481e-17
2.7238,0.0254,0.05,1.372125,groundplane,sky,800.8695000000001,16.13217,0.02014329407813123,0.5862159,3.589537e-17
2.7238,0.0508,0.05,1.414424,groundplane,sky,800.869,16.13217,0.02014330665401376,0.3907401,2.392593e-17
2.7238,0.0762,0.05,1.456724,groundplane,sky,800.8685,16.13217,0.02014331922991199,0.1952643,1.195649e-17
2.7238,0.1016,0.05,1.499023,groundplane,sky,800.868,16.13217,0.02014333180582592,-0.0002114954,-1.295036e-20
2.7238,0.127,0.05,1.541322,groundplane,sky,800.8675,16.13217,0.020143344381755558,-0.1956873,-1.198239e-17
2.7238,0.1524,0.05,1.583621,groundplane,sky,800.8669,16.13217,0.020143359472891847,-0.3911631,-2.395183e-17
2.7238,0.1778,0.05,1.62592,groundplane,sky,800.8665,16.13217,0.020143369533661935,-0.5866389,-3.592127e-17
2.7238,0.2032,0.05,1.668219,groundplane,sky,800.866,16.13217,0.020143382109638678,-0.7821147,-4.789071e-17
