x,y,z,rearZ,mattype,rearMat,Wm2Front,Wm2Back,Back/FrontRatio,rearX,rearY
3.9238,4.317267e-17,0.05,1.858936,groundplane,sky,742.7842,21.820759999999996,0.02937694504413927,0.7149586,4.377859e-17
3.9238,0.0254,0.05,1.768979,groundplane,sky,742.7865,21.820759999999996,0.02937685408007,0.5363314,3.284083e-17
3.9238,0.0508,0.05,1.679022,groundplane,sky,742.7859,21.820759999999996,0.029376877809772894,0.3577042,2.190306e-17
3.9238,0.0762,0.05,1.589064,groundplane,sky,742.7854000000001,21.820759999999996,0.029376897584554584,0.179077,1.09653e-17
3.9238,0.1016,0.05,1.499107,groundplane,sky,742.7849,21.820759999999996,0.029376917359362903,0.0004497867,2.754149e-20
3.9238,0.127,0.05,1.40915,groundplane,sky,742.7842999999999,21.820759999999996,0.029376941089168027,-0.1781774,-1.091022e-17
3.9238,0.1524,0.05,1.319192,groundplane,sky,742.7838,21.820759999999996,0.029376960864034907,-0.3568046,-2.184798e-17
3.9238,0.1778,0.05,1.229235,groundplane,sky,742.7833,21.820759999999996,0.029376980638928414,-0.5354318,-3.278574e-17
3.9238,0.2032,0.05,1.139277,groundplane,sky,742.7827000000001,21.820759999999996,0.029377004368835766,-0.714059,-4.37235e-17
