x,y,z,rearZ,mattype,rearMat,Wm2Front,Wm2Back,Back/FrontRatio,rearX,rearY
2.7238,4.900244e-17,0.05,1.48085,groundplane,sky,5.712045,0.6495788,0.11370097732470162,0.7997714,4.897187e-17
2.7238,0.0254,0.05,1.485388,groundplane,sky,5.711890999999999,0.6495788,0.11370404231412784,0.5998229,3.672856e-17
2.7238,0.0508,0.05,1.489925,groundplane,sky,5.711890999999999,0.6495788,0.11370404231412784,0.3998744,2.448524e-17
2.7238,0.0762,0.05,1.494463,groundplane,sky,5.711890999999999,0.6495788,0.11370404231412784,0.1999258,1.224193e-17
2.7238,0.1016,0.05,1.499,groundplane,sky,5.711890999999999,0.6495788,0.11370404231412784,-2.268733e-05,-1.389199e-21
2.7238,0.127,0.05,1.503538,groundplane,sky,5.711890999999999,0.6495788,0.11370404231412784,-0.1999712,-1.224471e-17
2.7238,0.1524,0.05,1.508075,groundplane,sky,5.711892,0.6495788,0.11370402241106606,-0.3999197,-2.448802e-17
2.7238,0.1778,0.05,1.512613,groundplane,sky,5.711892,0.6495788,0.11370402241106606,-0.5998683,-3.673134e-17
2.7238,0.2032,0.05,1.51715,groundplane,sky,5.711892,0.6495788,0.11370402241106606,-0.7998168,-4.897465e-17
