x,y,z,rearZ,mattype,rearMat,Wm2Front,Wm2Back,Back/FrontRatio,rearX,rearY
5.1238,3.393934e-17,0.05,2.061607,groundplane,sky,273.2252,31.14798,0.11400070710641953,0.5697352,3.488622e-17
5.1238,0.0254,0.05,1.921028,groundplane,sky,273.2275,31.14798,0.11399974746411887,0.4274771,2.617542e-17
5.1238,0.0508,0.05,1.780448,groundplane,sky,273.2274,31.14798,0.11399978918736121,0.285219,1.746463e-17
5.1238,0.0762,0.05,1.639868,groundplane,sky,273.2273,31.14798,0.11399983091063408,0.142961,8.753835e-18
5.1238,0.1016,0.05,1.499289,groundplane,sky,273.2271,31.14798,0.11399991435727146,0.0007028983,4.304011e-20
5.1238,0.127,0.05,1.358709,groundplane,sky,273.227,31.14798,0.11399995608063597,-0.1415552,-8.667755e-18
5.1238,0.1524,0.05,1.218129,groundplane,sky,273.2269,31.14798,0.113999997804031,-0.2838132,-1.737855e-17
5.1238,0.1778,0.05,1.07755,groundplane,sky,273.2268,31.14798,0.11400003952745658,-0.4260713,-2.608934e-17
5.1238,0.2032,0.05,0.9369701,groundplane,sky,273.2267,31.14798,0.11400008125091271,-0.5683294,-3.480014e-17
