x,y,z,rearZ,mattype,rearMat,Wm2Front,Wm2Back,Back/FrontRatio,rearX,rearY
5.1238,3.406088e-17,0.05,0.9097852,groundplane,sky,600.2104,28.645300000000002,0.047725351434511246,0.540044,3.306816e-17
5.1238,0.0254,0.05,1.05717,groundplane,sky,600.2098,28.645300000000002,0.04772539914310107,0.4048488,2.478984e-17
5.1238,0.0508,0.05,1.204555,groundplane,sky,600.2095,28.645300000000002,0.04772542299743174,0.2696535,1.651152e-17
5.1238,0.0762,0.05,1.351939,groundplane,sky,600.2092,28.645300000000002,0.047725446851786264,0.1344583,8.233197e-18
5.1238,0.1016,0.05,1.499324,groundplane,sky,600.2089,28.645300000000002,0.04772547070616463,-0.0007369235,-4.512355e-20
5.1238,0.127,0.05,1.646709,groundplane,sky,600.2085,28.645300000000002,0.04772550251203955,-0.1359322,-8.323444e-18
5.1238,0.1524,0.05,1.794093,groundplane,sky,600.2082,28.645300000000002,0.04772552636647356,-0.2711274,-1.660176e-17
5.1238,0.1778,0.05,1.941478,groundplane,sky,600.2079,28.645300000000002,0.04772555022093142,-0.4063226,-2.488008e-17
5.1238,0.2032,0.05,2.088863,groundplane,sky,600.2075,28.645300000000002,0.04772558202691232,-0.5415178,-3.31584e-17
