x,y,z,rearZ,mattype,rearMat,Wm2Front,Wm2Back,Back/FrontRatio,rearX,rearY
0.3238,3.444172e-17,0.05,2.053396,groundplane,sky,632.8784,29.302399999999995,0.04630013237909149,0.5777141,3.537479e-17
0.3238,0.0254,0.05,1.914867,groundplane,sky,632.8816,29.302399999999995,0.046299898274972315,0.4334588,2.654169e-17
0.3238,0.0508,0.05,1.776337,groundplane,sky,632.8812,29.302399999999995,0.04629992753785775,0.2892034,1.77086e-17
0.3238,0.0762,0.05,1.637808,groundplane,sky,632.8808,29.302399999999995,0.04629995680078017,0.144948,8.875506e-18
0.3238,0.1016,0.05,1.499279,groundplane,sky,632.8804,29.302399999999995,0.046299986063739584,0.0006926469,4.241239e-20
0.3238,0.127,0.05,1.360749,groundplane,sky,632.88,29.302399999999995,0.046300015326735985,-0.1435627,-8.790681e-18
0.3238,0.1524,0.05,1.22222,groundplane,sky,632.8796,29.302399999999995,0.04630004458976938,-0.2878181,-1.762378e-17
0.3238,0.1778,0.05,1.083691,groundplane,sky,632.8792,29.302399999999995,0.04630007385283976,-0.4320735,-2.645687e-17
0.3238,0.2032,0.05,0.9451612,groundplane,sky,632.8787,29.302399999999995,0.046300110431729755,-0.5763288,-3.528996e-17
