x,y,z,rearZ,mattype,rearMat,Wm2Front,Wm2Back,Back/FrontRatio,rearX,rearY
1.5238,3.862189e-17,0.05,0.9904734,groundplane,sky,672.5244,22.68597,0.033732510326004043,0.6167525,3.77652e-17
1.5238,0.0254,0.05,1.117662,groundplane,sky,672.5236,22.68597,0.03373255045242955,0.4624054,2.831417e-17
1.5238,0.0508,0.05,1.244851,groundplane,sky,672.5232,22.68597,0.0337325705156781,0.3080583,1.886313e-17
1.5238,0.0762,0.05,1.37204,groundplane,sky,672.5228,22.68597,0.03373259057895052,0.1537112,9.412095e-18
1.5238,0.1016,0.05,1.499228,groundplane,sky,672.5224,22.68597,0.0337326106422468,-0.0006359435,-3.894031e-20
1.5238,0.127,0.05,1.626417,groundplane,sky,672.522,22.68597,0.033732630705566945,-0.1549831,-9.489975e-18
1.5238,0.1524,0.05,1.753606,groundplane,sky,672.5217,22.68597,0.03373264575307272,-0.3093302,-1.894101e-17
1.5238,0.1778,0.05,1.880794,groundplane,sky,672.5213,22.68597,0.03373266581643464,-0.4636773,-2.839205e-17
1.5238,0.2032,0.05,2.007983,groundplane,sky,672.5209,22.68597,0.03373268587982042,-0.6180244,-3.784308e-17
