x,y,z,rearZ,mattype,rearMat,Wm2Front,Wm2Back,Back/FrontRatio,rearX,rearY
3.9238,4.838549e-17,0.05,1.604814,groundplane,sky,803.3702,17.11739,0.021306950012646708,0.7931047,4.856366e-17
3.9238,0.0254,0.05,1.578363,groundplane,sky,803.3716,17.11739,0.021306912882017637,0.5948616,3.642477e-17
3.9238,0.0508,0.05,1.551911,groundplane,sky,803.371,17.11739,0.021306928795128535,0.3966185,2.428588e-17
3.9238,0.0762,0.05,1.52546,groundplane,sky,803.3705,17.11739,0.02130694205607244,0.1983754,1.214699e-17
3.9238,0.1016,0.05,1.499009,groundplane,sky,803.3699,17.11739,0.021306957969226915,0.0001322564,8.098368e-21
3.9238,0.127,0.05,1.472558,groundplane,sky,803.3694,17.11739,0.021306971230207136,-0.1981109,-1.213079e-17
3.9238,0.1524,0.05,1.446106,groundplane,sky,803.3687999999999,17.11739,0.021306987143405197,-0.396354,-2.426968e-17
3.9238,0.1778,0.05,1.419655,groundplane,sky,803.3683,17.11739,0.02130700040442173,-0.5945971,-3.640857e-17
3.9238,0.2032,0.05,1.393204,groundplane,sky,803.3677000000001,17.11739,0.021307016317663355,-0.7928402,-4.854746e-17
