x,y,z,rearZ,mattype,rearMat,Wm2Front,Wm2Back,Back/FrontRatio,rearX,rearY
0.3238,4.317267e-17,0.05,1.858936,groundplane,sky,742.8831,21.820759999999996,0.02937303409778187,0.7149586,4.377859e-17
0.3238,0.0254,0.05,1.768979,groundplane,sky,742.8858999999999,21.820759999999996,0.02937292338847273,0.5363314,3.284083e-17
0.3238,0.0508,0.05,1.679022,groundplane,sky,742.8853,21.820759999999996,0.029372947111825854,0.3577042,2.190306e-17
0.3238,0.0762,0.05,1.589064,groundplane,sky,742.8848000000002,21.820759999999996,0.02937296688131607,0.179077,1.09653e-17
0.3238,0.1016,0.05,1.499107,groundplane,sky,742.8842,21.820759999999996,0.029372990604739465,0.0004497867,2.754149e-20
0.3238,0.127,0.05,1.40915,groundplane,sky,742.8837,21.820759999999996,0.029373010374288227,-0.1781774,-1.091022e-17
0.3238,0.1524,0.05,1.319192,groundplane,sky,742.8831,21.820759999999996,0.02937303409778187,-0.3568046,-2.184798e-17
0.3238,0.1778,0.05,1.229235,groundplane,sky,742.8826,21.820759999999996,0.02937305386738918,-0.5354318,-3.278574e-17
0.3238,0.2032,0.05,1.139277,groundplane,sky,742.882,21.820759999999996,0.029373077590953083,-0.714059,-4.37235e-17
