x,y,z,rearZ,mattype,rearMat,Wm2Front,Wm2Back,Back/FrontRatio,rearX,rearY
3.9238,4.444177e-17,0.05,1.143146,groundplane,sky,754.0577,18.13307,0.02404729233944254,0.7160003,4.384237e-17
3.9238,0.0254,0.05,1.232136,groundplane,sky,754.0578,18.13307,0.024047289150395168,0.536889,3.287497e-17
3.9238,0.0508,0.05,1.321125,groundplane,sky,754.0573,18.13307,0.024047305095640483,0.3577777,2.190756e-17
3.9238,0.0762,0.05,1.410115,groundplane,sky,754.0569,18.13307,0.02404731785185196,0.1786664,1.094016e-17
3.9238,0.1016,0.05,1.499104,groundplane,sky,754.0564,18.13307,0.024047333797135338,-0.0004449478,-2.72452e-20
3.9238,0.127,0.05,1.588094,groundplane,sky,754.056,18.13307,0.024047346553377265,-0.1795562,-1.099465e-17
3.9238,0.1524,0.05,1.677084,groundplane,sky,754.0555,18.13307,0.024047362498698703,-0.3586675,-2.196205e-17
3.9238,0.1778,0.05,1.766073,groundplane,sky,754.0551,18.13307,0.024047375254971082,-0.5377788,-3.292946e-17
3.9238,0.2032,0.05,1.855063,groundplane,sky,754.0546,18.13307,0.024047391200330583,-0.7168901,-4.389686e-17
