x,y,z,rearZ,mattype,rearMat,Wm2Front,Wm2Back,Back/FrontRatio,rearX,rearY
5.1238,4.12254e-17,0.05,1.913805,groundplane,sky,714.6884999999999,23.377439999999996,0.03270992507935264,0.684665,4.192364e-17
5.1238,0.0254,0.05,1.81014,groundplane,sky,714.69,23.377439999999996,0.032709856427463053,0.5136284,3.145067e-17
5.1238,0.0508,0.05,1.706475,groundplane,sky,714.6895,23.377439999999996,0.032709879311394234,0.3425917,2.097769e-17
5.1238,0.0762,0.05,1.60281,groundplane,sky,714.689,23.377439999999996,0.032709902195357424,0.171555,1.050471e-17
5.1238,0.1016,0.05,1.499145,groundplane,sky,714.6884,23.377439999999996,0.032709929656155524,0.0005183256,3.173829e-20
5.1238,0.127,0.05,1.39548,groundplane,sky,714.6879,23.377439999999996,0.03270995254018916,-0.1705184,-1.044124e-17
5.1238,0.1524,0.05,1.291815,groundplane,sky,714.6874000000001,23.377439999999996,0.032709975424254814,-0.341555,-2.091421e-17
5.1238,0.1778,0.05,1.188149,groundplane,sky,714.6868,23.377439999999996,0.03271000288517587,-0.5125917,-3.138719e-17
5.1238,0.2032,0.05,1.084484,groundplane,sky,714.6863,23.377439999999996,0.03271002576931197,-0.6836284,-4.186017e-17
