x,y,z,rearZ,mattype,rearMat,Wm2Front,Wm2Back,Back/FrontRatio,rearX,rearY
0.3238,3.050247e-17,0.05,2.112193,groundplane,sky,373.6759,42.79,0.11451069092041814,0.5149961,3.153442e-17
0.3238,0.0254,0.05,1.958984,groundplane,sky,373.67969999999997,42.79,0.1145095264486499,0.3864386,2.366254e-17
0.3238,0.0508,0.05,1.805775,groundplane,sky,373.6795,42.79,0.11450958773604723,0.2578811,1.579066e-17
0.3238,0.0762,0.05,1.652566,groundplane,sky,373.6793,42.79,0.1145096490235102,0.1293236,7.918785e-18
0.3238,0.1016,0.05,1.499357,groundplane,sky,373.6791,42.79,0.11450971031103878,0.0007660444,4.690669e-20
0.3238,0.127,0.05,1.346148,groundplane,sky,373.67890000000006,42.79,0.11450977159863293,-0.1277915,-7.824971e-18
0.3238,0.1524,0.05,1.192939,groundplane,sky,373.6787,42.79,0.11450983288629274,-0.256349,-1.569685e-17
0.3238,0.1778,0.05,1.039731,groundplane,sky,373.6785,42.79,0.11450989417401812,-0.3849065,-2.356873e-17
0.3238,0.2032,0.05,0.8865217,groundplane,sky,373.6783,42.79,0.1145099554618091,-0.513464,-3.14406e-17
