x,y,z,rearZ,mattype,rearMat,Wm2Front,Wm2Back,Back/FrontRatio,rearX,rearY
3.9238,4.62591e-17,0.05,1.743072,groundplane,sky,103.6307,8.367453,0.0807422149786214,0.7621791,4.667001e-17
3.9238,0.0254,0.05,1.682066,groundplane,sky,103.633,8.367453,0.08074042302719184,0.5717106,3.500718e-17
3.9238,0.0508,0.05,1.62106,groundplane,sky,103.633,8.367453,0.08074042302719184,0.3812421,2.334434e-17
3.9238,0.0762,0.05,1.560054,groundplane,sky,103.6329,8.367453,0.08074050093646962,0.1907735,1.168151e-17
3.9238,0.1016,0.05,1.499048,groundplane,sky,103.6329,8.367453,0.08074050093646962,0.0003050305,1.867773e-20
3.9238,0.127,0.05,1.438042,groundplane,sky,103.6329,8.367453,0.08074050093646962,-0.1901635,-1.164416e-17
3.9238,0.1524,0.05,1.377035,groundplane,sky,103.63280000000002,8.367453,0.08074057884589775,-0.380632,-2.330699e-17
3.9238,0.1778,0.05,1.316029,groundplane,sky,103.63280000000002,8.367453,0.08074057884589775,-0.5711005,-3.496982e-17
3.9238,0.2032,0.05,1.255023,groundplane,sky,103.63280000000002,8.367453,0.08074057884589775,-0.761569,-4.663265e-17
