x,y,z,rearZ,mattype,rearMat,Wm2Front,Wm2Back,Back/FrontRatio,rearX,rearY
3.9238,4.899765e-17,0.05,1.466477,groundplane,sky,814.5792,15.772619999999998,0.0193628816413657,0.7992979,4.894288e-17
3.9238,0.0254,0.05,1.474608,groundplane,sky,814.5801,15.772619999999998,0.01936286024804651,0.5994633,3.670654e-17
3.9238,0.0508,0.05,1.482739,groundplane,sky,814.5796,15.772619999999998,0.019362872133218,0.3996286,2.44702e-17
3.9238,0.0762,0.05,1.49087,groundplane,sky,814.5790000000001,15.772619999999998,0.019362886395443046,0.199794,1.223385e-17
3.9238,0.1016,0.05,1.499001,groundplane,sky,814.5785,15.772619999999998,0.019362898280646638,-4.065496e-05,-2.489399e-21
3.9238,0.127,0.05,1.507132,groundplane,sky,814.578,15.772619999999998,0.01936291016586482,-0.1998753,-1.223883e-17
3.9238,0.1524,0.05,1.515263,groundplane,sky,814.5775,15.772619999999998,0.01936292205109759,-0.39971,-2.447518e-17
3.9238,0.1778,0.05,1.523394,groundplane,sky,814.5769999999999,15.772619999999998,0.019362933936344955,-0.5995446,-3.671152e-17
3.9238,0.2032,0.05,1.531525,groundplane,sky,814.5764,15.772619999999998,0.019362948198661044,-0.7993793,-4.894786e-17
