x,y,z,rearZ,mattype,rearMat,Wm2Front,Wm2Back,Back/FrontRatio,rearX,rearY
5.1238,4.770146e-17,0.05,1.661661,groundplane,sky,67.16927,6.250449,0.0930538019275492,0.7834965,4.797532e-17
5.1238,0.0254,0.05,1.621001,groundplane,sky,67.17017,6.250449,0.0930525551363777,0.5876732,3.598461e-17
5.1238,0.0508,0.05,1.580341,groundplane,sky,67.17014,6.250449,0.09305259669554512,0.3918499,2.399389e-17
5.1238,0.0762,0.05,1.539681,groundplane,sky,67.17013,6.250449,0.0930526105486092,0.1960266,1.200317e-17
5.1238,0.1016,0.05,1.499021,groundplane,sky,67.1701,6.250449,0.09305265210782611,0.0002033,1.244853e-20
5.1238,0.127,0.05,1.458361,groundplane,sky,67.17009,6.250449,0.09305266596090668,-0.19562,-1.197827e-17
5.1238,0.1524,0.05,1.417701,groundplane,sky,67.17007,6.250449,0.09305269366708019,-0.3914433,-2.396899e-17
5.1238,0.1778,0.05,1.377041,groundplane,sky,67.17004,6.250449,0.09305273522637135,-0.5872666,-3.595971e-17
5.1238,0.2032,0.05,1.336381,groundplane,sky,67.17003,6.250449,0.09305274907947667,-0.7830899,-4.795043e-17
