x,y,z,rearZ,mattype,rearMat,Wm2Front,Wm2Back,Back/FrontRatio,rearX,rearY
2.7238,3.247255e-17,0.05,0.8865217,groundplane,sky,422.76770000000005,38.80855,0.091796176017761,0.513464,3.14406e-17
2.7238,0.0254,0.05,1.039731,groundplane,sky,422.76590000000004,38.80855,0.09179656685516296,0.3849065,2.356873e-17
2.7238,0.0508,0.05,1.192939,groundplane,sky,422.7657,38.80855,0.0917966102817464,0.256349,1.569685e-17
2.7238,0.0762,0.05,1.346148,groundplane,sky,422.7655,38.80855,0.09179665370837094,0.1277915,7.824971e-18
2.7238,0.1016,0.05,1.499357,groundplane,sky,422.7653,38.80855,0.09179669713503653,-0.0007660444,-4.690669e-20
2.7238,0.127,0.05,1.652566,groundplane,sky,422.7651,38.80855,0.09179674056174324,-0.1293236,-7.918785e-18
2.7238,0.1524,0.05,1.805775,groundplane,sky,422.76489999999995,38.80855,0.09179678398849103,-0.2578811,-1.579066e-17
2.7238,0.1778,0.05,1.958984,groundplane,sky,422.7647,38.80855,0.0917968274152799,-0.3864386,-2.366254e-17
2.7238,0.2032,0.05,2.112193,groundplane,sky,422.7645,38.80855,0.09179687084210987,-0.5149961,-3.153442e-17
