x,y,z,rearZ,mattype,rearMat,Wm2Front,Wm2Back,Back/FrontRatio,rearX,rearY
2.7238,4.490303e-17,0.05,1.800053,groundplane,sky,756.9315,20.84987,0.027545217043791884,0.7415991,4.540985e-17
2.7238,0.0254,0.05,1.724808,groundplane,sky,756.9337,20.84987,0.027545136984735933,0.5562934,3.406315e-17
2.7238,0.0508,0.05,1.649563,groundplane,sky,756.9330999999999,20.84987,0.027545158818977775,0.3709877,2.271644e-17
2.7238,0.0762,0.05,1.574318,groundplane,sky,756.9326,20.84987,0.027545177014205738,0.185682,1.136974e-17
2.7238,0.1016,0.05,1.499073,groundplane,sky,756.9319,20.84987,0.027545202487565278,0.0003762243,2.303709e-20
2.7238,0.127,0.05,1.423829,groundplane,sky,756.9314,20.84987,0.027545220682850938,-0.1849295,-1.132367e-17
2.7238,0.1524,0.05,1.348584,groundplane,sky,756.9308,20.84987,0.02754524251722546,-0.3702352,-2.267037e-17
2.7238,0.1778,0.05,1.273339,groundplane,sky,756.9302000000001,20.84987,0.027545264351634596,-0.555541,-3.401707e-17
2.7238,0.2032,0.05,1.198094,groundplane,sky,756.9297,20.84987,0.02754528254700199,-0.7408467,-4.536378e-17
