x,y,z,rearZ,mattype,rearMat,Wm2Front,Wm2Back,Back/FrontRatio,rearX,rearY
3.9238,3.050247e-17,0.05,2.112193,groundplane,sky,468.8304,42.93028,0.09156869612402242,0.5149961,3.153442e-17
3.9238,0.0254,0.05,1.958984,groundplane,sky,468.8341,42.93028,0.0915679734729759,0.3864386,2.366254e-17
3.9238,0.0508,0.05,1.805775,groundplane,sky,468.8339,42.93028,0.09156801253490301,0.2578811,1.579066e-17
3.9238,0.0762,0.05,1.652566,groundplane,sky,468.8336,42.93028,0.09156807112785618,0.1293236,7.918785e-18
3.9238,0.1016,0.05,1.499357,groundplane,sky,468.8333,42.93028,0.09156812972088434,0.0007660444,4.690669e-20
3.9238,0.127,0.05,1.346148,groundplane,sky,468.833,42.93028,0.09156818831398747,-0.1277915,-7.824971e-18
3.9238,0.1524,0.05,1.192939,groundplane,sky,468.83279999999996,42.93028,0.0915682273760979,-0.256349,-1.569685e-17
3.9238,0.1778,0.05,1.039731,groundplane,sky,468.8325,42.93028,0.09156828596932601,-0.3849065,-2.356873e-17
3.9238,0.2032,0.05,0.8865217,groundplane,sky,468.8322,42.93028,0.0915683445626291,-0.513464,-3.14406e-17
