x,y,z,rearZ,mattype,rearMat,Wm2Front,Wm2Back,Back/FrontRatio,rearX,rearY
1.5238,3.909738e-17,0.05,1.964544,groundplane,sky,691.6924,24.697330000000004,0.03570560308946132,0.6513061,3.988099e-17
1.5238,0.0254,0.05,1.848205,groundplane,sky,691.6945,24.697330000000004,0.03570549468660705,0.488625,2.991965e-17
1.5238,0.0508,0.05,1.731865,groundplane,sky,691.694,24.697330000000004,0.03570552049675074,0.3259439,1.995831e-17
1.5238,0.0762,0.05,1.615526,groundplane,sky,691.6935,24.697330000000004,0.035705546306931756,0.1632628,9.996962e-18
1.5238,0.1016,0.05,1.499187,groundplane,sky,691.6931,24.697330000000004,0.03570556695510343,0.0005816972,3.561868e-20
1.5238,0.127,0.05,1.382847,groundplane,sky,691.6926,24.697330000000004,0.0357055927653516,-0.1620994,-9.925725e-18
1.5238,0.1524,0.05,1.266508,groundplane,sky,691.6920999999999,24.697330000000004,0.0357056185756371,-0.3247805,-1.988707e-17
1.5238,0.1778,0.05,1.150168,groundplane,sky,691.6916,24.697330000000004,0.0357056443859599,-0.4874616,-2.984841e-17
1.5238,0.2032,0.05,1.033829,groundplane,sky,691.6911999999999,24.697330000000004,0.035705665034245014,-0.6501427,-3.980976e-17
