x,y,z,rearZ,mattype,rearMat,Wm2Front,Wm2Back,Back/FrontRatio,rearX,rearY
5.1238,3.909738e-17,0.05,1.964544,groundplane,sky,691.2832,24.697330000000004,0.03572673872771865,0.6513061,3.988099e-17
5.1238,0.0254,0.05,1.848205,groundplane,sky,691.2847,24.697330000000004,0.03572666120534535,0.488625,2.991965e-17
5.1238,0.0508,0.05,1.731865,groundplane,sky,691.2842,24.697330000000004,0.03572668704609907,0.3259439,1.995831e-17
5.1238,0.0762,0.05,1.615526,groundplane,sky,691.2838,24.697330000000004,0.035726707718728955,0.1632628,9.996962e-18
5.1238,0.1016,0.05,1.499187,groundplane,sky,691.2833,24.697330000000004,0.03572673355954996,0.0005816972,3.561868e-20
5.1238,0.127,0.05,1.382847,groundplane,sky,691.2828,24.697330000000004,0.03572675940040835,-0.1620994,-9.925725e-18
5.1238,0.1524,0.05,1.266508,groundplane,sky,691.2823,24.697330000000004,0.03572678524130412,-0.3247805,-1.988707e-17
5.1238,0.1778,0.05,1.150168,groundplane,sky,691.2818000000001,24.697330000000004,0.035726811082237256,-0.4874616,-2.984841e-17
5.1238,0.2032,0.05,1.033829,groundplane,sky,691.2813,24.697330000000004,0.03572683692320779,-0.6501427,-3.980976e-17
