x,y,z,rearZ,mattype,rearMat,Wm2Front,Wm2Back,Back/FrontRatio,rearX,rearY
1.5238,3.050247e-17,0.05,2.112193,groundplane,sky,323.0563,40.87973,0.12654018342876017,0.5149961,3.153442e-17
1.5238,0.0254,0.05,1.958984,groundplane,sky,323.059,40.87973,0.12653912585897356,0.3864386,2.366254e-17
1.5238,0.0508,0.05,1.805775,groundplane,sky,323.0589,40.87973,0.1265391650279097,0.2578811,1.579066e-17
1.5238,0.0762,0.05,1.652566,groundplane,sky,323.0587,40.87973,0.1265392433658547,0.1293236,7.918785e-18
1.5238,0.1016,0.05,1.499357,groundplane,sky,323.0586,40.87973,0.12653928253486355,0.0007660444,4.690669e-20
1.5238,0.127,0.05,1.346148,groundplane,sky,323.0584,40.87973,0.12653936087295403,-0.1277915,-7.824971e-18
1.5238,0.1524,0.05,1.192939,groundplane,sky,323.0583,40.87973,0.12653940004203565,-0.256349,-1.569685e-17
1.5238,0.1778,0.05,1.039731,groundplane,sky,323.0582,40.87973,0.1265394392111415,-0.3849065,-2.356873e-17
1.5238,0.2032,0.05,0.8865217,groundplane,sky,323.058,40.87973,0.12653951754942597,-0.513464,-3.14406e-17
