x,y,z,rearZ,mattype,rearMat,Wm2Front,Wm2Back,Back/FrontRatio,rearX,rearY
1.5238,3.050247e-17,0.05,2.112193,groundplane,sky,422.6349,43.2328,0.10229325052604381,0.5149961,3.153442e-17
1.5238,0.0254,0.05,1.958984,groundplane,sky,422.63809999999995,43.2328,0.10229247601558873,0.3864386,2.366254e-17
1.5238,0.0508,0.05,1.805775,groundplane,sky,422.6378,43.2328,0.10229254862544565,0.2578811,1.579066e-17
1.5238,0.0762,0.05,1.652566,groundplane,sky,422.6376,43.2328,0.1022925970320742,0.1293236,7.918785e-18
1.5238,0.1016,0.05,1.499357,groundplane,sky,422.6374,43.2328,0.10229264543874858,0.0007660444,4.690669e-20
1.5238,0.127,0.05,1.346148,groundplane,sky,422.6371,43.2328,0.10229271804884606,-0.1277915,-7.824971e-18
1.5238,0.1524,0.05,1.192939,groundplane,sky,422.6369,43.2328,0.10229276645563495,-0.256349,-1.569685e-17
1.5238,0.1778,0.05,1.039731,groundplane,sky,422.6367,43.2328,0.10229281486246967,-0.3849065,-2.356873e-17
1.5238,0.2032,0.05,0.8865217,groundplane,sky,422.6365,43.2328,0.1022928632693502,-0.513464,-3.14406e-17
