x,y,z,rearZ,mattype,rearMat,Wm2Front,Wm2Back,Back/FrontRatio,rearX,rearY
2.7238,3.247255e-17,0.05,0.8865217,groundplane,sky,374.4005,37.57394,0.1003573436538048,0.513464,3.14406e-17
2.7238,0.0254,0.05,1.039731,groundplane,sky,374.3987,37.57394,0.10035782614142053,0.3849065,2.356873e-17
2.7238,0.0508,0.05,1.192939,groundplane,sky,374.3985,37.57394,0.10035787975144198,0.256349,1.569685e-17
2.7238,0.0762,0.05,1.346148,groundplane,sky,374.3983,37.57394,0.10035793336152071,0.1277915,7.824971e-18
2.7238,0.1016,0.05,1.499357,groundplane,sky,374.3981999999999,37.57394,0.10035796016658158,-0.0007660444,-4.690669e-20
2.7238,0.127,0.05,1.652566,groundplane,sky,374.39799999999997,37.57394,0.10035801377674622,-0.1293236,-7.918785e-18
2.7238,0.1524,0.05,1.805775,groundplane,sky,374.3978,37.57394,0.10035806738696812,-0.2578811,-1.579066e-17
2.7238,0.1778,0.05,1.958984,groundplane,sky,374.3977,37.57394,0.10035809419210057,-0.3864386,-2.366254e-17
2.7238,0.2032,0.05,2.112193,groundplane,sky,374.3975,37.57394,0.10035814780240841,-0.5149961,-3.153442e-17
