x,y,z,rearZ,mattype,rearMat,Wm2Front,Wm2Back,Back/FrontRatio,rearX,rearY
1.5238,3.247255e-17,0.05,0.8865217,groundplane,sky,519.1833,32.5931,0.06277751465134827,0.513464,3.14406e-17
1.5238,0.0254,0.05,1.039731,groundplane,sky,519.1818,32.5931,0.0627776960253691,0.3849065,2.356873e-17
1.5238,0.0508,0.05,1.192939,groundplane,sky,519.1815,32.5931,0.06277773230029902,0.256349,1.569685e-17
1.5238,0.0762,0.05,1.346148,groundplane,sky,519.1813,32.5931,0.06277775648360895,0.1277915,7.824971e-18
1.5238,0.1016,0.05,1.499357,groundplane,sky,519.181,32.5931,0.06277779275860873,-0.0007660444,-4.690669e-20
1.5238,0.127,0.05,1.652566,groundplane,sky,519.1808,32.5931,0.06277781694196523,-0.1293236,-7.918785e-18
1.5238,0.1524,0.05,1.805775,groundplane,sky,519.1805,32.5931,0.06277785321703488,-0.2578811,-1.579066e-17
1.5238,0.1778,0.05,1.958984,groundplane,sky,519.1802,32.5931,0.06277788949214648,-0.3864386,-2.366254e-17
1.5238,0.2032,0.05,2.112193,groundplane,sky,519.18,32.5931,0.0627779136755775,-0.5149961,-3.153442e-17
