x,y,z,rearZ,mattype,rearMat,Wm2Front,Wm2Back,Back/FrontRatio,rearX,rearY
0.3238,3.406088e-17,0.05,0.9097852,groundplane,sky,600.142,28.645300000000002,0.04773079082818595,0.540044,3.306816e-17
0.3238,0.0254,0.05,1.05717,groundplane,sky,600.1408,28.645300000000002,0.04773088626721219,0.4048488,2.478984e-17
0.3238,0.0508,0.05,1.204555,groundplane,sky,600.1405,28.645300000000002,0.04773091012702838,0.2696535,1.651152e-17
0.3238,0.0762,0.05,1.351939,groundplane,sky,600.1402,28.645300000000002,0.047730933986868423,0.1344583,8.233197e-18
0.3238,0.1016,0.05,1.499324,groundplane,sky,600.1399,28.645300000000002,0.04773095784673233,-0.0007369235,-4.512355e-20
0.3238,0.127,0.05,1.646709,groundplane,sky,600.1395,28.645300000000002,0.04773098965992131,-0.1359322,-8.323444e-18
0.3238,0.1524,0.05,1.794093,groundplane,sky,600.1392,28.645300000000002,0.047731013519840874,-0.2711274,-1.660176e-17
0.3238,0.1778,0.05,1.941478,groundplane,sky,600.1389,28.645300000000002,0.047731037379784284,-0.4063226,-2.488008e-17
0.3238,0.2032,0.05,2.088863,groundplane,sky,600.1386,28.645300000000002,0.04773106123975156,-0.5415178,-3.31584e-17
