x,y,z,rearZ,mattype,rearMat,Wm2Front,Wm2Back,Back/FrontRatio,rearX,rearY
0.3238,3.247255e-17,0.05,0.8865217,groundplane,sky,561.0129,31.29232,0.055778154516314134,0.513464,3.14406e-17
0.3238,0.0254,0.05,1.039731,groundplane,sky,561.0117,31.29232,0.055778273825173655,0.3849065,2.356873e-17
0.3238,0.0508,0.05,1.192939,groundplane,sky,561.0114,31.29232,0.05577830365246829,0.256349,1.569685e-17
0.3238,0.0762,0.05,1.346148,groundplane,sky,561.0111,31.29232,0.05577833347979482,0.1277915,7.824971e-18
0.3238,0.1016,0.05,1.499357,groundplane,sky,561.0108,31.29232,0.05577836330715325,-0.0007660444,-4.690669e-20
0.3238,0.127,0.05,1.652566,groundplane,sky,561.0105,31.29232,0.055778393134543594,-0.1293236,-7.918785e-18
0.3238,0.1524,0.05,1.805775,groundplane,sky,561.0103,31.29232,0.0557784130194882,-0.2578811,-1.579066e-17
0.3238,0.1778,0.05,1.958984,groundplane,sky,561.0099,31.29232,0.05577845278941996,-0.3864386,-2.366254e-17
0.3238,0.2032,0.05,2.112193,groundplane,sky,561.0097,31.29232,0.05577847267440711,-0.5149961,-3.153442e-17
