x,y,z,rearZ,mattype,rearMat,Wm2Front,Wm2Back,Back/FrontRatio,rearX,rearY
2.7238,3.247255e-17,0.05,0.8865217,groundplane,sky,323.4256,34.80069,0.10759996240259771,0.513464,3.14406e-17
2.7238,0.0254,0.05,1.039731,groundplane,sky,323.4237,34.80069,0.10760059451241666,0.3849065,2.356873e-17
2.7238,0.0508,0.05,1.192939,groundplane,sky,323.4236,34.80069,0.10760062778156022,0.256349,1.569685e-17
2.7238,0.0762,0.05,1.346148,groundplane,sky,323.4235,34.80069,0.10760066105072438,0.1277915,7.824971e-18
2.7238,0.1016,0.05,1.499357,groundplane,sky,323.4234,34.80069,0.10760069431990908,-0.0007660444,-4.690669e-20
2.7238,0.127,0.05,1.652566,groundplane,sky,323.4232,34.80069,0.10760076085834024,-0.1293236,-7.918785e-18
2.7238,0.1524,0.05,1.805775,groundplane,sky,323.4231,34.80069,0.10760079412758668,-0.2578811,-1.579066e-17
2.7238,0.1778,0.05,1.958984,groundplane,sky,323.423,34.80069,0.10760082739685368,-0.3864386,-2.366254e-17
2.7238,0.2032,0.05,2.112193,groundplane,sky,323.4229,34.80069,0.10760086066614126,-0.5149961,-3.153442e-17
