x,y,z,rearZ,mattype,rearMat,Wm2Front,Wm2Back,Back/FrontRatio,rearX,rearY
1.5238,3.638961e-17,0.05,0.9480854,groundplane,sky,638.3359,25.46495,0.039892649163787965,0.5791297,3.546147e-17
1.5238,0.0254,0.05,1.085883,groundplane,sky,638.3349,25.46495,0.03989271165854843,0.434175,2.658555e-17
1.5238,0.0508,0.05,1.22368,groundplane,sky,638.3345,25.46495,0.03989273665650744,0.2892204,1.770964e-17
1.5238,0.0762,0.05,1.361478,groundplane,sky,638.3342,25.46495,0.03989275540499725,0.1442657,8.833726e-18
1.5238,0.1016,0.05,1.499275,groundplane,sky,638.3338,25.46495,0.039892780403011086,-0.0006889873,-4.218831e-20
1.5238,0.127,0.05,1.637073,groundplane,sky,638.3335,25.46495,0.03989279915154203,-0.1456437,-8.918102e-18
1.5238,0.1524,0.05,1.77487,groundplane,sky,638.3331,25.46495,0.03989282414961069,-0.2905983,-1.779402e-17
1.5238,0.1778,0.05,1.912668,groundplane,sky,638.3328,25.46495,0.03989284289818274,-0.435553,-2.666993e-17
1.5238,0.2032,0.05,2.050465,groundplane,sky,638.3324,25.46495,0.03989286789630623,-0.5805077,-3.554584e-17
