x,y,z,rearZ,mattype,rearMat,Wm2Front,Wm2Back,Back/FrontRatio,rearX,rearY
5.1238,4.887465e-17,0.05,1.535849,groundplane,sky,810.1187,16.31776,0.020142406116034458,0.799197,4.89367e-17
5.1238,0.0254,0.05,1.526637,groundplane,sky,810.1191,16.31776,0.020142396170641858,0.5994093,3.670323e-17
5.1238,0.0508,0.05,1.517425,groundplane,sky,810.1185,16.31776,0.02014241108873444,0.3996215,2.446976e-17
5.1238,0.0762,0.05,1.508213,groundplane,sky,810.118,16.31776,0.020142423520495136,0.1998338,1.223629e-17
5.1238,0.1016,0.05,1.499001,groundplane,sky,810.1174,16.31776,0.02014243843862823,4.606039e-05,2.820385e-21
5.1238,0.127,0.05,1.489789,groundplane,sky,810.1169,16.31776,0.020142450870422688,-0.1997417,-1.223065e-17
5.1238,0.1524,0.05,1.480577,groundplane,sky,810.1163,16.31776,0.020142465788596294,-0.3995294,-2.446412e-17
5.1238,0.1778,0.05,1.471365,groundplane,sky,810.1158,16.31776,0.02014247822042451,-0.5993171,-3.669759e-17
5.1238,0.2032,0.05,1.462153,groundplane,sky,810.1151999999998,16.31776,0.020142493138638633,-0.7991049,-4.893106e-17
