x,y,z,rearZ,mattype,rearMat,Wm2Front,Wm2Back,Back/FrontRatio,rearX,rearY
3.9238,3.393934e-17,0.05,2.061607,groundplane,sky,272.9633,31.14798,0.11411008692345484,0.5697352,3.488622e-17
3.9238,0.0254,0.05,1.921028,groundplane,sky,272.967,31.14798,0.11410854019518774,0.4274771,2.617542e-17
3.9238,0.0508,0.05,1.780448,groundplane,sky,272.9669,31.14798,0.11410858199810309,0.285219,1.746463e-17
3.9238,0.0762,0.05,1.639868,groundplane,sky,272.9667,31.14798,0.11410866560402569,0.142961,8.753835e-18
3.9238,0.1016,0.05,1.499289,groundplane,sky,272.9666,31.14798,0.11410870740703292,0.0007028983,4.304011e-20
3.9238,0.127,0.05,1.358709,groundplane,sky,272.9665,31.14798,0.1141087492100708,-0.1415552,-8.667755e-18
3.9238,0.1524,0.05,1.218129,groundplane,sky,272.9664,31.14798,0.1141087910131393,-0.2838132,-1.737855e-17
3.9238,0.1778,0.05,1.07755,groundplane,sky,272.9662,31.14798,0.1141088746193682,-0.4260713,-2.608934e-17
3.9238,0.2032,0.05,0.9369701,groundplane,sky,272.9661,31.14798,0.1141089164225286,-0.5683294,-3.480014e-17
