x,y,z,rearZ,mattype,rearMat,Wm2Front,Wm2Back,Back/FrontRatio,rearX,rearY
1.5238,3.050247e-17,0.05,2.112193,groundplane,sky,512.6442,41.12716,0.08022538785109079,0.5149961,3.153442e-17
1.5238,0.0254,0.05,1.958984,groundplane,sky,512.6472,41.12716,0.08022491837482314,0.3864386,2.366254e-17
1.5238,0.0508,0.05,1.805775,groundplane,sky,512.647,41.12716,0.08022494967307002,0.2578811,1.579066e-17
1.5238,0.0762,0.05,1.652566,groundplane,sky,512.6466,41.12716,0.08022501226963707,0.1293236,7.918785e-18
1.5238,0.1016,0.05,1.499357,groundplane,sky,512.6464,41.12716,0.08022504356795725,0.0007660444,4.690669e-20
1.5238,0.127,0.05,1.346148,groundplane,sky,512.646,41.12716,0.08022510616467084,-0.1277915,-7.824971e-18
1.5238,0.1524,0.05,1.192939,groundplane,sky,512.6458,41.12716,0.08022513746306424,-0.256349,-1.569685e-17
1.5238,0.1778,0.05,1.039731,groundplane,sky,512.6454,41.12716,0.08022520005992435,-0.3849065,-2.356873e-17
1.5238,0.2032,0.05,0.8865217,groundplane,sky,512.6451,41.12716,0.08022524700763355,-0.513464,-3.14406e-17
