x,y,z,rearZ,mattype,rearMat,Wm2Front,Wm2Back,Back/FrontRatio,rearX,rearY
2.7238,4.754225e-17,0.05,1.672448,groundplane,sky,792.3096,18.19047,0.022958761374642724,0.7811931,4.783428e-17
2.7238,0.0254,0.05,1.629092,groundplane,sky,792.3113,18.19047,0.022958712113897516,0.585949,3.587903e-17
2.7238,0.0508,0.05,1.585736,groundplane,sky,792.3107,18.19047,0.022958729500018746,0.3907049,2.392378e-17
2.7238,0.0762,0.05,1.54238,groundplane,sky,792.3101,18.19047,0.022958746886166306,0.1954609,1.196853e-17
2.7238,0.1016,0.05,1.499024,groundplane,sky,792.3096,18.19047,0.022958761374642724,0.0002167804,1.327397e-20
2.7238,0.127,0.05,1.455668,groundplane,sky,792.3089999999999,18.19047,0.02295877876083857,-0.1950273,-1.194198e-17
2.7238,0.1524,0.05,1.412312,groundplane,sky,792.3084,18.19047,0.022958796147060735,-0.3902714,-2.389723e-17
2.7238,0.1778,0.05,1.368956,groundplane,sky,792.3079000000001,18.19047,0.02295881063559932,-0.5855155,-3.585248e-17
2.7238,0.2032,0.05,1.325599,groundplane,sky,792.3073,18.19047,0.02295882802186977,-0.7807595,-4.780773e-17
