x,y,z,rearZ,mattype,rearMat,Wm2Front,Wm2Back,Back/FrontRatio,rearX,rearY
2.7238,4.317267e-17,0.05,1.858936,groundplane,sky,742.4681,21.820759999999996,0.029389452032414543,0.7149586,4.377859e-17
2.7238,0.0254,0.05,1.768979,groundplane,sky,742.4704,21.820759999999996,0.029389360990874525,0.5363314,3.284083e-17
2.7238,0.0508,0.05,1.679022,groundplane,sky,742.4698,21.820759999999996,0.02938938474078711,0.3577042,2.190306e-17
2.7238,0.0762,0.05,1.589064,groundplane,sky,742.4694,21.820759999999996,0.02938940057408349,0.179077,1.09653e-17
2.7238,0.1016,0.05,1.499107,groundplane,sky,742.4688,21.820759999999996,0.029389424324060047,0.0004497867,2.754149e-20
2.7238,0.127,0.05,1.40915,groundplane,sky,742.4683,21.820759999999996,0.029389444115736497,-0.1781774,-1.091022e-17
2.7238,0.1524,0.05,1.319192,groundplane,sky,742.4677,21.820759999999996,0.029389467865783427,-0.3568046,-2.184798e-17
2.7238,0.1778,0.05,1.229235,groundplane,sky,742.4672,21.820759999999996,0.029389487657518525,-0.5354318,-3.278574e-17
2.7238,0.2032,0.05,1.139277,groundplane,sky,742.4666000000001,21.820759999999996,0.029389511407635828,-0.714059,-4.37235e-17
