x,y,z,rearZ,mattype,rearMat,Wm2Front,Wm2Back,Back/FrontRatio,rearX,rearY
2.7238,4.142183e-17,0.05,1.054133,groundplane,sky,219.6994,13.474560000000002,0.06133152238229881,0.6642313,4.067244e-17
2.7238,0.0254,0.05,1.165392,groundplane,sky,219.6975,13.474560000000002,0.06133205279052885,0.4980344,3.049581e-17
2.7238,0.0508,0.05,1.276651,groundplane,sky,219.6974,13.474560000000002,0.06133208070700562,0.3318375,2.031919e-17
2.7238,0.0762,0.05,1.38791,groundplane,sky,219.6974,13.474560000000002,0.06133208070700562,0.1656406,1.014256e-17
2.7238,0.1016,0.05,1.499169,groundplane,sky,219.6973,13.474560000000002,0.06133210862350779,-0.0005562956,-3.406328e-20
2.7238,0.127,0.05,1.610428,groundplane,sky,219.6973,13.474560000000002,0.06133210862350779,-0.1667532,-1.021069e-17
2.7238,0.1524,0.05,1.721687,groundplane,sky,219.69719999999998,13.474560000000002,0.06133213654003539,-0.3329501,-2.038731e-17
2.7238,0.1778,0.05,1.832946,groundplane,sky,219.6971,13.474560000000002,0.06133216445658839,-0.499147,-3.056394e-17
2.7238,0.2032,0.05,1.944206,groundplane,sky,219.6971,13.474560000000002,0.06133216445658839,-0.6653439,-4.074056e-17
