x,y,z,rearZ,mattype,rearMat,Wm2Front,Wm2Back,Back/FrontRatio,rearX,rearY
0.3238,4.875307e-17,0.05,1.397495,groundplane,sky,809.9047,15.78897,0.019494825138284617,0.7934064,4.858213e-17
0.3238,0.0254,0.05,1.422873,groundplane,sky,809.9050000000001,15.78897,0.019494817917141,0.5950231,3.643465e-17
0.3238,0.0508,0.05,1.448251,groundplane,sky,809.9045,15.78897,0.019494829952383337,0.3966398,2.428718e-17
0.3238,0.0762,0.05,1.47363,groundplane,sky,809.904,15.78897,0.019494841987640527,0.1982564,1.213971e-17
0.3238,0.1016,0.05,1.499008,groundplane,sky,809.9034,15.78897,0.019494856429968774,-0.0001268915,-7.769863e-21
0.3238,0.127,0.05,1.524386,groundplane,sky,809.9029999999999,15.78897,0.019494866058199493,-0.1985102,-1.215524e-17
0.3238,0.1524,0.05,1.549765,groundplane,sky,809.9025,15.78897,0.019494878093501262,-0.3968935,-2.430272e-17
0.3238,0.1778,0.05,1.575143,groundplane,sky,809.9019,15.78897,0.019494892535883008,-0.5952769,-3.645019e-17
0.3238,0.2032,0.05,1.600521,groundplane,sky,809.9014000000001,15.78897,0.01949490457121747,-0.7936602,-4.859767e-17
