x,y,z,rearZ,mattype,rearMat,Wm2Front,Wm2Back,Back/FrontRatio,rearX,rearY
1.5238,3.197816e-17,0.05,2.091596,groundplane,sky,596.1079,32.6211,0.05472339030670403,0.5385304,3.297548e-17
1.5238,0.0254,0.05,1.943529,groundplane,sky,596.1102,32.6211,0.05472317916522958,0.4040829,2.474294e-17
1.5238,0.0508,0.05,1.795462,groundplane,sky,596.1099,32.6211,0.05472320670532949,0.2696354,1.651041e-17
1.5238,0.0762,0.05,1.647395,groundplane,sky,596.1095,32.6211,0.05472324342550584,0.1351879,8.277869e-18
1.5238,0.1016,0.05,1.499328,groundplane,sky,596.1091,32.6211,0.05472328014573147,0.0007403355,4.533247e-20
1.5238,0.127,0.05,1.351261,groundplane,sky,596.1088,32.6211,0.05472330768593303,-0.1337072,-8.187204e-18
1.5238,0.1524,0.05,1.203194,groundplane,sky,596.1084,32.6211,0.0547233444062449,-0.2681547,-1.641974e-17
1.5238,0.1778,0.05,1.055126,groundplane,sky,596.108,32.6211,0.05472338112660605,-0.4026022,-2.465228e-17
1.5238,0.2032,0.05,0.9070594,groundplane,sky,596.1077,32.6211,0.05472340866690924,-0.5370497,-3.288481e-17
