x,y,z,rearZ,mattype,rearMat,Wm2Front,Wm2Back,Back/FrontRatio,rearX,rearY
0.3238,3.050247e-17,0.05,2.112193,groundplane,sky,422.5172,43.2328,0.10232174614016627,0.5149961,3.153442e-17
0.3238,0.0254,0.05,1.958984,groundplane,sky,422.5211,43.2328,0.10232080168114284,0.3864386,2.366254e-17
0.3238,0.0508,0.05,1.805775,groundplane,sky,422.5208,43.2328,0.10232087433121793,0.2578811,1.579066e-17
0.3238,0.0762,0.05,1.652566,groundplane,sky,422.5206,43.2328,0.10232092276465866,0.1293236,7.918785e-18
0.3238,0.1016,0.05,1.499357,groundplane,sky,422.52040000000005,43.2328,0.10232097119814522,0.0007660444,4.690669e-20
0.3238,0.127,0.05,1.346148,groundplane,sky,422.5201,43.2328,0.10232104384846105,-0.1277915,-7.824971e-18
0.3238,0.1524,0.05,1.192939,groundplane,sky,422.5199,43.2328,0.10232109228206226,-0.256349,-1.569685e-17
0.3238,0.1778,0.05,1.039731,groundplane,sky,422.5197,43.2328,0.10232114071570932,-0.3849065,-2.356873e-17
0.3238,0.2032,0.05,0.8865217,groundplane,sky,422.51950000000005,43.2328,0.1023211891494022,-0.513464,-3.14406e-17
