x,y,z,rearZ,mattype,rearMat,Wm2Front,Wm2Back,Back/FrontRatio,rearX,rearY
2.7238,3.050247e-17,0.05,2.112193,groundplane,sky,512.608,41.12716,0.08023105329793274,0.5149961,3.153442e-17
2.7238,0.0254,0.05,1.958984,groundplane,sky,512.6113,41.12716,0.08023053680139942,0.3864386,2.366254e-17
2.7238,0.0508,0.05,1.805775,groundplane,sky,512.611,41.12716,0.08023058375535494,0.2578811,1.579066e-17
2.7238,0.0762,0.05,1.652566,groundplane,sky,512.6107,41.12716,0.08023063070936541,0.1293236,7.918785e-18
2.7238,0.1016,0.05,1.499357,groundplane,sky,512.6104,41.12716,0.08023067766343082,0.0007660444,4.690669e-20
2.7238,0.127,0.05,1.346148,groundplane,sky,512.6101,41.12716,0.08023072461755121,-0.1277915,-7.824971e-18
2.7238,0.1524,0.05,1.192939,groundplane,sky,512.6098,41.12716,0.08023077157172656,-0.256349,-1.569685e-17
2.7238,0.1778,0.05,1.039731,groundplane,sky,512.6095,41.12716,0.08023081852595684,-0.3849065,-2.356873e-17
2.7238,0.2032,0.05,0.8865217,groundplane,sky,512.6092,41.12716,0.08023086548024211,-0.513464,-3.14406e-17
