x,y,z,rearZ,mattype,rearMat,Wm2Front,Wm2Back,Back/FrontRatio,rearX,rearY
1.5238,3.682322e-17,0.05,2.011105,groundplane,sky,664.5401,26.884740000000004,0.040456098200698204,0.6154454,3.768516e-17
1.5238,0.0254,0.05,1.883136,groundplane,sky,664.5423,26.884740000000004,0.040455964268994976,0.461744,2.827367e-17
1.5238,0.0508,0.05,1.755168,groundplane,sky,664.5419,26.884740000000004,0.04045598862014778,0.3080426,1.886217e-17
1.5238,0.0762,0.05,1.6272,groundplane,sky,664.5414,26.884740000000004,0.04045601905913002,0.1543412,9.450674e-18
1.5238,0.1016,0.05,1.499231,groundplane,sky,664.541,26.884740000000004,0.04045604341034879,0.0006398415,3.917899e-20
1.5238,0.127,0.05,1.371263,groundplane,sky,664.5405,26.884740000000004,0.04045607384941348,-0.1530615,-9.372316e-18
1.5238,0.1524,0.05,1.243295,groundplane,sky,664.5401,26.884740000000004,0.040456098200698204,-0.3067629,-1.878381e-17
1.5238,0.1778,0.05,1.115327,groundplane,sky,664.5397,26.884740000000004,0.040456122552012246,-0.4604643,-2.819531e-17
1.5238,0.2032,0.05,0.9873583,groundplane,sky,664.5392,26.884740000000004,0.04045615299119602,-0.6141657,-3.76068e-17
