x,y,z,rearZ,mattype,rearMat,Wm2Front,Wm2Back,Back/FrontRatio,rearX,rearY
2.7238,3.197816e-17,0.05,2.091596,groundplane,sky,596.0761,32.6211,0.05472630973409312,0.5385304,3.297548e-17
2.7238,0.0254,0.05,1.943529,groundplane,sky,596.079,32.6211,0.0547260434840961,0.4040829,2.474294e-17
2.7238,0.0508,0.05,1.795462,groundplane,sky,596.0786,32.6211,0.054726080208079585,0.2696354,1.651041e-17
2.7238,0.0762,0.05,1.647395,groundplane,sky,596.0782,32.6211,0.05472611693211237,0.1351879,8.277869e-18
2.7238,0.1016,0.05,1.499328,groundplane,sky,596.0779,32.6211,0.05472614447516931,0.0007403355,4.533247e-20
2.7238,0.127,0.05,1.351261,groundplane,sky,596.0775,32.6211,0.05472618119928835,-0.1337072,-8.187204e-18
2.7238,0.1524,0.05,1.203194,groundplane,sky,596.0771,32.6211,0.05472621792345668,-0.2681547,-1.641974e-17
2.7238,0.1778,0.05,1.055126,groundplane,sky,596.0768,32.6211,0.05472624546661526,-0.4026022,-2.465228e-17
2.7238,0.2032,0.05,0.9070594,groundplane,sky,596.0764,32.6211,0.05472628219086984,-0.5370497,-3.288481e-17
