x,y,z,rearZ,mattype,rearMat,Wm2Front,Wm2Back,Back/FrontRatio,rearX,rearY
3.9238,4.856847e-17,0.05,1.584433,groundplane,sky,20.96309,1.595459,0.0761043765791885,0.7955325,4.871232e-17
3.9238,0.0254,0.05,1.563077,groundplane,sky,20.96399,1.595459,0.07610110951638899,0.5966761,3.653587e-17
3.9238,0.0508,0.05,1.54172,groundplane,sky,20.96399,1.595459,0.07610110951638899,0.3978197,2.435943e-17
3.9238,0.0762,0.05,1.520363,groundplane,sky,20.96398,1.595459,0.07610114581554572,0.1989632,1.218298e-17
3.9238,0.1016,0.05,1.499006,groundplane,sky,20.96397,1.595459,0.0761011821147371,0.0001067847,6.538676e-21
3.9238,0.127,0.05,1.477649,groundplane,sky,20.96396,1.595459,0.0761012184139631,-0.1987496,-1.216991e-17
3.9238,0.1524,0.05,1.456292,groundplane,sky,20.96395,1.595459,0.07610125471322372,-0.3976061,-2.434635e-17
3.9238,0.1778,0.05,1.434935,groundplane,sky,20.96395,1.595459,0.07610125471322372,-0.5964625,-3.65228e-17
3.9238,0.2032,0.05,1.413578,groundplane,sky,20.96394,1.595459,0.07610129101251899,-0.7953189,-4.869924e-17
