x,y,z,rearZ,mattype,rearMat,Wm2Front,Wm2Back,Back/FrontRatio,rearX,rearY
0.3238,4.814972e-17,0.05,1.329826,groundplane,sky,800.8819,16.13217,0.020142982201268124,0.7816917,4.786481e-17
0.3238,0.0254,0.05,1.372125,groundplane,sky,800.8821000000002,16.13217,0.020142977171075275,0.5862159,3.589537e-17
0.3238,0.0508,0.05,1.414424,groundplane,sky,800.8816,16.13217,0.020142989746562104,0.3907401,2.392593e-17
0.3238,0.0762,0.05,1.456724,groundplane,sky,800.8811,16.13217,0.020143002322064632,0.1952643,1.195649e-17
0.3238,0.1016,0.05,1.499023,groundplane,sky,800.8806,16.13217,0.020143014897582863,-0.0002114954,-1.295036e-20
0.3238,0.127,0.05,1.541322,groundplane,sky,800.8801,16.13217,0.020143027473116797,-0.1956873,-1.198239e-17
0.3238,0.1524,0.05,1.583621,groundplane,sky,800.8795,16.13217,0.02014304256377824,-0.3911631,-2.395183e-17
0.3238,0.1778,0.05,1.62592,groundplane,sky,800.879,16.13217,0.020143055139346718,-0.5866389,-3.592127e-17
0.3238,0.2032,0.05,1.668219,groundplane,sky,800.8785000000001,16.13217,0.020143067714930893,-0.7821147,-4.789071e-17
