x,y,z,rearZ,mattype,rearMat,Wm2Front,Wm2Back,Back/FrontRatio,rearX,rearY
3.9238,4.490303e-17,0.05,1.800053,groundplane,sky,757.1571,20.84987,0.027537009773784364,0.7415991,4.540985e-17
3.9238,0.0254,0.05,1.724808,groundplane,sky,757.1592999999999,20.84987,0.027536929762429437,0.5562934,3.406315e-17
3.9238,0.0508,0.05,1.649563,groundplane,sky,757.1587,20.84987,0.027536951583661942,0.3709877,2.271644e-17
3.9238,0.0762,0.05,1.574318,groundplane,sky,757.1581,20.84987,0.02753697340492903,0.185682,1.136974e-17
3.9238,0.1016,0.05,1.499073,groundplane,sky,757.1576,20.84987,0.027536991589344688,0.0003762243,2.303709e-20
3.9238,0.127,0.05,1.423829,groundplane,sky,757.157,20.84987,0.02753701341067518,-0.1849295,-1.132367e-17
3.9238,0.1524,0.05,1.348584,groundplane,sky,757.1564,20.84987,0.02753703523204026,-0.3702352,-2.267037e-17
3.9238,0.1778,0.05,1.273339,groundplane,sky,757.1559000000001,20.84987,0.027537053416537574,-0.555541,-3.401707e-17
3.9238,0.2032,0.05,1.198094,groundplane,sky,757.1553,20.84987,0.027537075237966058,-0.7408467,-4.536378e-17
