x,y,z,rearZ,mattype,rearMat,Wm2Front,Wm2Back,Back/FrontRatio,rearX,rearY
5.1238,3.050247e-17,0.05,2.112193,groundplane,sky,512.7631,41.12716,0.08020678514740015,0.5149961,3.153442e-17
5.1238,0.0254,0.05,1.958984,groundplane,sky,512.7654,41.12716,0.08020642538200631,0.3864386,2.366254e-17
5.1238,0.0508,0.05,1.805775,groundplane,sky,512.7651,41.12716,0.08020647230774423,0.2578811,1.579066e-17
5.1238,0.0762,0.05,1.652566,groundplane,sky,512.7648,41.12716,0.08020651923353703,0.1293236,7.918785e-18
5.1238,0.1016,0.05,1.499357,groundplane,sky,512.7645,41.12716,0.08020656615938476,0.0007660444,4.690669e-20
5.1238,0.127,0.05,1.346148,groundplane,sky,512.7642,41.12716,0.0802066130852874,-0.1277915,-7.824971e-18
5.1238,0.1524,0.05,1.192939,groundplane,sky,512.7639,41.12716,0.08020666001124492,-0.256349,-1.569685e-17
5.1238,0.1778,0.05,1.039731,groundplane,sky,512.7636,41.12716,0.08020670693725739,-0.3849065,-2.356873e-17
5.1238,0.2032,0.05,0.8865217,groundplane,sky,512.7633,41.12716,0.08020675386332475,-0.513464,-3.14406e-17
