x,y,z,rearZ,mattype,rearMat,Wm2Front,Wm2Back,Back/FrontRatio,rearX,rearY
2.7238,3.050247e-17,0.05,2.112193,groundplane,sky,422.6084,43.2328,0.10229966489150501,0.5149961,3.153442e-17
2.7238,0.0254,0.05,1.958984,groundplane,sky,422.61179999999996,43.2328,0.10229884187132998,0.3864386,2.366254e-17
2.7238,0.0508,0.05,1.805775,groundplane,sky,422.6116,43.2328,0.10229889028391487,0.2578811,1.579066e-17
2.7238,0.0762,0.05,1.652566,groundplane,sky,422.6114,43.2328,0.10229893869654558,0.1293236,7.918785e-18
2.7238,0.1016,0.05,1.499357,groundplane,sky,422.6111,43.2328,0.10229901131557756,0.0007660444,4.690669e-20
2.7238,0.127,0.05,1.346148,groundplane,sky,422.61089999999996,43.2328,0.10229905972832286,-0.1277915,-7.824971e-18
2.7238,0.1524,0.05,1.192939,groundplane,sky,422.6107,43.2328,0.10229910814111393,-0.256349,-1.569685e-17
2.7238,0.1778,0.05,1.039731,groundplane,sky,422.6105,43.2328,0.10229915655395085,-0.3849065,-2.356873e-17
2.7238,0.2032,0.05,0.8865217,groundplane,sky,422.6103,43.2328,0.10229920496683359,-0.513464,-3.14406e-17
