x,y,z,rearZ,mattype,rearMat,Wm2Front,Wm2Back,Back/FrontRatio,rearX,rearY
0.3238,4.688989e-17,0.05,1.246664,groundplane,sky,114.2597,5.657877,0.04951726184068538,0.7588294,4.64649e-17
0.3238,0.0254,0.05,1.309761,groundplane,sky,114.2581,5.657877,0.049517955243827405,0.5690432,3.484384e-17
0.3238,0.0508,0.05,1.372858,groundplane,sky,114.2581,5.657877,0.049517955243827405,0.379257,2.322279e-17
0.3238,0.0762,0.05,1.435954,groundplane,sky,114.258,5.657877,0.049517998582168585,0.1894707,1.160174e-17
0.3238,0.1016,0.05,1.499051,groundplane,sky,114.258,5.657877,0.049517998582168585,-0.0003154834,-1.931779e-20
0.3238,0.127,0.05,1.562148,groundplane,sky,114.258,5.657877,0.049517998582168585,-0.1901017,-1.164037e-17
0.3238,0.1524,0.05,1.625244,groundplane,sky,114.258,5.657877,0.049517998582168585,-0.3798879,-2.326143e-17
0.3238,0.1778,0.05,1.688341,groundplane,sky,114.2579,5.657877,0.04951804192058561,-0.5696741,-3.488248e-17
0.3238,0.2032,0.05,1.751438,groundplane,sky,114.2579,5.657877,0.04951804192058561,-0.7594604,-4.650353e-17
