x,y,z,rearZ,mattype,rearMat,Wm2Front,Wm2Back,Back/FrontRatio,rearX,rearY
0.3238,4.770146e-17,0.05,1.661661,groundplane,sky,67.11816,6.250449,0.09312466067811336,0.7834965,4.797532e-17
0.3238,0.0254,0.05,1.621001,groundplane,sky,67.11989,6.250449,0.09312226044678489,0.5876732,3.598461e-17
0.3238,0.0508,0.05,1.580341,groundplane,sky,67.11987,6.250449,0.09312228819441701,0.3918499,2.399389e-17
0.3238,0.0762,0.05,1.539681,groundplane,sky,67.11984,6.250449,0.09312232981589622,0.1960266,1.200317e-17
0.3238,0.1016,0.05,1.499021,groundplane,sky,67.11983,6.250449,0.0931223436897309,0.0002033,1.244853e-20
0.3238,0.127,0.05,1.458361,groundplane,sky,67.1198,6.250449,0.09312238531125969,-0.19562,-1.197827e-17
0.3238,0.1524,0.05,1.417701,groundplane,sky,67.11977,6.250449,0.0931224269328257,-0.3914433,-2.396899e-17
0.3238,0.1778,0.05,1.377041,groundplane,sky,67.11975,6.250449,0.09312245468055705,-0.5872666,-3.595971e-17
0.3238,0.2032,0.05,1.336381,groundplane,sky,67.11973,6.250449,0.09312248242830493,-0.7830899,-4.795043e-17
