x,y,z,rearZ,mattype,rearMat,Wm2Front,Wm2Back,Back/FrontRatio,rearX,rearY
3.9238,3.909738e-17,0.05,1.964544,groundplane,sky,691.7143,24.697330000000004,0.03570447263491209,0.6513061,3.988099e-17
3.9238,0.0254,0.05,1.848205,groundplane,sky,691.7169,24.697330000000004,0.03570433843044976,0.488625,2.991965e-17
3.9238,0.0508,0.05,1.731865,groundplane,sky,691.7163999999999,24.697330000000004,0.035704364238921864,0.3259439,1.995831e-17
3.9238,0.0762,0.05,1.615526,groundplane,sky,691.7159,24.697330000000004,0.03570439004743126,0.1632628,9.996962e-18
3.9238,0.1016,0.05,1.499187,groundplane,sky,691.7154999999999,24.697330000000004,0.03570441069426566,0.0005816972,3.561868e-20
3.9238,0.127,0.05,1.382847,groundplane,sky,691.715,24.697330000000004,0.03570443650284221,-0.1620994,-9.925725e-18
3.9238,0.1524,0.05,1.266508,groundplane,sky,691.7145,24.697330000000004,0.03570446231145609,-0.3247805,-1.988707e-17
3.9238,0.1778,0.05,1.150168,groundplane,sky,691.714,24.697330000000004,0.03570448812010728,-0.4874616,-2.984841e-17
3.9238,0.2032,0.05,1.033829,groundplane,sky,691.7136,24.697330000000004,0.03570450876705509,-0.6501427,-3.980976e-17
