x,y,z,rearZ,mattype,rearMat,Wm2Front,Wm2Back,Back/FrontRatio,rearX,rearY
2.7238,4.887465e-17,0.05,1.535849,groundplane,sky,810.0628,16.31776,0.020143796081246935,0.799197,4.89367e-17
2.7238,0.0254,0.05,1.526637,groundplane,sky,810.0641,16.31776,0.020143763754295795,0.5994093,3.670323e-17
2.7238,0.0508,0.05,1.517425,groundplane,sky,810.0634999999999,16.31776,0.020143778674414203,0.3996215,2.446976e-17
2.7238,0.0762,0.05,1.508213,groundplane,sky,810.063,16.31776,0.020143791107863084,0.1998338,1.223629e-17
2.7238,0.1016,0.05,1.499001,groundplane,sky,810.0624000000001,16.31776,0.020143806028022,4.606039e-05,2.820385e-21
2.7238,0.127,0.05,1.489789,groundplane,sky,810.0619,16.31776,0.020143818461504655,-0.1997417,-1.223065e-17
2.7238,0.1524,0.05,1.480577,groundplane,sky,810.0613,16.31776,0.0201438333817041,-0.3995294,-2.446412e-17
2.7238,0.1778,0.05,1.471365,groundplane,sky,810.0607999999999,16.31776,0.02014384581522052,-0.5993171,-3.669759e-17
2.7238,0.2032,0.05,1.462153,groundplane,sky,810.0602,16.31776,0.02014386073546048,-0.7991049,-4.893106e-17
