x,y,z,rearZ,mattype,rearMat,Wm2Front,Wm2Back,Back/FrontRatio,rearX,rearY
0.3238,4.490303e-17,0.05,1.800053,groundplane,sky,757.2166000000001,20.84987,0.02753484599407092,0.7415991,4.540985e-17
0.3238,0.0254,0.05,1.724808,groundplane,sky,757.2192,20.84987,0.027534751450106587,0.5562934,3.406315e-17
0.3238,0.0508,0.05,1.649563,groundplane,sky,757.2186,20.84987,0.027534773267886885,0.3709877,2.271644e-17
0.3238,0.0762,0.05,1.574318,groundplane,sky,757.2181,20.84987,0.027534791449396877,0.185682,1.136974e-17
0.3238,0.1016,0.05,1.499073,groundplane,sky,757.2175000000001,20.84987,0.02753481326724056,0.0003762243,2.303709e-20
0.3238,0.127,0.05,1.423829,groundplane,sky,757.2169,20.84987,0.027534835085118826,-0.1849295,-1.132367e-17
0.3238,0.1524,0.05,1.348584,groundplane,sky,757.2163,20.84987,0.027534856903031663,-0.3702352,-2.267037e-17
0.3238,0.1778,0.05,1.273339,groundplane,sky,757.2157000000001,20.84987,0.027534878720979077,-0.555541,-3.401707e-17
0.3238,0.2032,0.05,1.198094,groundplane,sky,757.2151,20.84987,0.02753490053896107,-0.7408467,-4.536378e-17
