x,y,z,rearZ,mattype,rearMat,Wm2Front,Wm2Back,Back/FrontRatio,rearX,rearY
2.7238,3.247255e-17,0.05,0.8865217,groundplane,sky,472.67,34.77867,0.07357902219514208,0.513464,3.14406e-17
2.7238,0.0254,0.05,1.039731,groundplane,sky,472.6685,34.77867,0.07357925569557587,0.3849065,2.356873e-17
2.7238,0.0508,0.05,1.192939,groundplane,sky,472.6683,34.77867,0.07357928682907902,0.256349,1.569685e-17
2.7238,0.0762,0.05,1.346148,groundplane,sky,472.66810000000004,34.77867,0.07357931796260851,0.1277915,7.824971e-18
2.7238,0.1016,0.05,1.499357,groundplane,sky,472.6679,34.77867,0.07357934909616436,-0.0007660444,-4.690669e-20
2.7238,0.127,0.05,1.652566,groundplane,sky,472.6677,34.77867,0.07357938022974654,-0.1293236,-7.918785e-18
2.7238,0.1524,0.05,1.805775,groundplane,sky,472.6674,34.77867,0.07357942693016922,-0.2578811,-1.579066e-17
2.7238,0.1778,0.05,1.958984,groundplane,sky,472.66720000000004,34.77867,0.07357945806381727,-0.3864386,-2.366254e-17
2.7238,0.2032,0.05,2.112193,groundplane,sky,472.667,34.77867,0.07357948919749169,-0.5149961,-3.153442e-17
