x,y,z,rearZ,mattype,rearMat,Wm2Front,Wm2Back,Back/FrontRatio,rearX,rearY
3.9238,3.050247e-17,0.05,2.112193,groundplane,sky,422.2638,43.2328,0.10238314915190658,0.5149961,3.153442e-17
3.9238,0.0254,0.05,1.958984,groundplane,sky,422.2675,43.2328,0.10238225205053184,0.3864386,2.366254e-17
3.9238,0.0508,0.05,1.805775,groundplane,sky,422.2673,43.2328,0.10238230054209611,0.2578811,1.579066e-17
3.9238,0.0762,0.05,1.652566,groundplane,sky,422.267,43.2328,0.10238237327952864,0.1293236,7.918785e-18
3.9238,0.1016,0.05,1.499357,groundplane,sky,422.26680000000005,43.2328,0.10238242177120774,0.0007660444,4.690669e-20
3.9238,0.127,0.05,1.346148,groundplane,sky,422.2666,43.2328,0.1023824702629328,-0.1277915,-7.824971e-18
3.9238,0.1524,0.05,1.192939,groundplane,sky,422.2664,43.2328,0.10238251875470378,-0.256349,-1.569685e-17
3.9238,0.1778,0.05,1.039731,groundplane,sky,422.2661,43.2328,0.10238259149244637,-0.3849065,-2.356873e-17
3.9238,0.2032,0.05,0.8865217,groundplane,sky,422.26590000000004,43.2328,0.10238263998433217,-0.513464,-3.14406e-17
