x,y,z,rearZ,mattype,rearMat,Wm2Front,Wm2Back,Back/FrontRatio,rearX,rearY
1.5238,4.754225e-17,0.05,1.672448,groundplane,sky,792.5804000000002,18.19047,0.02295091709192267,0.7811931,4.783428e-17
1.5238,0.0254,0.05,1.629092,groundplane,sky,792.5816,18.19047,0.02295088234336712,0.585949,3.587903e-17
1.5238,0.0508,0.05,1.585736,groundplane,sky,792.581,18.19047,0.022950899717631743,0.3907049,2.392378e-17
1.5238,0.0762,0.05,1.54238,groundplane,sky,792.5804000000002,18.19047,0.02295091709192267,0.1954609,1.196853e-17
1.5238,0.1016,0.05,1.499024,groundplane,sky,792.5799000000001,18.19047,0.022950931570518543,0.0002167804,1.327397e-20
1.5238,0.127,0.05,1.455668,groundplane,sky,792.5793,18.19047,0.022950948944857705,-0.1950273,-1.194198e-17
1.5238,0.1524,0.05,1.412312,groundplane,sky,792.5787,18.19047,0.022950966319223165,-0.3902714,-2.389723e-17
1.5238,0.1778,0.05,1.368956,groundplane,sky,792.5781000000001,18.19047,0.022950983693614934,-0.5855155,-3.585248e-17
1.5238,0.2032,0.05,1.325599,groundplane,sky,792.5776,18.19047,0.02295099817229484,-0.7807595,-4.780773e-17
