x,y,z,rearZ,mattype,rearMat,Wm2Front,Wm2Back,Back/FrontRatio,rearX,rearY
3.9238,3.638961e-17,0.05,0.9480854,groundplane,sky,638.268,25.46495,0.0398968930027935,0.5791297,3.546147e-17
3.9238,0.0254,0.05,1.085883,groundplane,sky,638.2673,25.46495,0.039896936758413354,0.434175,2.658555e-17
3.9238,0.0508,0.05,1.22368,groundplane,sky,638.267,25.46495,0.03989695551085124,0.2892204,1.770964e-17
3.9238,0.0762,0.05,1.361478,groundplane,sky,638.2667,25.46495,0.03989697426330676,0.1442657,8.833726e-18
3.9238,0.1016,0.05,1.499275,groundplane,sky,638.2663,25.46495,0.03989699926660821,-0.0006889873,-4.218831e-20
3.9238,0.127,0.05,1.637073,groundplane,sky,638.2659,25.46495,0.039897024269940996,-0.1456437,-8.918102e-18
3.9238,0.1524,0.05,1.77487,groundplane,sky,638.2656,25.46495,0.03989704302246115,-0.2905983,-1.779402e-17
3.9238,0.1778,0.05,1.912668,groundplane,sky,638.2653,25.46495,0.03989706177499893,-0.435553,-2.666993e-17
3.9238,0.2032,0.05,2.050465,groundplane,sky,638.2649,25.46495,0.03989708677841007,-0.5805077,-3.554584e-17
