x,y,z,rearZ,mattype,rearMat,Wm2Front,Wm2Back,Back/FrontRatio,rearX,rearY
3.9238,4.814972e-17,0.05,1.329826,groundplane,sky,801.2307999999999,16.13217,0.02013421084884549,0.7816917,4.786481e-17
3.9238,0.0254,0.05,1.372125,groundplane,sky,801.2314,16.13217,0.020134195771414135,0.5862159,3.589537e-17
3.9238,0.0508,0.05,1.414424,groundplane,sky,801.2307999999999,16.13217,0.02013421084884549,0.3907401,2.392593e-17
3.9238,0.0762,0.05,1.456724,groundplane,sky,801.2303,16.13217,0.020134223413388865,0.1952643,1.195649e-17
3.9238,0.1016,0.05,1.499023,groundplane,sky,801.2298999999999,16.13217,0.020134233465034863,-0.0002114954,-1.295036e-20
3.9238,0.127,0.05,1.541322,groundplane,sky,801.2294,16.13217,0.02013424602960646,-0.1956873,-1.198239e-17
3.9238,0.1524,0.05,1.583621,groundplane,sky,801.2289,16.13217,0.020134258594193752,-0.3911631,-2.395183e-17
3.9238,0.1778,0.05,1.62592,groundplane,sky,801.2283000000001,16.13217,0.020134273671719192,-0.5866389,-3.592127e-17
3.9238,0.2032,0.05,1.668219,groundplane,sky,801.2278,16.13217,0.02013428623634098,-0.7821147,-4.789071e-17
