x,y,z,rearZ,mattype,rearMat,Wm2Front,Wm2Back,Back/FrontRatio,rearX,rearY
1.5238,3.488743e-17,0.05,0.922769,groundplane,sky,271.7516,26.05893,0.0958921092199302,0.5539002,3.39166e-17
1.5238,0.0254,0.05,1.066903,groundplane,sky,271.7502,26.05893,0.09589260323413476,0.415245,2.542642e-17
1.5238,0.0508,0.05,1.211038,groundplane,sky,271.75,26.05893,0.09589267380800807,0.2765898,1.693624e-17
1.5238,0.0762,0.05,1.355172,groundplane,sky,271.7499,26.05893,0.09589270909498368,0.1379345,8.446055e-18
1.5238,0.1016,0.05,1.499307,groundplane,sky,271.7498,26.05893,0.09589274438198526,-0.0007206721,-4.412844e-20
1.5238,0.127,0.05,1.643441,groundplane,sky,271.7498,26.05893,0.09589274438198526,-0.1393759,-8.534311e-18
1.5238,0.1524,0.05,1.787576,groundplane,sky,271.7496,26.05893,0.09589281495606634,-0.2780311,-1.702449e-17
1.5238,0.1778,0.05,1.93171,groundplane,sky,271.7495,26.05893,0.09589285024314582,-0.4166863,-2.551468e-17
1.5238,0.2032,0.05,2.075844,groundplane,sky,271.7495,26.05893,0.09589285024314582,-0.5553415,-3.400486e-17
