x,y,z,rearZ,mattype,rearMat,Wm2Front,Wm2Back,Back/FrontRatio,rearX,rearY
3.9238,4.887465e-17,0.05,1.535849,groundplane,sky,810.265,16.31776,0.020138769243680472,0.799197,4.89367e-17
3.9238,0.0254,0.05,1.526637,groundplane,sky,810.2662,16.31776,0.020138739418305466,0.5994093,3.670323e-17
3.9238,0.0508,0.05,1.517425,groundplane,sky,810.2656000000001,16.31776,0.020138754330981924,0.3996215,2.446976e-17
3.9238,0.0762,0.05,1.508213,groundplane,sky,810.2651,16.31776,0.02013876675822918,0.1998338,1.223629e-17
3.9238,0.1016,0.05,1.499001,groundplane,sky,810.2646,16.31776,0.02013877918549177,4.606039e-05,2.820385e-21
3.9238,0.127,0.05,1.489789,groundplane,sky,810.264,16.31776,0.020138794098227122,-0.1997417,-1.223065e-17
3.9238,0.1524,0.05,1.480577,groundplane,sky,810.2635,16.31776,0.020138806525523457,-0.3995294,-2.446412e-17
3.9238,0.1778,0.05,1.471365,groundplane,sky,810.2629000000001,16.31776,0.020138821438299297,-0.5993171,-3.669759e-17
3.9238,0.2032,0.05,1.462153,groundplane,sky,810.2624,16.31776,0.020138833865629376,-0.7991049,-4.893106e-17
