x,y,z,rearZ,mattype,rearMat,Wm2Front,Wm2Back,Back/FrontRatio,rearX,rearY
2.7238,3.050247e-17,0.05,2.112193,groundplane,sky,469.09190000000007,42.93028,0.09151765034175532,0.5149961,3.153442e-17
2.7238,0.0254,0.05,1.958984,groundplane,sky,469.0954,42.93028,0.09151696751456631,0.3864386,2.366254e-17
2.7238,0.0508,0.05,1.805775,groundplane,sky,469.0951,42.93028,0.09151702604221183,0.2578811,1.579066e-17
2.7238,0.0762,0.05,1.652566,groundplane,sky,469.0948,42.93028,0.09151708456993221,0.1293236,7.918785e-18
2.7238,0.1016,0.05,1.499357,groundplane,sky,469.09460000000007,42.93028,0.09151712358845404,0.0007660444,4.690669e-20
2.7238,0.127,0.05,1.346148,groundplane,sky,469.0943,42.93028,0.0915171821162992,-0.1277915,-7.824971e-18
2.7238,0.1524,0.05,1.192939,groundplane,sky,469.0941,42.93028,0.09151722113490421,-0.256349,-1.569685e-17
2.7238,0.1778,0.05,1.039731,groundplane,sky,469.09379999999993,42.93028,0.09151727966287414,-0.3849065,-2.356873e-17
2.7238,0.2032,0.05,0.8865217,groundplane,sky,469.0935,42.93028,0.0915173381909189,-0.513464,-3.14406e-17
