x,y,z,rearZ,mattype,rearMat,Wm2Front,Wm2Back,Back/FrontRatio,rearX,rearY
3.9238,3.406088e-17,0.05,0.9097852,groundplane,sky,600.248,28.645300000000002,0.04772236188648378,0.540044,3.306816e-17
3.9238,0.0254,0.05,1.05717,groundplane,sky,600.2471,28.645300000000002,0.04772243344043905,0.4048488,2.478984e-17
3.9238,0.0508,0.05,1.204555,groundplane,sky,600.2468,28.645300000000002,0.04772245729180516,0.2696535,1.651152e-17
3.9238,0.0762,0.05,1.351939,groundplane,sky,600.2465,28.645300000000002,0.047722481143195106,0.1344583,8.233197e-18
3.9238,0.1016,0.05,1.499324,groundplane,sky,600.2462,28.645300000000002,0.04772250499460889,-0.0007369235,-4.512355e-20
3.9238,0.127,0.05,1.646709,groundplane,sky,600.2458,28.645300000000002,0.04772253679653103,-0.1359322,-8.323444e-18
3.9238,0.1524,0.05,1.794093,groundplane,sky,600.2455,28.645300000000002,0.047722560648000456,-0.2711274,-1.660176e-17
3.9238,0.1778,0.05,1.941478,groundplane,sky,600.2452,28.645300000000002,0.047722584499493716,-0.4063226,-2.488008e-17
3.9238,0.2032,0.05,2.088863,groundplane,sky,600.2449,28.645300000000002,0.04772260835101082,-0.5415178,-3.31584e-17
