x,y,z,rearZ,mattype,rearMat,Wm2Front,Wm2Back,Back/FrontRatio,rearX,rearY
1.5238,4.490303e-17,0.05,1.800053,groundplane,sky,757.1847000000001,20.84987,0.02753600602864,0.7415991,4.540985e-17
1.5238,0.0254,0.05,1.724808,groundplane,sky,757.1863,20.84987,0.027535947842759645,0.5562934,3.406315e-17
1.5238,0.0508,0.05,1.649563,groundplane,sky,757.1857,20.84987,0.02753596966243596,0.3709877,2.271644e-17
1.5238,0.0762,0.05,1.574318,groundplane,sky,757.1851,20.84987,0.027535991482146856,0.185682,1.136974e-17
1.5238,0.1016,0.05,1.499073,groundplane,sky,757.1846,20.84987,0.027536009665265686,0.0003762243,2.303709e-20
1.5238,0.127,0.05,1.423829,groundplane,sky,757.1839999999999,20.84987,0.02753603148503999,-0.1849295,-1.132367e-17
1.5238,0.1524,0.05,1.348584,groundplane,sky,757.1834,20.84987,0.02753605330484886,-0.3702352,-2.267037e-17
1.5238,0.1778,0.05,1.273339,groundplane,sky,757.1829000000001,20.84987,0.027536071488049332,-0.555541,-3.401707e-17
1.5238,0.2032,0.05,1.198094,groundplane,sky,757.1823,20.84987,0.027536093307921606,-0.7408467,-4.536378e-17
