x,y,z,rearZ,mattype,rearMat,Wm2Front,Wm2Back,Back/FrontRatio,rearX,rearY
2.7238,4.875307e-17,0.05,1.397495,groundplane,sky,809.7516,15.78897,0.01949851102670124,0.7934064,4.858213e-17
2.7238,0.0254,0.05,1.422873,groundplane,sky,809.7521,15.78897,0.01949849898691342,0.5950231,3.643465e-17
2.7238,0.0508,0.05,1.448251,groundplane,sky,809.7516,15.78897,0.01949851102670124,0.3966398,2.428718e-17
2.7238,0.0762,0.05,1.47363,groundplane,sky,809.7511,15.78897,0.019498523066503938,0.1982564,1.213971e-17
2.7238,0.1016,0.05,1.499008,groundplane,sky,809.7506,15.78897,0.019498535106321498,-0.0001268915,-7.769863e-21
2.7238,0.127,0.05,1.524386,groundplane,sky,809.7500999999999,15.78897,0.019498547146153927,-0.1985102,-1.215524e-17
2.7238,0.1524,0.05,1.549765,groundplane,sky,809.7496,15.78897,0.019498559186001223,-0.3968935,-2.430272e-17
2.7238,0.1778,0.05,1.575143,groundplane,sky,809.7490000000001,15.78897,0.019498573633837602,-0.5952769,-3.645019e-17
2.7238,0.2032,0.05,1.600521,groundplane,sky,809.7485,15.78897,0.019498585673717612,-0.7936602,-4.859767e-17
