x,y,z,rearZ,mattype,rearMat,Wm2Front,Wm2Back,Back/FrontRatio,rearX,rearY
2.7238,3.682322e-17,0.05,2.011105,groundplane,sky,664.2721,26.884740000000004,0.04047242015369884,0.6154454,3.768516e-17
2.7238,0.0254,0.05,1.883136,groundplane,sky,664.2747,26.884740000000004,0.04047226174312865,0.461744,2.827367e-17
2.7238,0.0508,0.05,1.755168,groundplane,sky,664.2743,26.884740000000004,0.04047228611390489,0.3080426,1.886217e-17
2.7238,0.0762,0.05,1.6272,groundplane,sky,664.2738,26.884740000000004,0.040472316577416456,0.1543412,9.450674e-18
2.7238,0.1016,0.05,1.499231,groundplane,sky,664.2734,26.884740000000004,0.04047234094825874,0.0006398415,3.917899e-20
2.7238,0.127,0.05,1.371263,groundplane,sky,664.2729,26.884740000000004,0.04047237141185286,-0.1530615,-9.372316e-18
2.7238,0.1524,0.05,1.243295,groundplane,sky,664.2725,26.884740000000004,0.04047239578276117,-0.3067629,-1.878381e-17
2.7238,0.1778,0.05,1.115327,groundplane,sky,664.272,26.884740000000004,0.04047242624643784,-0.4604643,-2.819531e-17
2.7238,0.2032,0.05,0.9873583,groundplane,sky,664.2716,26.884740000000004,0.0404724506174122,-0.6141657,-3.76068e-17
