x,y,z,rearZ,mattype,rearMat,Wm2Front,Wm2Back,Back/FrontRatio,rearX,rearY
1.5238,4.40082e-17,0.05,1.831988,groundplane,sky,170.88019999999997,12.33451,0.0721817847721107,0.7278631,4.456876e-17
1.5238,0.0254,0.05,1.748764,groundplane,sky,170.8824,12.33451,0.07218085548391476,0.5460014,3.343294e-17
1.5238,0.0508,0.05,1.66554,groundplane,sky,170.8824,12.33451,0.07218085548391476,0.3641396,2.229712e-17
1.5238,0.0762,0.05,1.582315,groundplane,sky,170.8823,12.33451,0.0721808977237682,0.1822779,1.11613e-17
1.5238,0.1016,0.05,1.499091,groundplane,sky,170.8823,12.33451,0.0721808977237682,0.0004161221,2.548013e-20
1.5238,0.127,0.05,1.415866,groundplane,sky,170.8822,12.33451,0.07218093996367109,-0.1814456,-1.111034e-17
1.5238,0.1524,0.05,1.332642,groundplane,sky,170.8821,12.33451,0.0721809822036234,-0.3633074,-2.224616e-17
1.5238,0.1778,0.05,1.249417,groundplane,sky,170.8821,12.33451,0.0721809822036234,-0.5451691,-3.338198e-17
1.5238,0.2032,0.05,1.166193,groundplane,sky,170.88199999999998,12.33451,0.07218102444362517,-0.7270309,-4.45178e-17
