x,y,z,rearZ,mattype,rearMat,Wm2Front,Wm2Back,Back/FrontRatio,rearX,rearY
2.7238,4.838549e-17,0.05,1.604814,groundplane,sky,803.2466,17.11739,0.021310228626889145,0.7931047,4.856366e-17
2.7238,0.0254,0.05,1.578363,groundplane,sky,803.248,17.11739,0.021310191484832226,0.5948616,3.642477e-17
2.7238,0.0508,0.05,1.551911,groundplane,sky,803.2475,17.11739,0.02131020474983769,0.3966185,2.428588e-17
2.7238,0.0762,0.05,1.52546,groundplane,sky,803.2469,17.11739,0.02131022066786605,0.1983754,1.214699e-17
2.7238,0.1016,0.05,1.499009,groundplane,sky,803.2464,17.11739,0.021310233932907846,0.0001322564,8.098368e-21
2.7238,0.127,0.05,1.472558,groundplane,sky,803.2458,17.11739,0.0213102498509798,-0.1981109,-1.213079e-17
2.7238,0.1524,0.05,1.446106,groundplane,sky,803.2452,17.11739,0.021310265769075534,-0.396354,-2.426968e-17
2.7238,0.1778,0.05,1.419655,groundplane,sky,803.2446999999999,17.11739,0.021310279034173485,-0.5945971,-3.640857e-17
2.7238,0.2032,0.05,1.393204,groundplane,sky,803.2441,17.11739,0.021310294952312812,-0.7928402,-4.854746e-17
