x,y,z,rearZ,mattype,rearMat,Wm2Front,Wm2Back,Back/FrontRatio,rearX,rearY
0.3238,3.197816e-17,0.05,2.091596,groundplane,sky,596.0004,32.6211,0.05473326069368293,0.5385304,3.297548e-17
0.3238,0.0254,0.05,1.943529,groundplane,sky,596.0038,32.6211,0.054732948459475496,0.4040829,2.474294e-17
0.3238,0.0508,0.05,1.795462,groundplane,sky,596.0034,32.6211,0.054732985192726756,0.2696354,1.651041e-17
0.3238,0.0762,0.05,1.647395,groundplane,sky,596.0031,32.6211,0.054733012742697575,0.1351879,8.277869e-18
0.3238,0.1016,0.05,1.499328,groundplane,sky,596.0027,32.6211,0.054733049476035134,0.0007403355,4.533247e-20
0.3238,0.127,0.05,1.351261,groundplane,sky,596.0023,32.6211,0.054733086209421994,-0.1337072,-8.187204e-18
0.3238,0.1524,0.05,1.203194,groundplane,sky,596.0019,32.6211,0.05473312294285817,-0.2681547,-1.641974e-17
0.3238,0.1778,0.05,1.055126,groundplane,sky,596.0015,32.6211,0.054733159676343644,-0.4026022,-2.465228e-17
0.3238,0.2032,0.05,0.9070594,groundplane,sky,596.0012,32.6211,0.0547331872264901,-0.5370497,-3.288481e-17
