x,y,z,rearZ,mattype,rearMat,Wm2Front,Wm2Back,Back/FrontRatio,rearX,rearY
0.3238,3.488743e-17,0.05,0.922769,groundplane,sky,271.6988,26.05893,0.09591074413746349,0.5539002,3.39166e-17
0.3238,0.0254,0.05,1.066903,groundplane,sky,271.6968,26.05893,0.09591145014792171,0.415245,2.542642e-17
0.3238,0.0508,0.05,1.211038,groundplane,sky,271.6967,26.05893,0.09591148544871746,0.2765898,1.693624e-17
0.3238,0.0762,0.05,1.355172,groundplane,sky,271.6967,26.05893,0.09591148544871746,0.1379345,8.446055e-18
0.3238,0.1016,0.05,1.499307,groundplane,sky,271.6966,26.05893,0.09591152074953921,-0.0007206721,-4.412844e-20
0.3238,0.127,0.05,1.643441,groundplane,sky,271.6965,26.05893,0.09591155605038693,-0.1393759,-8.534311e-18
0.3238,0.1524,0.05,1.787576,groundplane,sky,271.6964,26.05893,0.09591159135126065,-0.2780311,-1.702449e-17
0.3238,0.1778,0.05,1.93171,groundplane,sky,271.6963,26.05893,0.09591162665216034,-0.4166863,-2.551468e-17
0.3238,0.2032,0.05,2.075844,groundplane,sky,271.6962,26.05893,0.09591166195308602,-0.5553415,-3.400486e-17
