x,y,z,rearZ,mattype,rearMat,Wm2Front,Wm2Back,Back/FrontRatio,rearX,rearY
5.1238,3.247255e-17,0.05,0.8865217,groundplane,sky,519.2304,32.5931,0.06277182004015935,0.513464,3.14406e-17
5.1238,0.0254,0.05,1.039731,groundplane,sky,519.2295,32.5931,0.06277192884470384,0.3849065,2.356873e-17
5.1238,0.0508,0.05,1.192939,groundplane,sky,519.2292,32.5931,0.06277196511296916,0.256349,1.569685e-17
5.1238,0.0762,0.05,1.346148,groundplane,sky,519.2289,32.5931,0.0627720013812764,0.1277915,7.824971e-18
5.1238,0.1016,0.05,1.499357,groundplane,sky,519.2287,32.5931,0.06277202556017115,-0.0007660444,-4.690669e-20
5.1238,0.127,0.05,1.652566,groundplane,sky,519.2285,32.5931,0.06277204973908454,-0.1293236,-7.918785e-18
5.1238,0.1524,0.05,1.805775,groundplane,sky,519.2282,32.5931,0.06277208600748957,-0.2578811,-1.579066e-17
5.1238,0.1778,0.05,1.958984,groundplane,sky,519.228,32.5931,0.06277211018644953,-0.3864386,-2.366254e-17
5.1238,0.2032,0.05,2.112193,groundplane,sky,519.2277,32.5931,0.06277214645492439,-0.5149961,-3.153442e-17
