x,y,z,rearZ,mattype,rearMat,Wm2Front,Wm2Back,Back/FrontRatio,rearX,rearY
5.1238,3.197816e-17,0.05,2.091596,groundplane,sky,595.8554,32.6211,0.05474657988065581,0.5385304,3.297548e-17
5.1238,0.0254,0.05,1.943529,groundplane,sky,595.857,32.6211,0.05474643287494672,0.4040829,2.474294e-17
5.1238,0.0508,0.05,1.795462,groundplane,sky,595.8566,32.6211,0.054746469626299976,0.2696354,1.651041e-17
5.1238,0.0762,0.05,1.647395,groundplane,sky,595.8563,32.6211,0.054746497189847296,0.1351879,8.277869e-18
5.1238,0.1016,0.05,1.499328,groundplane,sky,595.8559,32.6211,0.05474653394128691,0.0007403355,4.533247e-20
5.1238,0.127,0.05,1.351261,groundplane,sky,595.8555,32.6211,0.05474657069277586,-0.1337072,-8.187204e-18
5.1238,0.1524,0.05,1.203194,groundplane,sky,595.8552,32.6211,0.05474659825642496,-0.2681547,-1.641974e-17
5.1238,0.1778,0.05,1.055126,groundplane,sky,595.8548,32.6211,0.05474663500800026,-0.4026022,-2.465228e-17
5.1238,0.2032,0.05,0.9070594,groundplane,sky,595.8544,32.6211,0.054746671759624894,-0.5370497,-3.288481e-17
