x,y,z,rearZ,mattype,rearMat,Wm2Front,Wm2Back,Back/FrontRatio,rearX,rearY
1.5238,4.813376e-17,0.05,1.328462,groundplane,sky,66.69949,3.737194,0.05602948344157592,0.7813935,4.784655e-17
1.5238,0.0254,0.05,1.371102,groundplane,sky,66.6986,3.737194,0.05603023106585347,0.5859918,3.588165e-17
1.5238,0.0508,0.05,1.413743,groundplane,sky,66.69858,3.737194,0.05603024786662824,0.3905902,2.391675e-17
1.5238,0.0762,0.05,1.456383,groundplane,sky,66.69856,3.737194,0.05603026466741309,0.1951885,1.195185e-17
1.5238,0.1016,0.05,1.499023,groundplane,sky,66.69854,3.737194,0.05603028146820803,-0.0002132009,-1.305479e-20
1.5238,0.127,0.05,1.541663,groundplane,sky,66.69852,3.737194,0.056030298269013026,-0.1956149,-1.197796e-17
1.5238,0.1524,0.05,1.584303,groundplane,sky,66.6985,3.737194,0.05603031506982811,-0.3910166,-2.394286e-17
1.5238,0.1778,0.05,1.626944,groundplane,sky,66.69849,3.737194,0.05603032347023942,-0.5864182,-3.590776e-17
1.5238,0.2032,0.05,1.669584,groundplane,sky,66.69846,3.737194,0.0560303486714885,-0.7818199,-4.787266e-17
