x,y,z,rearZ,mattype,rearMat,Wm2Front,Wm2Back,Back/FrontRatio,rearX,rearY
1.5238,3.247255e-17,0.05,0.8865217,groundplane,sky,374.41990000000004,37.57394,0.1003521438039383,0.513464,3.14406e-17
1.5238,0.0254,0.05,1.039731,groundplane,sky,374.4177,37.57394,0.10035273345054614,0.3849065,2.356873e-17
1.5238,0.0508,0.05,1.192939,groundplane,sky,374.4175,37.57394,0.10035278705512682,0.256349,1.569685e-17
1.5238,0.0762,0.05,1.346148,groundplane,sky,374.4174,37.57394,0.10035281385743865,0.1277915,7.824971e-18
1.5238,0.1016,0.05,1.499357,groundplane,sky,374.41720000000004,37.57394,0.1003528674621052,-0.0007660444,-4.690669e-20
1.5238,0.127,0.05,1.652566,groundplane,sky,374.41709999999995,37.57394,0.10035289426446,-0.1293236,-7.918785e-18
1.5238,0.1524,0.05,1.805775,groundplane,sky,374.4169,37.57394,0.10035294786921246,-0.2578811,-1.579066e-17
1.5238,0.1778,0.05,1.958984,groundplane,sky,374.4167,37.57394,0.10035300147402221,-0.3864386,-2.366254e-17
1.5238,0.2032,0.05,2.112193,groundplane,sky,374.4166,37.57394,0.10035302827644854,-0.5149961,-3.153442e-17
