x,y,z,rearZ,mattype,rearMat,Wm2Front,Wm2Back,Back/FrontRatio,rearX,rearY
0.3238,4.838549e-17,0.05,1.604814,groundplane,sky,803.3556,17.11739,0.021307337239776212,0.7931047,4.856366e-17
0.3238,0.0254,0.05,1.578363,groundplane,sky,803.3575999999999,17.11739,0.021307284194131988,0.5948616,3.642477e-17
0.3238,0.0508,0.05,1.551911,groundplane,sky,803.357,17.11739,0.021307300107797522,0.3966185,2.428588e-17
0.3238,0.0762,0.05,1.52546,groundplane,sky,803.3564,17.11739,0.021307316021486826,0.1983754,1.214699e-17
0.3238,0.1016,0.05,1.499009,groundplane,sky,803.3557999999999,17.11739,0.021307331935199902,0.0001322564,8.098368e-21
0.3238,0.127,0.05,1.472558,groundplane,sky,803.3553,17.11739,0.021307345196645622,-0.1981109,-1.213079e-17
0.3238,0.1524,0.05,1.446106,groundplane,sky,803.3547,17.11739,0.02130736111040228,-0.396354,-2.426968e-17
0.3238,0.1778,0.05,1.419655,groundplane,sky,803.3541,17.11739,0.021307377024182707,-0.5945971,-3.640857e-17
0.3238,0.2032,0.05,1.393204,groundplane,sky,803.3536,17.11739,0.021307390285684555,-0.7928402,-4.854746e-17
