x,y,z,rearZ,mattype,rearMat,Wm2Front,Wm2Back,Back/FrontRatio,rearX,rearY
0.3238,4.880213e-17,0.05,1.405809,groundplane,sky,26.70302,1.985657,0.07435798055873236,0.7944363,4.864519e-17
0.3238,0.0254,0.05,1.429108,groundplane,sky,26.70232,1.985657,0.07435992977652217,0.5957981,3.648211e-17
0.3238,0.0508,0.05,1.452408,groundplane,sky,26.70232,1.985657,0.07435992977652217,0.3971599,2.431903e-17
0.3238,0.0762,0.05,1.475707,groundplane,sky,26.70231,1.985657,0.07435995762323097,0.1985217,1.215595e-17
0.3238,0.1016,0.05,1.499007,groundplane,sky,26.70231,1.985657,0.07435995762323097,-0.0001164974,-7.133408e-21
0.3238,0.127,0.05,1.522306,groundplane,sky,26.70231,1.985657,0.07435995762323097,-0.1987547,-1.217022e-17
0.3238,0.1524,0.05,1.545606,groundplane,sky,26.702299999999997,1.985657,0.07435998546996064,-0.3973929,-2.43333e-17
0.3238,0.1778,0.05,1.568905,groundplane,sky,26.702299999999997,1.985657,0.07435998546996064,-0.5960311,-3.649638e-17
0.3238,0.2032,0.05,1.592205,groundplane,sky,26.702299999999997,1.985657,0.07435998546996064,-0.7946693,-4.865946e-17
