x,y,z,rearZ,mattype,rearMat,Wm2Front,Wm2Back,Back/FrontRatio,rearX,rearY
2.7238,4.856847e-17,0.05,1.584433,groundplane,sky,20.98387,1.595459,0.07602901519046817,0.7955325,4.871232e-17
2.7238,0.0254,0.05,1.563077,groundplane,sky,20.98468,1.595459,0.07602608064165658,0.5966761,3.653587e-17
2.7238,0.0508,0.05,1.54172,groundplane,sky,20.98467,1.595459,0.07602611686927316,0.3978197,2.435943e-17
2.7238,0.0762,0.05,1.520363,groundplane,sky,20.98466,1.595459,0.07602615309692427,0.1989632,1.218298e-17
2.7238,0.1016,0.05,1.499006,groundplane,sky,20.98465,1.595459,0.07602618932460992,0.0001067847,6.538676e-21
2.7238,0.127,0.05,1.477649,groundplane,sky,20.98465,1.595459,0.07602618932460992,-0.1987496,-1.216991e-17
2.7238,0.1524,0.05,1.456292,groundplane,sky,20.98464,1.595459,0.07602622555233007,-0.3976061,-2.434635e-17
2.7238,0.1778,0.05,1.434935,groundplane,sky,20.98463,1.595459,0.07602626178008474,-0.5964625,-3.65228e-17
2.7238,0.2032,0.05,1.413578,groundplane,sky,20.98462,1.595459,0.07602629800787396,-0.7953189,-4.869924e-17
