x,y,z,rearZ,mattype,rearMat,Wm2Front,Wm2Back,Back/FrontRatio,rearX,rearY
3.9238,4.073178e-17,0.05,1.037125,groundplane,sky,702.7419999999998,20.47437,0.029134932685206408,0.6524938,3.995372e-17
3.9238,0.0254,0.05,1.15264,groundplane,sky,702.7417,20.47437,0.029134945122873564,0.489226,2.995645e-17
3.9238,0.0508,0.05,1.268155,groundplane,sky,702.7413,20.47437,0.029134961706446305,0.3259581,1.995918e-17
3.9238,0.0762,0.05,1.383669,groundplane,sky,702.7409000000001,20.47437,0.029134978290037916,0.1626903,9.961906e-18
3.9238,0.1016,0.05,1.499184,groundplane,sky,702.7405,20.47437,0.02913499487364842,-0.0005775727,-3.536613e-20
3.9238,0.127,0.05,1.614698,groundplane,sky,702.7401,20.47437,0.029135011457277798,-0.1638454,-1.003264e-17
3.9238,0.1524,0.05,1.730213,groundplane,sky,702.7397,20.47437,0.02913502804092605,-0.3271133,-2.002991e-17
3.9238,0.1778,0.05,1.845727,groundplane,sky,702.7392999999998,20.47437,0.02913504462459319,-0.4903811,-3.002718e-17
3.9238,0.2032,0.05,1.961242,groundplane,sky,702.7389,20.47437,0.029135061208279196,-0.653649,-4.002446e-17
