x,y,z,rearZ,mattype,rearMat,Wm2Front,Wm2Back,Back/FrontRatio,rearX,rearY
3.9238,3.444172e-17,0.05,2.053396,groundplane,sky,633.4717,29.302399999999995,0.046256768444796426,0.5777141,3.537479e-17
3.9238,0.0254,0.05,1.914867,groundplane,sky,633.4745,29.302399999999995,0.04625656398708394,0.4334588,2.654169e-17
3.9238,0.0508,0.05,1.776337,groundplane,sky,633.4742,29.302399999999995,0.046256585893180976,0.2892034,1.77086e-17
3.9238,0.0762,0.05,1.637808,groundplane,sky,633.4738,29.302399999999995,0.04625661510134262,0.144948,8.875506e-18
3.9238,0.1016,0.05,1.499279,groundplane,sky,633.4734,29.302399999999995,0.046256644309541156,0.0006926469,4.241239e-20
3.9238,0.127,0.05,1.360749,groundplane,sky,633.473,29.302399999999995,0.04625667351777658,-0.1435627,-8.790681e-18
3.9238,0.1524,0.05,1.22222,groundplane,sky,633.4726,29.302399999999995,0.04625670272604887,-0.2878181,-1.762378e-17
3.9238,0.1778,0.05,1.083691,groundplane,sky,633.4722,29.302399999999995,0.046256731934358065,-0.4320735,-2.645687e-17
3.9238,0.2032,0.05,0.9451612,groundplane,sky,633.4718,29.302399999999995,0.04625676114270415,-0.5763288,-3.528996e-17
