x,y,z,rearZ,mattype,rearMat,Wm2Front,Wm2Back,Back/FrontRatio,rearX,rearY
3.9238,3.682322e-17,0.05,2.011105,groundplane,sky,664.7903,26.884740000000004,0.040440872195529644,0.6154454,3.768516e-17
3.9238,0.0254,0.05,1.883136,groundplane,sky,664.7931,26.884740000000004,0.04044070186543473,0.461744,2.827367e-17
3.9238,0.0508,0.05,1.755168,groundplane,sky,664.7927,26.884740000000004,0.04044072619821759,0.3080426,1.886217e-17
3.9238,0.0762,0.05,1.6272,groundplane,sky,664.7922,26.884740000000004,0.040440756614237336,0.1543412,9.450674e-18
3.9238,0.1016,0.05,1.499231,groundplane,sky,664.7917,26.884740000000004,0.040440787030302836,0.0006398415,3.917899e-20
3.9238,0.127,0.05,1.371263,groundplane,sky,664.7913,26.884740000000004,0.04044081136318818,-0.1530615,-9.372316e-18
3.9238,0.1524,0.05,1.243295,groundplane,sky,664.7909,26.884740000000004,0.04044083569610281,-0.3067629,-1.878381e-17
3.9238,0.1778,0.05,1.115327,groundplane,sky,664.7905,26.884740000000004,0.04044086002904671,-0.4604643,-2.819531e-17
3.9238,0.2032,0.05,0.9873583,groundplane,sky,664.79,26.884740000000004,0.040440890445267774,-0.6141657,-3.76068e-17
