x,y,z,rearZ,mattype,rearMat,Wm2Front,Wm2Back,Back/FrontRatio,rearX,rearY
5.1238,4.875307e-17,0.05,1.397495,groundplane,sky,809.9128999999999,15.78897,0.019494627762284365,0.7934064,4.858213e-17
5.1238,0.0254,0.05,1.422873,groundplane,sky,809.9131000000001,15.78897,0.019494622948285502,0.5950231,3.643465e-17
5.1238,0.0508,0.05,1.448251,groundplane,sky,809.9125,15.78897,0.01949463739028921,0.3966398,2.428718e-17
5.1238,0.0762,0.05,1.47363,groundplane,sky,809.9119999999999,15.78897,0.01949464942530865,0.1982564,1.213971e-17
5.1238,0.1016,0.05,1.499008,groundplane,sky,809.9115,15.78897,0.019494661460342937,-0.0001268915,-7.769863e-21
5.1238,0.127,0.05,1.524386,groundplane,sky,809.911,15.78897,0.019494673495392096,-0.1985102,-1.215524e-17
5.1238,0.1524,0.05,1.549765,groundplane,sky,809.9105,15.78897,0.019494685530456107,-0.3968935,-2.430272e-17
5.1238,0.1778,0.05,1.575143,groundplane,sky,809.9099,15.78897,0.01949469997255254,-0.5952769,-3.645019e-17
5.1238,0.2032,0.05,1.600521,groundplane,sky,809.9094,15.78897,0.019494712007649243,-0.7936602,-4.859767e-17
