x,y,z,rearZ,mattype,rearMat,Wm2Front,Wm2Back,Back/FrontRatio,rearX,rearY
3.9238,3.050247e-17,0.05,2.112193,groundplane,sky,512.3622,41.12716,0.08026954316781534,0.5149961,3.153442e-17
3.9238,0.0254,0.05,1.958984,groundplane,sky,512.3658,41.12716,0.08026897917663674,0.3864386,2.366254e-17
3.9238,0.0508,0.05,1.805775,groundplane,sky,512.3655,41.12716,0.08026902617559892,0.2578811,1.579066e-17
3.9238,0.0762,0.05,1.652566,groundplane,sky,512.3652,41.12716,0.08026907317461614,0.1293236,7.918785e-18
3.9238,0.1016,0.05,1.499357,groundplane,sky,512.3649,41.12716,0.08026912017368838,0.0007660444,4.690669e-20
3.9238,0.127,0.05,1.346148,groundplane,sky,512.3646,41.12716,0.08026916717281567,-0.1277915,-7.824971e-18
3.9238,0.1524,0.05,1.192939,groundplane,sky,512.3643,41.12716,0.080269214171998,-0.256349,-1.569685e-17
3.9238,0.1778,0.05,1.039731,groundplane,sky,512.364,41.12716,0.08026926117123535,-0.3849065,-2.356873e-17
3.9238,0.2032,0.05,0.8865217,groundplane,sky,512.3637,41.12716,0.08026930817052776,-0.513464,-3.14406e-17
