x,y,z,rearZ,mattype,rearMat,Wm2Front,Wm2Back,Back/FrontRatio,rearX,rearY
0.3238,4.899765e-17,0.05,1.466477,groundplane,sky,814.4149000000001,15.772619999999998,0.01936678790283932,0.7992979,4.894288e-17
0.3238,0.0254,0.05,1.474608,groundplane,sky,814.4154,15.772619999999998,0.01936677601286025,0.5994633,3.670654e-17
0.3238,0.0508,0.05,1.482739,groundplane,sky,814.4149000000001,15.772619999999998,0.01936678790283932,0.3996286,2.44702e-17
0.3238,0.0762,0.05,1.49087,groundplane,sky,814.4144,15.772619999999998,0.01936679979283299,0.199794,1.223385e-17
0.3238,0.1016,0.05,1.499001,groundplane,sky,814.4137999999999,15.772619999999998,0.01936681406084467,-4.065496e-05,-2.489399e-21
0.3238,0.127,0.05,1.507132,groundplane,sky,814.4133,15.772619999999998,0.019366825950870456,-0.1998753,-1.223883e-17
0.3238,0.1524,0.05,1.515263,groundplane,sky,814.4128,15.772619999999998,0.01936683784091085,-0.39971,-2.447518e-17
0.3238,0.1778,0.05,1.523394,groundplane,sky,814.4123,15.772619999999998,0.01936684973096584,-0.5995446,-3.671152e-17
0.3238,0.2032,0.05,1.531525,groundplane,sky,814.4117,15.772619999999998,0.019366863999051093,-0.7993793,-4.894786e-17
