x,y,z,rearZ,mattype,rearMat,Wm2Front,Wm2Back,Back/FrontRatio,rearX,rearY
3.9238,4.875307e-17,0.05,1.397495,groundplane,sky,810.3756,15.78897,0.019483496932167096,0.7934064,4.858213e-17
3.9238,0.0254,0.05,1.422873,groundplane,sky,810.3764,15.78897,0.019483477698168782,0.5950231,3.643465e-17
3.9238,0.0508,0.05,1.448251,groundplane,sky,810.3759,15.78897,0.01948348971941328,0.3966398,2.428718e-17
3.9238,0.0762,0.05,1.47363,groundplane,sky,810.3754,15.78897,0.019483501740672607,0.1982564,1.213971e-17
3.9238,0.1016,0.05,1.499008,groundplane,sky,810.3748,15.78897,0.019483516166203384,-0.0001268915,-7.769863e-21
3.9238,0.127,0.05,1.524386,groundplane,sky,810.3743,15.78897,0.019483528187495353,-0.1985102,-1.215524e-17
3.9238,0.1524,0.05,1.549765,groundplane,sky,810.3738,15.78897,0.019483540208802153,-0.3968935,-2.430272e-17
3.9238,0.1778,0.05,1.575143,groundplane,sky,810.3732999999999,15.78897,0.01948355223012379,-0.5952769,-3.645019e-17
3.9238,0.2032,0.05,1.600521,groundplane,sky,810.3728,15.78897,0.019483564251460254,-0.7936602,-4.859767e-17
