x,y,z,rearZ,mattype,rearMat,Wm2Front,Wm2Back,Back/FrontRatio,rearX,rearY
0.3238,4.596319e-17,0.05,1.202107,groundplane,sky,772.9838,17.46115,0.02258925401896648,0.7424693,4.546313e-17
0.3238,0.0254,0.05,1.276348,groundplane,sky,772.9836,17.46115,0.022589259863650582,0.5567592,3.409167e-17
0.3238,0.0508,0.05,1.350589,groundplane,sky,772.9831,17.46115,0.022589274475374073,0.371049,2.27202e-17
0.3238,0.0762,0.05,1.42483,groundplane,sky,772.9825999999999,17.46115,0.02258928908711647,0.1853389,1.134874e-17
0.3238,0.1016,0.05,1.499071,groundplane,sky,772.9820999999998,17.46115,0.02258930369887777,-0.0003712058,-2.27298e-20
0.3238,0.127,0.05,1.573313,groundplane,sky,772.9816,17.46115,0.022589318310657965,-0.1860813,-1.13942e-17
0.3238,0.1524,0.05,1.647554,groundplane,sky,772.9811999999998,17.46115,0.022589330000095737,-0.3717915,-2.276566e-17
0.3238,0.1778,0.05,1.721795,groundplane,sky,772.9807,17.46115,0.02258934461190996,-0.5575016,-3.413713e-17
0.3238,0.2032,0.05,1.796036,groundplane,sky,772.9802,17.46115,0.02258935922374309,-0.7432117,-4.550859e-17
