x,y,z,rearZ,mattype,rearMat,Wm2Front,Wm2Back,Back/FrontRatio,rearX,rearY
2.7238,4.12254e-17,0.05,1.913805,groundplane,sky,714.5514,23.377439999999996,0.032716201079165085,0.684665,4.192364e-17
2.7238,0.0254,0.05,1.81014,groundplane,sky,714.5539,23.377439999999996,0.03271608661559804,0.5136284,3.145067e-17
2.7238,0.0508,0.05,1.706475,groundplane,sky,714.5533,23.377439999999996,0.03271611408678108,0.3425917,2.097769e-17
2.7238,0.0762,0.05,1.60281,groundplane,sky,714.5529,23.377439999999996,0.032716132400928744,0.171555,1.050471e-17
2.7238,0.1016,0.05,1.499145,groundplane,sky,714.5523,23.377439999999996,0.03271615987218868,0.0005183256,3.173829e-20
2.7238,0.127,0.05,1.39548,groundplane,sky,714.5517999999998,23.377439999999996,0.03271618276494054,-0.1705184,-1.044124e-17
2.7238,0.1524,0.05,1.291815,groundplane,sky,714.5513,23.377439999999996,0.03271620565772442,-0.341555,-2.091421e-17
2.7238,0.1778,0.05,1.188149,groundplane,sky,714.5508,23.377439999999996,0.03271622855054035,-0.5125917,-3.138719e-17
2.7238,0.2032,0.05,1.084484,groundplane,sky,714.5502,23.377439999999996,0.03271625602196175,-0.6836284,-4.186017e-17
