x,y,z,rearZ,mattype,rearMat,Wm2Front,Wm2Back,Back/FrontRatio,rearX,rearY
1.5238,3.444172e-17,0.05,2.053396,groundplane,sky,633.1194,29.302399999999995,0.046282508034806644,0.5777141,3.537479e-17
1.5238,0.0254,0.05,1.914867,groundplane,sky,633.1217,29.302399999999995,0.046282339900306835,0.4334588,2.654169e-17
1.5238,0.0508,0.05,1.776337,groundplane,sky,633.1213,29.302399999999995,0.04628236914100166,0.2892034,1.77086e-17
1.5238,0.0762,0.05,1.637808,groundplane,sky,633.1209,29.302399999999995,0.04628239838173343,0.144948,8.875506e-18
1.5238,0.1016,0.05,1.499279,groundplane,sky,633.1205,29.302399999999995,0.046282427622502155,0.0006926469,4.241239e-20
1.5238,0.127,0.05,1.360749,groundplane,sky,633.1201,29.302399999999995,0.04628245686330782,-0.1435627,-8.790681e-18
1.5238,0.1524,0.05,1.22222,groundplane,sky,633.1197,29.302399999999995,0.046282486104150436,-0.2878181,-1.762378e-17
1.5238,0.1778,0.05,1.083691,groundplane,sky,633.1193,29.302399999999995,0.04628251534503,-0.4320735,-2.645687e-17
1.5238,0.2032,0.05,0.9451612,groundplane,sky,633.1189,29.302399999999995,0.04628254458594651,-0.5763288,-3.528996e-17
