x,y,z,rearZ,mattype,rearMat,Wm2Front,Wm2Back,Back/FrontRatio,rearX,rearY
1.5238,4.880213e-17,0.05,1.405809,groundplane,sky,26.7193,1.985657,0.07431267613013326,0.7944363,4.864519e-17
1.5238,0.0254,0.05,1.429108,groundplane,sky,26.71878,1.985657,0.07431412234681573,0.5957981,3.648211e-17
1.5238,0.0508,0.05,1.452408,groundplane,sky,26.718769999999996,1.985657,0.07431415015922668,0.3971599,2.431903e-17
1.5238,0.0762,0.05,1.475707,groundplane,sky,26.71876,1.985657,0.07431417797165843,0.1985217,1.215595e-17
1.5238,0.1016,0.05,1.499007,groundplane,sky,26.71875,1.985657,0.074314205784111,-0.0001164974,-7.133408e-21
1.5238,0.127,0.05,1.522306,groundplane,sky,26.71875,1.985657,0.074314205784111,-0.1987547,-1.217022e-17
1.5238,0.1524,0.05,1.545606,groundplane,sky,26.71874,1.985657,0.0743142335965844,-0.3973929,-2.43333e-17
1.5238,0.1778,0.05,1.568905,groundplane,sky,26.718730000000004,1.985657,0.0743142614090786,-0.5960311,-3.649638e-17
1.5238,0.2032,0.05,1.592205,groundplane,sky,26.71872,1.985657,0.07431428922159364,-0.7946693,-4.865946e-17
