x,y,z,rearZ,mattype,rearMat,Wm2Front,Wm2Back,Back/FrontRatio,rearX,rearY
3.9238,4.770146e-17,0.05,1.661661,groundplane,sky,67.08987,6.250449,0.09316392826624545,0.7834965,4.797532e-17
3.9238,0.0254,0.05,1.621001,groundplane,sky,67.0915,6.250449,0.09316166486567053,0.5876732,3.598461e-17
3.9238,0.0508,0.05,1.580341,groundplane,sky,67.09148,6.250449,0.09316169263679028,0.3918499,2.399389e-17
3.9238,0.0762,0.05,1.539681,groundplane,sky,67.09146,6.250449,0.0931617204079266,0.1960266,1.200317e-17
3.9238,0.1016,0.05,1.499021,groundplane,sky,67.09144,6.250449,0.09316174817907948,0.0002033,1.244853e-20
3.9238,0.127,0.05,1.458361,groundplane,sky,67.09142,6.250449,0.09316177595024891,-0.19562,-1.197827e-17
3.9238,0.1524,0.05,1.417701,groundplane,sky,67.09139,6.250449,0.0931618176070341,-0.3914433,-2.396899e-17
3.9238,0.1778,0.05,1.377041,groundplane,sky,67.09137,6.250449,0.09316184537824494,-0.5872666,-3.595971e-17
3.9238,0.2032,0.05,1.336381,groundplane,sky,67.09135,6.250449,0.09316187314947232,-0.7830899,-4.795043e-17
