x,y,z,rearZ,mattype,rearMat,Wm2Front,Wm2Back,Back/FrontRatio,rearX,rearY
0.3238,4.887465e-17,0.05,1.535849,groundplane,sky,810.0593,16.31776,0.02014388311586187,0.799197,4.89367e-17
0.3238,0.0254,0.05,1.526637,groundplane,sky,810.0598999999999,16.31776,0.020143868195588756,0.5994093,3.670323e-17
0.3238,0.0508,0.05,1.517425,groundplane,sky,810.0594,16.31776,0.02014388062914815,0.3996215,2.446976e-17
0.3238,0.0762,0.05,1.508213,groundplane,sky,810.0588000000001,16.31776,0.02014389554943968,0.1998338,1.223629e-17
0.3238,0.1016,0.05,1.499001,groundplane,sky,810.0583,16.31776,0.020143907983032845,4.606039e-05,2.820385e-21
0.3238,0.127,0.05,1.489789,groundplane,sky,810.0578,16.31776,0.02014392041664136,-0.1997417,-1.223065e-17
0.3238,0.1524,0.05,1.480577,groundplane,sky,810.0573,16.31776,0.02014393285026522,-0.3995294,-2.446412e-17
0.3238,0.1778,0.05,1.471365,groundplane,sky,810.0567,16.31776,0.020143947770634118,-0.5993171,-3.669759e-17
0.3238,0.2032,0.05,1.462153,groundplane,sky,810.0562,16.31776,0.020143960204291746,-0.7991049,-4.893106e-17
