x,y,z,rearZ,mattype,rearMat,Wm2Front,Wm2Back,Back/FrontRatio,rearX,rearY
0.3238,3.682322e-17,0.05,2.011105,groundplane,sky,664.418,26.884740000000004,0.04046353280083803,0.6154454,3.768516e-17
0.3238,0.0254,0.05,1.883136,groundplane,sky,664.4212,26.884740000000004,0.040463337919774515,0.461744,2.827367e-17
0.3238,0.0508,0.05,1.755168,groundplane,sky,664.4208,26.884740000000004,0.04046336227980479,0.3080426,1.886217e-17
0.3238,0.0762,0.05,1.6272,groundplane,sky,664.4203,26.884740000000004,0.04046339272988389,0.1543412,9.450674e-18
0.3238,0.1016,0.05,1.499231,groundplane,sky,664.4199,26.884740000000004,0.04046341708998017,0.0006398415,3.917899e-20
0.3238,0.127,0.05,1.371263,groundplane,sky,664.4194,26.884740000000004,0.040463447540141764,-0.1530615,-9.372316e-18
0.3238,0.1524,0.05,1.243295,groundplane,sky,664.4189,26.884740000000004,0.04046347799034918,-0.3067629,-1.878381e-17
0.3238,0.1778,0.05,1.115327,groundplane,sky,664.4185,26.884740000000004,0.04046350235054812,-0.4604643,-2.819531e-17
0.3238,0.2032,0.05,0.9873583,groundplane,sky,664.418,26.884740000000004,0.04046353280083803,-0.6141657,-3.76068e-17
