x,y,z,rearZ,mattype,rearMat,Wm2Front,Wm2Back,Back/FrontRatio,rearX,rearY
0.3238,3.050247e-17,0.05,2.112193,groundplane,sky,468.9849,42.93028,0.09153853026285014,0.5149961,3.153442e-17
0.3238,0.0254,0.05,1.958984,groundplane,sky,468.98870000000005,42.93028,0.0915377885697703,0.3864386,2.366254e-17
0.3238,0.0508,0.05,1.805775,groundplane,sky,468.9884,42.93028,0.09153784712405015,0.2578811,1.579066e-17
0.3238,0.0762,0.05,1.652566,groundplane,sky,468.9882,42.93028,0.09153788616027833,0.1293236,7.918785e-18
0.3238,0.1016,0.05,1.499357,groundplane,sky,468.9879,42.93028,0.09153794471468302,0.0007660444,4.690669e-20
0.3238,0.127,0.05,1.346148,groundplane,sky,468.9876,42.93028,0.09153800326916263,-0.1277915,-7.824971e-18
0.3238,0.1524,0.05,1.192939,groundplane,sky,468.9873,42.93028,0.09153806182371715,-0.256349,-1.569685e-17
0.3238,0.1778,0.05,1.039731,groundplane,sky,468.9871,42.93028,0.09153810086012845,-0.3849065,-2.356873e-17
0.3238,0.2032,0.05,0.8865217,groundplane,sky,468.98679999999996,42.93028,0.09153815941480782,-0.513464,-3.14406e-17
