x,y,z,rearZ,mattype,rearMat,Wm2Front,Wm2Back,Back/FrontRatio,rearX,rearY
3.9238,4.596319e-17,0.05,1.202107,groundplane,sky,773.2534,17.46115,0.022581378133768135,0.7424693,4.546313e-17
3.9238,0.0254,0.05,1.276348,groundplane,sky,773.2535000000001,17.46115,0.022581375213464646,0.5567592,3.409167e-17
3.9238,0.0508,0.05,1.350589,groundplane,sky,773.2531,17.46115,0.02258138689468313,0.371049,2.27202e-17
3.9238,0.0762,0.05,1.42483,groundplane,sky,773.2526000000001,17.46115,0.022581401496223227,0.1853389,1.134874e-17
3.9238,0.1016,0.05,1.499071,groundplane,sky,773.2521,17.46115,0.022581416097782213,-0.0003712058,-2.27298e-20
3.9238,0.127,0.05,1.573313,groundplane,sky,773.2516,17.46115,0.02258143069936008,-0.1860813,-1.13942e-17
3.9238,0.1524,0.05,1.647554,groundplane,sky,773.2512,17.46115,0.022581442380635967,-0.3717915,-2.276566e-17
3.9238,0.1778,0.05,1.721795,groundplane,sky,773.2507,17.46115,0.022581456982247824,-0.5575016,-3.413713e-17
3.9238,0.2032,0.05,1.796036,groundplane,sky,773.2502,17.46115,0.022581471583878566,-0.7432117,-4.550859e-17
