x,y,z,rearZ,mattype,rearMat,Wm2Front,Wm2Back,Back/FrontRatio,rearX,rearY
0.3238,4.073178e-17,0.05,1.037125,groundplane,sky,702.4528999999999,20.47437,0.029146923378174715,0.6524938,3.995372e-17
0.3238,0.0254,0.05,1.15264,groundplane,sky,702.4522000000001,20.47437,0.029146952423307344,0.489226,2.995645e-17
0.3238,0.0508,0.05,1.268155,groundplane,sky,702.4518000000002,20.47437,0.029146969020551982,0.3259581,1.995918e-17
0.3238,0.0762,0.05,1.383669,groundplane,sky,702.4514,20.47437,0.029146985617815528,0.1626903,9.961906e-18
0.3238,0.1016,0.05,1.499184,groundplane,sky,702.451,20.47437,0.029147002215097972,-0.0005775727,-3.536613e-20
0.3238,0.127,0.05,1.614698,groundplane,sky,702.4506,20.47437,0.029147018812399318,-0.1638454,-1.003264e-17
0.3238,0.1524,0.05,1.730213,groundplane,sky,702.4501999999999,20.47437,0.029147035409719572,-0.3271133,-2.002991e-17
0.3238,0.1778,0.05,1.845727,groundplane,sky,702.4498,20.47437,0.029147052007058718,-0.4903811,-3.002718e-17
0.3238,0.2032,0.05,1.961242,groundplane,sky,702.4495000000001,20.47437,0.02914706445507548,-0.653649,-4.002446e-17
