x,y,z,rearZ,mattype,rearMat,Wm2Front,Wm2Back,Back/FrontRatio,rearX,rearY
5.1238,4.490303e-17,0.05,1.800053,groundplane,sky,757.0287,20.84987,0.027541680333017318,0.7415991,4.540985e-17
5.1238,0.0254,0.05,1.724808,groundplane,sky,757.0299,20.84987,0.02754163667559673,0.5562934,3.406315e-17
5.1238,0.0508,0.05,1.649563,groundplane,sky,757.0294,20.84987,0.02754165486617182,0.3709877,2.271644e-17
5.1238,0.0762,0.05,1.574318,groundplane,sky,757.0287,20.84987,0.027541680333017318,0.185682,1.136974e-17
5.1238,0.1016,0.05,1.499073,groundplane,sky,757.0282000000001,20.84987,0.027541698523650075,0.0003762243,2.303709e-20
5.1238,0.127,0.05,1.423829,groundplane,sky,757.0276,20.84987,0.02754172035244111,-0.1849295,-1.132367e-17
5.1238,0.1524,0.05,1.348584,groundplane,sky,757.027,20.84987,0.027541742181266742,-0.3702352,-2.267037e-17
5.1238,0.1778,0.05,1.273339,groundplane,sky,757.0265,20.84987,0.0275417603719812,-0.555541,-3.401707e-17
5.1238,0.2032,0.05,1.198094,groundplane,sky,757.0259,20.84987,0.027541782200870273,-0.7408467,-4.536378e-17
