x,y,z,rearZ,mattype,rearMat,Wm2Front,Wm2Back,Back/FrontRatio,rearX,rearY
5.1238,3.444172e-17,0.05,2.053396,groundplane,sky,632.9578,29.302399999999995,0.046294324369927385,0.5777141,3.537479e-17
5.1238,0.0254,0.05,1.914867,groundplane,sky,632.9594,29.302399999999995,0.04629420734693671,0.4334588,2.654169e-17
5.1238,0.0508,0.05,1.776337,groundplane,sky,632.959,29.302399999999995,0.046294236602628915,0.2892034,1.77086e-17
5.1238,0.0762,0.05,1.637808,groundplane,sky,632.9586,29.302399999999995,0.046294265858358094,0.144948,8.875506e-18
5.1238,0.1016,0.05,1.499279,groundplane,sky,632.9581,29.302399999999995,0.046294302428071574,0.0006926469,4.241239e-20
5.1238,0.127,0.05,1.360749,groundplane,sky,632.9578,29.302399999999995,0.046294324369927385,-0.1435627,-8.790681e-18
5.1238,0.1524,0.05,1.22222,groundplane,sky,632.9573,29.302399999999995,0.046294360939733305,-0.2878181,-1.762378e-17
5.1238,0.1778,0.05,1.083691,groundplane,sky,632.9569,29.302399999999995,0.046294390195619636,-0.4320735,-2.645687e-17
5.1238,0.2032,0.05,0.9451612,groundplane,sky,632.9565,29.302399999999995,0.046294419451542945,-0.5763288,-3.528996e-17
