x,y,z,rearZ,mattype,rearMat,Wm2Front,Wm2Back,Back/FrontRatio,rearX,rearY
5.1238,3.247255e-17,0.05,0.8865217,groundplane,sky,374.4563,37.57394,0.10034238883846036,0.513464,3.14406e-17
5.1238,0.0254,0.05,1.039731,groundplane,sky,374.4548,37.57394,0.10034279079132973,0.3849065,2.356873e-17
5.1238,0.0508,0.05,1.192939,groundplane,sky,374.4547,37.57394,0.10034281758830217,0.256349,1.569685e-17
5.1238,0.0762,0.05,1.346148,groundplane,sky,374.4545,37.57394,0.10034287118229003,0.1277915,7.824971e-18
5.1238,0.1016,0.05,1.499357,groundplane,sky,374.45430000000005,37.57394,0.10034292477633511,-0.0007660444,-4.690669e-20
5.1238,0.127,0.05,1.652566,groundplane,sky,374.45419999999996,37.57394,0.10034295157337916,-0.1293236,-7.918785e-18
5.1238,0.1524,0.05,1.805775,groundplane,sky,374.454,37.57394,0.10034300516751012,-0.2578811,-1.579066e-17
5.1238,0.1778,0.05,1.958984,groundplane,sky,374.4538,37.57394,0.10034305876169834,-0.3864386,-2.366254e-17
5.1238,0.2032,0.05,2.112193,groundplane,sky,374.4536,37.57394,0.10034311235594383,-0.5149961,-3.153442e-17
