x,y,z,rearZ,mattype,rearMat,Wm2Front,Wm2Back,Back/FrontRatio,rearX,rearY
0.3238,3.862189e-17,0.05,0.9904734,groundplane,sky,672.3394,22.68597,0.03374179210411869,0.6167525,3.77652e-17
0.3238,0.0254,0.05,1.117662,groundplane,sky,672.3386,22.68597,0.03374183225262947,0.4624054,2.831417e-17
0.3238,0.0508,0.05,1.244851,groundplane,sky,672.3382,22.68597,0.0337418523269207,0.3080583,1.886313e-17
0.3238,0.0762,0.05,1.37204,groundplane,sky,672.3378,22.68597,0.03374187240123581,0.1537112,9.412095e-18
0.3238,0.1016,0.05,1.499228,groundplane,sky,672.3375,22.68597,0.033741887456987814,-0.0006359435,-3.894031e-20
0.3238,0.127,0.05,1.626417,groundplane,sky,672.3371,22.68597,0.03374190753134473,-0.1549831,-9.489975e-18
0.3238,0.1524,0.05,1.753606,groundplane,sky,672.3367,22.68597,0.03374192760572552,-0.3093302,-1.894101e-17
0.3238,0.1778,0.05,1.880794,groundplane,sky,672.3364,22.68597,0.03374194266152679,-0.4636773,-2.839205e-17
0.3238,0.2032,0.05,2.007983,groundplane,sky,672.336,22.68597,0.033741962735949385,-0.6180244,-3.784308e-17
