x,y,z,rearZ,mattype,rearMat,Wm2Front,Wm2Back,Back/FrontRatio,rearX,rearY
5.1238,3.488743e-17,0.05,0.922769,groundplane,sky,271.6206,26.05893,0.09593835689061547,0.5539002,3.39166e-17
5.1238,0.0254,0.05,1.066903,groundplane,sky,271.619,26.05893,0.09593892202341506,0.415245,2.542642e-17
5.1238,0.0508,0.05,1.211038,groundplane,sky,271.6189,26.05893,0.09593895734443611,0.2765898,1.693624e-17
5.1238,0.0762,0.05,1.355172,groundplane,sky,271.6188,26.05893,0.09593899266548316,0.1379345,8.446055e-18
5.1238,0.1016,0.05,1.499307,groundplane,sky,271.6187,26.05893,0.09593902798655622,-0.0007206721,-4.412844e-20
5.1238,0.127,0.05,1.643441,groundplane,sky,271.6186,26.05893,0.09593906330765527,-0.1393759,-8.534311e-18
5.1238,0.1524,0.05,1.787576,groundplane,sky,271.6185,26.05893,0.09593909862878035,-0.2780311,-1.702449e-17
5.1238,0.1778,0.05,1.93171,groundplane,sky,271.6184,26.05893,0.09593913394993142,-0.4166863,-2.551468e-17
5.1238,0.2032,0.05,2.075844,groundplane,sky,271.6183,26.05893,0.09593916927110852,-0.5553415,-3.400486e-17
