x,y,z,rearZ,mattype,rearMat,Wm2Front,Wm2Back,Back/FrontRatio,rearX,rearY
5.1238,4.043105e-17,0.05,1.9337,groundplane,sky,221.8338,17.97073,0.08100951699192371,0.6722391,4.116277e-17
5.1238,0.0254,0.05,1.825065,groundplane,sky,221.8359,17.97073,0.08100875012227451,0.5043151,3.088039e-17
5.1238,0.0508,0.05,1.71643,groundplane,sky,221.83579999999998,17.97073,0.08100878663954764,0.3363911,2.059802e-17
5.1238,0.0762,0.05,1.607795,groundplane,sky,221.8357,17.97073,0.08100882315685366,0.1684671,1.031564e-17
5.1238,0.1016,0.05,1.49916,groundplane,sky,221.8356,17.97073,0.08100885967419262,0.0005431744,3.325984e-20
5.1238,0.127,0.05,1.390525,groundplane,sky,221.8355,17.97073,0.08100889619156451,-0.1673808,-1.024912e-17
5.1238,0.1524,0.05,1.281891,groundplane,sky,221.83540000000002,17.97073,0.0810089327089693,-0.3353048,-2.05315e-17
5.1238,0.1778,0.05,1.173256,groundplane,sky,221.8353,17.97073,0.08100896922640705,-0.5032287,-3.081387e-17
5.1238,0.2032,0.05,1.064621,groundplane,sky,221.8352,17.97073,0.08100900574387769,-0.6711527,-4.109625e-17
