x,y,z,rearZ,mattype,rearMat,Wm2Front,Wm2Back,Back/FrontRatio,rearX,rearY
5.1238,3.247255e-17,0.05,0.8865217,groundplane,sky,473.0952,34.77867,0.07351289230393311,0.513464,3.14406e-17
5.1238,0.0254,0.05,1.039731,groundplane,sky,473.0941,34.77867,0.07351306322978192,0.3849065,2.356873e-17
5.1238,0.0508,0.05,1.192939,groundplane,sky,473.09379999999993,34.77867,0.07351310984606046,0.256349,1.569685e-17
5.1238,0.0762,0.05,1.346148,groundplane,sky,473.0936,34.77867,0.07351314092361232,0.1277915,7.824971e-18
5.1238,0.1016,0.05,1.499357,groundplane,sky,473.0934,34.77867,0.07351317200119047,-0.0007660444,-4.690669e-20
5.1238,0.127,0.05,1.652566,groundplane,sky,473.0932,34.77867,0.07351320307879487,-0.1293236,-7.918785e-18
5.1238,0.1524,0.05,1.805775,groundplane,sky,473.093,34.77867,0.07351323415642556,-0.2578811,-1.579066e-17
5.1238,0.1778,0.05,1.958984,groundplane,sky,473.0927,34.77867,0.07351328077292088,-0.3864386,-2.366254e-17
5.1238,0.2032,0.05,2.112193,groundplane,sky,473.0925,34.77867,0.07351331185061727,-0.5149961,-3.153442e-17
