x,y,z,rearZ,mattype,rearMat,Wm2Front,Wm2Back,Back/FrontRatio,rearX,rearY
2.7238,3.909738e-17,0.05,1.964544,groundplane,sky,691.3696,24.697330000000004,0.03572227398735209,0.6513061,3.988099e-17
2.7238,0.0254,0.05,1.848205,groundplane,sky,691.3722000000001,24.697330000000004,0.0357221396490347,0.488625,2.991965e-17
2.7238,0.0508,0.05,1.731865,groundplane,sky,691.3717,24.697330000000004,0.035722165483248046,0.3259439,1.995831e-17
2.7238,0.0762,0.05,1.615526,groundplane,sky,691.3712,24.697330000000004,0.03572219131749874,0.1632628,9.996962e-18
2.7238,0.1016,0.05,1.499187,groundplane,sky,691.3707,24.697330000000004,0.035722217151786806,0.0005816972,3.561868e-20
2.7238,0.127,0.05,1.382847,groundplane,sky,691.3702,24.697330000000004,0.03572224298611225,-0.1620994,-9.925725e-18
2.7238,0.1524,0.05,1.266508,groundplane,sky,691.3698,24.697330000000004,0.03572226365359949,-0.3247805,-1.988707e-17
2.7238,0.1778,0.05,1.150168,groundplane,sky,691.3693,24.697330000000004,0.03572228948799219,-0.4874616,-2.984841e-17
2.7238,0.2032,0.05,1.033829,groundplane,sky,691.3687999999999,24.697330000000004,0.03572231532242225,-0.6501427,-3.980976e-17
