x,y,z,rearZ,mattype,rearMat,Wm2Front,Wm2Back,Back/FrontRatio,rearX,rearY
0.3238,4.12254e-17,0.05,1.913805,groundplane,sky,714.6643,23.377439999999996,0.032711032703000964,0.684665,4.192364e-17
0.3238,0.0254,0.05,1.81014,groundplane,sky,714.6673999999999,23.377439999999996,0.03271089081313795,0.5136284,3.145067e-17
0.3238,0.0508,0.05,1.706475,groundplane,sky,714.6668,23.377439999999996,0.03271091827559602,0.3425917,2.097769e-17
0.3238,0.0762,0.05,1.60281,groundplane,sky,714.6663,23.377439999999996,0.03271094116101296,0.171555,1.050471e-17
0.3238,0.1016,0.05,1.499145,groundplane,sky,714.6658000000001,23.377439999999996,0.03271096404646192,0.0005183256,3.173829e-20
0.3238,0.127,0.05,1.39548,groundplane,sky,714.6652,23.377439999999996,0.032710991509042955,-0.1705184,-1.044124e-17
0.3238,0.1524,0.05,1.291815,groundplane,sky,714.6646999999999,23.377439999999996,0.03271101439456238,-0.341555,-2.091421e-17
0.3238,0.1778,0.05,1.188149,groundplane,sky,714.6642,23.377439999999996,0.03271103728011381,-0.5125917,-3.138719e-17
0.3238,0.2032,0.05,1.084484,groundplane,sky,714.6636,23.377439999999996,0.03271106474281782,-0.6836284,-4.186017e-17
