x,y,z,rearZ,mattype,rearMat,Wm2Front,Wm2Back,Back/FrontRatio,rearX,rearY
1.5238,4.043105e-17,0.05,1.9337,groundplane,sky,221.60710000000003,17.97073,0.08109238786849396,0.6722391,4.116277e-17
1.5238,0.0254,0.05,1.825065,groundplane,sky,221.60980000000004,17.97073,0.08109139987762327,0.5043151,3.088039e-17
1.5238,0.0508,0.05,1.71643,groundplane,sky,221.6096,17.97073,0.08109147306130664,0.3363911,2.059802e-17
1.5238,0.0762,0.05,1.607795,groundplane,sky,221.6096,17.97073,0.08109147306130664,0.1684671,1.031564e-17
1.5238,0.1016,0.05,1.49916,groundplane,sky,221.6095,17.97073,0.08109150965319784,0.0005431744,3.325984e-20
1.5238,0.127,0.05,1.390525,groundplane,sky,221.60939999999997,17.97073,0.08109154624512208,-0.1673808,-1.024912e-17
1.5238,0.1524,0.05,1.281891,groundplane,sky,221.6093,17.97073,0.08109158283707932,-0.3353048,-2.05315e-17
1.5238,0.1778,0.05,1.173256,groundplane,sky,221.6092,17.97073,0.0810916194290696,-0.5032287,-3.081387e-17
1.5238,0.2032,0.05,1.064621,groundplane,sky,221.6091,17.97073,0.08109165602109289,-0.6711527,-4.109625e-17
