x,y,z,rearZ,mattype,rearMat,Wm2Front,Wm2Back,Back/FrontRatio,rearX,rearY
5.1238,4.856847e-17,0.05,1.584433,groundplane,sky,20.95157,1.595459,0.07614621977160796,0.7955325,4.871232e-17
5.1238,0.0254,0.05,1.563077,groundplane,sky,20.95209,1.595459,0.07614433002483166,0.5966761,3.653587e-17
5.1238,0.0508,0.05,1.54172,groundplane,sky,20.95209,1.595459,0.07614433002483166,0.3978197,2.435943e-17
5.1238,0.0762,0.05,1.520363,groundplane,sky,20.95208,1.595459,0.07614436636523127,0.1989632,1.218298e-17
5.1238,0.1016,0.05,1.499006,groundplane,sky,20.95207,1.595459,0.07614440270566557,0.0001067847,6.538676e-21
5.1238,0.127,0.05,1.477649,groundplane,sky,20.95207,1.595459,0.07614440270566557,-0.1987496,-1.216991e-17
5.1238,0.1524,0.05,1.456292,groundplane,sky,20.95206,1.595459,0.07614443904613455,-0.3976061,-2.434635e-17
5.1238,0.1778,0.05,1.434935,groundplane,sky,20.95205,1.595459,0.07614447538663821,-0.5964625,-3.65228e-17
5.1238,0.2032,0.05,1.413578,groundplane,sky,20.95205,1.595459,0.07614447538663821,-0.7953189,-4.869924e-17
