x,y,z,rearZ,mattype,rearMat,Wm2Front,Wm2Back,Back/FrontRatio,rearX,rearY
1.5238,4.268501e-17,0.05,1.08807,groundplane,sky,729.906,19.11997,0.026195076907058024,0.6857946,4.199281e-17
1.5238,0.0254,0.05,1.190838,groundplane,sky,729.9055,19.11997,0.026195094851189843,0.5142175,3.148674e-17
1.5238,0.0508,0.05,1.293606,groundplane,sky,729.9051,19.11997,0.026195109206513002,0.3426404,2.098067e-17
1.5238,0.0762,0.05,1.396374,groundplane,sky,729.9047,19.11997,0.026195123561851892,0.1710633,1.04746e-17
1.5238,0.1016,0.05,1.499142,groundplane,sky,729.9042,19.11997,0.026195141506047636,-0.0005138407,-3.146367e-20
1.5238,0.127,0.05,1.60191,groundplane,sky,729.9038,19.11997,0.026195155861421925,-0.172091,-1.053753e-17
1.5238,0.1524,0.05,1.704678,groundplane,sky,729.9034,19.11997,0.026195170216811954,-0.3436681,-2.10436e-17
1.5238,0.1778,0.05,1.807447,groundplane,sky,729.9029999999999,19.11997,0.026195184572217717,-0.5152452,-3.154967e-17
1.5238,0.2032,0.05,1.910215,groundplane,sky,729.9025,19.11997,0.02619520251649704,-0.6868223,-4.205574e-17
