x,y,z,rearZ,mattype,rearMat,Wm2Front,Wm2Back,Back/FrontRatio,rearX,rearY
3.9238,4.813376e-17,0.05,1.328462,groundplane,sky,66.71263,3.737194,0.056018447804444156,0.7813935,4.784655e-17
3.9238,0.0254,0.05,1.371102,groundplane,sky,66.71152,3.737194,0.056019379870525056,0.5859918,3.588165e-17
3.9238,0.0508,0.05,1.413743,groundplane,sky,66.7115,3.737194,0.05601939666479295,0.3905902,2.391675e-17
3.9238,0.0762,0.05,1.456383,groundplane,sky,66.71149,3.737194,0.056019405061930684,0.1951885,1.195185e-17
3.9238,0.1016,0.05,1.499023,groundplane,sky,66.71147,3.737194,0.05601942185621368,-0.0002132009,-1.305479e-20
3.9238,0.127,0.05,1.541663,groundplane,sky,66.71146,3.737194,0.05601943025335896,-0.1956149,-1.197796e-17
3.9238,0.1524,0.05,1.584303,groundplane,sky,66.71144,3.737194,0.05601944704765708,-0.3910166,-2.394286e-17
3.9238,0.1778,0.05,1.626944,groundplane,sky,66.71143,3.737194,0.056019455444809914,-0.5864182,-3.590776e-17
3.9238,0.2032,0.05,1.669584,groundplane,sky,66.71141,3.737194,0.056019472239123125,-0.7818199,-4.787266e-17
