x,y,z,rearZ,mattype,rearMat,Wm2Front,Wm2Back,Back/FrontRatio,rearX,rearY
2.7238,3.393934e-17,0.05,2.061607,groundplane,sky,273.205,31.14798,0.11400913596333903,0.5697352,3.488622e-17
2.7238,0.0254,0.05,1.921028,groundplane,sky,273.2082,31.14798,0.11400780061579188,0.4274771,2.617542e-17
2.7238,0.0508,0.05,1.780448,groundplane,sky,273.2081,31.14798,0.11400784234492922,0.285219,1.746463e-17
2.7238,0.0762,0.05,1.639868,groundplane,sky,273.208,31.14798,0.11400788407409712,0.142961,8.753835e-18
2.7238,0.1016,0.05,1.499289,groundplane,sky,273.2079,31.14798,0.11400792580329559,0.0007028983,4.304011e-20
2.7238,0.127,0.05,1.358709,groundplane,sky,273.2077,31.14798,0.11400800926178414,-0.1415552,-8.667755e-18
2.7238,0.1524,0.05,1.218129,groundplane,sky,273.2076,31.14798,0.11400805099107422,-0.2838132,-1.737855e-17
2.7238,0.1778,0.05,1.07755,groundplane,sky,273.2075,31.14798,0.11400809272039489,-0.4260713,-2.608934e-17
2.7238,0.2032,0.05,0.9369701,groundplane,sky,273.2074,31.14798,0.11400813444974606,-0.5683294,-3.480014e-17
