x,y,z,rearZ,mattype,rearMat,Wm2Front,Wm2Back,Back/FrontRatio,rearX,rearY
2.7238,4.899765e-17,0.05,1.466477,groundplane,sky,814.3734,15.772619999999998,0.019367774821998335,0.7992979,4.894288e-17
2.7238,0.0254,0.05,1.474608,groundplane,sky,814.3744,15.772619999999998,0.019367751039631106,0.5994633,3.670654e-17
2.7238,0.0508,0.05,1.482739,groundplane,sky,814.3739,15.772619999999998,0.019367762930807417,0.3996286,2.44702e-17
2.7238,0.0762,0.05,1.49087,groundplane,sky,814.3734,15.772619999999998,0.019367774821998335,0.199794,1.223385e-17
2.7238,0.1016,0.05,1.499001,groundplane,sky,814.3728,15.772619999999998,0.019367789091446704,-4.065496e-05,-2.489399e-21
2.7238,0.127,0.05,1.507132,groundplane,sky,814.3723,15.772619999999998,0.019367800982669738,-0.1998753,-1.223883e-17
2.7238,0.1524,0.05,1.515263,groundplane,sky,814.3718,15.772619999999998,0.01936781287390738,-0.39971,-2.447518e-17
2.7238,0.1778,0.05,1.523394,groundplane,sky,814.3712,15.772619999999998,0.019367827143411818,-0.5995446,-3.671152e-17
2.7238,0.2032,0.05,1.531525,groundplane,sky,814.3707,15.772619999999998,0.019367839034681582,-0.7993793,-4.894786e-17
