x,y,z,rearZ,mattype,rearMat,Wm2Front,Wm2Back,Back/FrontRatio,rearX,rearY
0.3238,3.247255e-17,0.05,0.8865217,groundplane,sky,422.8347999999999,38.80855,0.09178160884201386,0.513464,3.14406e-17
0.3238,0.0254,0.05,1.039731,groundplane,sky,422.833,38.80855,0.09178199955538106,0.3849065,2.356873e-17
0.3238,0.0508,0.05,1.192939,groundplane,sky,422.83279999999996,38.80855,0.09178204296818278,0.256349,1.569685e-17
0.3238,0.0762,0.05,1.346148,groundplane,sky,422.8326,38.80855,0.09178208638102553,0.1277915,7.824971e-18
0.3238,0.1016,0.05,1.499357,groundplane,sky,422.8324,38.80855,0.09178212979390937,-0.0007660444,-4.690669e-20
0.3238,0.127,0.05,1.652566,groundplane,sky,422.8322,38.80855,0.09178217320683428,-0.1293236,-7.918785e-18
0.3238,0.1524,0.05,1.805775,groundplane,sky,422.83200000000005,38.80855,0.09178221661980024,-0.2578811,-1.579066e-17
0.3238,0.1778,0.05,1.958984,groundplane,sky,422.8318,38.80855,0.09178226003280729,-0.3864386,-2.366254e-17
0.3238,0.2032,0.05,2.112193,groundplane,sky,422.8317,38.80855,0.0917822817393262,-0.5149961,-3.153442e-17
