x,y,z,rearZ,mattype,rearMat,Wm2Front,Wm2Back,Back/FrontRatio,rearX,rearY
0.3238,3.050247e-17,0.05,2.112193,groundplane,sky,555.4273,35.81717,0.06448567708919406,0.5149961,3.153442e-17
0.3238,0.0254,0.05,1.958984,groundplane,sky,555.4307,35.81717,0.06448528234884685,0.3864386,2.366254e-17
0.3238,0.0508,0.05,1.805775,groundplane,sky,555.4304,35.81717,0.0644853171786831,0.2578811,1.579066e-17
0.3238,0.0762,0.05,1.652566,groundplane,sky,555.4301,35.81717,0.06448535200855696,0.1293236,7.918785e-18
0.3238,0.1016,0.05,1.499357,groundplane,sky,555.4297,35.81717,0.06448539844844729,0.0007660444,4.690669e-20
0.3238,0.127,0.05,1.346148,groundplane,sky,555.4294,35.81717,0.06448543327840896,-0.1277915,-7.824971e-18
0.3238,0.1524,0.05,1.192939,groundplane,sky,555.4291,35.81717,0.06448546810840824,-0.256349,-1.569685e-17
0.3238,0.1778,0.05,1.039731,groundplane,sky,555.4287,35.81717,0.06448551454846581,-0.3849065,-2.356873e-17
0.3238,0.2032,0.05,0.8865217,groundplane,sky,555.4283,35.81717,0.06448556098859026,-0.513464,-3.14406e-17
