x,y,z,rearZ,mattype,rearMat,Wm2Front,Wm2Back,Back/FrontRatio,rearX,rearY
2.7238,4.444177e-17,0.05,1.143146,groundplane,sky,753.5858,18.13307,0.024062350879819023,0.7160003,4.384237e-17
2.7238,0.0254,0.05,1.232136,groundplane,sky,753.5856,18.13307,0.0240623572659068,0.536889,3.287497e-17
2.7238,0.0508,0.05,1.321125,groundplane,sky,753.5850999999999,18.13307,0.024062373231141077,0.3577777,2.190756e-17
2.7238,0.0762,0.05,1.410115,groundplane,sky,753.5847,18.13307,0.024062386003343747,0.1786664,1.094016e-17
2.7238,0.1016,0.05,1.499104,groundplane,sky,753.5841999999999,18.13307,0.02406240196861616,-0.0004449478,-2.72452e-20
2.7238,0.127,0.05,1.588094,groundplane,sky,753.5837,18.13307,0.02406241793390975,-0.1795562,-1.099465e-17
2.7238,0.1524,0.05,1.677084,groundplane,sky,753.5832999999999,18.13307,0.024062430706159887,-0.3586675,-2.196205e-17
2.7238,0.1778,0.05,1.766073,groundplane,sky,753.5828,18.13307,0.02406244667149161,-0.5377788,-3.292946e-17
2.7238,0.2032,0.05,1.855063,groundplane,sky,753.5823999999999,18.13307,0.024062459443772253,-0.7168901,-4.389686e-17
