x,y,z,rearZ,mattype,rearMat,Wm2Front,Wm2Back,Back/FrontRatio,rearX,rearY
0.3238,4.637084e-17,0.05,1.737745,groundplane,sky,776.8326000000001,19.3535,0.02491331476908311,0.7638575,4.677278e-17
0.3238,0.0254,0.05,1.67807,groundplane,sky,776.835,19.3535,0.02491323780051388,0.5729677,3.508415e-17
0.3238,0.0508,0.05,1.618395,groundplane,sky,776.8345,19.3535,0.02491325383559325,0.3820779,2.339553e-17
0.3238,0.0762,0.05,1.55872,groundplane,sky,776.8339,19.3535,0.024913273077715743,0.1911881,1.17069e-17
0.3238,0.1016,0.05,1.499046,groundplane,sky,776.8332999999999,19.3535,0.024913292319867962,0.0002983745,1.827017e-20
0.3238,0.127,0.05,1.439371,groundplane,sky,776.8327,19.3535,0.024913311562049897,-0.1905914,-1.167036e-17
0.3238,0.1524,0.05,1.379696,groundplane,sky,776.8322,19.3535,0.02491332759722422,-0.3814812,-2.335898e-17
0.3238,0.1778,0.05,1.320021,groundplane,sky,776.8314999999999,19.3535,0.02491335004650295,-0.5723709,-3.504761e-17
0.3238,0.2032,0.05,1.260346,groundplane,sky,776.8309,19.3535,0.024913369288774058,-0.7632607,-4.673624e-17
