x,y,z,rearZ,mattype,rearMat,Wm2Front,Wm2Back,Back/FrontRatio,rearX,rearY
1.5238,4.770146e-17,0.05,1.661661,groundplane,sky,67.03186,6.250449,0.09324455200031745,0.7834965,4.797532e-17
1.5238,0.0254,0.05,1.621001,groundplane,sky,67.03307,6.250449,0.09324286888741799,0.5876732,3.598461e-17
1.5238,0.0508,0.05,1.580341,groundplane,sky,67.03305,6.250449,0.09324289670697204,0.3918499,2.399389e-17
1.5238,0.0762,0.05,1.539681,groundplane,sky,67.03303,6.250449,0.0932429245265427,0.1960266,1.200317e-17
1.5238,0.1016,0.05,1.499021,groundplane,sky,67.033,6.250449,0.09324296625592982,0.0002033,1.244853e-20
1.5238,0.127,0.05,1.458361,groundplane,sky,67.03299,6.250449,0.09324298016573382,-0.19562,-1.197827e-17
1.5238,0.1524,0.05,1.417701,groundplane,sky,67.03297,6.250449,0.09324300798535427,-0.3914433,-2.396899e-17
1.5238,0.1778,0.05,1.377041,groundplane,sky,67.03294,6.250449,0.0932430497148161,-0.5872666,-3.595971e-17
1.5238,0.2032,0.05,1.336381,groundplane,sky,67.03293,6.250449,0.093243063624645,-0.7830899,-4.795043e-17
