x,y,z,rearZ,mattype,rearMat,Wm2Front,Wm2Back,Back/FrontRatio,rearX,rearY
1.5238,3.247255e-17,0.05,0.8865217,groundplane,sky,323.4324,34.80069,0.10759770017567762,0.513464,3.14406e-17
1.5238,0.0254,0.05,1.039731,groundplane,sky,323.431,34.80069,0.10759816592050263,0.3849065,2.356873e-17
1.5238,0.0508,0.05,1.192939,groundplane,sky,323.4309,34.80069,0.10759819918814441,0.256349,1.569685e-17
1.5238,0.0762,0.05,1.346148,groundplane,sky,323.4308,34.80069,0.10759823245580678,0.1277915,7.824971e-18
1.5238,0.1016,0.05,1.499357,groundplane,sky,323.4306,34.80069,0.1075982989911932,-0.0007660444,-4.690669e-20
1.5238,0.127,0.05,1.652566,groundplane,sky,323.4305,34.80069,0.10759833225891728,-0.1293236,-7.918785e-18
1.5238,0.1524,0.05,1.805775,groundplane,sky,323.4304,34.80069,0.10759836552666192,-0.2578811,-1.579066e-17
1.5238,0.1778,0.05,1.958984,groundplane,sky,323.4302,34.80069,0.10759843206221294,-0.3864386,-2.366254e-17
1.5238,0.2032,0.05,2.112193,groundplane,sky,323.4301,34.80069,0.10759846533001931,-0.5149961,-3.153442e-17
