x,y,z,rearZ,mattype,rearMat,Wm2Front,Wm2Back,Back/FrontRatio,rearX,rearY
1.5238,4.720993e-17,0.05,1.264479,groundplane,sky,787.8272000000001,16.73586,0.021243032427628254,0.7645462,4.681495e-17
1.5238,0.0254,0.05,1.32312,groundplane,sky,787.8272000000001,16.73586,0.021243032427628254,0.5733363,3.510673e-17
1.5238,0.0508,0.05,1.381762,groundplane,sky,787.8267,16.73586,0.021243045909657657,0.3821265,2.33985e-17
1.5238,0.0762,0.05,1.440403,groundplane,sky,787.8262,16.73586,0.02124305939170417,0.1909166,1.169027e-17
1.5238,0.1016,0.05,1.499044,groundplane,sky,787.8257,16.73586,0.021243072873767796,-0.0002932061,-1.79537e-20
1.5238,0.127,0.05,1.557685,groundplane,sky,787.8253,16.73586,0.02124308365943102,-0.1915031,-1.172618e-17
1.5238,0.1524,0.05,1.616326,groundplane,sky,787.8247,16.73586,0.021243099837946387,-0.3827129,-2.343441e-17
1.5238,0.1778,0.05,1.674968,groundplane,sky,787.8242,16.73586,0.021243113320061353,-0.5739228,-3.514263e-17
1.5238,0.2032,0.05,1.733609,groundplane,sky,787.8237,16.73586,0.02124312680219343,-0.7651326,-4.685086e-17
