x,y,z,rearZ,mattype,rearMat,Wm2Front,Wm2Back,Back/FrontRatio,rearX,rearY
0.3238,3.393934e-17,0.05,2.061607,groundplane,sky,273.1054,31.14798,0.11405071430036061,0.5697352,3.488622e-17
0.3238,0.0254,0.05,1.921028,groundplane,sky,273.1091,31.14798,0.11404916918122032,0.4274771,2.617542e-17
0.3238,0.0508,0.05,1.780448,groundplane,sky,273.1089,31.14798,0.11404925270010352,0.285219,1.746463e-17
0.3238,0.0762,0.05,1.639868,groundplane,sky,273.1088,31.14798,0.114049294459591,0.142961,8.753835e-18
0.3238,0.1016,0.05,1.499289,groundplane,sky,273.1087,31.14798,0.11404933621910904,0.0007028983,4.304011e-20
0.3238,0.127,0.05,1.358709,groundplane,sky,273.1086,31.14798,0.11404937797865765,-0.1415552,-8.667755e-18
0.3238,0.1524,0.05,1.218129,groundplane,sky,273.1084,31.14798,0.11404946149784666,-0.2838132,-1.737855e-17
0.3238,0.1778,0.05,1.07755,groundplane,sky,273.1083,31.14798,0.11404950325748704,-0.4260713,-2.608934e-17
0.3238,0.2032,0.05,0.9369701,groundplane,sky,273.1082,31.14798,0.11404954501715799,-0.5683294,-3.480014e-17
