x,y,z,rearZ,mattype,rearMat,Wm2Front,Wm2Back,Back/FrontRatio,rearX,rearY
5.1238,4.813376e-17,0.05,1.328462,groundplane,sky,66.70609,3.737194,0.0560239398840513,0.7813935,4.784655e-17
5.1238,0.0254,0.05,1.371102,groundplane,sky,66.70502,3.737194,0.05602483853781112,0.5859918,3.588165e-17
5.1238,0.0508,0.05,1.413743,groundplane,sky,66.70501,3.737194,0.05602484693658037,0.3905902,2.391675e-17
5.1238,0.0762,0.05,1.456383,groundplane,sky,66.70499,3.737194,0.05602486373412643,0.1951885,1.195185e-17
5.1238,0.1016,0.05,1.499023,groundplane,sky,66.70497,3.737194,0.056024880531682544,-0.0002132009,-1.305479e-20
5.1238,0.127,0.05,1.541663,groundplane,sky,66.70496,3.737194,0.05602488893046438,-0.1956149,-1.197796e-17
5.1238,0.1524,0.05,1.584303,groundplane,sky,66.70494,3.737194,0.05602490572803562,-0.3910166,-2.394286e-17
5.1238,0.1778,0.05,1.626944,groundplane,sky,66.70493,3.737194,0.056024914126825004,-0.5864182,-3.590776e-17
5.1238,0.2032,0.05,1.669584,groundplane,sky,66.70491,3.737194,0.05602493092441135,-0.7818199,-4.787266e-17
