x,y,z,rearZ,mattype,rearMat,Wm2Front,Wm2Back,Back/FrontRatio,rearX,rearY
5.1238,4.073178e-17,0.05,1.037125,groundplane,sky,702.5672,20.47437,0.02914218149924805,0.6524938,3.995372e-17
5.1238,0.0254,0.05,1.15264,groundplane,sky,702.5670999999999,20.47437,0.02914218564719919,0.489226,2.995645e-17
5.1238,0.0508,0.05,1.268155,groundplane,sky,702.5667,20.47437,0.029142202239015546,0.3259581,1.995918e-17
5.1238,0.0762,0.05,1.383669,groundplane,sky,702.5663,20.47437,0.0291422188308508,0.1626903,9.961906e-18
5.1238,0.1016,0.05,1.499184,groundplane,sky,702.5659,20.47437,0.02914223542270494,-0.0005775727,-3.536613e-20
5.1238,0.127,0.05,1.614698,groundplane,sky,702.5655,20.47437,0.029142252014577978,-0.1638454,-1.003264e-17
5.1238,0.1524,0.05,1.730213,groundplane,sky,702.5651000000001,20.47437,0.029142268606469908,-0.3271133,-2.002991e-17
5.1238,0.1778,0.05,1.845727,groundplane,sky,702.5647,20.47437,0.029142285198380736,-0.4903811,-3.002718e-17
5.1238,0.2032,0.05,1.961242,groundplane,sky,702.5643,20.47437,0.029142301790310455,-0.653649,-4.002446e-17
