x,y,z,rearZ,mattype,rearMat,Wm2Front,Wm2Back,Back/FrontRatio,rearX,rearY
3.9238,4.637084e-17,0.05,1.737745,groundplane,sky,777.1141000000001,19.3535,0.024904290239631168,0.7638575,4.677278e-17
3.9238,0.0254,0.05,1.67807,groundplane,sky,777.1160999999998,19.3535,0.02490422614558347,0.5729677,3.508415e-17
3.9238,0.0508,0.05,1.618395,groundplane,sky,777.1155,19.3535,0.024904245373763137,0.3820779,2.339553e-17
3.9238,0.0762,0.05,1.55872,groundplane,sky,777.1149,19.3535,0.0249042646019725,0.1911881,1.17069e-17
3.9238,0.1016,0.05,1.499046,groundplane,sky,777.1144,19.3535,0.02490428062550298,0.0002983745,1.827017e-20
3.9238,0.127,0.05,1.439371,groundplane,sky,777.1138,19.3535,0.02490429985376678,-0.1905914,-1.167036e-17
3.9238,0.1524,0.05,1.379696,groundplane,sky,777.1132000000001,19.3535,0.024904319082060266,-0.3814812,-2.335898e-17
3.9238,0.1778,0.05,1.320021,groundplane,sky,777.1126,19.3535,0.02490433831038345,-0.5723709,-3.504761e-17
3.9238,0.2032,0.05,1.260346,groundplane,sky,777.1120999999999,19.3535,0.024904354334008786,-0.7632607,-4.673624e-17
