x,y,z,rearZ,mattype,rearMat,Wm2Front,Wm2Back,Back/FrontRatio,rearX,rearY
5.1238,4.880213e-17,0.05,1.405809,groundplane,sky,26.71704,1.985657,0.0743189620196691,0.7944363,4.864519e-17
5.1238,0.0254,0.05,1.429108,groundplane,sky,26.716400000000004,1.985657,0.07432074228779745,0.5957981,3.648211e-17
5.1238,0.0508,0.05,1.452408,groundplane,sky,26.71639,1.985657,0.0743207701051637,0.3971599,2.431903e-17
5.1238,0.0762,0.05,1.475707,groundplane,sky,26.71638,1.985657,0.07432079792255078,0.1985217,1.215595e-17
5.1238,0.1016,0.05,1.499007,groundplane,sky,26.71638,1.985657,0.07432079792255078,-0.0001164974,-7.133408e-21
5.1238,0.127,0.05,1.522306,groundplane,sky,26.71637,1.985657,0.07432082573995868,-0.1987547,-1.217022e-17
5.1238,0.1524,0.05,1.545606,groundplane,sky,26.71637,1.985657,0.07432082573995868,-0.3973929,-2.43333e-17
5.1238,0.1778,0.05,1.568905,groundplane,sky,26.716359999999998,1.985657,0.0743208535573874,-0.5960311,-3.649638e-17
5.1238,0.2032,0.05,1.592205,groundplane,sky,26.716349999999995,1.985657,0.07432088137483696,-0.7946693,-4.865946e-17
