x,y,z,rearZ,mattype,rearMat,Wm2Front,Wm2Back,Back/FrontRatio,rearX,rearY
1.5238,3.247255e-17,0.05,0.8865217,groundplane,sky,422.8958,38.80855,0.09176836996638423,0.513464,3.14406e-17
1.5238,0.0254,0.05,1.039731,groundplane,sky,422.8937,38.80855,0.09176882566747703,0.3849065,2.356873e-17
1.5238,0.0508,0.05,1.192939,groundplane,sky,422.89349999999996,38.80855,0.09176886906781716,0.256349,1.569685e-17
1.5238,0.0762,0.05,1.346148,groundplane,sky,422.8933,38.80855,0.09176891246819831,0.1277915,7.824971e-18
1.5238,0.1016,0.05,1.499357,groundplane,sky,422.8931,38.80855,0.09176895586862054,-0.0007660444,-4.690669e-20
1.5238,0.127,0.05,1.652566,groundplane,sky,422.8929,38.80855,0.0917689992690838,-0.1293236,-7.918785e-18
1.5238,0.1524,0.05,1.805775,groundplane,sky,422.89270000000005,38.80855,0.09176904266958812,-0.2578811,-1.579066e-17
1.5238,0.1778,0.05,1.958984,groundplane,sky,422.8925,38.80855,0.0917690860701335,-0.3864386,-2.366254e-17
1.5238,0.2032,0.05,2.112193,groundplane,sky,422.8923,38.80855,0.09176912947071993,-0.5149961,-3.153442e-17
