x,y,z,rearZ,mattype,rearMat,Wm2Front,Wm2Back,Back/FrontRatio,rearX,rearY
2.7238,3.444172e-17,0.05,2.053396,groundplane,sky,632.864,29.302399999999995,0.04630118587692477,0.5777141,3.537479e-17
2.7238,0.0254,0.05,1.914867,groundplane,sky,632.8667,29.302399999999995,0.046300988342429225,0.4334588,2.654169e-17
2.7238,0.0508,0.05,1.776337,groundplane,sky,632.8663,29.302399999999995,0.04630101760669258,0.2892034,1.77086e-17
2.7238,0.0762,0.05,1.637808,groundplane,sky,632.8659,29.302399999999995,0.04630104687099293,0.144948,8.875506e-18
2.7238,0.1016,0.05,1.499279,groundplane,sky,632.8655,29.302399999999995,0.04630107613533027,0.0006926469,4.241239e-20
2.7238,0.127,0.05,1.360749,groundplane,sky,632.8651,29.302399999999995,0.04630110539970461,-0.1435627,-8.790681e-18
2.7238,0.1524,0.05,1.22222,groundplane,sky,632.8647,29.302399999999995,0.04630113466411594,-0.2878181,-1.762378e-17
2.7238,0.1778,0.05,1.083691,groundplane,sky,632.8643,29.302399999999995,0.04630116392856426,-0.4320735,-2.645687e-17
2.7238,0.2032,0.05,0.9451612,groundplane,sky,632.8639,29.302399999999995,0.046301193193049574,-0.5763288,-3.528996e-17
