x,y,z,rearZ,mattype,rearMat,Wm2Front,Wm2Back,Back/FrontRatio,rearX,rearY
5.1238,3.638961e-17,0.05,0.9480854,groundplane,sky,638.2304,25.46495,0.03989924344054523,0.5791297,3.546147e-17
5.1238,0.0254,0.05,1.085883,groundplane,sky,638.23,25.46495,0.039899268446690936,0.434175,2.658555e-17
5.1238,0.0508,0.05,1.22368,groundplane,sky,638.2296,25.46495,0.03989929345286798,0.2892204,1.770964e-17
5.1238,0.0762,0.05,1.361478,groundplane,sky,638.2292,25.46495,0.03989931845907637,0.1442657,8.833726e-18
5.1238,0.1016,0.05,1.499275,groundplane,sky,638.2289,25.46495,0.03989933721375323,-0.0006889873,-4.218831e-20
5.1238,0.127,0.05,1.637073,groundplane,sky,638.2285,25.46495,0.03989936222001647,-0.1456437,-8.918102e-18
5.1238,0.1524,0.05,1.77487,groundplane,sky,638.2281,25.46495,0.039899387226311055,-0.2905983,-1.779402e-17
5.1238,0.1778,0.05,1.912668,groundplane,sky,638.2278,25.46495,0.039899405981052564,-0.435553,-2.666993e-17
5.1238,0.2032,0.05,2.050465,groundplane,sky,638.2274,25.46495,0.03989943098740201,-0.5805077,-3.554584e-17
