x,y,z,rearZ,mattype,rearMat,Wm2Front,Wm2Back,Back/FrontRatio,rearX,rearY
2.7238,3.247255e-17,0.05,0.8865217,groundplane,sky,518.7448,32.5931,0.06283058098976416,0.513464,3.14406e-17
2.7238,0.0254,0.05,1.039731,groundplane,sky,518.7434,32.5931,0.06283075055846386,0.3849065,2.356873e-17
2.7238,0.0508,0.05,1.192939,groundplane,sky,518.7432,32.5931,0.06283077478263853,0.256349,1.569685e-17
2.7238,0.0762,0.05,1.346148,groundplane,sky,518.7429,32.5931,0.06283081111893557,0.1277915,7.824971e-18
2.7238,0.1016,0.05,1.499357,groundplane,sky,518.7427,32.5931,0.06283083534315693,-0.0007660444,-4.690669e-20
2.7238,0.127,0.05,1.652566,groundplane,sky,518.7424,32.5931,0.06283087167952403,-0.1293236,-7.918785e-18
2.7238,0.1524,0.05,1.805775,groundplane,sky,518.7422,32.5931,0.0628308959037921,-0.2578811,-1.579066e-17
2.7238,0.1778,0.05,1.958984,groundplane,sky,518.7419,32.5931,0.06283093224022922,-0.3864386,-2.366254e-17
2.7238,0.2032,0.05,2.112193,groundplane,sky,518.7417,32.5931,0.06283095646454398,-0.5149961,-3.153442e-17
