x,y,z,rearZ,mattype,rearMat,Wm2Front,Wm2Back,Back/FrontRatio,rearX,rearY
0.3238,4.142183e-17,0.05,1.054133,groundplane,sky,219.8524,13.474560000000002,0.06128884065472721,0.6642313,4.067244e-17
0.3238,0.0254,0.05,1.165392,groundplane,sky,219.8505,13.474560000000002,0.06128937032496936,0.4980344,3.049581e-17
0.3238,0.0508,0.05,1.276651,groundplane,sky,219.8504,13.474560000000002,0.06128939820260413,0.3318375,2.031919e-17
0.3238,0.0762,0.05,1.38791,groundplane,sky,219.8504,13.474560000000002,0.06128939820260413,0.1656406,1.014256e-17
0.3238,0.1016,0.05,1.499169,groundplane,sky,219.85029999999998,13.474560000000002,0.06128942608026427,-0.0005562956,-3.406328e-20
0.3238,0.127,0.05,1.610428,groundplane,sky,219.85029999999998,13.474560000000002,0.06128942608026427,-0.1667532,-1.021069e-17
0.3238,0.1524,0.05,1.721687,groundplane,sky,219.8502,13.474560000000002,0.06128945395794975,-0.3329501,-2.038731e-17
0.3238,0.1778,0.05,1.832946,groundplane,sky,219.8501,13.474560000000002,0.061289481835660596,-0.499147,-3.056394e-17
0.3238,0.2032,0.05,1.944206,groundplane,sky,219.8501,13.474560000000002,0.061289481835660596,-0.6653439,-4.074056e-17
