x,y,z,rearZ,mattype,rearMat,Wm2Front,Wm2Back,Back/FrontRatio,rearX,rearY
0.3238,3.247255e-17,0.05,0.8865217,groundplane,sky,323.4807,34.80069,0.1075816344479456,0.513464,3.14406e-17
0.3238,0.0254,0.05,1.039731,groundplane,sky,323.4787,34.80069,0.10758229960025315,0.3849065,2.356873e-17
0.3238,0.0508,0.05,1.192939,groundplane,sky,323.4785,34.80069,0.10758236611593627,0.256349,1.569685e-17
0.3238,0.0762,0.05,1.346148,groundplane,sky,323.4784,34.80069,0.10758239937380866,0.1277915,7.824971e-18
0.3238,0.1016,0.05,1.499357,groundplane,sky,323.4783,34.80069,0.10758243263170164,-0.0007660444,-4.690669e-20
0.3238,0.127,0.05,1.652566,groundplane,sky,323.4782,34.80069,0.10758246588961518,-0.1293236,-7.918785e-18
0.3238,0.1524,0.05,1.805775,groundplane,sky,323.4781,34.80069,0.10758249914754928,-0.2578811,-1.579066e-17
0.3238,0.1778,0.05,1.958984,groundplane,sky,323.4779,34.80069,0.10758256566347915,-0.3864386,-2.366254e-17
0.3238,0.2032,0.05,2.112193,groundplane,sky,323.4778,34.80069,0.10758259892147493,-0.5149961,-3.153442e-17
