x,y,z,rearZ,mattype,rearMat,Wm2Front,Wm2Back,Back/FrontRatio,rearX,rearY
1.5238,4.899765e-17,0.05,1.466477,groundplane,sky,814.3076,15.772619999999998,0.019369339830133194,0.7992979,4.894288e-17
1.5238,0.0254,0.05,1.474608,groundplane,sky,814.3082,15.772619999999998,0.01936932555839968,0.5994633,3.670654e-17
1.5238,0.0508,0.05,1.482739,groundplane,sky,814.3076,15.772619999999998,0.019369339830133194,0.3996286,2.44702e-17
1.5238,0.0762,0.05,1.49087,groundplane,sky,814.3071,15.772619999999998,0.019369351723260517,0.199794,1.223385e-17
1.5238,0.1016,0.05,1.499001,groundplane,sky,814.3066,15.772619999999998,0.019369363616402447,-4.065496e-05,-2.489399e-21
1.5238,0.127,0.05,1.507132,groundplane,sky,814.306,15.772619999999998,0.019369377888192044,-0.1998753,-1.223883e-17
1.5238,0.1524,0.05,1.515263,groundplane,sky,814.3055,15.772619999999998,0.019369389781366105,-0.39971,-2.447518e-17
1.5238,0.1778,0.05,1.523394,groundplane,sky,814.305,15.772619999999998,0.019369401674554775,-0.5995446,-3.671152e-17
1.5238,0.2032,0.05,1.531525,groundplane,sky,814.3044,15.772619999999998,0.019369415946400452,-0.7993793,-4.894786e-17
