x,y,z,rearZ,mattype,rearMat,Wm2Front,Wm2Back,Back/FrontRatio,rearX,rearY
0.3238,3.050247e-17,0.05,2.112193,groundplane,sky,323.2017,40.87973,0.12648325648269648,0.5149961,3.153442e-17
0.3238,0.0254,0.05,1.958984,groundplane,sky,323.2053,40.87973,0.12648184766200413,0.3864386,2.366254e-17
0.3238,0.0508,0.05,1.805775,groundplane,sky,323.2051,40.87973,0.126481925928997,0.2578811,1.579066e-17
0.3238,0.0762,0.05,1.652566,groundplane,sky,323.205,40.87973,0.1264819650625298,0.1293236,7.918785e-18
0.3238,0.1016,0.05,1.499357,groundplane,sky,323.2048,40.87973,0.126482043329668,0.0007660444,4.690669e-20
0.3238,0.127,0.05,1.346148,groundplane,sky,323.2047,40.87973,0.12648208246327342,-0.1277915,-7.824971e-18
0.3238,0.1524,0.05,1.192939,groundplane,sky,323.2045,40.87973,0.1264821607305569,-0.256349,-1.569685e-17
0.3238,0.1778,0.05,1.039731,groundplane,sky,323.2044,40.87973,0.12648219986423495,-0.3849065,-2.356873e-17
0.3238,0.2032,0.05,0.8865217,groundplane,sky,323.2042,40.87973,0.12648227813166374,-0.513464,-3.14406e-17
