x,y,z,rearZ,mattype,rearMat,Wm2Front,Wm2Back,Back/FrontRatio,rearX,rearY
0.3238,3.247255e-17,0.05,0.8865217,groundplane,sky,472.8472,34.77867,0.07355144843524836,0.513464,3.14406e-17
0.3238,0.0254,0.05,1.039731,groundplane,sky,472.84559999999993,34.77867,0.0735516973157891,0.3849065,2.356873e-17
0.3238,0.0508,0.05,1.192939,groundplane,sky,472.8453,34.77867,0.073551743981078,0.256349,1.569685e-17
0.3238,0.0762,0.05,1.346148,groundplane,sky,472.8451,34.77867,0.07355177509130349,0.1277915,7.824971e-18
0.3238,0.1016,0.05,1.499357,groundplane,sky,472.8449,34.77867,0.07355180620155531,-0.0007660444,-4.690669e-20
0.3238,0.127,0.05,1.652566,groundplane,sky,472.84469999999993,34.77867,0.07355183731183344,-0.1293236,-7.918785e-18
0.3238,0.1524,0.05,1.805775,groundplane,sky,472.8445,34.77867,0.07355186842213789,-0.2578811,-1.579066e-17
0.3238,0.1778,0.05,1.958984,groundplane,sky,472.8443,34.77867,0.07355189953246866,-0.3864386,-2.366254e-17
0.3238,0.2032,0.05,2.112193,groundplane,sky,472.8441,34.77867,0.07355193064282574,-0.5149961,-3.153442e-17
