x,y,z,rearZ,mattype,rearMat,Wm2Front,Wm2Back,Back/FrontRatio,rearX,rearY
1.5238,4.814972e-17,0.05,1.329826,groundplane,sky,800.8456,16.13217,0.020143895222880386,0.7816917,4.786481e-17
1.5238,0.0254,0.05,1.372125,groundplane,sky,800.8458,16.13217,0.02014389019223152,0.5862159,3.589537e-17
1.5238,0.0508,0.05,1.414424,groundplane,sky,800.8453,16.13217,0.020143902768858395,0.3907401,2.392593e-17
1.5238,0.0762,0.05,1.456724,groundplane,sky,800.8448,16.13217,0.02014391534550097,0.1952643,1.195649e-17
1.5238,0.1016,0.05,1.499023,groundplane,sky,800.8443000000001,16.13217,0.020143927922159244,-0.0002114954,-1.295036e-20
1.5238,0.127,0.05,1.541322,groundplane,sky,800.8438,16.13217,0.02014394049883323,-0.1956873,-1.198239e-17
1.5238,0.1524,0.05,1.583621,groundplane,sky,800.8433,16.13217,0.02014395307552292,-0.3911631,-2.395183e-17
1.5238,0.1778,0.05,1.62592,groundplane,sky,800.8428,16.13217,0.02014396565222831,-0.5866389,-3.592127e-17
1.5238,0.2032,0.05,1.668219,groundplane,sky,800.8422,16.13217,0.02014398074429551,-0.7821147,-4.789071e-17
