x,y,z,rearZ,mattype,rearMat,Wm2Front,Wm2Back,Back/FrontRatio,rearX,rearY
2.7238,3.050247e-17,0.05,2.112193,groundplane,sky,373.72599999999994,42.79,0.11449534018146938,0.5149961,3.153442e-17
2.7238,0.0254,0.05,1.958984,groundplane,sky,373.7293,42.79,0.11449432919942536,0.3864386,2.366254e-17
2.7238,0.0508,0.05,1.805775,groundplane,sky,373.7291,42.79,0.11449439047055615,0.2578811,1.579066e-17
2.7238,0.0762,0.05,1.652566,groundplane,sky,373.7289,42.79,0.11449445174175253,0.1293236,7.918785e-18
2.7238,0.1016,0.05,1.499357,groundplane,sky,373.72869999999995,42.79,0.11449451301301451,0.0007660444,4.690669e-20
2.7238,0.127,0.05,1.346148,groundplane,sky,373.7285,42.79,0.11449457428434202,-0.1277915,-7.824971e-18
2.7238,0.1524,0.05,1.192939,groundplane,sky,373.7284,42.79,0.11449460492003037,-0.256349,-1.569685e-17
2.7238,0.1778,0.05,1.039731,groundplane,sky,373.7282,42.79,0.11449466619145628,-0.3849065,-2.356873e-17
2.7238,0.2032,0.05,0.8865217,groundplane,sky,373.728,42.79,0.11449472746294775,-0.513464,-3.14406e-17
