x,y,z,rearZ,mattype,rearMat,Wm2Front,Wm2Back,Back/FrontRatio,rearX,rearY
1.5238,3.050247e-17,0.05,2.112193,groundplane,sky,555.5154,35.81717,0.0644754502297322,0.5149961,3.153442e-17
1.5238,0.0254,0.05,1.958984,groundplane,sky,555.5179,35.81717,0.06447516007106148,0.3864386,2.366254e-17
1.5238,0.0508,0.05,1.805775,groundplane,sky,555.5176,35.81717,0.06447519488996407,0.2578811,1.579066e-17
1.5238,0.0762,0.05,1.652566,groundplane,sky,555.5172,35.81717,0.06447524131522603,0.1293236,7.918785e-18
1.5238,0.1016,0.05,1.499357,groundplane,sky,555.5169,35.81717,0.06447527613421639,0.0007660444,4.690669e-20
1.5238,0.127,0.05,1.346148,groundplane,sky,555.5165,35.81717,0.06447532255959533,-0.1277915,-7.824971e-18
1.5238,0.1524,0.05,1.192939,groundplane,sky,555.5162,35.81717,0.06447535737867342,-0.256349,-1.569685e-17
1.5238,0.1778,0.05,1.039731,groundplane,sky,555.5159,35.81717,0.06447539219778912,-0.3849065,-2.356873e-17
1.5238,0.2032,0.05,0.8865217,groundplane,sky,555.5156,35.81717,0.06447542701694244,-0.513464,-3.14406e-17
