x,y,z,rearZ,mattype,rearMat,Wm2Front,Wm2Back,Back/FrontRatio,rearX,rearY
2.7238,3.862189e-17,0.05,0.9904734,groundplane,sky,672.3933,22.68597,0.033739087318259545,0.6167525,3.77652e-17
2.7238,0.0254,0.05,1.117662,groundplane,sky,672.3927,22.68597,0.033739117424806335,0.4624054,2.831417e-17
2.7238,0.0508,0.05,1.244851,groundplane,sky,672.3923,22.68597,0.03373913749586738,0.3080583,1.886313e-17
2.7238,0.0762,0.05,1.37204,groundplane,sky,672.3919,22.68597,0.0337391575669523,0.1537112,9.412095e-18
2.7238,0.1016,0.05,1.499228,groundplane,sky,672.3915,22.68597,0.033739177638061106,-0.0006359435,-3.894031e-20
2.7238,0.127,0.05,1.626417,groundplane,sky,672.3912,22.68597,0.033739192691408376,-0.1549831,-9.489975e-18
2.7238,0.1524,0.05,1.753606,groundplane,sky,672.3908,22.68597,0.03373921276255897,-0.3093302,-1.894101e-17
2.7238,0.1778,0.05,1.880794,groundplane,sky,672.3904,22.68597,0.03373923283373345,-0.4636773,-2.839205e-17
2.7238,0.2032,0.05,2.007983,groundplane,sky,672.39,22.68597,0.03373925290493181,-0.6180244,-3.784308e-17
