x,y,z,rearZ,mattype,rearMat,Wm2Front,Wm2Back,Back/FrontRatio,rearX,rearY
0.3238,3.909738e-17,0.05,1.964544,groundplane,sky,691.3291,24.697330000000004,0.035724366695446944,0.6513061,3.988099e-17
0.3238,0.0254,0.05,1.848205,groundplane,sky,691.3322,24.697330000000004,0.035724206504186416,0.488625,2.991965e-17
0.3238,0.0508,0.05,1.731865,groundplane,sky,691.3317000000001,24.697330000000004,0.03572423234138932,0.3259439,1.995831e-17
0.3238,0.0762,0.05,1.615526,groundplane,sky,691.3312,24.697330000000004,0.03572425817862962,0.1632628,9.996962e-18
0.3238,0.1016,0.05,1.499187,groundplane,sky,691.3307,24.697330000000004,0.03572428401590728,0.0005816972,3.561868e-20
0.3238,0.127,0.05,1.382847,groundplane,sky,691.3302,24.697330000000004,0.035724309853222315,-0.1620994,-9.925725e-18
0.3238,0.1524,0.05,1.266508,groundplane,sky,691.3296999999999,24.697330000000004,0.035724335690574725,-0.3247805,-1.988707e-17
0.3238,0.1778,0.05,1.150168,groundplane,sky,691.3292,24.697330000000004,0.0357243615279645,-0.4874616,-2.984841e-17
0.3238,0.2032,0.05,1.033829,groundplane,sky,691.3287999999999,24.697330000000004,0.03572438219790324,-0.6501427,-3.980976e-17
