x,y,z,rearZ,mattype,rearMat,Wm2Front,Wm2Back,Back/FrontRatio,rearX,rearY
5.1238,4.688989e-17,0.05,1.246664,groundplane,sky,114.4903,5.657877,0.049417527794688325,0.7588294,4.64649e-17
5.1238,0.0254,0.05,1.309761,groundplane,sky,114.4889,5.657877,0.049418132079772976,0.5690432,3.484384e-17
5.1238,0.0508,0.05,1.372858,groundplane,sky,114.4889,5.657877,0.049418132079772976,0.379257,2.322279e-17
5.1238,0.0762,0.05,1.435954,groundplane,sky,114.4889,5.657877,0.049418132079772976,0.1894707,1.160174e-17
5.1238,0.1016,0.05,1.499051,groundplane,sky,114.48880000000001,5.657877,0.04941817524355881,-0.0003154834,-1.931779e-20
5.1238,0.127,0.05,1.562148,groundplane,sky,114.48880000000001,5.657877,0.04941817524355881,-0.1901017,-1.164037e-17
5.1238,0.1524,0.05,1.625244,groundplane,sky,114.48880000000001,5.657877,0.04941817524355881,-0.3798879,-2.326143e-17
5.1238,0.1778,0.05,1.688341,groundplane,sky,114.4887,5.657877,0.049418218407420056,-0.5696741,-3.488248e-17
5.1238,0.2032,0.05,1.751438,groundplane,sky,114.4887,5.657877,0.049418218407420056,-0.7594604,-4.650353e-17
