x,y,z,rearZ,mattype,rearMat,Wm2Front,Wm2Back,Back/FrontRatio,rearX,rearY
3.9238,3.247255e-17,0.05,0.8865217,groundplane,sky,323.3154,34.80069,0.10763663705274464,0.513464,3.14406e-17
3.9238,0.0254,0.05,1.039731,groundplane,sky,323.3137,34.80069,0.10763720300994668,0.3849065,2.356873e-17
3.9238,0.0508,0.05,1.192939,groundplane,sky,323.3135,34.80069,0.1076372695935382,0.256349,1.569685e-17
3.9238,0.0762,0.05,1.346148,groundplane,sky,323.3134,34.80069,0.10763730288536486,0.1277915,7.824971e-18
3.9238,0.1016,0.05,1.499357,groundplane,sky,323.3133,34.80069,0.10763733617721209,-0.0007660444,-4.690669e-20
3.9238,0.127,0.05,1.652566,groundplane,sky,323.3132,34.80069,0.10763736946907994,-0.1293236,-7.918785e-18
3.9238,0.1524,0.05,1.805775,groundplane,sky,323.313,34.80069,0.10763743605287741,-0.2578811,-1.579066e-17
3.9238,0.1778,0.05,1.958984,groundplane,sky,323.3129,34.80069,0.10763746934480703,-0.3864386,-2.366254e-17
3.9238,0.2032,0.05,2.112193,groundplane,sky,323.3128,34.80069,0.10763750263675725,-0.5149961,-3.153442e-17
