x,y,z,rearZ,mattype,rearMat,Wm2Front,Wm2Back,Back/FrontRatio,rearX,rearY
1.5238,4.900244e-17,0.05,1.48085,groundplane,sky,5.735193,0.6495788,0.1132421450951877,0.7997714,4.897187e-17
1.5238,0.0254,0.05,1.485388,groundplane,sky,5.735021,0.6495788,0.11324554076772034,0.5998229,3.672856e-17
1.5238,0.0508,0.05,1.489925,groundplane,sky,5.735021,0.6495788,0.11324554076772034,0.3998744,2.448524e-17
1.5238,0.0762,0.05,1.494463,groundplane,sky,5.73502,0.6495788,0.11324556051059795,0.1999258,1.224193e-17
1.5238,0.1016,0.05,1.499,groundplane,sky,5.735019,0.6495788,0.11324558025348241,-2.268733e-05,-1.389199e-21
1.5238,0.127,0.05,1.503538,groundplane,sky,5.735018,0.6495788,0.11324559999637378,-0.1999712,-1.224471e-17
1.5238,0.1524,0.05,1.508075,groundplane,sky,5.735018,0.6495788,0.11324559999637378,-0.3999197,-2.448802e-17
1.5238,0.1778,0.05,1.512613,groundplane,sky,5.735017,0.6495788,0.11324561973927204,-0.5998683,-3.673134e-17
1.5238,0.2032,0.05,1.51715,groundplane,sky,5.735015999999999,0.6495788,0.1132456394821772,-0.7998168,-4.897465e-17
