x,y,z,rearZ,mattype,rearMat,Wm2Front,Wm2Back,Back/FrontRatio,rearX,rearY
5.1238,3.682322e-17,0.05,2.011105,groundplane,sky,664.3765,26.884740000000004,0.040466060334674196,0.6154454,3.768516e-17
5.1238,0.0254,0.05,1.883136,groundplane,sky,664.3781,26.884740000000004,0.04046596288173424,0.461744,2.827367e-17
5.1238,0.0508,0.05,1.755168,groundplane,sky,664.3776,26.884740000000004,0.040465993335727556,0.3080426,1.886217e-17
5.1238,0.0762,0.05,1.6272,groundplane,sky,664.3772,26.884740000000004,0.04046601769895521,0.1543412,9.450674e-18
5.1238,0.1016,0.05,1.499231,groundplane,sky,664.3768,26.884740000000004,0.0404660420622122,0.0006398415,3.917899e-20
5.1238,0.127,0.05,1.371263,groundplane,sky,664.3763,26.884740000000004,0.04046607251632469,-0.1530615,-9.372316e-18
5.1238,0.1524,0.05,1.243295,groundplane,sky,664.3759,26.884740000000004,0.04046609687964769,-0.3067629,-1.878381e-17
5.1238,0.1778,0.05,1.115327,groundplane,sky,664.3754,26.884740000000004,0.04046612733384269,-0.4604643,-2.819531e-17
5.1238,0.2032,0.05,0.9873583,groundplane,sky,664.375,26.884740000000004,0.040466151697231695,-0.6141657,-3.76068e-17
