x,y,z,rearZ,mattype,rearMat,Wm2Front,Wm2Back,Back/FrontRatio,rearX,rearY
2.7238,3.247255e-17,0.05,0.8865217,groundplane,sky,560.9529,31.29232,0.055784120584597065,0.513464,3.14406e-17
2.7238,0.0254,0.05,1.039731,groundplane,sky,560.9517,31.29232,0.055784239918980696,0.3849065,2.356873e-17
2.7238,0.0508,0.05,1.192939,groundplane,sky,560.9514,31.29232,0.05578426975265637,0.256349,1.569685e-17
2.7238,0.0762,0.05,1.346148,groundplane,sky,560.9511,31.29232,0.055784299586363974,0.1277915,7.824971e-18
2.7238,0.1016,0.05,1.499357,groundplane,sky,560.9508,31.29232,0.05578432942010348,-0.0007660444,-4.690669e-20
2.7238,0.127,0.05,1.652566,groundplane,sky,560.9506,31.29232,0.055784349309280876,-0.1293236,-7.918785e-18
2.7238,0.1524,0.05,1.805775,groundplane,sky,560.9503,31.29232,0.05578437914307357,-0.2578811,-1.579066e-17
2.7238,0.1778,0.05,1.958984,groundplane,sky,560.95,31.29232,0.05578440897689816,-0.3864386,-2.366254e-17
2.7238,0.2032,0.05,2.112193,groundplane,sky,560.9497,31.29232,0.05578443881075467,-0.5149961,-3.153442e-17
