x,y,z,rearZ,mattype,rearMat,Wm2Front,Wm2Back,Back/FrontRatio,rearX,rearY
5.1238,3.247255e-17,0.05,0.8865217,groundplane,sky,561.2966,31.29232,0.05574996223037476,0.513464,3.14406e-17
5.1238,0.0254,0.05,1.039731,groundplane,sky,561.2957,31.29232,0.05575005162153991,0.3849065,2.356873e-17
5.1238,0.0508,0.05,1.192939,groundplane,sky,561.2954,31.29232,0.05575008141865867,0.256349,1.569685e-17
5.1238,0.0762,0.05,1.346148,groundplane,sky,561.2952,31.29232,0.05575010128342219,0.1277915,7.824971e-18
5.1238,0.1016,0.05,1.499357,groundplane,sky,561.2949,31.29232,0.05575013108059404,-0.0007660444,-4.690669e-20
5.1238,0.127,0.05,1.652566,groundplane,sky,561.2946,31.29232,0.05575016087779773,-0.1293236,-7.918785e-18
5.1238,0.1524,0.05,1.805775,groundplane,sky,561.2943,31.29232,0.05575019067503327,-0.2578811,-1.579066e-17
5.1238,0.1778,0.05,1.958984,groundplane,sky,561.294,31.29232,0.05575022047230067,-0.3864386,-2.366254e-17
5.1238,0.2032,0.05,2.112193,groundplane,sky,561.2937,31.29232,0.05575025026959992,-0.5149961,-3.153442e-17
