x,y,z,rearZ,mattype,rearMat,Wm2Front,Wm2Back,Back/FrontRatio,rearX,rearY
2.7238,3.488743e-17,0.05,0.922769,groundplane,sky,271.6747,26.05893,0.09591925225553852,0.5539002,3.39166e-17
2.7238,0.0254,0.05,1.066903,groundplane,sky,271.6729,26.05893,0.09591988777722114,0.415245,2.542642e-17
2.7238,0.0508,0.05,1.211038,groundplane,sky,271.6728,26.05893,0.09591992308422823,0.2765898,1.693624e-17
2.7238,0.0762,0.05,1.355172,groundplane,sky,271.6727,26.05893,0.09591995839126129,0.1379345,8.446055e-18
2.7238,0.1016,0.05,1.499307,groundplane,sky,271.6726,26.05893,0.09591999369832035,-0.0007206721,-4.412844e-20
2.7238,0.127,0.05,1.643441,groundplane,sky,271.6725,26.05893,0.09592002900540539,-0.1393759,-8.534311e-18
2.7238,0.1524,0.05,1.787576,groundplane,sky,271.6724,26.05893,0.09592006431251644,-0.2780311,-1.702449e-17
2.7238,0.1778,0.05,1.93171,groundplane,sky,271.6723,26.05893,0.09592009961965346,-0.4166863,-2.551468e-17
2.7238,0.2032,0.05,2.075844,groundplane,sky,271.6722,26.05893,0.0959201349268165,-0.5553415,-3.400486e-17
