x,y,z,rearZ,mattype,rearMat,Wm2Front,Wm2Back,Back/FrontRatio,rearX,rearY
5.1238,4.838549e-17,0.05,1.604814,groundplane,sky,803.237,17.11739,0.021310483318767292,0.7931047,4.856366e-17
5.1238,0.0254,0.05,1.578363,groundplane,sky,803.2378,17.11739,0.021310462094211585,0.5948616,3.642477e-17
5.1238,0.0508,0.05,1.551911,groundplane,sky,803.2372,17.11739,0.0213104780126244,0.3966185,2.428588e-17
5.1238,0.0762,0.05,1.52546,groundplane,sky,803.2365999999998,17.11739,0.021310493931061002,0.1983754,1.214699e-17
5.1238,0.1016,0.05,1.499009,groundplane,sky,803.2361,17.11739,0.021310507196442997,0.0001322564,8.098368e-21
5.1238,0.127,0.05,1.472558,groundplane,sky,803.2355000000001,17.11739,0.021310523114923187,-0.1981109,-1.213079e-17
5.1238,0.1524,0.05,1.446106,groundplane,sky,803.235,17.11739,0.02131053638034152,-0.396354,-2.426968e-17
5.1238,0.1778,0.05,1.419655,groundplane,sky,803.2343999999999,17.11739,0.021310552298865318,-0.5945971,-3.640857e-17
5.1238,0.2032,0.05,1.393204,groundplane,sky,803.2338,17.11739,0.02131056821741289,-0.7928402,-4.854746e-17
