x,y,z,rearZ,mattype,rearMat,Wm2Front,Wm2Back,Back/FrontRatio,rearX,rearY
3.9238,3.247255e-17,0.05,0.8865217,groundplane,sky,561.4359,31.29232,0.05573612991949764,0.513464,3.14406e-17
3.9238,0.0254,0.05,1.039731,groundplane,sky,561.4349,31.29232,0.05573622919375124,0.3849065,2.356873e-17
3.9238,0.0508,0.05,1.192939,groundplane,sky,561.4346,31.29232,0.05573625897609628,0.256349,1.569685e-17
3.9238,0.0762,0.05,1.346148,groundplane,sky,561.4343,31.29232,0.055736288758473154,0.1277915,7.824971e-18
3.9238,0.1016,0.05,1.499357,groundplane,sky,561.4341,31.29232,0.05573630861340875,-0.0007660444,-4.690669e-20
3.9238,0.127,0.05,1.652566,groundplane,sky,561.4338,31.29232,0.055736338395838664,-0.1293236,-7.918785e-18
3.9238,0.1524,0.05,1.805775,groundplane,sky,561.4335,31.29232,0.05573636817830041,-0.2578811,-1.579066e-17
3.9238,0.1778,0.05,1.958984,groundplane,sky,561.4332,31.29232,0.05573639796079398,-0.3864386,-2.366254e-17
3.9238,0.2032,0.05,2.112193,groundplane,sky,561.4329,31.29232,0.05573642774331938,-0.5149961,-3.153442e-17
