x,y,z,rearZ,mattype,rearMat,Wm2Front,Wm2Back,Back/FrontRatio,rearX,rearY
5.1238,4.483335e-17,0.05,1.157083,groundplane,sky,166.0488,8.721445,0.0525230683806906,0.7227788,4.425744e-17
5.1238,0.0254,0.05,1.242587,groundplane,sky,166.0474,8.721445,0.052523511217211355,0.5419773,3.318654e-17
5.1238,0.0508,0.05,1.32809,groundplane,sky,166.0474,8.721445,0.052523511217211355,0.3611757,2.211563e-17
5.1238,0.0762,0.05,1.413593,groundplane,sky,166.0473,8.721445,0.052523542848677156,0.1803741,1.104473e-17
5.1238,0.1016,0.05,1.499096,groundplane,sky,166.0473,8.721445,0.052523542848677156,-0.0004275156,-2.617778e-20
5.1238,0.127,0.05,1.584599,groundplane,sky,166.0473,8.721445,0.052523542848677156,-0.1812291,-1.109708e-17
5.1238,0.1524,0.05,1.670102,groundplane,sky,166.0472,8.721445,0.05252357448018105,-0.3620307,-2.216799e-17
5.1238,0.1778,0.05,1.755605,groundplane,sky,166.0472,8.721445,0.05252357448018105,-0.5428323,-3.323889e-17
5.1238,0.2032,0.05,1.841109,groundplane,sky,166.0471,8.721445,0.05252360611172304,-0.7236339,-4.43098e-17
