x,y,z,rearZ,mattype,rearMat,Wm2Front,Wm2Back,Back/FrontRatio,rearX,rearY
3.9238,4.043105e-17,0.05,1.9337,groundplane,sky,221.6848,17.97073,0.08106396530585179,0.6722391,4.116277e-17
3.9238,0.0254,0.05,1.825065,groundplane,sky,221.68819999999997,17.97073,0.08106272204509737,0.5043151,3.088039e-17
3.9238,0.0508,0.05,1.71643,groundplane,sky,221.6881,17.97073,0.08106275861104582,0.3363911,2.059802e-17
3.9238,0.0762,0.05,1.607795,groundplane,sky,221.688,17.97073,0.08106279517702727,0.1684671,1.031564e-17
3.9238,0.1016,0.05,1.49916,groundplane,sky,221.6879,17.97073,0.0810628317430417,0.0005431744,3.325984e-20
3.9238,0.127,0.05,1.390525,groundplane,sky,221.6878,17.97073,0.08106286830908913,-0.1673808,-1.024912e-17
3.9238,0.1524,0.05,1.281891,groundplane,sky,221.68770000000004,17.97073,0.08106290487516954,-0.3353048,-2.05315e-17
3.9238,0.1778,0.05,1.173256,groundplane,sky,221.6876,17.97073,0.08106294144128295,-0.5032287,-3.081387e-17
3.9238,0.2032,0.05,1.064621,groundplane,sky,221.6875,17.97073,0.08106297800742934,-0.6711527,-4.109625e-17
