x,y,z,rearZ,mattype,rearMat,Wm2Front,Wm2Back,Back/FrontRatio,rearX,rearY
2.7238,4.813376e-17,0.05,1.328462,groundplane,sky,66.69489,3.737194,0.05603334778199976,0.7813935,4.784655e-17
2.7238,0.0254,0.05,1.371102,groundplane,sky,66.69367,3.737194,0.05603437276172144,0.5859918,3.588165e-17
2.7238,0.0508,0.05,1.413743,groundplane,sky,66.69366,3.737194,0.056034381163349516,0.3905902,2.391675e-17
2.7238,0.0762,0.05,1.456383,groundplane,sky,66.69364,3.737194,0.056034397966613206,0.1951885,1.195185e-17
2.7238,0.1016,0.05,1.499023,groundplane,sky,66.69363,3.737194,0.056034406368248836,-0.0002132009,-1.305479e-20
2.7238,0.127,0.05,1.541663,groundplane,sky,66.69362,3.737194,0.056034414769886985,-0.1956149,-1.197796e-17
2.7238,0.1524,0.05,1.584303,groundplane,sky,66.6936,3.737194,0.05603443157317084,-0.3910166,-2.394286e-17
2.7238,0.1778,0.05,1.626944,groundplane,sky,66.69359,3.737194,0.056034439974816545,-0.5864182,-3.590776e-17
2.7238,0.2032,0.05,1.669584,groundplane,sky,66.69357,3.737194,0.05603445677811552,-0.7818199,-4.787266e-17
