x,y,z,rearZ,mattype,rearMat,Wm2Front,Wm2Back,Back/FrontRatio,rearX,rearY
0.3238,4.268501e-17,0.05,1.08807,groundplane,sky,729.8599,19.11997,0.026196731459378078,0.6857946,4.199281e-17
0.3238,0.0254,0.05,1.190838,groundplane,sky,729.8593999999999,19.11997,0.02619674940577678,0.5142175,3.148674e-17
0.3238,0.0508,0.05,1.293606,groundplane,sky,729.859,19.11997,0.02619676376291343,0.3426404,2.098067e-17
0.3238,0.0762,0.05,1.396374,groundplane,sky,729.8586,19.11997,0.02619677812006583,0.1710633,1.04746e-17
0.3238,0.1016,0.05,1.499142,groundplane,sky,729.8582,19.11997,0.026196792477233964,-0.0005138407,-3.146367e-20
0.3238,0.127,0.05,1.60191,groundplane,sky,729.8577,19.11997,0.02619681042371626,-0.172091,-1.053753e-17
0.3238,0.1524,0.05,1.704678,groundplane,sky,729.8573,19.11997,0.0261968247809198,-0.3436681,-2.10436e-17
0.3238,0.1778,0.05,1.807447,groundplane,sky,729.8569000000001,19.11997,0.026196839138139076,-0.5152452,-3.154967e-17
0.3238,0.2032,0.05,1.910215,groundplane,sky,729.8564,19.11997,0.026196857084685308,-0.6868223,-4.205574e-17
