x,y,z,rearZ,mattype,rearMat,Wm2Front,Wm2Back,Back/FrontRatio,rearX,rearY
1.5238,3.393934e-17,0.05,2.061607,groundplane,sky,272.9519,31.14798,0.1141148527822932,0.5697352,3.488622e-17
1.5238,0.0254,0.05,1.921028,groundplane,sky,272.9547,31.14798,0.11411368218359244,0.4274771,2.617542e-17
1.5238,0.0508,0.05,1.780448,groundplane,sky,272.9546,31.14798,0.11411372399027535,0.285219,1.746463e-17
1.5238,0.0762,0.05,1.639868,groundplane,sky,272.9545,31.14798,0.1141137657969889,0.142961,8.753835e-18
1.5238,0.1016,0.05,1.499289,groundplane,sky,272.9543,31.14798,0.1141138494105079,0.0007028983,4.304011e-20
1.5238,0.127,0.05,1.358709,groundplane,sky,272.9542,31.14798,0.11411389121731333,-0.1415552,-8.667755e-18
1.5238,0.1524,0.05,1.218129,groundplane,sky,272.9541,31.14798,0.1141139330241494,-0.2838132,-1.737855e-17
1.5238,0.1778,0.05,1.07755,groundplane,sky,272.954,31.14798,0.11411397483101611,-0.4260713,-2.608934e-17
1.5238,0.2032,0.05,0.9369701,groundplane,sky,272.9539,31.14798,0.11411401663791347,-0.5683294,-3.480014e-17
