x,y,z,rearZ,mattype,rearMat,Wm2Front,Wm2Back,Back/FrontRatio,rearX,rearY
3.9238,3.197816e-17,0.05,2.091596,groundplane,sky,596.4865,32.6211,0.05468865650998554,0.5385304,3.297548e-17
3.9238,0.0254,0.05,1.943529,groundplane,sky,596.4894,32.6211,0.05468839062623639,0.4040829,2.474294e-17
3.9238,0.0508,0.05,1.795462,groundplane,sky,596.489,32.6211,0.05468842729970326,0.2696354,1.651041e-17
3.9238,0.0762,0.05,1.647395,groundplane,sky,596.4886,32.6211,0.05468846397321931,0.1351879,8.277869e-18
3.9238,0.1016,0.05,1.499328,groundplane,sky,596.4883,32.6211,0.05468849147838863,0.0007403355,4.533247e-20
3.9238,0.127,0.05,1.351261,groundplane,sky,596.4879,32.6211,0.05468852815199076,-0.1337072,-8.187204e-18
3.9238,0.1524,0.05,1.203194,groundplane,sky,596.4875,32.6211,0.05468856482564207,-0.2681547,-1.641974e-17
3.9238,0.1778,0.05,1.055126,groundplane,sky,596.4872,32.6211,0.05468859233091283,-0.4026022,-2.465228e-17
3.9238,0.2032,0.05,0.9070594,groundplane,sky,596.4869,32.6211,0.05468861983621126,-0.5370497,-3.288481e-17
