x,y,z,rearZ,mattype,rearMat,Wm2Front,Wm2Back,Back/FrontRatio,rearX,rearY
2.7238,3.406088e-17,0.05,0.9097852,groundplane,sky,600.0474,28.645300000000002,0.04773831577586075,0.540044,3.306816e-17
2.7238,0.0254,0.05,1.05717,groundplane,sky,600.0463,28.645300000000002,0.04773840328920737,0.4048488,2.478984e-17
2.7238,0.0508,0.05,1.204555,groundplane,sky,600.046,28.645300000000002,0.047738427156539406,0.2696535,1.651152e-17
2.7238,0.0762,0.05,1.351939,groundplane,sky,600.0457,28.645300000000002,0.04773845102389531,0.1344583,8.233197e-18
2.7238,0.1016,0.05,1.499324,groundplane,sky,600.0453,28.645300000000002,0.04773848284707364,-0.0007369235,-4.512355e-20
2.7238,0.127,0.05,1.646709,groundplane,sky,600.045,28.645300000000002,0.047738506714485235,-0.1359322,-8.323444e-18
2.7238,0.1524,0.05,1.794093,groundplane,sky,600.0447,28.645300000000002,0.04773853058192068,-0.2711274,-1.660176e-17
2.7238,0.1778,0.05,1.941478,groundplane,sky,600.0444,28.645300000000002,0.04773855444938,-0.4063226,-2.488008e-17
2.7238,0.2032,0.05,2.088863,groundplane,sky,600.0441,28.645300000000002,0.04773857831686319,-0.5415178,-3.31584e-17
