x,y,z,rearZ,mattype,rearMat,Wm2Front,Wm2Back,Back/FrontRatio,rearX,rearY
5.1238,4.720993e-17,0.05,1.264479,groundplane,sky,787.9717,16.73586,0.021239136838116342,0.7645462,4.681495e-17
5.1238,0.0254,0.05,1.32312,groundplane,sky,787.9716,16.73586,0.021239139533532004,0.5733363,3.510673e-17
5.1238,0.0508,0.05,1.381762,groundplane,sky,787.971,16.73586,0.021239155706040316,0.3821265,2.33985e-17
5.1238,0.0762,0.05,1.440403,groundplane,sky,787.9705,16.73586,0.02123916918314939,0.1909166,1.169027e-17
5.1238,0.1016,0.05,1.499044,groundplane,sky,787.9699999999999,16.73586,0.02123918266027557,-0.0002932061,-1.79537e-20
5.1238,0.127,0.05,1.557685,groundplane,sky,787.9695,16.73586,0.02123919613741885,-0.1915031,-1.172618e-17
5.1238,0.1524,0.05,1.616326,groundplane,sky,787.969,16.73586,0.021239209614579233,-0.3827129,-2.343441e-17
5.1238,0.1778,0.05,1.674968,groundplane,sky,787.9685,16.73586,0.021239223091756725,-0.5739228,-3.514263e-17
5.1238,0.2032,0.05,1.733609,groundplane,sky,787.968,16.73586,0.021239236568951318,-0.7651326,-4.685086e-17
