x,y,z,rearZ,mattype,rearMat,Wm2Front,Wm2Back,Back/FrontRatio,rearX,rearY
1.5238,4.887465e-17,0.05,1.535849,groundplane,sky,810.1658000000001,16.31776,0.02014123511355933,0.799197,4.89367e-17
1.5238,0.0254,0.05,1.526637,groundplane,sky,810.1666,16.31776,0.020141215225096633,0.5994093,3.670323e-17
1.5238,0.0508,0.05,1.517425,groundplane,sky,810.166,16.31776,0.020141230141439974,0.3996215,2.446976e-17
1.5238,0.0762,0.05,1.508213,groundplane,sky,810.1655,16.31776,0.02014124257174297,0.1998338,1.223629e-17
1.5238,0.1016,0.05,1.499001,groundplane,sky,810.1649000000001,16.31776,0.020141257488126812,4.606039e-05,2.820385e-21
1.5238,0.127,0.05,1.489789,groundplane,sky,810.1644,16.31776,0.020141269918463562,-0.1997417,-1.223065e-17
1.5238,0.1524,0.05,1.480577,groundplane,sky,810.1637999999999,16.31776,0.020141284834887918,-0.3995294,-2.446412e-17
1.5238,0.1778,0.05,1.471365,groundplane,sky,810.1633,16.31776,0.020141297265258415,-0.5993171,-3.669759e-17
1.5238,0.2032,0.05,1.462153,groundplane,sky,810.1627,16.31776,0.020141312181723273,-0.7991049,-4.893106e-17
