x,y,z,rearZ,mattype,rearMat,Wm2Front,Wm2Back,Back/FrontRatio,rearX,rearY
1.5238,4.596319e-17,0.05,1.202107,groundplane,sky,772.9052,17.46115,0.02259155121281211,0.7424693,4.546313e-17
1.5238,0.0254,0.05,1.276348,groundplane,sky,772.9050000000001,17.46115,0.022591557058685013,0.5567592,3.409167e-17
1.5238,0.0508,0.05,1.350589,groundplane,sky,772.9045,17.46115,0.022591571673380512,0.371049,2.27202e-17
1.5238,0.0762,0.05,1.42483,groundplane,sky,772.904,17.46115,0.022591586288094916,0.1853389,1.134874e-17
1.5238,0.1016,0.05,1.499071,groundplane,sky,772.9035,17.46115,0.02259160090282823,-0.0003712058,-2.27298e-20
1.5238,0.127,0.05,1.573313,groundplane,sky,772.9029999999999,17.46115,0.022591615517580453,-0.1860813,-1.13942e-17
1.5238,0.1524,0.05,1.647554,groundplane,sky,772.9026,17.46115,0.022591627209395844,-0.3717915,-2.276566e-17
1.5238,0.1778,0.05,1.721795,groundplane,sky,772.9020999999999,17.46115,0.022591641824182104,-0.5575016,-3.413713e-17
1.5238,0.2032,0.05,1.796036,groundplane,sky,772.9016,17.46115,0.02259165643898727,-0.7432117,-4.550859e-17
