x,y,z,rearZ,mattype,rearMat,Wm2Front,Wm2Back,Back/FrontRatio,rearX,rearY
5.1238,4.444177e-17,0.05,1.143146,groundplane,sky,753.8546,18.13307,0.024053771040501656,0.7160003,4.384237e-17
5.1238,0.0254,0.05,1.232136,groundplane,sky,753.8539999999999,18.13307,0.02405379018511518,0.536889,3.287497e-17
5.1238,0.0508,0.05,1.321125,groundplane,sky,753.8536,18.13307,0.024053802948207786,0.3577777,2.190756e-17
5.1238,0.0762,0.05,1.410115,groundplane,sky,753.8530999999999,18.13307,0.024053818902092596,0.1786664,1.094016e-17
5.1238,0.1016,0.05,1.499104,groundplane,sky,753.8527,18.13307,0.02405383166521568,-0.0004449478,-2.72452e-20
5.1238,0.127,0.05,1.588094,groundplane,sky,753.8521999999999,18.13307,0.024053847619138584,-0.1795562,-1.099465e-17
5.1238,0.1524,0.05,1.677084,groundplane,sky,753.8518,18.13307,0.02405386038229214,-0.3586675,-2.196205e-17
5.1238,0.1778,0.05,1.766073,groundplane,sky,753.8512999999999,18.13307,0.024053876336253138,-0.5377788,-3.292946e-17
5.1238,0.2032,0.05,1.855063,groundplane,sky,753.8509,18.13307,0.024053889099437172,-0.7168901,-4.389686e-17
