x,y,z,rearZ,mattype,rearMat,Wm2Front,Wm2Back,Back/FrontRatio,rearX,rearY
0.3238,3.247255e-17,0.05,0.8865217,groundplane,sky,374.564,37.57394,0.10031353703629543,0.513464,3.14406e-17
0.3238,0.0254,0.05,1.039731,groundplane,sky,374.56200000000007,37.57394,0.10031407266601344,0.3849065,2.356873e-17
0.3238,0.0508,0.05,1.192939,groundplane,sky,374.5619,37.57394,0.10031409944764953,0.256349,1.569685e-17
0.3238,0.0762,0.05,1.346148,groundplane,sky,374.5617,37.57394,0.10031415301096454,0.1277915,7.824971e-18
0.3238,0.1016,0.05,1.499357,groundplane,sky,374.5616,37.57394,0.10031417979264348,-0.0007660444,-4.690669e-20
0.3238,0.127,0.05,1.652566,groundplane,sky,374.5614,37.57394,0.1003142333560443,-0.1293236,-7.918785e-18
0.3238,0.1524,0.05,1.805775,groundplane,sky,374.56119999999993,37.57394,0.10031428691950231,-0.2578811,-1.579066e-17
0.3238,0.1778,0.05,1.958984,groundplane,sky,374.56110000000007,37.57394,0.10031431370125274,-0.3864386,-2.366254e-17
0.3238,0.2032,0.05,2.112193,groundplane,sky,374.5609,37.57394,0.10031436726479656,-0.5149961,-3.153442e-17
