x,y,z,rearZ,mattype,rearMat,Wm2Front,Wm2Back,Back/FrontRatio,rearX,rearY
2.7238,4.073178e-17,0.05,1.037125,groundplane,sky,702.3173,20.47437,0.029152550916016283,0.6524938,3.995372e-17
2.7238,0.0254,0.05,1.15264,groundplane,sky,702.3168,20.47437,0.029152571670545732,0.489226,2.995645e-17
2.7238,0.0508,0.05,1.268155,groundplane,sky,702.3163,20.47437,0.029152592425104724,0.3259581,1.995918e-17
2.7238,0.0762,0.05,1.383669,groundplane,sky,702.3160000000001,20.47437,0.0291526048778543,0.1626903,9.961906e-18
2.7238,0.1016,0.05,1.499184,groundplane,sky,702.3156,20.47437,0.02915262148153696,-0.0005775727,-3.536613e-20
2.7238,0.127,0.05,1.614698,groundplane,sky,702.3152,20.47437,0.02915263808523853,-0.1638454,-1.003264e-17
2.7238,0.1524,0.05,1.730213,groundplane,sky,702.3148,20.47437,0.029152654688959015,-0.3271133,-2.002991e-17
2.7238,0.1778,0.05,1.845727,groundplane,sky,702.3143999999999,20.47437,0.029152671292698416,-0.4903811,-3.002718e-17
2.7238,0.2032,0.05,1.961242,groundplane,sky,702.314,20.47437,0.02915268789645672,-0.653649,-4.002446e-17
