x,y,z,rearZ,mattype,rearMat,Wm2Front,Wm2Back,Back/FrontRatio,rearX,rearY
2.7238,4.596319e-17,0.05,1.202107,groundplane,sky,772.6489,17.46115,0.0225990451820417,0.7424693,4.546313e-17
2.7238,0.0254,0.05,1.276348,groundplane,sky,772.649,17.46115,0.022599042257166895,0.5567592,3.409167e-17
2.7238,0.0508,0.05,1.350589,groundplane,sky,772.6484999999999,17.46115,0.022599056881548493,0.371049,2.27202e-17
2.7238,0.0762,0.05,1.42483,groundplane,sky,772.648,17.46115,0.022599071505949014,0.1853389,1.134874e-17
2.7238,0.1016,0.05,1.499071,groundplane,sky,772.6475,17.46115,0.022599086130368467,-0.0003712058,-2.27298e-20
2.7238,0.127,0.05,1.573313,groundplane,sky,772.647,17.46115,0.022599100754806846,-0.1860813,-1.13942e-17
2.7238,0.1524,0.05,1.647554,groundplane,sky,772.6465,17.46115,0.022599115379264154,-0.3717915,-2.276566e-17
2.7238,0.1778,0.05,1.721795,groundplane,sky,772.6461,17.46115,0.022599127078843626,-0.5575016,-3.413713e-17
2.7238,0.2032,0.05,1.796036,groundplane,sky,772.6456,17.46115,0.022599141703335008,-0.7432117,-4.550859e-17
