x,y,z,rearZ,mattype,rearMat,Wm2Front,Wm2Back,Back/FrontRatio,rearX,rearY
2.7238,4.637084e-17,0.05,1.737745,groundplane,sky,776.736,19.3535,0.024916413148852186,0.7638575,4.677278e-17
2.7238,0.0254,0.05,1.67807,groundplane,sky,776.7379999999999,19.3535,0.02491634899238998,0.5729677,3.508415e-17
2.7238,0.0508,0.05,1.618395,groundplane,sky,776.7374,19.3535,0.02491636823929395,0.3820779,2.339553e-17
2.7238,0.0762,0.05,1.55872,groundplane,sky,776.7368,19.3535,0.024916387486227657,0.1911881,1.17069e-17
2.7238,0.1016,0.05,1.499046,groundplane,sky,776.7363,19.3535,0.024916403525361792,0.0002983745,1.827017e-20
2.7238,0.127,0.05,1.439371,groundplane,sky,776.7356999999998,19.3535,0.024916422772350018,-0.1905914,-1.167036e-17
2.7238,0.1524,0.05,1.379696,groundplane,sky,776.7351,19.3535,0.02491644201936797,-0.3814812,-2.335898e-17
2.7238,0.1778,0.05,1.320021,groundplane,sky,776.7345,19.3535,0.024916461266415658,-0.5723709,-3.504761e-17
2.7238,0.2032,0.05,1.260346,groundplane,sky,776.7338999999998,19.3535,0.024916480513493093,-0.7632607,-4.673624e-17
