x,y,z,rearZ,mattype,rearMat,Wm2Front,Wm2Back,Back/FrontRatio,rearX,rearY
0.3238,4.444177e-17,0.05,1.143146,groundplane,sky,753.6239,18.13307,0.02406113439192362,0.7160003,4.384237e-17
0.3238,0.0254,0.05,1.232136,groundplane,sky,753.6235,18.13307,0.024061147162811186,0.536889,3.287497e-17
0.3238,0.0508,0.05,1.321125,groundplane,sky,753.6231000000001,18.13307,0.024061159933712307,0.3577777,2.190756e-17
0.3238,0.0762,0.05,1.410115,groundplane,sky,753.6226,18.13307,0.02406117589735778,0.1786664,1.094016e-17
0.3238,0.1016,0.05,1.499104,groundplane,sky,753.6222000000001,18.13307,0.0240611886682894,-0.0004449478,-2.72452e-20
0.3238,0.127,0.05,1.588094,groundplane,sky,753.6217,18.13307,0.024061204631973,-0.1795562,-1.099465e-17
0.3238,0.1524,0.05,1.677084,groundplane,sky,753.6213000000001,18.13307,0.02406121740293513,-0.3586675,-2.196205e-17
0.3238,0.1778,0.05,1.766073,groundplane,sky,753.6208,18.13307,0.024061233366656855,-0.5377788,-3.292946e-17
0.3238,0.2032,0.05,1.855063,groundplane,sky,753.6204000000001,18.13307,0.024061246137649484,-0.7168901,-4.389686e-17
