x,y,z,rearZ,mattype,rearMat,Wm2Front,Wm2Back,Back/FrontRatio,rearX,rearY
0.3238,4.900244e-17,0.05,1.48085,groundplane,sky,5.724641000000001,0.6495788,0.11345084332042471,0.7997714,4.897187e-17
0.3238,0.0254,0.05,1.485388,groundplane,sky,5.724448,0.6495788,0.11345466765220817,0.5998229,3.672856e-17
0.3238,0.0508,0.05,1.489925,groundplane,sky,5.7244470000000005,0.6495788,0.11345468746807016,0.3998744,2.448524e-17
0.3238,0.0762,0.05,1.494463,groundplane,sky,5.7244470000000005,0.6495788,0.11345468746807016,0.1999258,1.224193e-17
0.3238,0.1016,0.05,1.499,groundplane,sky,5.724446,0.6495788,0.1134547072839391,-2.268733e-05,-1.389199e-21
0.3238,0.127,0.05,1.503538,groundplane,sky,5.724446,0.6495788,0.1134547072839391,-0.1999712,-1.224471e-17
0.3238,0.1524,0.05,1.508075,groundplane,sky,5.724446,0.6495788,0.1134547072839391,-0.3999197,-2.448802e-17
0.3238,0.1778,0.05,1.512613,groundplane,sky,5.724445,0.6495788,0.11345472709981494,-0.5998683,-3.673134e-17
0.3238,0.2032,0.05,1.51715,groundplane,sky,5.724444000000001,0.6495788,0.1134547469156977,-0.7998168,-4.897465e-17
