x,y,z,rearZ,mattype,rearMat,Wm2Front,Wm2Back,Back/FrontRatio,rearX,rearY
5.1238,3.050247e-17,0.05,2.112193,groundplane,sky,469.1777,42.93028,0.09150091425719029,0.5149961,3.153442e-17
5.1238,0.0254,0.05,1.958984,groundplane,sky,469.1802,42.93028,0.09150042670081411,0.3864386,2.366254e-17
5.1238,0.0508,0.05,1.805775,groundplane,sky,469.1798999999999,42.93028,0.09150048520730493,0.2578811,1.579066e-17
5.1238,0.0762,0.05,1.652566,groundplane,sky,469.1796,42.93028,0.09150054371387054,0.1293236,7.918785e-18
5.1238,0.1016,0.05,1.499357,groundplane,sky,469.1794,42.93028,0.09150058271828919,0.0007660444,4.690669e-20
5.1238,0.127,0.05,1.346148,groundplane,sky,469.1791,42.93028,0.0915006412249795,-0.1277915,-7.824971e-18
5.1238,0.1524,0.05,1.192939,groundplane,sky,469.17879999999997,42.93028,0.09150069973174466,-0.256349,-1.569685e-17
5.1238,0.1778,0.05,1.039731,groundplane,sky,469.1786,42.93028,0.0915007387362963,-0.3849065,-2.356873e-17
5.1238,0.2032,0.05,0.8865217,groundplane,sky,469.1783,42.93028,0.09150079724318615,-0.513464,-3.14406e-17
