x,y,z,mattype,Wm2Front
1.5746,4.214109e-17,0.05,groundplane,211.931
1.5746,0.0254,0.05,groundplane,211.93050000000002
1.5746,0.0508,0.05,groundplane,211.9304
1.5746,0.0762,0.05,groundplane,211.9304
1.5746,0.1016,0.05,groundplane,211.9303
