x,y,z,rearMat,Wm2Back
0.7924817,4.852551e-17,1.390575,sky,27.07019
0.5943274,3.639206e-17,1.417684,sky,27.07019
0.3961731,2.42586e-17,1.444792,sky,27.07019
0.1980188,1.212515e-17,1.471901,sky,27.07019
-0.0001355427,-8.299594e-21,1.499009,sky,27.07019
-0.1982898,-1.214175e-17,1.526118,sky,27.07019
-0.3964441,-2.42752e-17,1.553226,sky,27.07019
-0.5945984,-3.640865e-17,1.580335,sky,27.07019
-0.7927528,-4.854211e-17,1.607443,sky,27.07019
