x,y,z,mattype,Wm2Front
1.5746,3.566071e-17,0.05,groundplane,704.6758999999998
1.5746,0.0254,0.05,groundplane,704.6785
1.5746,0.0508,0.05,groundplane,704.6781
1.5746,0.0762,0.05,groundplane,704.6778
1.5746,0.1016,0.05,groundplane,704.6775000000001
