x,y,z,mattype,Wm2Front
1.5746,4.861273e-17,0.05,groundplane,31.47493
1.5746,0.0254,0.05,groundplane,31.476
1.5746,0.0508,0.05,groundplane,31.47599
1.5746,0.0762,0.05,groundplane,31.47597
1.5746,0.1016,0.05,groundplane,31.47596
