x,y,z,mattype,Wm2Front
1.5746,4.806678e-17,0.05,groundplane,893.9117
1.5746,0.0254,0.05,groundplane,893.9128999999999
1.5746,0.0508,0.05,groundplane,893.9117
1.5746,0.0762,0.05,groundplane,893.9105
1.5746,0.1016,0.05,groundplane,893.9092
