x,y,z,mattype,Wm2Front
1.5746,4.40082e-17,0.05,groundplane,170.8919
1.5746,0.0254,0.05,groundplane,170.8944
1.5746,0.0508,0.05,groundplane,170.89430000000002
1.5746,0.0762,0.05,groundplane,170.89430000000002
1.5746,0.1016,0.05,groundplane,170.89420000000004
