x,y,z,rearMat,Wm2Back
0.6898587,4.224166e-17,1.094912,sky,8.71515
0.5172677,3.167351e-17,1.195969,sky,8.71515
0.3446767,2.110536e-17,1.297025,sky,8.71515
0.1720857,1.053721e-17,1.398081,sky,8.71515
-0.0005052809,-3.093953e-20,1.499137,sky,8.71515
-0.1730963,-1.059909e-17,1.600193,sky,8.71515
-0.3456873,-2.116724e-17,1.701249,sky,8.71515
-0.5182782,-3.173539e-17,1.802306,sky,8.71515
-0.6908692,-4.230354e-17,1.903362,sky,8.71515
