x,y,z,mattype,Wm2Front
1.5746,4.891933e-17,0.05,groundplane,14.62565
1.5746,0.0254,0.05,groundplane,14.625750000000002
1.5746,0.0508,0.05,groundplane,14.625750000000002
1.5746,0.0762,0.05,groundplane,14.625750000000002
1.5746,0.1016,0.05,groundplane,14.625750000000002
