x,y,z,rearMat,Wm2Back
0.7989031,4.89187e-17,1.458109,sky,0.788919
0.5991645,3.668825e-17,1.468332,sky,0.788919
0.399426,2.445779e-17,1.478555,sky,0.788919
0.1996874,1.222733e-17,1.488778,sky,0.788919
-5.111586e-05,-3.129944e-21,1.499001,sky,0.788919
-0.1997897,-1.223359e-17,1.509224,sky,0.788919
-0.3995282,-2.446405e-17,1.519448,sky,0.788919
-0.5992668,-3.669451e-17,1.529671,sky,0.788919
-0.7990053,-4.892496e-17,1.539894,sky,0.788919
