x,y,z,rearMat,Wm2Back
0.7591966,4.648739e-17,1.752233,sky,7.071988
0.5694766,3.487038e-17,1.688938,sky,7.071988
0.3797566,2.325338e-17,1.625642,sky,7.071988
0.1900365,1.163638e-17,1.562347,sky,7.071988
0.000316477,1.937863e-20,1.499051,sky,7.071988
-0.1894036,-1.159762e-17,1.435756,sky,7.071988
-0.3791236,-2.321463e-17,1.372461,sky,7.071988
-0.5688436,-3.483163e-17,1.309165,sky,7.071988
-0.7585637,-4.644863e-17,1.24587,sky,7.071988
