x,y,z,rearMat,Wm2Back
0.7070236,4.329271e-17,1.874324,sky,28.858500000000003
0.530385,3.247671e-17,1.780522,sky,28.858500000000003
0.3537463,2.166072e-17,1.68672,sky,28.858500000000003
0.1771077,1.084472e-17,1.592919,sky,28.858500000000003
0.0004690092,2.871853e-20,1.499117,sky,28.858500000000003
-0.1761696,-1.078728e-17,1.405315,sky,28.858500000000003
-0.3528083,-2.160328e-17,1.311513,sky,28.858500000000003
-0.529447,-3.241928e-17,1.217711,sky,28.858500000000003
-0.7060856,-4.323527e-17,1.123909,sky,28.858500000000003
