x,y,z,mattype,Wm2Front
1.5746,4.900062e-17,0.05,groundplane,768.8228
1.5746,0.0254,0.05,groundplane,768.824
1.5746,0.0508,0.05,groundplane,768.8233999999999
1.5746,0.0762,0.05,groundplane,768.8229
1.5746,0.1016,0.05,groundplane,768.8223000000002
