x,y,z,mattype,Wm2Front
0.3746,3.638388e-17,0.05,groundplane,70.25232
0.3746,0.0254,0.05,groundplane,70.2521
0.3746,0.0508,0.05,groundplane,70.25209
0.3746,0.0762,0.05,groundplane,70.25208
0.3746,0.1016,0.05,groundplane,70.25208
