x,y,z,mattype,Wm2Front
1.5746,4.33574e-17,0.05,groundplane,744.3350999999999
1.5746,0.0254,0.05,groundplane,744.342
1.5746,0.0508,0.05,groundplane,744.3404999999999
1.5746,0.0762,0.05,groundplane,744.3389000000001
1.5746,0.1016,0.05,groundplane,744.3374
