x,y,z,rearMat,Wm2Back
0.6291898,3.852676e-17,1.005914,sky,13.51056
0.4717382,2.888563e-17,1.129238,sky,13.51056
0.3142866,1.92445e-17,1.252563,sky,13.51056
0.156835,9.603373e-18,1.375888,sky,13.51056
-0.0006166238,-3.775732e-20,1.499213,sky,13.51056
-0.1580682,-9.678887e-18,1.622537,sky,13.51056
-0.3155198,-1.932002e-17,1.745862,sky,13.51056
-0.4729714,-2.896115e-17,1.869187,sky,13.51056
-0.630423,-3.860228e-17,1.992512,sky,13.51056
