x,y,z,rearMat,Wm2Back
0.7977991,4.885111e-17,1.440691,sky,16.29075
0.5983311,3.663721e-17,1.455269,sky,16.29075
0.3988631,2.442332e-17,1.469847,sky,16.29075
0.1993951,1.220943e-17,1.484425,sky,16.29075
-7.289006e-05,-4.463229e-21,1.499003,sky,16.29075
-0.1995409,-1.221836e-17,1.513581,sky,16.29075
-0.3990089,-2.443225e-17,1.528159,sky,16.29075
-0.5984769,-3.664614e-17,1.542737,sky,16.29075
-0.7979449,-4.886003e-17,1.557315,sky,16.29075
