x,y,z,rearMat,Wm2Back
0.7928089,4.854554e-17,1.607028,sky,13.7277
0.5946404,3.641123e-17,1.580023,sky,13.7277
0.396472,2.427691e-17,1.553019,sky,13.7277
0.1983035,1.214259e-17,1.526014,sky,13.7277
0.0001350239,8.267827e-21,1.499009,sky,13.7277
-0.1980334,-1.212605e-17,1.472004,sky,13.7277
-0.3962019,-2.426037e-17,1.445,sky,13.7277
-0.5943704,-3.639469e-17,1.417995,sky,13.7277
-0.7925389,-4.852901e-17,1.39099,sky,13.7277
