x,y,z,mattype,Wm2Front
0.3746,4.324422e-17,0.05,groundplane,823.5324999999999
0.3746,0.0254,0.05,groundplane,823.5323
0.3746,0.0508,0.05,groundplane,823.5321
0.3746,0.0762,0.05,groundplane,823.5318000000001
0.3746,0.1016,0.05,groundplane,823.5315999999999
