x,y,z,rearMat,Wm2Back
0.7916447,4.847425e-17,1.615325,sky,24.43938
0.5937698,3.635792e-17,1.586246,sky,24.43938
0.395895,2.424158e-17,1.557168,sky,24.43938
0.1980202,1.212524e-17,1.528089,sky,24.43938
0.0001453924,8.902714e-21,1.499011,sky,24.43938
-0.1977294,-1.210744e-17,1.469932,sky,24.43938
-0.3956042,-2.422377e-17,1.440854,sky,24.43938
-0.5934791,-3.634011e-17,1.411775,sky,24.43938
-0.7913539,-4.845645e-17,1.382697,sky,24.43938
