x,y,z,rearMat,Wm2Back
0.7473224,4.57603e-17,1.7855,sky,100.6433
0.5605813,3.432571e-17,1.713892,sky,100.6433
0.3738402,2.289111e-17,1.642283,sky,100.6433
0.1870991,1.145652e-17,1.570675,sky,100.6433
0.000358042,2.192375e-20,1.499066,sky,100.6433
-0.1863831,-1.141267e-17,1.427458,sky,100.6433
-0.3731241,-2.284726e-17,1.355849,sky,100.6433
-0.5598652,-3.428186e-17,1.284241,sky,100.6433
-0.7466063,-4.571645e-17,1.212633,sky,100.6433
