x,y,z,mattype,Wm2Front
1.5746,3.548425e-17,0.05,groundplane,426.4673
1.5746,0.0254,0.05,groundplane,426.47689999999994
1.5746,0.0508,0.05,groundplane,426.4756
1.5746,0.0762,0.05,groundplane,426.47419999999994
1.5746,0.1016,0.05,groundplane,426.4729
