x,y,z,rearMat,Wm2Back
0.7021086,4.299175e-17,1.116536,sky,7.344801
0.5264619,3.223649e-17,1.212183,sky,7.344801
0.3508152,2.148123e-17,1.307829,sky,7.344801
0.1751685,1.072598e-17,1.403475,sky,7.344801
-0.0004782321,-2.928327e-20,1.499122,sky,7.344801
-0.1761249,-1.078454e-17,1.594768,sky,7.344801
-0.3517716,-2.15398e-17,1.690415,sky,7.344801
-0.5274183,-3.229506e-17,1.786061,sky,7.344801
-0.703065,-4.305032e-17,1.881707,sky,7.344801
