x,y,z,rearMat,Wm2Back
0.7683975,4.705078e-17,1.722635,sky,3.077575
0.576368,3.529236e-17,1.666736,sky,3.077575
0.3843385,2.353394e-17,1.610837,sky,3.077575
0.192309,1.177553e-17,1.554939,sky,3.077575
0.0002794939,1.711406e-20,1.49904,sky,3.077575
-0.19175,-1.17413e-17,1.443141,sky,3.077575
-0.3837795,-2.349972e-17,1.387242,sky,3.077575
-0.575809,-3.525813e-17,1.331344,sky,3.077575
-0.7678385,-4.701655e-17,1.275445,sky,3.077575
