x,y,z,mattype,Wm2Front
0.3746,4.383756e-17,0.05,groundplane,178.61389999999997
0.3746,0.0254,0.05,groundplane,178.6155
0.3746,0.0508,0.05,groundplane,178.6154
0.3746,0.0762,0.05,groundplane,178.6154
0.3746,0.1016,0.05,groundplane,178.61530000000002
