x,y,z,mattype,Wm2Front
0.3746,3.050247e-17,0.05,groundplane,434.01680000000005
0.3746,0.0254,0.05,groundplane,434.0199
0.3746,0.0508,0.05,groundplane,434.0197
0.3746,0.0762,0.05,groundplane,434.0196
0.3746,0.1016,0.05,groundplane,434.01939999999996
