x,y,z,mattype,Wm2Front
1.5746,3.050247e-17,0.05,groundplane,430.61179999999996
1.5746,0.0254,0.05,groundplane,430.6155999999999
1.5746,0.0508,0.05,groundplane,430.61539999999997
1.5746,0.0762,0.05,groundplane,430.6151
1.5746,0.1016,0.05,groundplane,430.6149
