x,y,z,mattype,Wm2Front
1.5746,4.314026e-17,0.05,groundplane,823.4231999999998
1.5746,0.0254,0.05,groundplane,823.4248000000001
1.5746,0.0508,0.05,groundplane,823.4244
1.5746,0.0762,0.05,groundplane,823.4240999999998
1.5746,0.1016,0.05,groundplane,823.4236
