x,y,z,rearMat,Wm2Back
0.7972895,4.88199e-17,1.565807,sky,10.64337
0.597988,3.66162e-17,1.549106,sky,10.64337
0.3986865,2.441251e-17,1.532405,sky,10.64337
0.199385,1.220881e-17,1.515704,sky,10.64337
8.350392e-05,5.11314e-21,1.499003,sky,10.64337
-0.199218,-1.219858e-17,1.482303,sky,10.64337
-0.3985195,-2.440228e-17,1.465602,sky,10.64337
-0.597821,-3.660598e-17,1.448901,sky,10.64337
-0.7971225,-4.880967e-17,1.4322,sky,10.64337
