x,y,z,mattype,Wm2Front
0.3746,4.891206e-17,0.05,groundplane,3.798769
0.3746,0.0254,0.05,groundplane,3.7987680000000004
0.3746,0.0508,0.05,groundplane,3.7987680000000004
0.3746,0.0762,0.05,groundplane,3.7987680000000004
0.3746,0.1016,0.05,groundplane,3.7987680000000004
