x,y,z,mattype,Wm2Front
0.3746,4.11825e-17,0.05,groundplane,411.4785
0.3746,0.0254,0.05,groundplane,411.4804
0.3746,0.0508,0.05,groundplane,411.4782
0.3746,0.0762,0.05,groundplane,411.47599999999994
0.3746,0.1016,0.05,groundplane,411.4738
