x,y,z,mattype,Wm2Front
0.3746,4.899634e-17,0.05,groundplane,829.87
0.3746,0.0254,0.05,groundplane,829.8714999999999
0.3746,0.0508,0.05,groundplane,829.871
0.3746,0.0762,0.05,groundplane,829.8705999999999
0.3746,0.1016,0.05,groundplane,829.8702
