x,y,z,mattype,Wm2Front
1.5746,3.550037e-17,0.05,groundplane,230.7655
1.5746,0.0254,0.05,groundplane,230.7627
1.5746,0.0508,0.05,groundplane,230.76239999999999
1.5746,0.0762,0.05,groundplane,230.76200000000003
1.5746,0.1016,0.05,groundplane,230.76159999999996
