x,y,z,mattype,Wm2Front
0.3746,4.297285e-17,0.05,groundplane,751.4868
0.3746,0.0254,0.05,groundplane,751.4883999999998
0.3746,0.0508,0.05,groundplane,751.4879999999999
0.3746,0.0762,0.05,groundplane,751.4874999999998
0.3746,0.1016,0.05,groundplane,751.4870999999999
