x,y,z,mattype,Wm2Front
1.5746,3.050247e-17,0.05,groundplane,426.6189
1.5746,0.0254,0.05,groundplane,426.6222
1.5746,0.0508,0.05,groundplane,426.622
1.5746,0.0762,0.05,groundplane,426.6218999999999
1.5746,0.1016,0.05,groundplane,426.62180000000006
