x,y,z,mattype,Wm2Front
1.5746,4.379928e-17,0.05,groundplane,33.20749
1.5746,0.0254,0.05,groundplane,33.20759
1.5746,0.0508,0.05,groundplane,33.20758
1.5746,0.0762,0.05,groundplane,33.20758
1.5746,0.1016,0.05,groundplane,33.20757
