x,y,z,mattype,Wm2Front
0.3746,4.818276e-17,0.05,groundplane,821.0675
0.3746,0.0254,0.05,groundplane,821.0696000000002
0.3746,0.0508,0.05,groundplane,821.0686
0.3746,0.0762,0.05,groundplane,821.0676
0.3746,0.1016,0.05,groundplane,821.0667
