x,y,z,mattype,Wm2Front
0.3746,3.895255e-17,0.05,groundplane,241.0901
0.3746,0.0254,0.05,groundplane,241.0929
0.3746,0.0508,0.05,groundplane,241.0928
0.3746,0.0762,0.05,groundplane,241.0927
0.3746,0.1016,0.05,groundplane,241.09260000000003
