x,y,z,rearMat,Wm2Back
0.7471567,4.575015e-17,1.214067,sky,5.8278989999999995
0.5602784,3.430716e-17,1.285316,sky,5.8278989999999995
0.3734002,2.286417e-17,1.356566,sky,5.8278989999999995
0.186522,1.142118e-17,1.427816,sky,5.8278989999999995
-0.0003562488,-2.181395e-20,1.499066,sky,5.8278989999999995
-0.1872345,-1.146481e-17,1.570315,sky,5.8278989999999995
-0.3741127,-2.29078e-17,1.641565,sky,5.8278989999999995
-0.5609909,-3.435079e-17,1.712815,sky,5.8278989999999995
-0.7478692,-4.579378e-17,1.784065,sky,5.8278989999999995
