x,y,z,rearMat,Wm2Back
0.7133652,4.368102e-17,1.137907,sky,8.121139
0.534911,3.275385e-17,1.228207,sky,8.121139
0.3564568,2.182669e-17,1.318507,sky,8.121139
0.1780027,1.089952e-17,1.408808,sky,8.121139
-0.0004515006,-2.764644e-20,1.499108,sky,8.121139
-0.1789057,-1.095481e-17,1.589408,sky,8.121139
-0.3573598,-2.188198e-17,1.679708,sky,8.121139
-0.535814,-3.280914e-17,1.770008,sky,8.121139
-0.7142682,-4.373631e-17,1.860308,sky,8.121139
