x,y,z,mattype,Wm2Front
1.5746,4.591258e-17,0.05,groundplane,725.074
1.5746,0.0254,0.05,groundplane,725.0745000000001
1.5746,0.0508,0.05,groundplane,725.074
1.5746,0.0762,0.05,groundplane,725.0736
1.5746,0.1016,0.05,groundplane,725.0732000000002
