x,y,z,mattype,Wm2Front
1.5746,3.906505e-17,0.05,groundplane,218.06229999999996
1.5746,0.0254,0.05,groundplane,218.05869999999996
1.5746,0.0508,0.05,groundplane,218.0585
1.5746,0.0762,0.05,groundplane,218.0583
1.5746,0.1016,0.05,groundplane,218.05820000000003
