x,y,z,mattype,Wm2Front
0.3746,4.71777e-17,0.05,groundplane,689.2435
0.3746,0.0254,0.05,groundplane,689.2441
0.3746,0.0508,0.05,groundplane,689.2437999999999
0.3746,0.0762,0.05,groundplane,689.2435
0.3746,0.1016,0.05,groundplane,689.2432
