x,y,z,rearMat,Wm2Back
0.7432466,4.551073e-17,1.204052,sky,17.60074
0.5573428,3.41274e-17,1.277806,sky,17.60074
0.3714389,2.274407e-17,1.351561,sky,17.60074
0.1855351,1.136075e-17,1.425316,sky,17.60074
-0.0003687736,-2.258087e-20,1.49907,sky,17.60074
-0.1862726,-1.140591e-17,1.572825,sky,17.60074
-0.3721765,-2.278924e-17,1.64658,sky,17.60074
-0.5580803,-3.417256e-17,1.720335,sky,17.60074
-0.7439842,-4.555589e-17,1.794089,sky,17.60074
