x,y,z,mattype,Wm2Front
1.5746,3.247255e-17,0.05,groundplane,245.3179
1.5746,0.0254,0.05,groundplane,245.3169
1.5746,0.0508,0.05,groundplane,245.3166
1.5746,0.0762,0.05,groundplane,245.31630000000004
1.5746,0.1016,0.05,groundplane,245.3161
