x,y,z,rearMat,Wm2Back
0.6685573,4.093733e-17,1.060646,sky,11.22918
0.501281,3.069461e-17,1.170275,sky,11.22918
0.3340046,2.045188e-17,1.279905,sky,11.22918
0.1667282,1.020916e-17,1.389534,sky,11.22918
-0.0005481473,-3.356434e-20,1.499164,sky,11.22918
-0.1678245,-1.027629e-17,1.608793,sky,11.22918
-0.3351009,-2.051901e-17,1.718423,sky,11.22918
-0.5023773,-3.076173e-17,1.828052,sky,11.22918
-0.6696536,-4.100446e-17,1.937681,sky,11.22918
