x,y,z,rearMat,Wm2Back
0.7300875,4.470497e-17,1.172932,sky,7.067238
0.5474637,3.352248e-17,1.254471,sky,7.067238
0.3648399,2.234e-17,1.33601,sky,7.067238
0.1822161,1.115752e-17,1.417548,sky,7.067238
-0.0004076931,-2.4964e-20,1.499087,sky,7.067238
-0.1830315,-1.120745e-17,1.580625,sky,7.067238
-0.3656553,-2.238993e-17,1.662164,sky,7.067238
-0.5482791,-3.357241e-17,1.743703,sky,7.067238
-0.7309029,-4.47549e-17,1.825241,sky,7.067238
