x,y,z,mattype,Wm2Front
1.5746,4.88806e-17,0.05,groundplane,23.798150000000003
1.5746,0.0254,0.05,groundplane,23.79755
1.5746,0.0508,0.05,groundplane,23.79756
1.5746,0.0762,0.05,groundplane,23.797569999999997
1.5746,0.1016,0.05,groundplane,23.79758
