x,y,z,mattype,Wm2Front
1.5746,4.881301e-17,0.05,groundplane,17.39931
1.5746,0.0254,0.05,groundplane,17.39989
1.5746,0.0508,0.05,groundplane,17.39988
1.5746,0.0762,0.05,groundplane,17.39986
1.5746,0.1016,0.05,groundplane,17.39985
