x,y,z,mattype,Wm2Front
1.5746,4.767983e-17,0.05,groundplane,85.26084
1.5746,0.0254,0.05,groundplane,85.26218
1.5746,0.0508,0.05,groundplane,85.26215
1.5746,0.0762,0.05,groundplane,85.26212
1.5746,0.1016,0.05,groundplane,85.26208
