x,y,z,rearMat,Wm2Back
0.7068718,4.328341e-17,1.125389,sky,9.702565
0.530037,3.245541e-17,1.218821,sky,9.702565
0.3532023,2.16274e-17,1.312252,sky,9.702565
0.1763676,1.07994e-17,1.405684,sky,9.702565
-0.0004671584,-2.86052e-20,1.499116,sky,9.702565
-0.1773019,-1.085661e-17,1.592548,sky,9.702565
-0.3541366,-2.168461e-17,1.685979,sky,9.702565
-0.5309713,-3.251262e-17,1.779411,sky,9.702565
-0.7078061,-4.334062e-17,1.872843,sky,9.702565
