x,y,z,mattype,Wm2Front
1.5746,3.166598e-17,0.05,groundplane,390.3334
1.5746,0.0254,0.05,groundplane,390.3427
1.5746,0.0508,0.05,groundplane,390.3415
1.5746,0.0762,0.05,groundplane,390.3404
1.5746,0.1016,0.05,groundplane,390.3392999999999
