x,y,z,mattype,Wm2Front
0.3746,3.877021e-17,0.05,groundplane,761.4810000000001
0.3746,0.0254,0.05,groundplane,761.4838
0.3746,0.0508,0.05,groundplane,761.4834
0.3746,0.0762,0.05,groundplane,761.4829
0.3746,0.1016,0.05,groundplane,761.4825
