x,y,z,mattype,Wm2Front
1.5746,4.255417e-17,0.05,groundplane,717.8132
1.5746,0.0254,0.05,groundplane,717.8131
1.5746,0.0508,0.05,groundplane,717.8125999999999
1.5746,0.0762,0.05,groundplane,717.8121
1.5746,0.1016,0.05,groundplane,717.8116
