x,y,z,rearMat,Wm2Back
0.7484131,4.582709e-17,1.782628,sky,27.426290000000005
0.5613985,3.437574e-17,1.711737,sky,27.426290000000005
0.3743838,2.29244e-17,1.640847,sky,27.426290000000005
0.1873691,1.147305e-17,1.569956,sky,27.426290000000005
0.0003544542,2.170406e-20,1.499065,sky,27.426290000000005
-0.1866602,-1.142964e-17,1.428174,sky,27.426290000000005
-0.3736749,-2.288099e-17,1.357283,sky,27.426290000000005
-0.5606896,-3.433233e-17,1.286392,sky,27.426290000000005
-0.7477042,-4.578368e-17,1.215502,sky,27.426290000000005
