x,y,z,rearMat,Wm2Back
0.7629254,4.67157e-17,1.25928,sky,18.05513
0.5721191,3.503219e-17,1.319222,sky,18.05513
0.3813128,2.334868e-17,1.379163,sky,18.05513
0.1905066,1.166516e-17,1.439105,sky,18.05513
-0.0002997069,-1.835176e-20,1.499046,sky,18.05513
-0.191106,-1.170187e-17,1.558987,sky,18.05513
-0.3819122,-2.338538e-17,1.618929,sky,18.05513
-0.5727185,-3.506889e-17,1.67887,sky,18.05513
-0.7635248,-4.675241e-17,1.738811,sky,18.05513
