x,y,z,rearMat,Wm2Back
0.6938074,4.248345e-17,1.898287,sky,86.82601
0.5204803,3.187023e-17,1.798498,sky,86.82601
0.3471532,2.1257e-17,1.69871,sky,86.82601
0.1738261,1.064378e-17,1.598922,sky,86.82601
0.0004989416,3.055136e-20,1.499133,sky,86.82601
-0.1728282,-1.058267e-17,1.399345,sky,86.82601
-0.3461553,-2.11959e-17,1.299557,sky,86.82601
-0.5194824,-3.180912e-17,1.199768,sky,86.82601
-0.6928096,-4.242235e-17,1.09998,sky,86.82601
