x,y,z,rearMat,Wm2Back
0.7903218,4.839325e-17,1.375933,sky,153.0937
0.5927029,3.629258e-17,1.406703,sky,153.0937
0.395084,2.419191e-17,1.437473,sky,153.0937
0.1974651,1.209125e-17,1.468242,sky,153.0937
-0.0001538482,-9.420483e-21,1.499012,sky,153.0937
-0.1977727,-1.211009e-17,1.529782,sky,153.0937
-0.3953916,-2.421076e-17,1.560551,sky,153.0937
-0.5930105,-3.631142e-17,1.591321,sky,153.0937
-0.7906294,-4.841209e-17,1.62209,sky,153.0937
