x,y,z,mattype,Wm2Front
1.5746,4.89498e-17,0.05,groundplane,768.7163
1.5746,0.0254,0.05,groundplane,768.7190999999999
1.5746,0.0508,0.05,groundplane,768.7177
1.5746,0.0762,0.05,groundplane,768.7162
1.5746,0.1016,0.05,groundplane,768.7147
