x,y,z,rearMat,Wm2Back
0.6925301,4.240524e-17,1.099497,sky,17.42588
0.5192727,3.179628e-17,1.199406,sky,17.42588
0.3460153,2.118733e-17,1.299315,sky,17.42588
0.1727579,1.057837e-17,1.399224,sky,17.42588
-0.0004995465,-3.05884e-20,1.499134,sky,17.42588
-0.173757,-1.063955e-17,1.599043,sky,17.42588
-0.3470144,-2.12485e-17,1.698952,sky,17.42588
-0.5202718,-3.185746e-17,1.798862,sky,17.42588
-0.6935292,-4.246642e-17,1.898771,sky,17.42588
