x,y,z,mattype,Wm2Front
0.3746,4.472917e-17,0.05,groundplane,849.3296
0.3746,0.0254,0.05,groundplane,849.3296999999999
0.3746,0.0508,0.05,groundplane,849.3294
0.3746,0.0762,0.05,groundplane,849.3291
0.3746,0.1016,0.05,groundplane,849.3287999999999
