x,y,z,mattype,Wm2Front
0.3746,4.570691e-17,0.05,groundplane,3.2621629999999997
0.3746,0.0254,0.05,groundplane,3.2621610000000003
0.3746,0.0508,0.05,groundplane,3.262162
0.3746,0.0762,0.05,groundplane,3.262162
0.3746,0.1016,0.05,groundplane,3.262162
