x,y,z,mattype,Wm2Front
0.3746,4.525833e-17,0.05,groundplane,904.3809
0.3746,0.0254,0.05,groundplane,904.3849999999999
0.3746,0.0508,0.05,groundplane,904.3842
0.3746,0.0762,0.05,groundplane,904.3834
0.3746,0.1016,0.05,groundplane,904.3825
