x,y,z,rearMat,Wm2Back
0.7590204,4.647659e-17,1.752763,sky,21.522720000000003
0.5693446,3.48623e-17,1.689335,sky,21.522720000000003
0.3796687,2.324801e-17,1.625907,sky,21.522720000000003
0.1899929,1.163371e-17,1.562479,sky,21.522720000000003
0.0003171391,1.941917e-20,1.499052,sky,21.522720000000003
-0.1893587,-1.159487e-17,1.435624,sky,21.522720000000003
-0.3790345,-2.320917e-17,1.372196,sky,21.522720000000003
-0.5687103,-3.482346e-17,1.308768,sky,21.522720000000003
-0.7583861,-4.643775e-17,1.24534,sky,21.522720000000003
