x,y,z,mattype,Wm2Front
1.5746,4.869605e-17,0.05,groundplane,691.2073
1.5746,0.0254,0.05,groundplane,691.2109
1.5746,0.0508,0.05,groundplane,691.2098
1.5746,0.0762,0.05,groundplane,691.2086
1.5746,0.1016,0.05,groundplane,691.2073999999999
