x,y,z,rearMat,Wm2Back
0.7999406,4.898224e-17,1.490204,sky,0.5282521
0.5999527,3.673651e-17,1.492403,sky,0.5282521
0.3999648,2.449078e-17,1.494602,sky,0.5282521
0.1999769,1.224505e-17,1.496801,sky,0.5282521
-1.099535e-05,-6.732712e-22,1.499,sky,0.5282521
-0.1999989,-1.22464e-17,1.501199,sky,0.5282521
-0.3999868,-2.449213e-17,1.503398,sky,0.5282521
-0.5999747,-3.673786e-17,1.505597,sky,0.5282521
-0.7999626,-4.898358e-17,1.507796,sky,0.5282521
