x,y,z,rearMat,Wm2Back
0.7890559,4.831574e-17,1.631878,sky,7.318656999999999
0.5918334,3.623934e-17,1.598662,sky,7.318656999999999
0.394611,2.416295e-17,1.565446,sky,7.318656999999999
0.1973885,1.208656e-17,1.53223,sky,7.318656999999999
0.0001660804,1.016949e-20,1.499014,sky,7.318656999999999
-0.1970564,-1.206622e-17,1.465798,sky,7.318656999999999
-0.3942788,-2.414261e-17,1.432582,sky,7.318656999999999
-0.5915013,-3.621901e-17,1.399366,sky,7.318656999999999
-0.7887237,-4.82954e-17,1.36615,sky,7.318656999999999
