x,y,z,rearMat,Wm2Back
0.7639684,4.677957e-17,1.262612,sky,8.85964
0.5729024,3.508016e-17,1.32172,sky,8.85964
0.3818364,2.338074e-17,1.380828,sky,8.85964
0.1907705,1.168132e-17,1.439936,sky,8.85964
-0.0002955413,-1.809669e-20,1.499045,sky,8.85964
-0.1913615,-1.171751e-17,1.558153,sky,8.85964
-0.3824275,-2.341693e-17,1.617261,sky,8.85964
-0.5734935,-3.511635e-17,1.676369,sky,8.85964
-0.7645595,-4.681577e-17,1.735478,sky,8.85964
