x,y,z,mattype,Wm2Front
0.3746,3.369795e-17,0.05,groundplane,39.15561
0.3746,0.0254,0.05,groundplane,39.15574
0.3746,0.0508,0.05,groundplane,39.15573
0.3746,0.0762,0.05,groundplane,39.15572
0.3746,0.1016,0.05,groundplane,39.15571
