x,y,z,mattype,Wm2Front
1.5746,3.247255e-17,0.05,groundplane,186.7897
1.5746,0.0254,0.05,groundplane,186.7866
1.5746,0.0508,0.05,groundplane,186.7862
1.5746,0.0762,0.05,groundplane,186.7859
1.5746,0.1016,0.05,groundplane,186.78550000000004
