x,y,z,mattype,Wm2Front
0.3746,3.050247e-17,0.05,groundplane,381.28489999999994
0.3746,0.0254,0.05,groundplane,381.2878
0.3746,0.0508,0.05,groundplane,381.28759999999994
0.3746,0.0762,0.05,groundplane,381.2874
0.3746,0.1016,0.05,groundplane,381.2873
