x,y,z,mattype,Wm2Front
0.3746,3.247255e-17,0.05,groundplane,451.8551
0.3746,0.0254,0.05,groundplane,451.8527000000001
0.3746,0.0508,0.05,groundplane,451.8523
0.3746,0.0762,0.05,groundplane,451.8518000000001
0.3746,0.1016,0.05,groundplane,451.8514
