x,y,z,mattype,Wm2Front
1.5746,4.899692e-17,0.05,groundplane,4.821796
1.5746,0.0254,0.05,groundplane,4.821662
1.5746,0.0508,0.05,groundplane,4.821661
1.5746,0.0762,0.05,groundplane,4.821661
1.5746,0.1016,0.05,groundplane,4.82166
