x,y,z,mattype,Wm2Front
1.5746,4.681034e-17,0.05,groundplane,50.85381
1.5746,0.0254,0.05,groundplane,50.85493
1.5746,0.0508,0.05,groundplane,50.85495
1.5746,0.0762,0.05,groundplane,50.85496
1.5746,0.1016,0.05,groundplane,50.85497
