x,y,z,mattype,Wm2Front
1.5746,3.409324e-17,0.05,groundplane,462.5604
1.5746,0.0254,0.05,groundplane,462.5662
1.5746,0.0508,0.05,groundplane,462.5656000000001
1.5746,0.0762,0.05,groundplane,462.5649
1.5746,0.1016,0.05,groundplane,462.5643
