x,y,z,rearMat,Wm2Back
0.7037302,4.309104e-17,1.88048,sky,65.96119
0.5279168,3.232558e-17,1.78514,sky,65.96119
0.3521034,2.156012e-17,1.6898,sky,65.96119
0.1762901,1.079465e-17,1.594461,sky,65.96119
0.0004766985,2.918937e-20,1.499121,sky,65.96119
-0.1753367,-1.073627e-17,1.403781,sky,65.96119
-0.35115,-2.150174e-17,1.308442,sky,65.96119
-0.5269634,-3.22672e-17,1.213102,sky,65.96119
-0.7027768,-4.303267e-17,1.117762,sky,65.96119
