x,y,z,rearMat,Wm2Back
0.5637239,3.451813e-17,2.067641,sky,27.60249
0.4229705,2.589947e-17,1.925555,sky,27.60249
0.2822171,1.728082e-17,1.783469,sky,27.60249
0.1414638,8.662159e-18,1.641382,sky,27.60249
0.0007104311,4.350136e-20,1.499296,sky,27.60249
-0.1400429,-8.575156e-18,1.35721,sky,27.60249
-0.2807963,-1.719381e-17,1.215124,sky,27.60249
-0.4215496,-2.581247e-17,1.073038,sky,27.60249
-0.562303,-3.443113e-17,0.9309514,sky,27.60249
