x,y,z,rearMat,Wm2Back
0.7922314,4.851018e-17,1.388777,sky,2.294732
0.5941391,3.638053e-17,1.416335,sky,2.294732
0.3960468,2.425087e-17,1.443893,sky,2.294732
0.1979545,1.212122e-17,1.471451,sky,2.294732
-0.0001377903,-8.437222e-21,1.49901,sky,2.294732
-0.1982301,-1.213809e-17,1.526568,sky,2.294732
-0.3963224,-2.426775e-17,1.554126,sky,2.294732
-0.5944146,-3.63974e-17,1.581684,sky,2.294732
-0.7925069,-4.852705e-17,1.609242,sky,2.294732
