x,y,z,mattype,Wm2Front
0.3746,4.895255e-17,0.05,groundplane,13.485570000000001
0.3746,0.0254,0.05,groundplane,13.4857
0.3746,0.0508,0.05,groundplane,13.48569
0.3746,0.0762,0.05,groundplane,13.48569
0.3746,0.1016,0.05,groundplane,13.48568
