x,y,z,rearMat,Wm2Back
0.76705,4.696826e-17,1.272766,sky,2.979778
0.5752168,3.522187e-17,1.329335,sky,2.979778
0.3833836,2.347547e-17,1.385903,sky,2.979778
0.1915504,1.172908e-17,1.442472,sky,2.979778
-0.0002828437,-1.731918e-20,1.499041,sky,2.979778
-0.192116,-1.176372e-17,1.55561,sky,2.979778
-0.3839492,-2.351011e-17,1.612178,sky,2.979778
-0.5757824,-3.525651e-17,1.668747,sky,2.979778
-0.7676157,-4.70029e-17,1.725316,sky,2.979778
