x,y,z,mattype,Wm2Front
1.5746,4.797307e-17,0.05,groundplane,906.049
1.5746,0.0254,0.05,groundplane,906.0490999999998
1.5746,0.0508,0.05,groundplane,906.0488
1.5746,0.0762,0.05,groundplane,906.0485
1.5746,0.1016,0.05,groundplane,906.0481999999998
