x,y,z,mattype,Wm2Front
1.5746,4.817693e-17,0.05,groundplane,760.1883000000001
1.5746,0.0254,0.05,groundplane,760.1898
1.5746,0.0508,0.05,groundplane,760.1893
1.5746,0.0762,0.05,groundplane,760.1888
1.5746,0.1016,0.05,groundplane,760.1884
