x,y,z,mattype,Wm2Front
0.3746,4.899488e-17,0.05,groundplane,844.543
0.3746,0.0254,0.05,groundplane,844.5436
0.3746,0.0508,0.05,groundplane,844.5432
0.3746,0.0762,0.05,groundplane,844.5428
0.3746,0.1016,0.05,groundplane,844.5423999999999
