x,y,z,rearMat,Wm2Back
0.6708732,4.107914e-17,1.93581,sky,35.04657
0.5032914,3.081771e-17,1.826648,sky,35.04657
0.3357095,2.055628e-17,1.717486,sky,35.04657
0.1681277,1.029485e-17,1.608324,sky,35.04657
0.0005458095,3.342119e-20,1.499162,sky,35.04657
-0.167036,-1.022801e-17,1.39,sky,35.04657
-0.3346179,-2.048944e-17,1.280838,sky,35.04657
-0.5021998,-3.075087e-17,1.171676,sky,35.04657
-0.6697816,-4.10123e-17,1.062514,sky,35.04657
