x,y,z,mattype,Wm2Front
0.3746,4.005039e-17,0.05,groundplane,732.8026999999998
0.3746,0.0254,0.05,groundplane,732.8101
0.3746,0.0508,0.05,groundplane,732.8088000000001
0.3746,0.0762,0.05,groundplane,732.8076
0.3746,0.1016,0.05,groundplane,732.8062999999999
