x,y,z,mattype,Wm2Front
0.3746,4.290278e-17,0.05,groundplane,39.26801
0.3746,0.0254,0.05,groundplane,39.26801
0.3746,0.0508,0.05,groundplane,39.26801
0.3746,0.0762,0.05,groundplane,39.268
0.3746,0.1016,0.05,groundplane,39.26799
