x,y,z,rearMat,Wm2Back
0.7845153,4.803771e-17,1.343358,sky,8.938881
0.5883378,3.60253e-17,1.382273,sky,8.938881
0.3921603,2.40129e-17,1.421188,sky,8.938881
0.1959829,1.200049e-17,1.460104,sky,8.938881
-0.0001945768,-1.191439e-20,1.499019,sky,8.938881
-0.196372,-1.202432e-17,1.537934,sky,8.938881
-0.3925495,-2.403672e-17,1.57685,sky,8.938881
-0.588727,-3.604913e-17,1.615765,sky,8.938881
-0.7849044,-4.806153e-17,1.654681,sky,8.938881
