x,y,z,mattype,Wm2Front
0.3746,4.887465e-17,0.05,groundplane,810.4630000000001
0.3746,0.0254,0.05,groundplane,810.4644
0.3746,0.0508,0.05,groundplane,810.4638
0.3746,0.0762,0.05,groundplane,810.4633
0.3746,0.1016,0.05,groundplane,810.4627
