x,y,z,mattype,Wm2Front
1.5746,4.56791e-17,0.05,groundplane,50.474619999999994
1.5746,0.0254,0.05,groundplane,50.474979999999995
1.5746,0.0508,0.05,groundplane,50.47496
1.5746,0.0762,0.05,groundplane,50.47493
1.5746,0.1016,0.05,groundplane,50.4749
