x,y,z,rearMat,Wm2Back
0.7384164,4.521496e-17,1.807802,sky,21.18271
0.5539088,3.391713e-17,1.730621,sky,21.18271
0.3694011,2.26193e-17,1.65344,sky,21.18271
0.1848935,1.132146e-17,1.576259,sky,21.18271
0.000385906,2.362993e-20,1.499077,sky,21.18271
-0.1841217,-1.12742e-17,1.421896,sky,21.18271
-0.3686293,-2.257204e-17,1.344715,sky,21.18271
-0.5531369,-3.386987e-17,1.267534,sky,21.18271
-0.7376446,-4.51677e-17,1.190353,sky,21.18271
