x,y,z,mattype,Wm2Front
1.5746,4.823941e-17,0.05,groundplane,706.4545000000002
1.5746,0.0254,0.05,groundplane,706.4553
1.5746,0.0508,0.05,groundplane,706.4549000000001
1.5746,0.0762,0.05,groundplane,706.4546
1.5746,0.1016,0.05,groundplane,706.4542
