x,y,z,mattype,Wm2Front
1.5746,4.899804e-17,0.05,groundplane,743.1888
1.5746,0.0254,0.05,groundplane,743.1902
1.5746,0.0508,0.05,groundplane,743.1898
1.5746,0.0762,0.05,groundplane,743.1893999999999
1.5746,0.1016,0.05,groundplane,743.189
