x,y,z,rearMat,Wm2Back
0.7769467,4.757427e-17,1.690669,sky,5.707603
0.5827699,3.568437e-17,1.642759,sky,5.707603
0.3885931,2.379447e-17,1.594849,sky,5.707603
0.1944163,1.190457e-17,1.546939,sky,5.707603
0.0002395503,1.466823e-20,1.499029,sky,5.707603
-0.1939372,-1.187523e-17,1.451119,sky,5.707603
-0.388114,-2.376513e-17,1.403209,sky,5.707603
-0.5822908,-3.565503e-17,1.355299,sky,5.707603
-0.7764676,-4.754493e-17,1.307389,sky,5.707603
