x,y,z,mattype,Wm2Front
1.5746,4.200517e-17,0.05,groundplane,46.18337
1.5746,0.0254,0.05,groundplane,46.18332999999999
1.5746,0.0508,0.05,groundplane,46.18332
1.5746,0.0762,0.05,groundplane,46.18332
1.5746,0.1016,0.05,groundplane,46.18332
