x,y,z,mattype,Wm2Front
0.3746,3.050247e-17,0.05,groundplane,493.22790000000003
0.3746,0.0254,0.05,groundplane,493.23060000000004
0.3746,0.0508,0.05,groundplane,493.2302
0.3746,0.0762,0.05,groundplane,493.2299
0.3746,0.1016,0.05,groundplane,493.22959999999995
