x,y,z,mattype,Wm2Front
0.3746,3.179633e-17,0.05,groundplane,508.0807
0.3746,0.0254,0.05,groundplane,508.08290000000005
0.3746,0.0508,0.05,groundplane,508.0826
0.3746,0.0762,0.05,groundplane,508.0823
0.3746,0.1016,0.05,groundplane,508.08189999999996
