x,y,z,rearMat,Wm2Back
0.559715,3.427266e-17,0.9284056,sky,27.6545
0.4196078,2.569357e-17,1.071129,sky,27.6545
0.2795007,1.711448e-17,1.213853,sky,27.6545
0.1393935,8.535392e-18,1.356576,sky,27.6545
-0.0007136173,-4.369646e-20,1.499299,sky,27.6545
-0.1408208,-8.622785e-18,1.642023,sky,27.6545
-0.2809279,-1.720187e-17,1.784746,sky,27.6545
-0.421035,-2.578096e-17,1.92747,sky,27.6545
-0.5611422,-3.436005e-17,2.070193,sky,27.6545
