x,y,z,mattype,Wm2Front
1.5746,3.295816e-17,0.05,groundplane,505.62450000000007
1.5746,0.0254,0.05,groundplane,505.63359999999994
1.5746,0.0508,0.05,groundplane,505.6324
1.5746,0.0762,0.05,groundplane,505.6313
1.5746,0.1016,0.05,groundplane,505.6302
