x,y,z,mattype,Wm2Front
0.3746,4.465551e-17,0.05,groundplane,71.34744
0.3746,0.0254,0.05,groundplane,71.34643
0.3746,0.0508,0.05,groundplane,71.34634
0.3746,0.0762,0.05,groundplane,71.34626
0.3746,0.1016,0.05,groundplane,71.34618
