x,y,z,mattype,Wm2Front
1.5746,4.41576e-17,0.05,groundplane,722.3686000000001
1.5746,0.0254,0.05,groundplane,722.3704000000001
1.5746,0.0508,0.05,groundplane,722.37
1.5746,0.0762,0.05,groundplane,722.3696
1.5746,0.1016,0.05,groundplane,722.3692
