x,y,z,mattype,Wm2Front
1.5746,4.85463e-17,0.05,groundplane,54.462439999999994
1.5746,0.0254,0.05,groundplane,54.46096
1.5746,0.0508,0.05,groundplane,54.46098
1.5746,0.0762,0.05,groundplane,54.46099999999999
1.5746,0.1016,0.05,groundplane,54.46102
