x,y,z,rearMat,Wm2Back
0.624156,3.821853e-17,0.9995699,sky,13.1096
0.4679609,2.865434e-17,1.124482,sky,13.1096
0.3117657,1.909015e-17,1.249394,sky,13.1096
0.1555706,9.525951e-18,1.374307,sky,13.1096
-0.0006245614,-3.824335e-20,1.499219,sky,13.1096
-0.1568197,-9.602438e-18,1.624131,sky,13.1096
-0.3130149,-1.916663e-17,1.749044,sky,13.1096
-0.46921,-2.873083e-17,1.873956,sky,13.1096
-0.6254052,-3.829502e-17,1.998868,sky,13.1096
