x,y,z,mattype,Wm2Front
0.3746,4.866846e-17,0.05,groundplane,870.502
0.3746,0.0254,0.05,groundplane,870.5032
0.3746,0.0508,0.05,groundplane,870.5026000000001
0.3746,0.0762,0.05,groundplane,870.502
0.3746,0.1016,0.05,groundplane,870.5013
