x,y,z,mattype,Wm2Front
0.3746,4.815448e-17,0.05,groundplane,60.90326000000001
0.3746,0.0254,0.05,groundplane,60.90223
0.3746,0.0508,0.05,groundplane,60.90215
0.3746,0.0762,0.05,groundplane,60.90207999999999
0.3746,0.1016,0.05,groundplane,60.90200000000001
