x,y,z,mattype,Wm2Front
0.3746,4.668987e-17,0.05,groundplane,77.98674
0.3746,0.0254,0.05,groundplane,77.98844
0.3746,0.0508,0.05,groundplane,77.98838
0.3746,0.0762,0.05,groundplane,77.98832
0.3746,0.1016,0.05,groundplane,77.98825
