x,y,z,rearMat,Wm2Back
0.7977155,4.884599e-17,1.439577,sky,19.03517
0.5982681,3.663335e-17,1.454433,sky,19.03517
0.3988206,2.442072e-17,1.46929,sky,19.03517
0.1993732,1.220809e-17,1.484146,sky,19.03517
-7.428254e-05,-4.548494e-21,1.499003,sky,19.03517
-0.1995217,-1.221718e-17,1.513859,sky,19.03517
-0.3989692,-2.442982e-17,1.528716,sky,19.03517
-0.5984166,-3.664245e-17,1.543572,sky,19.03517
-0.7978641,-4.885508e-17,1.558429,sky,19.03517
