x,y,z,mattype,Wm2Front
0.3746,3.050247e-17,0.05,groundplane,355.1296
0.3746,0.0254,0.05,groundplane,355.1323
0.3746,0.0508,0.05,groundplane,355.132
0.3746,0.0762,0.05,groundplane,355.13179999999994
0.3746,0.1016,0.05,groundplane,355.1316
