x,y,z,mattype,Wm2Front
0.3746,3.399482e-17,0.05,groundplane,80.48499
0.3746,0.0254,0.05,groundplane,80.48569
0.3746,0.0508,0.05,groundplane,80.48566
0.3746,0.0762,0.05,groundplane,80.48562
0.3746,0.1016,0.05,groundplane,80.48559
