x,y,z,rearMat,Wm2Back
0.7685915,4.706265e-17,1.721964,sky,9.402981
0.5765133,3.530126e-17,1.666233,sky,9.402981
0.3844351,2.353986e-17,1.610502,sky,9.402981
0.1923569,1.177846e-17,1.554771,sky,9.402981
0.0002786559,1.706275e-20,1.49904,sky,9.402981
-0.1917995,-1.174434e-17,1.443308,sky,9.402981
-0.3838777,-2.350573e-17,1.387577,sky,9.402981
-0.575956,-3.526713e-17,1.331846,sky,9.402981
-0.7680342,-4.702853e-17,1.276115,sky,9.402981
