x,y,z,mattype,Wm2Front
1.5746,3.791831e-17,0.05,groundplane,865.3748
1.5746,0.0254,0.05,groundplane,865.3798
1.5746,0.0508,0.05,groundplane,865.379
1.5746,0.0762,0.05,groundplane,865.3783
1.5746,0.1016,0.05,groundplane,865.3776000000001
