x,y,z,rearMat,Wm2Back
0.7031767,4.305715e-17,1.118498,sky,21.08905
0.5272636,3.228558e-17,1.213654,sky,21.08905
0.3513504,2.151401e-17,1.308809,sky,21.08905
0.1754373,1.074244e-17,1.403965,sky,21.08905
-0.0004757777,-2.913298e-20,1.49912,sky,21.08905
-0.1763889,-1.08007e-17,1.594276,sky,21.08905
-0.352302,-2.157228e-17,1.689432,sky,21.08905
-0.5282151,-3.234385e-17,1.784587,sky,21.08905
-0.7041282,-4.311542e-17,1.879743,sky,21.08905
