x,y,z,mattype,Wm2Front
0.3746,4.743896e-17,0.05,groundplane,95.22183
0.3746,0.0254,0.05,groundplane,95.22348
0.3746,0.0508,0.05,groundplane,95.22344
0.3746,0.0762,0.05,groundplane,95.22340000000001
0.3746,0.1016,0.05,groundplane,95.22337
