x,y,z,mattype,Wm2Front
0.3746,4.787177e-17,0.05,groundplane,34.24948
0.3746,0.0254,0.05,groundplane,34.24986
0.3746,0.0508,0.05,groundplane,34.24986
0.3746,0.0762,0.05,groundplane,34.24987
0.3746,0.1016,0.05,groundplane,34.24987
