x,y,z,mattype,Wm2Front
0.3746,4.853812e-17,0.05,groundplane,29.233860000000004
0.3746,0.0254,0.05,groundplane,29.23375
0.3746,0.0508,0.05,groundplane,29.23374
0.3746,0.0762,0.05,groundplane,29.23374
0.3746,0.1016,0.05,groundplane,29.233729999999998
