x,y,z,mattype,Wm2Front
1.5746,3.050247e-17,0.05,groundplane,455.84190000000007
1.5746,0.0254,0.05,groundplane,455.8455000000001
1.5746,0.0508,0.05,groundplane,455.8453
1.5746,0.0762,0.05,groundplane,455.845
1.5746,0.1016,0.05,groundplane,455.8448
