x,y,z,mattype,Wm2Front
0.3746,4.169942e-17,0.05,groundplane,753.6992
0.3746,0.0254,0.05,groundplane,753.7008
0.3746,0.0508,0.05,groundplane,753.7004000000001
0.3746,0.0762,0.05,groundplane,753.7000000000002
0.3746,0.1016,0.05,groundplane,753.6996
