x,y,z,rearMat,Wm2Back
0.7848774,4.805988e-17,1.654818,sky,9.230221
0.5887067,3.604789e-17,1.615868,sky,9.230221
0.3925361,2.40359e-17,1.576918,sky,9.230221
0.1963654,1.202391e-17,1.537969,sky,9.230221
0.000194748,1.192487e-20,1.499019,sky,9.230221
-0.1959759,-1.200006e-17,1.46007,sky,9.230221
-0.3921466,-2.401205e-17,1.42112,sky,9.230221
-0.5883172,-3.602404e-17,1.38217,sky,9.230221
-0.7844879,-4.803603e-17,1.343221,sky,9.230221
