x,y,z,mattype,Wm2Front
0.3746,4.82379e-17,0.05,groundplane,713.8991
0.3746,0.0254,0.05,groundplane,713.8998
0.3746,0.0508,0.05,groundplane,713.8995
0.3746,0.0762,0.05,groundplane,713.8991
0.3746,0.1016,0.05,groundplane,713.8987000000001
