x,y,z,rearMat,Wm2Back
0.6104206,3.737748e-17,2.017095,sky,16.25265
0.4579773,2.804302e-17,1.887631,sky,16.25265
0.305534,1.870856e-17,1.758167,sky,16.25265
0.1530906,9.374098e-18,1.628702,sky,16.25265
0.0006473221,3.963704e-20,1.499238,sky,16.25265
-0.151796,-9.294824e-18,1.369773,sky,16.25265
-0.3042393,-1.862929e-17,1.240309,sky,16.25265
-0.4566826,-2.796375e-17,1.110845,sky,16.25265
-0.609126,-3.729821e-17,0.9813801,sky,16.25265
