x,y,z,mattype,Wm2Front
1.5746,4.687496e-17,0.05,groundplane,67.01904
1.5746,0.0254,0.05,groundplane,67.01864
1.5746,0.0508,0.05,groundplane,67.01858
1.5746,0.0762,0.05,groundplane,67.01852
1.5746,0.1016,0.05,groundplane,67.01846
