x,y,z,rearMat,Wm2Back
0.7369401,4.512457e-17,1.18868,sky,12.86827
0.5526081,3.383749e-17,1.266279,sky,12.86827
0.3682761,2.25504e-17,1.343879,sky,12.86827
0.183944,1.126332e-17,1.421479,sky,12.86827
-0.0003879982,-2.375804e-20,1.499078,sky,12.86827
-0.18472,-1.131084e-17,1.576678,sky,12.86827
-0.369052,-2.259792e-17,1.654278,sky,12.86827
-0.5533841,-3.3885e-17,1.731877,sky,12.86827
-0.7377161,-4.517208e-17,1.809477,sky,12.86827
