x,y,z,rearMat,Wm2Back
0.7822904,4.790147e-17,1.6674,sky,13.23832
0.5867704,3.592933e-17,1.625305,sky,13.23832
0.3912504,2.395718e-17,1.583211,sky,13.23832
0.1957305,1.198503e-17,1.541117,sky,13.23832
0.0002104718,1.288768e-20,1.499022,sky,13.23832
-0.1953095,-1.195926e-17,1.456928,sky,13.23832
-0.3908295,-2.393141e-17,1.414834,sky,13.23832
-0.5863495,-3.590355e-17,1.372739,sky,13.23832
-0.7818695,-4.78757e-17,1.330645,sky,13.23832
