x,y,z,rearMat,Wm2Back
0.7975472,4.883568e-17,1.562606,sky,89.93871
0.5981803,3.662798e-17,1.546705,sky,89.93871
0.3988134,2.442027e-17,1.530804,sky,89.93871
0.1994464,1.221257e-17,1.514904,sky,89.93871
7.950302e-05,4.868156e-21,1.499003,sky,89.93871
-0.1992874,-1.220284e-17,1.483103,sky,89.93871
-0.3986543,-2.441054e-17,1.467202,sky,89.93871
-0.5980213,-3.661824e-17,1.451301,sky,89.93871
-0.7973882,-4.882595e-17,1.435401,sky,89.93871
