x,y,z,rearMat,Wm2Back
0.6844483,4.191037e-17,1.914164,sky,79.56052
0.5134659,3.144072e-17,1.810409,sky,79.56052
0.3424835,2.097107e-17,1.706654,sky,79.56052
0.1715011,1.050142e-17,1.6029,sky,79.56052
0.0005187733,3.17657e-20,1.499145,sky,79.56052
-0.1704636,-1.043789e-17,1.39539,sky,79.56052
-0.341446,-2.090754e-17,1.291636,sky,79.56052
-0.5124283,-3.137719e-17,1.187881,sky,79.56052
-0.6834107,-4.184684e-17,1.084126,sky,79.56052
