x,y,z,rearMat,Wm2Back
0.6309106,3.863213e-17,1.008113,sky,20.62555
0.4730295,2.89647e-17,1.130887,sky,20.62555
0.3151484,1.929727e-17,1.253662,sky,20.62555
0.1572673,9.629842e-18,1.376436,sky,20.62555
-0.000613872,-3.758882e-20,1.499211,sky,20.62555
-0.158495,-9.705019e-18,1.621985,sky,20.62555
-0.3163761,-1.937245e-17,1.744759,sky,20.62555
-0.4742572,-2.903988e-17,1.867534,sky,20.62555
-0.6321384,-3.870731e-17,1.990308,sky,20.62555
