x,y,z,mattype,Wm2Front
0.3746,3.247255e-17,0.05,groundplane,342.6229
0.3746,0.0254,0.05,groundplane,342.6223
0.3746,0.0508,0.05,groundplane,342.6221
0.3746,0.0762,0.05,groundplane,342.622
0.3746,0.1016,0.05,groundplane,342.6218999999999
