x,y,z,mattype,Wm2Front
1.5746,4.883134e-17,0.05,groundplane,856.848
1.5746,0.0254,0.05,groundplane,856.8509
1.5746,0.0508,0.05,groundplane,856.8497000000001
1.5746,0.0762,0.05,groundplane,856.8485999999999
1.5746,0.1016,0.05,groundplane,856.8474
