x,y,z,mattype,Wm2Front
1.5746,3.050247e-17,0.05,groundplane,395.6468
1.5746,0.0254,0.05,groundplane,395.6537
1.5746,0.0508,0.05,groundplane,395.65350000000007
1.5746,0.0762,0.05,groundplane,395.6532
1.5746,0.1016,0.05,groundplane,395.653
