x,y,z,rearMat,Wm2Back
0.6184388,3.786845e-17,0.9925215,sky,18.26093
0.4636707,2.839164e-17,1.119198,sky,18.26093
0.3089027,1.891484e-17,1.245874,sky,18.26093
0.1541347,9.438026e-18,1.37255,sky,18.26093
-0.0006333809,-3.878339e-20,1.499226,sky,18.26093
-0.1554014,-9.515593e-18,1.625902,sky,18.26093
-0.3101695,-1.89924e-17,1.752579,sky,18.26093
-0.4649375,-2.846921e-17,1.879255,sky,18.26093
-0.6197055,-3.794602e-17,2.005931,sky,18.26093
