x,y,z,rearMat,Wm2Back
0.7184127,4.399009e-17,1.148028,sky,64.07716
0.5386998,3.298585e-17,1.235796,sky,64.07716
0.3589869,2.198161e-17,1.323565,sky,64.07716
0.179274,1.097737e-17,1.411333,sky,64.07716
-0.0004388417,-2.68713e-20,1.499101,sky,64.07716
-0.1801517,-1.103111e-17,1.58687,sky,64.07716
-0.3598646,-2.203535e-17,1.674638,sky,64.07716
-0.5395775,-3.303959e-17,1.762406,sky,64.07716
-0.7192904,-4.404383e-17,1.850175,sky,64.07716
