x,y,z,mattype,Wm2Front
0.3746,4.882828e-17,0.05,groundplane,25.92146
0.3746,0.0254,0.05,groundplane,25.92094
0.3746,0.0508,0.05,groundplane,25.92093
0.3746,0.0762,0.05,groundplane,25.92093
0.3746,0.1016,0.05,groundplane,25.92092
