x,y,z,mattype,Wm2Front
0.3746,4.670215e-17,0.05,groundplane,127.832
0.3746,0.0254,0.05,groundplane,127.8313
0.3746,0.0508,0.05,groundplane,127.8313
0.3746,0.0762,0.05,groundplane,127.83120000000001
0.3746,0.1016,0.05,groundplane,127.83120000000001
