x,y,z,mattype,Wm2Front
0.3746,4.72168e-17,0.05,groundplane,802.7262999999999
0.3746,0.0254,0.05,groundplane,802.7267
0.3746,0.0508,0.05,groundplane,802.7262999999999
0.3746,0.0762,0.05,groundplane,802.7258
0.3746,0.1016,0.05,groundplane,802.7253999999999
