x,y,z,rearMat,Wm2Back
0.7951975,4.86918e-17,1.412468,sky,10.6603
0.5963711,3.65172e-17,1.434102,sky,10.6603
0.3975447,2.434259e-17,1.455737,sky,10.6603
0.1987182,1.216798e-17,1.477371,sky,10.6603
-0.0001081729,-6.623678e-21,1.499006,sky,10.6603
-0.1989346,-1.218123e-17,1.52064,sky,10.6603
-0.397761,-2.435584e-17,1.542275,sky,10.6603
-0.5965874,-3.653044e-17,1.56391,sky,10.6603
-0.7954139,-4.870505e-17,1.585544,sky,10.6603
