x,y,z,mattype,Wm2Front
0.3746,4.864126e-17,0.05,groundplane,708.3854
0.3746,0.0254,0.05,groundplane,708.3866000000002
0.3746,0.0508,0.05,groundplane,708.3862
0.3746,0.0762,0.05,groundplane,708.3858999999999
0.3746,0.1016,0.05,groundplane,708.3856
