x,y,z,mattype,Wm2Front
1.5746,3.050247e-17,0.05,groundplane,455.92159999999996
1.5746,0.0254,0.05,groundplane,455.9245
1.5746,0.0508,0.05,groundplane,455.92429999999996
1.5746,0.0762,0.05,groundplane,455.9241
1.5746,0.1016,0.05,groundplane,455.9238
