x,y,z,rearMat,Wm2Back
0.7686177,4.706426e-17,1.278126,sky,5.998571000000001
0.5763942,3.529397e-17,1.333355,sky,5.998571000000001
0.3841708,2.352367e-17,1.388583,sky,5.998571000000001
0.1919473,1.175338e-17,1.443811,sky,5.998571000000001
-0.0002761406,-1.690874e-20,1.499039,sky,5.998571000000001
-0.1924996,-1.17872e-17,1.554267,sky,5.998571000000001
-0.384723,-2.355749e-17,1.609495,sky,5.998571000000001
-0.5769465,-3.532778e-17,1.664723,sky,5.998571000000001
-0.7691699,-4.709807e-17,1.719951,sky,5.998571000000001
