x,y,z,mattype,Wm2Front
0.3746,4.72493e-17,0.05,groundplane,104.45099999999998
0.3746,0.0254,0.05,groundplane,104.45210000000002
0.3746,0.0508,0.05,groundplane,104.45210000000002
0.3746,0.0762,0.05,groundplane,104.45210000000002
0.3746,0.1016,0.05,groundplane,104.45210000000002
