x,y,z,rearMat,Wm2Back
0.5806038,3.555173e-17,2.050364,sky,23.508079999999996
0.435625,2.667434e-17,1.912592,sky,23.508079999999996
0.2906463,1.779695e-17,1.774819,sky,23.508079999999996
0.1456676,8.919567e-18,1.637047,sky,23.508079999999996
0.0006888608,4.218056e-20,1.499275,sky,23.508079999999996
-0.1442899,-8.835206e-18,1.361503,sky,23.508079999999996
-0.2892686,-1.771259e-17,1.223731,sky,23.508079999999996
-0.4342473,-2.658998e-17,1.085959,sky,23.508079999999996
-0.579226,-3.546737e-17,0.9481865,sky,23.508079999999996
