x,y,z,mattype,Wm2Front
0.3746,4.797133e-17,0.05,groundplane,80.75275
0.3746,0.0254,0.05,groundplane,80.75198
0.3746,0.0508,0.05,groundplane,80.75197
0.3746,0.0762,0.05,groundplane,80.75194
0.3746,0.1016,0.05,groundplane,80.75192
