x,y,z,mattype,Wm2Front
0.3746,4.889706e-17,0.05,groundplane,18.74431
0.3746,0.0254,0.05,groundplane,18.74452
0.3746,0.0508,0.05,groundplane,18.74452
0.3746,0.0762,0.05,groundplane,18.74453
0.3746,0.1016,0.05,groundplane,18.74454
