x,y,z,mattype,Wm2Front
1.5746,3.108789e-17,0.05,groundplane,222.16829999999996
1.5746,0.0254,0.05,groundplane,222.1709
1.5746,0.0508,0.05,groundplane,222.1707
1.5746,0.0762,0.05,groundplane,222.1704
1.5746,0.1016,0.05,groundplane,222.1702
