x,y,z,mattype,Wm2Front
0.3746,4.799217e-17,0.05,groundplane,687.7037
0.3746,0.0254,0.05,groundplane,687.7064
0.3746,0.0508,0.05,groundplane,687.7042
0.3746,0.0762,0.05,groundplane,687.7019999999999
0.3746,0.1016,0.05,groundplane,687.6999
