x,y,z,mattype,Wm2Front
1.5746,4.753395e-17,0.05,groundplane,95.40829000000001
1.5746,0.0254,0.05,groundplane,95.40946000000001
1.5746,0.0508,0.05,groundplane,95.40944
1.5746,0.0762,0.05,groundplane,95.40941
1.5746,0.1016,0.05,groundplane,95.40938999999999
