x,y,z,mattype,Wm2Front
1.5746,4.825328e-17,0.05,groundplane,63.6933
1.5746,0.0254,0.05,groundplane,63.69511
1.5746,0.0508,0.05,groundplane,63.6951
1.5746,0.0762,0.05,groundplane,63.6951
1.5746,0.1016,0.05,groundplane,63.69509
