x,y,z,rearMat,Wm2Back
0.7979549,4.886064e-17,1.557175,sky,1.4852239999999999
0.5984843,3.66466e-17,1.542632,sky,1.4852239999999999
0.3990138,2.443255e-17,1.528089,sky,1.4852239999999999
0.1995433,1.22185e-17,1.513546,sky,1.4852239999999999
7.271599e-05,4.45257e-21,1.499003,sky,1.4852239999999999
-0.1993978,-1.22096e-17,1.484459,sky,1.4852239999999999
-0.3988684,-2.442364e-17,1.469916,sky,1.4852239999999999
-0.5983389,-3.663769e-17,1.455373,sky,1.4852239999999999
-0.7978094,-4.885174e-17,1.44083,sky,1.4852239999999999
