x,y,z,mattype,Wm2Front
0.3746,4.556359e-17,0.05,groundplane,725.9031
0.3746,0.0254,0.05,groundplane,725.9050000000001
0.3746,0.0508,0.05,groundplane,725.9044
0.3746,0.0762,0.05,groundplane,725.9038999999999
0.3746,0.1016,0.05,groundplane,725.9034
