x,y,z,mattype,Wm2Front
1.5746,3.823985e-17,0.05,groundplane,712.0305
1.5746,0.0254,0.05,groundplane,712.0304
1.5746,0.0508,0.05,groundplane,712.0296
1.5746,0.0762,0.05,groundplane,712.0288
1.5746,0.1016,0.05,groundplane,712.0279999999999
