x,y,z,rearMat,Wm2Back
0.7993458,4.894581e-17,1.532362,sky,12.67619
0.5995198,3.671e-17,1.524022,sky,12.67619
0.3996938,2.447418e-17,1.515681,sky,12.67619
0.1998677,1.223837e-17,1.507341,sky,12.67619
4.170127e-05,2.553467e-21,1.499001,sky,12.67619
-0.1997843,-1.223326e-17,1.490661,sky,12.67619
-0.3996103,-2.446908e-17,1.48232,sky,12.67619
-0.5994364,-3.670489e-17,1.47398,sky,12.67619
-0.7992624,-4.894071e-17,1.46564,sky,12.67619
