x,y,z,rearMat,Wm2Back
0.5228597,3.201592e-17,2.10549,sky,38.62772
0.3923342,2.402354e-17,1.953955,sky,38.62772
0.2618087,1.603116e-17,1.802419,sky,38.62772
0.1312832,8.038777e-18,1.650883,sky,38.62772
0.0007576789,4.639445e-20,1.499347,sky,38.62772
-0.1297678,-7.945988e-18,1.347812,sky,38.62772
-0.2602933,-1.593837e-17,1.196276,sky,38.62772
-0.3908188,-2.393075e-17,1.04474,sky,38.62772
-0.5213443,-3.192313e-17,0.8932043,sky,38.62772
