x,y,z,mattype,Wm2Front
0.3746,3.247255e-17,0.05,groundplane,356.8539
0.3746,0.0254,0.05,groundplane,356.85200000000003
0.3746,0.0508,0.05,groundplane,356.8514
0.3746,0.0762,0.05,groundplane,356.8509000000001
0.3746,0.1016,0.05,groundplane,356.8504
