x,y,z,rearMat,Wm2Back
0.7141849,4.373121e-17,1.139527,sky,72.05655
0.5355263,3.279153e-17,1.229422,sky,72.05655
0.3568677,2.185184e-17,1.319317,sky,72.05655
0.1782091,1.091216e-17,1.409212,sky,72.05655
-0.0004494749,-2.75224e-20,1.499107,sky,72.05655
-0.1791081,-1.096721e-17,1.589002,sky,72.05655
-0.3577667,-2.190689e-17,1.678897,sky,72.05655
-0.5364252,-3.284657e-17,1.768792,sky,72.05655
-0.7150838,-4.378626e-17,1.858687,sky,72.05655
