x,y,z,rearMat,Wm2Back
0.7642991,4.679982e-17,1.263679,sky,14.71255
0.5731508,3.509536e-17,1.32252,sky,14.71255
0.3820025,2.33909e-17,1.381361,sky,14.71255
0.1908541,1.168644e-17,1.440203,sky,14.71255
-0.0002942071,-1.801499e-20,1.499044,sky,14.71255
-0.1914425,-1.172247e-17,1.557886,sky,14.71255
-0.3825909,-2.342693e-17,1.616727,sky,14.71255
-0.5737392,-3.513139e-17,1.675569,sky,14.71255
-0.7648876,-4.683585e-17,1.73441,sky,14.71255
