x,y,z,mattype,Wm2Front
0.3746,3.697929e-17,0.05,groundplane,694.9895
0.3746,0.0254,0.05,groundplane,694.9891000000001
0.3746,0.0508,0.05,groundplane,694.9889
0.3746,0.0762,0.05,groundplane,694.9886
0.3746,0.1016,0.05,groundplane,694.9883999999998
