x,y,z,mattype,Wm2Front
1.5746,4.822278e-17,0.05,groundplane,746.0854
1.5746,0.0254,0.05,groundplane,746.0859999999999
1.5746,0.0508,0.05,groundplane,746.0856
1.5746,0.0762,0.05,groundplane,746.0852
1.5746,0.1016,0.05,groundplane,746.0848
