x,y,z,rearMat,Wm2Back
0.548265,3.357155e-17,2.082586,sky,37.72947
0.411381,2.518982e-17,1.936768,sky,37.72947
0.274497,1.68081e-17,1.790951,sky,37.72947
0.1376131,8.42637e-18,1.645133,sky,37.72947
0.0007290881,4.464377e-20,1.499316,sky,37.72947
-0.1361549,-8.337082e-18,1.353498,sky,37.72947
-0.2730389,-1.671881e-17,1.20768,sky,37.72947
-0.4099228,-2.510053e-17,1.061863,sky,37.72947
-0.5468068,-3.348226e-17,0.9160451,sky,37.72947
