x,y,z,mattype,Wm2Front
0.3746,3.61496e-17,0.05,groundplane,706.6042000000001
0.3746,0.0254,0.05,groundplane,706.6061
0.3746,0.0508,0.05,groundplane,706.6057999999999
0.3746,0.0762,0.05,groundplane,706.6056
0.3746,0.1016,0.05,groundplane,706.6053
