x,y,z,mattype,Wm2Front
0.3746,4.587661e-17,0.05,groundplane,718.7866
0.3746,0.0254,0.05,groundplane,718.7871
0.3746,0.0508,0.05,groundplane,718.7867
0.3746,0.0762,0.05,groundplane,718.7863000000001
0.3746,0.1016,0.05,groundplane,718.7859
