x,y,z,rearMat,Wm2Back
0.6037533,3.696923e-17,0.9751353,sky,31.09702
0.4526512,2.771689e-17,1.106163,sky,31.09702
0.3015491,1.846456e-17,1.23719,sky,31.09702
0.150447,9.21222e-18,1.368217,sky,31.09702
-0.0006551365,-4.011554e-20,1.499244,sky,31.09702
-0.1517572,-9.292451e-18,1.630272,sky,31.09702
-0.3028594,-1.854479e-17,1.761299,sky,31.09702
-0.4539615,-2.779712e-17,1.892326,sky,31.09702
-0.6050636,-3.704946e-17,2.023354,sky,31.09702
