x,y,z,rearMat,Wm2Back
0.6349518,3.887959e-17,1.986659,sky,108.8625
0.4763662,2.916902e-17,1.864796,sky,108.8625
0.3177806,1.945845e-17,1.742933,sky,108.8625
0.1591949,9.747879e-18,1.62107,sky,108.8625
0.0006093151,3.730979e-20,1.499207,sky,108.8625
-0.1579763,-9.673259e-18,1.377344,sky,108.8625
-0.3165619,-1.938383e-17,1.255481,sky,108.8625
-0.4751476,-2.90944e-17,1.133618,sky,108.8625
-0.6337332,-3.880497e-17,1.011755,sky,108.8625
