x,y,z,rearMat,Wm2Back
0.7998501,4.897669e-17,1.48448,sky,2.253775
0.599883,3.673224e-17,1.48811,sky,2.253775
0.399916,2.448779e-17,1.49174,sky,2.253775
0.1999489,1.224334e-17,1.49537,sky,2.253775
-1.815043e-05,-1.111393e-21,1.499,sky,2.253775
-0.1999852,-1.224556e-17,1.50263,sky,2.253775
-0.3999523,-2.449001e-17,1.50626,sky,2.253775
-0.5999193,-3.673446e-17,1.50989,sky,2.253775
-0.7998864,-4.897891e-17,1.513521,sky,2.253775
