x,y,z,mattype,Wm2Front
1.5746,4.799435e-17,0.05,groundplane,75.48779
1.5746,0.0254,0.05,groundplane,75.48897
1.5746,0.0508,0.05,groundplane,75.48895
1.5746,0.0762,0.05,groundplane,75.48892
1.5746,0.1016,0.05,groundplane,75.4889
