x,y,z,mattype,Wm2Front
0.3746,4.599867e-17,0.05,groundplane,842.7614
0.3746,0.0254,0.05,groundplane,842.7615
0.3746,0.0508,0.05,groundplane,842.7611
0.3746,0.0762,0.05,groundplane,842.7607000000002
0.3746,0.1016,0.05,groundplane,842.7604
