x,y,z,mattype,Wm2Front
1.5746,3.247255e-17,0.05,groundplane,344.5479
1.5746,0.0254,0.05,groundplane,344.5469
1.5746,0.0508,0.05,groundplane,344.5468
1.5746,0.0762,0.05,groundplane,344.54670000000004
1.5746,0.1016,0.05,groundplane,344.54659999999996
