x,y,z,mattype,Wm2Front
1.5746,4.810509e-17,0.05,groundplane,884.8599
1.5746,0.0254,0.05,groundplane,884.861
1.5746,0.0508,0.05,groundplane,884.8605000000001
1.5746,0.0762,0.05,groundplane,884.8601
1.5746,0.1016,0.05,groundplane,884.8597
