x,y,z,mattype,Wm2Front
0.3746,4.72764e-17,0.05,groundplane,881.8834
0.3746,0.0254,0.05,groundplane,881.8840999999999
0.3746,0.0508,0.05,groundplane,881.8837
0.3746,0.0762,0.05,groundplane,881.8834
0.3746,0.1016,0.05,groundplane,881.8831
