x,y,z,mattype,Wm2Front
0.3746,4.451808e-17,0.05,groundplane,61.60511
0.3746,0.0254,0.05,groundplane,61.60577
0.3746,0.0508,0.05,groundplane,61.60577
0.3746,0.0762,0.05,groundplane,61.60576
0.3746,0.1016,0.05,groundplane,61.60575
