x,y,z,mattype,Wm2Front
1.5746,4.897813e-17,0.05,groundplane,12.72947
1.5746,0.0254,0.05,groundplane,12.72914
1.5746,0.0508,0.05,groundplane,12.72914
1.5746,0.0762,0.05,groundplane,12.72914
1.5746,0.1016,0.05,groundplane,12.72914
