x,y,z,mattype,Wm2Front
0.3746,4.710831e-17,0.05,groundplane,97.68799
0.3746,0.0254,0.05,groundplane,97.69089000000001
0.3746,0.0508,0.05,groundplane,97.69090999999999
0.3746,0.0762,0.05,groundplane,97.69093
0.3746,0.1016,0.05,groundplane,97.69096
