x,y,z,rearMat,Wm2Back
0.6661704,4.079117e-17,1.057035,sky,11.38434
0.4994896,3.058492e-17,1.167568,sky,11.38434
0.3328089,2.037867e-17,1.278101,sky,11.38434
0.1661281,1.017241e-17,1.388634,sky,11.38434
-0.0005526645,-3.384094e-20,1.499167,sky,11.38434
-0.1672334,-1.024009e-17,1.609699,sky,11.38434
-0.3339142,-2.044635e-17,1.720232,sky,11.38434
-0.500595,-3.06526e-17,1.830765,sky,11.38434
-0.6672757,-4.085886e-17,1.941298,sky,11.38434
