x,y,z,rearMat,Wm2Back
0.7974665,4.883074e-17,1.436375,sky,152.877
0.5980803,3.662186e-17,1.452032,sky,152.877
0.3986941,2.441297e-17,1.467689,sky,152.877
0.1993079,1.220409e-17,1.483346,sky,152.877
-7.82851e-05,-4.79358e-21,1.499003,sky,152.877
-0.1994645,-1.221368e-17,1.51466,sky,152.877
-0.3988507,-2.442256e-17,1.530317,sky,152.877
-0.5982369,-3.663144e-17,1.545974,sky,152.877
-0.7976231,-4.884033e-17,1.561631,sky,152.877
