x,y,z,mattype,Wm2Front
1.5746,4.08077e-17,0.05,groundplane,732.0501
1.5746,0.0254,0.05,groundplane,732.0499
1.5746,0.0508,0.05,groundplane,732.0495999999999
1.5746,0.0762,0.05,groundplane,732.0493
1.5746,0.1016,0.05,groundplane,732.049
