x,y,z,rearMat,Wm2Back
0.7992382,4.893923e-17,1.465082,sky,12.758339999999999
0.5994181,3.670377e-17,1.473562,sky,12.758339999999999
0.3995979,2.446831e-17,1.482041,sky,12.758339999999999
0.1997778,1.223286e-17,1.490521,sky,12.758339999999999
-4.239879e-05,-2.596177e-21,1.499001,sky,12.758339999999999
-0.1998626,-1.223805e-17,1.507481,sky,12.758339999999999
-0.3996827,-2.447351e-17,1.51596,sky,12.758339999999999
-0.5995029,-3.670896e-17,1.52444,sky,12.758339999999999
-0.799323,-4.894442e-17,1.53292,sky,12.758339999999999
