x,y,z,rearMat,Wm2Back
0.7988363,4.891461e-17,1.456854,sky,37.09029
0.599114,3.668515e-17,1.467391,sky,37.09029
0.3993918,2.445569e-17,1.477928,sky,37.09029
0.1996696,1.222623e-17,1.488464,sky,37.09029
-5.268454e-05,-3.225998e-21,1.499001,sky,37.09029
-0.1997749,-1.223269e-17,1.509538,sky,37.09029
-0.3994972,-2.446215e-17,1.520075,sky,37.09029
-0.5992194,-3.669161e-17,1.530612,sky,37.09029
-0.7989416,-4.892107e-17,1.541149,sky,37.09029
