x,y,z,mattype,Wm2Front
1.5746,4.710768e-17,0.05,groundplane,33.83917
1.5746,0.0254,0.05,groundplane,33.83914
1.5746,0.0508,0.05,groundplane,33.83913
1.5746,0.0762,0.05,groundplane,33.83912
1.5746,0.1016,0.05,groundplane,33.8391
