x,y,z,mattype,Wm2Front
1.5746,4.85931e-17,0.05,groundplane,42.99206
1.5746,0.0254,0.05,groundplane,42.99291
1.5746,0.0508,0.05,groundplane,42.99292
1.5746,0.0762,0.05,groundplane,42.99293
1.5746,0.1016,0.05,groundplane,42.99294
