x,y,z,mattype,Wm2Front
1.5746,3.627483e-17,0.05,groundplane,177.43359999999998
1.5746,0.0254,0.05,groundplane,177.43369999999996
1.5746,0.0508,0.05,groundplane,177.4335
1.5746,0.0762,0.05,groundplane,177.43320000000003
1.5746,0.1016,0.05,groundplane,177.433
