x,y,z,rearMat,Wm2Back
0.785484,4.809702e-17,1.34829,sky,4.173093
0.5890659,3.606988e-17,1.385972,sky,4.173093
0.3926478,2.404274e-17,1.423654,sky,4.173093
0.1962297,1.20156e-17,1.461336,sky,4.173093
-0.0001884099,-1.153678e-20,1.499018,sky,4.173093
-0.1966065,-1.203868e-17,1.5367,sky,4.173093
-0.3930246,-2.406582e-17,1.574382,sky,4.173093
-0.5894427,-3.609296e-17,1.612064,sky,4.173093
-0.7858608,-4.81201e-17,1.649746,sky,4.173093
