x,y,z,mattype,Wm2Front
1.5746,4.619668e-17,0.05,groundplane,769.8373
1.5746,0.0254,0.05,groundplane,769.842
1.5746,0.0508,0.05,groundplane,769.8416000000001
1.5746,0.0762,0.05,groundplane,769.8411
1.5746,0.1016,0.05,groundplane,769.8406
