x,y,z,rearMat,Wm2Back
0.7998667,4.897771e-17,1.514637,sky,2.538906
0.5999049,3.673358e-17,1.510728,sky,2.538906
0.3999431,2.448945e-17,1.506819,sky,2.538906
0.1999813,1.224533e-17,1.502909,sky,2.538906
1.954644e-05,1.196874e-21,1.499,sky,2.538906
-0.1999422,-1.224293e-17,1.495091,sky,2.538906
-0.399904,-2.448706e-17,1.491182,sky,2.538906
-0.5998658,-3.673119e-17,1.487272,sky,2.538906
-0.7998276,-4.897532e-17,1.483363,sky,2.538906
