x,y,z,rearMat,Wm2Back
0.7554632,4.625878e-17,1.763204,sky,20.42886
0.5666799,3.469914e-17,1.697167,sky,20.42886
0.3778967,2.31395e-17,1.63113,sky,20.42886
0.1891134,1.157986e-17,1.565093,sky,20.42886
0.0003301849,2.0218e-20,1.499056,sky,20.42886
-0.1884531,-1.153942e-17,1.433019,sky,20.42886
-0.3772363,-2.309906e-17,1.366982,sky,20.42886
-0.5660196,-3.46587e-17,1.300945,sky,20.42886
-0.7548028,-4.621834e-17,1.234908,sky,20.42886
