x,y,z,mattype,Wm2Front
0.3746,4.649654e-17,0.05,groundplane,32.00844
0.3746,0.0254,0.05,groundplane,32.00871
0.3746,0.0508,0.05,groundplane,32.00871
0.3746,0.0762,0.05,groundplane,32.00871
0.3746,0.1016,0.05,groundplane,32.0087
