x,y,z,mattype,Wm2Front
1.5746,4.765405e-17,0.05,groundplane,842.2455999999999
1.5746,0.0254,0.05,groundplane,842.2471
1.5746,0.0508,0.05,groundplane,842.2467
1.5746,0.0762,0.05,groundplane,842.2463000000001
1.5746,0.1016,0.05,groundplane,842.2458
