x,y,z,mattype,Wm2Front
1.5746,4.884874e-17,0.05,groundplane,11.688049999999999
1.5746,0.0254,0.05,groundplane,11.68812
1.5746,0.0508,0.05,groundplane,11.68811
1.5746,0.0762,0.05,groundplane,11.68811
1.5746,0.1016,0.05,groundplane,11.68811
