x,y,z,rearMat,Wm2Back
0.6367884,3.899204e-17,1.015746,sky,26.53936
0.4774402,2.923478e-17,1.136611,sky,26.53936
0.318092,1.947752e-17,1.257475,sky,26.53936
0.1587439,9.720258e-18,1.378339,sky,26.53936
-0.000604321,-3.700399e-20,1.499203,sky,26.53936
-0.1599525,-9.794266e-18,1.620067,sky,26.53936
-0.3193007,-1.955153e-17,1.740932,sky,26.53936
-0.4786489,-2.930879e-17,1.861796,sky,26.53936
-0.6379971,-3.906605e-17,1.98266,sky,26.53936
