x,y,z,rearMat,Wm2Back
0.7999982,4.898576e-17,1.498023,sky,11.83883
0.5999983,3.67393e-17,1.498267,sky,11.83883
0.3999985,2.449284e-17,1.498511,sky,11.83883
0.1999986,1.224638e-17,1.498756,sky,11.83883
-1.22173e-06,-7.48094e-23,1.499,sky,11.83883
-0.2000011,-1.224653e-17,1.499244,sky,11.83883
-0.4000009,-2.449299e-17,1.499489,sky,11.83883
-0.6000008,-3.673945e-17,1.499733,sky,11.83883
-0.8000006,-4.898591e-17,1.499977,sky,11.83883
