x,y,z,mattype,Wm2Front
0.3746,4.702501e-17,0.05,groundplane,38.06584
0.3746,0.0254,0.05,groundplane,38.066
0.3746,0.0508,0.05,groundplane,38.06599
0.3746,0.0762,0.05,groundplane,38.06598
0.3746,0.1016,0.05,groundplane,38.06597
