x,y,z,rearMat,Wm2Back
0.5854796,3.585029e-17,2.045174,sky,33.60502
0.4392803,2.689816e-17,1.908698,sky,33.60502
0.293081,1.794603e-17,1.772221,sky,33.60502
0.1468817,8.993909e-18,1.635745,sky,33.60502
0.0006823812,4.17838e-20,1.499269,sky,33.60502
-0.1455169,-8.910342e-18,1.362793,sky,33.60502
-0.2917162,-1.786247e-17,1.226317,sky,33.60502
-0.4379155,-2.681459e-17,1.08984,sky,33.60502
-0.5841148,-3.576672e-17,0.953364,sky,33.60502
