x,y,z,mattype,Wm2Front
0.3746,4.87446e-17,0.05,groundplane,926.1525
0.3746,0.0254,0.05,groundplane,926.1556999999999
0.3746,0.0508,0.05,groundplane,926.1544
0.3746,0.0762,0.05,groundplane,926.1529999999999
0.3746,0.1016,0.05,groundplane,926.1516
