x,y,z,rearMat,Wm2Back
0.7552793,4.624752e-17,1.763731,sky,24.14954
0.5665422,3.46907e-17,1.697563,sky,24.14954
0.3778051,2.313389e-17,1.631394,sky,24.14954
0.1890679,1.157707e-17,1.565225,sky,24.14954
0.0003308438,2.025834e-20,1.499056,sky,24.14954
-0.1884063,-1.153656e-17,1.432888,sky,24.14954
-0.3771434,-2.309337e-17,1.366719,sky,24.14954
-0.5658805,-3.465019e-17,1.30055,sky,24.14954
-0.7546176,-4.6207e-17,1.234381,sky,24.14954
