x,y,z,mattype,Wm2Front
1.5746,3.247255e-17,0.05,groundplane,240.20089999999996
1.5746,0.0254,0.05,groundplane,240.197
1.5746,0.0508,0.05,groundplane,240.1965
1.5746,0.0762,0.05,groundplane,240.1961
1.5746,0.1016,0.05,groundplane,240.1956
