x,y,z,mattype,Wm2Front
1.5746,4.894616e-17,0.05,groundplane,14.339819999999998
1.5746,0.0254,0.05,groundplane,14.34031
1.5746,0.0508,0.05,groundplane,14.34031
1.5746,0.0762,0.05,groundplane,14.34031
1.5746,0.1016,0.05,groundplane,14.34031
