x,y,z,mattype,Wm2Front
1.5746,4.321307e-17,0.05,groundplane,208.4221
1.5746,0.0254,0.05,groundplane,208.42500000000004
1.5746,0.0508,0.05,groundplane,208.4249
1.5746,0.0762,0.05,groundplane,208.4248
1.5746,0.1016,0.05,groundplane,208.4247
