x,y,z,mattype,Wm2Front
0.3746,4.42929e-17,0.05,groundplane,116.34179999999999
0.3746,0.0254,0.05,groundplane,116.3402
0.3746,0.0508,0.05,groundplane,116.33999999999999
0.3746,0.0762,0.05,groundplane,116.3397
0.3746,0.1016,0.05,groundplane,116.3395
