x,y,z,mattype,Wm2Front
1.5746,3.516853e-17,0.05,groundplane,410.1561
1.5746,0.0254,0.05,groundplane,410.15260000000006
1.5746,0.0508,0.05,groundplane,410.1514
1.5746,0.0762,0.05,groundplane,410.1501
1.5746,0.1016,0.05,groundplane,410.1488
