x,y,z,mattype,Wm2Front
0.3746,4.856847e-17,0.05,groundplane,20.97242
0.3746,0.0254,0.05,groundplane,20.97331
0.3746,0.0508,0.05,groundplane,20.97331
0.3746,0.0762,0.05,groundplane,20.9733
0.3746,0.1016,0.05,groundplane,20.97329
