x,y,z,rearMat,Wm2Back
0.794254,4.863403e-17,1.404284,sky,1.973165
0.5956609,3.647371e-17,1.427965,sky,1.973165
0.3970678,2.431339e-17,1.451645,sky,1.973165
0.1984747,1.215307e-17,1.475326,sky,1.973165
-0.000118404,-7.250152e-21,1.499007,sky,1.973165
-0.1987115,-1.216757e-17,1.522688,sky,1.973165
-0.3973046,-2.432789e-17,1.546369,sky,1.973165
-0.5958977,-3.648821e-17,1.570049,sky,1.973165
-0.7944908,-4.864853e-17,1.59373,sky,1.973165
