x,y,z,mattype,Wm2Front
0.3746,4.447773e-17,0.05,groundplane,792.7067000000001
0.3746,0.0254,0.05,groundplane,792.7067000000001
0.3746,0.0508,0.05,groundplane,792.7064
0.3746,0.0762,0.05,groundplane,792.706
0.3746,0.1016,0.05,groundplane,792.7055999999999
