x,y,z,mattype,Wm2Front
0.3746,3.550783e-17,0.05,groundplane,708.2167
0.3746,0.0254,0.05,groundplane,708.2193000000001
0.3746,0.0508,0.05,groundplane,708.2190999999999
0.3746,0.0762,0.05,groundplane,708.2188
0.3746,0.1016,0.05,groundplane,708.2185
