x,y,z,mattype,Wm2Front
1.5746,4.498144e-17,0.05,groundplane,788.0192000000001
1.5746,0.0254,0.05,groundplane,788.0207999999999
1.5746,0.0508,0.05,groundplane,788.0203
1.5746,0.0762,0.05,groundplane,788.0198999999999
1.5746,0.1016,0.05,groundplane,788.0195
