x,y,z,mattype,Wm2Front
0.3746,4.703877e-17,0.05,groundplane,203.64700000000002
0.3746,0.0254,0.05,groundplane,203.6475
0.3746,0.0508,0.05,groundplane,203.6472
0.3746,0.0762,0.05,groundplane,203.6469
0.3746,0.1016,0.05,groundplane,203.6466
