x,y,z,mattype,Wm2Front
0.3746,3.98659e-17,0.05,groundplane,189.088
0.3746,0.0254,0.05,groundplane,189.08810000000003
0.3746,0.0508,0.05,groundplane,189.088
0.3746,0.0762,0.05,groundplane,189.0879
0.3746,0.1016,0.05,groundplane,189.0878
