x,y,z,mattype,Wm2Front
0.3746,3.247255e-17,0.05,groundplane,484.74
0.3746,0.0254,0.05,groundplane,484.743
0.3746,0.0508,0.05,groundplane,484.7427
0.3746,0.0762,0.05,groundplane,484.7423999999999
0.3746,0.1016,0.05,groundplane,484.74219999999997
