x,y,z,rearMat,Wm2Back
0.6604195,4.043903e-17,1.951494,sky,24.05762
0.4954559,3.033793e-17,1.838415,sky,24.05762
0.3304924,2.023682e-17,1.725335,sky,24.05762
0.1655289,1.013572e-17,1.612255,sky,24.05762
0.000565399,3.46207e-20,1.499175,sky,24.05762
-0.1643981,-1.006648e-17,1.386095,sky,24.05762
-0.3293616,-2.016758e-17,1.273016,sky,24.05762
-0.4943251,-3.026869e-17,1.159936,sky,24.05762
-0.6592887,-4.036979e-17,1.046856,sky,24.05762
