x,y,z,rearMat,Wm2Back
0.6810041,4.169948e-17,1.080197,sky,31.945630000000005
0.5106222,3.126659e-17,1.184935,sky,31.945630000000005
0.3402402,2.083371e-17,1.289673,sky,31.945630000000005
0.1698583,1.040082e-17,1.39441,sky,31.945630000000005
-0.0005236886,-3.206668e-20,1.499148,sky,31.945630000000005
-0.1709056,-1.046495e-17,1.603886,sky,31.945630000000005
-0.3412876,-2.089784e-17,1.708624,sky,31.945630000000005
-0.5116696,-3.133072e-17,1.813361,sky,31.945630000000005
-0.6820515,-4.176361e-17,1.918099,sky,31.945630000000005
