x,y,z,rearMat,Wm2Back
0.7608959,4.659144e-17,1.747059,sky,5.995692000000001
0.5707494,3.494832e-17,1.685057,sky,5.995692000000001
0.380603,2.330521e-17,1.623054,sky,5.995692000000001
0.1904565,1.16621e-17,1.561052,sky,5.995692000000001
0.0003100128,1.898281e-20,1.499049,sky,5.995692000000001
-0.1898365,-1.162413e-17,1.437047,sky,5.995692000000001
-0.3799829,-2.326724e-17,1.375044,sky,5.995692000000001
-0.5701294,-3.491036e-17,1.313042,sky,5.995692000000001
-0.7602759,-4.655347e-17,1.251039,sky,5.995692000000001
