x,y,z,rearMat,Wm2Back
0.763844,4.677196e-17,1.262212,sky,13.7507
0.572809,3.507444e-17,1.32142,sky,13.7507
0.381774,2.337691e-17,1.380628,sky,13.7507
0.190739,1.167939e-17,1.439837,sky,13.7507
-0.0002960415,-1.812731e-20,1.499045,sky,13.7507
-0.1913311,-1.171565e-17,1.558253,sky,13.7507
-0.3823661,-2.341317e-17,1.617461,sky,13.7507
-0.5734011,-3.511069e-17,1.67667,sky,13.7507
-0.7644361,-4.680821e-17,1.735878,sky,13.7507
