x,y,z,mattype,Wm2Front
1.5746,3.247255e-17,0.05,groundplane,115.3519
1.5746,0.0254,0.05,groundplane,115.35179999999998
1.5746,0.0508,0.05,groundplane,115.3517
1.5746,0.0762,0.05,groundplane,115.3516
1.5746,0.1016,0.05,groundplane,115.3515
