x,y,z,mattype,Wm2Front
0.3746,4.35618e-17,0.05,groundplane,211.2309
0.3746,0.0254,0.05,groundplane,211.2313
0.3746,0.0508,0.05,groundplane,211.2309
0.3746,0.0762,0.05,groundplane,211.2306
0.3746,0.1016,0.05,groundplane,211.23030000000003
