x,y,z,mattype,Wm2Front
0.3746,3.589875e-17,0.05,groundplane,689.7433
0.3746,0.0254,0.05,groundplane,689.7428
0.3746,0.0508,0.05,groundplane,689.7427000000001
0.3746,0.0762,0.05,groundplane,689.7425
0.3746,0.1016,0.05,groundplane,689.7423
