x,y,z,mattype,Wm2Front
1.5746,4.864719e-17,0.05,groundplane,28.603220000000004
1.5746,0.0254,0.05,groundplane,28.602459999999997
1.5746,0.0508,0.05,groundplane,28.602459999999997
1.5746,0.0762,0.05,groundplane,28.602459999999997
1.5746,0.1016,0.05,groundplane,28.60245
