x,y,z,mattype,Wm2Front
1.5746,3.050247e-17,0.05,groundplane,392.0845
1.5746,0.0254,0.05,groundplane,392.1067
1.5746,0.0508,0.05,groundplane,392.10639999999995
1.5746,0.0762,0.05,groundplane,392.1061
1.5746,0.1016,0.05,groundplane,392.1058
