x,y,z,mattype,Wm2Front
1.5746,4.896749e-17,0.05,groundplane,15.781079999999998
1.5746,0.0254,0.05,groundplane,15.78154
1.5746,0.0508,0.05,groundplane,15.78154
1.5746,0.0762,0.05,groundplane,15.781550000000001
1.5746,0.1016,0.05,groundplane,15.781550000000001
