x,y,z,rearMat,Wm2Back
0.7999957,4.898561e-17,1.497185,sky,20.45425
0.5999962,3.673917e-17,1.497639,sky,20.45425
0.3999967,2.449273e-17,1.498092,sky,20.45425
0.1999972,1.22463e-17,1.498546,sky,20.45425
-2.268926e-06,-1.389317e-22,1.499,sky,20.45425
-0.2000018,-1.224658e-17,1.499454,sky,20.45425
-0.4000012,-2.449301e-17,1.499908,sky,20.45425
-0.6000007,-3.673945e-17,1.500361,sky,20.45425
-0.8000002,-4.898588e-17,1.500815,sky,20.45425
