x,y,z,rearMat,Wm2Back
0.7407413,4.535732e-17,1.197835,sky,12.07118
0.5554618,3.401223e-17,1.273145,sky,12.07118
0.3701824,2.266713e-17,1.348455,sky,12.07118
0.1849029,1.132204e-17,1.423764,sky,12.07118
-0.0003765477,-2.305689e-20,1.499074,sky,12.07118
-0.185656,-1.136815e-17,1.574383,sky,12.07118
-0.3709354,-2.271325e-17,1.649693,sky,12.07118
-0.5562149,-3.405834e-17,1.725002,sky,12.07118
-0.7414943,-4.540343e-17,1.800312,sky,12.07118
