x,y,z,mattype,Wm2Front
1.5746,4.72493e-17,0.05,groundplane,104.5609
1.5746,0.0254,0.05,groundplane,104.56149999999998
1.5746,0.0508,0.05,groundplane,104.56149999999998
1.5746,0.0762,0.05,groundplane,104.56149999999998
1.5746,0.1016,0.05,groundplane,104.56149999999998
