x,y,z,rearMat,Wm2Back
0.7966338,4.877975e-17,1.573318,sky,6.305233
0.5974986,3.658624e-17,1.554739,sky,6.305233
0.3983634,2.439272e-17,1.536161,sky,6.305233
0.1992281,1.21992e-17,1.517583,sky,6.305233
9.289193e-05,5.687991e-21,1.499004,sky,6.305233
-0.1990423,-1.218783e-17,1.480426,sky,6.305233
-0.3981776,-2.438135e-17,1.461848,sky,6.305233
-0.5973128,-3.657486e-17,1.443269,sky,6.305233
-0.7964481,-4.876838e-17,1.424691,sky,6.305233
