x,y,z,mattype,Wm2Front
0.3746,3.050247e-17,0.05,groundplane,453.3741
0.3746,0.0254,0.05,groundplane,453.3757
0.3746,0.0508,0.05,groundplane,453.37549999999993
0.3746,0.0762,0.05,groundplane,453.3753
0.3746,0.1016,0.05,groundplane,453.3751
