x,y,z,rearMat,Wm2Back
0.6322818,3.871609e-17,1.009877,sky,23.34577
0.4740584,2.902771e-17,1.13221,sky,23.34577
0.3158351,1.933932e-17,1.254543,sky,23.34577
0.1576117,9.650933e-18,1.376876,sky,23.34577
-0.0006116651,-3.745369e-20,1.499209,sky,23.34577
-0.158835,-9.72584e-18,1.621542,sky,23.34577
-0.3170584,-1.941423e-17,1.743875,sky,23.34577
-0.4752817,-2.910261e-17,1.866208,sky,23.34577
-0.6335051,-3.8791e-17,1.988541,sky,23.34577
