x,y,z,rearMat,Wm2Back
0.6701116,4.10325e-17,1.93698,sky,15.25814
0.5027205,3.078275e-17,1.827526,sky,15.25814
0.3353294,2.053301e-17,1.718071,sky,15.25814
0.1679384,1.028326e-17,1.608617,sky,15.25814
0.0005472711,3.351069e-20,1.499163,sky,15.25814
-0.1668438,-1.021624e-17,1.389709,sky,15.25814
-0.3342349,-2.046598e-17,1.280255,sky,15.25814
-0.501626,-3.071573e-17,1.1708,sky,15.25814
-0.669017,-4.096548e-17,1.061346,sky,15.25814
