x,y,z,mattype,Wm2Front
1.5746,4.548765e-17,0.05,groundplane,365.0093
1.5746,0.0254,0.05,groundplane,365.0175
1.5746,0.0508,0.05,groundplane,365.01579999999996
1.5746,0.0762,0.05,groundplane,365.0142
1.5746,0.1016,0.05,groundplane,365.0125
