x,y,z,mattype,Wm2Front
0.3746,4.863891e-17,0.05,groundplane,44.98217
0.3746,0.0254,0.05,groundplane,44.98194
0.3746,0.0508,0.05,groundplane,44.98193
0.3746,0.0762,0.05,groundplane,44.98192
0.3746,0.1016,0.05,groundplane,44.9819
