x,y,z,mattype,Wm2Front
0.3746,3.247255e-17,0.05,groundplane,402.9115
0.3746,0.0254,0.05,groundplane,402.9141
0.3746,0.0508,0.05,groundplane,402.9138
0.3746,0.0762,0.05,groundplane,402.91360000000003
0.3746,0.1016,0.05,groundplane,402.91349999999994
