x,y,z,mattype,Wm2Front
0.3746,3.823985e-17,0.05,groundplane,711.8427
0.3746,0.0254,0.05,groundplane,711.8422999999999
0.3746,0.0508,0.05,groundplane,711.8416000000001
0.3746,0.0762,0.05,groundplane,711.8408
0.3746,0.1016,0.05,groundplane,711.84
