x,y,z,mattype,Wm2Front
1.5746,3.050247e-17,0.05,groundplane,477.2874
1.5746,0.0254,0.05,groundplane,477.2902000000001
1.5746,0.0508,0.05,groundplane,477.29
1.5746,0.0762,0.05,groundplane,477.2899
1.5746,0.1016,0.05,groundplane,477.2898
