x,y,z,rearMat,Wm2Back
0.778388,4.766252e-17,1.684697,sky,23.41962
0.583849,3.575044e-17,1.63828,sky,23.41962
0.3893101,2.383837e-17,1.591862,sky,23.41962
0.1947711,1.192629e-17,1.545445,sky,23.41962
0.0002320875,1.421126e-20,1.499027,sky,23.41962
-0.1943069,-1.189787e-17,1.45261,sky,23.41962
-0.3888459,-2.380994e-17,1.406192,sky,23.41962
-0.5833849,-3.572202e-17,1.359775,sky,23.41962
-0.7779239,-4.76341e-17,1.313357,sky,23.41962
