x,y,z,rearMat,Wm2Back
0.7871376,4.819828e-17,1.642882,sky,3.754816
0.5903982,3.615146e-17,1.606916,sky,3.754816
0.3936587,2.410465e-17,1.570949,sky,3.754816
0.1969193,1.205783e-17,1.534983,sky,3.754816
0.0001798324,1.101156e-20,1.499016,sky,3.754816
-0.1965596,-1.203581e-17,1.46305,sky,3.754816
-0.3932991,-2.408262e-17,1.427083,sky,3.754816
-0.5900385,-3.612944e-17,1.391117,sky,3.754816
-0.786778,-4.817626e-17,1.35515,sky,3.754816
