x,y,z,mattype,Wm2Front
1.5746,4.674665e-17,0.05,groundplane,342.60560000000004
1.5746,0.0254,0.05,groundplane,342.6112
1.5746,0.0508,0.05,groundplane,342.6097
1.5746,0.0762,0.05,groundplane,342.60819999999995
1.5746,0.1016,0.05,groundplane,342.6067
