x,y,z,rearMat,Wm2Back
0.7972857,4.881967e-17,1.434148,sky,1.5584619999999998
0.597944,3.661351e-17,1.450362,sky,1.5584619999999998
0.3986023,2.440735e-17,1.466576,sky,1.5584619999999998
0.1992606,1.220119e-17,1.48279,sky,1.5584619999999998
-8.106875e-05,-4.964029e-21,1.499003,sky,1.5584619999999998
-0.1994228,-1.221112e-17,1.515217,sky,1.5584619999999998
-0.3987645,-2.441728e-17,1.531431,sky,1.5584619999999998
-0.5981062,-3.662344e-17,1.547645,sky,1.5584619999999998
-0.7974479,-4.88296e-17,1.563858,sky,1.5584619999999998
