x,y,z,mattype,Wm2Front
1.5746,3.379552e-17,0.05,groundplane,57.27972
1.5746,0.0254,0.05,groundplane,57.27966
1.5746,0.0508,0.05,groundplane,57.27965
1.5746,0.0762,0.05,groundplane,57.27962
1.5746,0.1016,0.05,groundplane,57.27961
