x,y,z,mattype,Wm2Front
0.3746,4.462023e-17,0.05,groundplane,821.3278
0.3746,0.0254,0.05,groundplane,821.3277000000002
0.3746,0.0508,0.05,groundplane,821.3273
0.3746,0.0762,0.05,groundplane,821.3269999999999
0.3746,0.1016,0.05,groundplane,821.3267
