x,y,z,mattype,Wm2Front
1.5746,4.771655e-17,0.05,groundplane,60.7756
1.5746,0.0254,0.05,groundplane,60.7737
1.5746,0.0508,0.05,groundplane,60.77372
1.5746,0.0762,0.05,groundplane,60.77373
1.5746,0.1016,0.05,groundplane,60.77374
