x,y,z,rearMat,Wm2Back
0.7897132,4.835599e-17,1.627883,sky,0.6067252
0.5923252,3.626946e-17,1.595665,sky,0.6067252
0.3949372,2.418293e-17,1.563448,sky,0.6067252
0.1975491,1.20964e-17,1.53123,sky,0.6067252
0.0001610871,9.863739e-21,1.499013,sky,0.6067252
-0.197227,-1.207667e-17,1.466796,sky,0.6067252
-0.394615,-2.41632e-17,1.434578,sky,0.6067252
-0.592003,-3.624973e-17,1.402361,sky,0.6067252
-0.7893911,-4.833626e-17,1.370143,sky,0.6067252
