x,y,z,rearMat,Wm2Back
0.7830327,4.794693e-17,1.336108,sky,4.52356
0.5872236,3.595708e-17,1.376836,sky,4.52356
0.3914145,2.396723e-17,1.417564,sky,4.52356
0.1956055,1.197738e-17,1.458293,sky,4.52356
-0.0002036418,-1.246946e-20,1.499021,sky,4.52356
-0.1960127,-1.200232e-17,1.539749,sky,4.52356
-0.3918218,-2.399217e-17,1.580478,sky,4.52356
-0.5876309,-3.598202e-17,1.621206,sky,4.52356
-0.78344,-4.797187e-17,1.661934,sky,4.52356
