x,y,z,mattype,Wm2Front
1.5746,3.247255e-17,0.05,groundplane,422.97419999999994
1.5746,0.0254,0.05,groundplane,422.9729
1.5746,0.0508,0.05,groundplane,422.9727
1.5746,0.0762,0.05,groundplane,422.9725
1.5746,0.1016,0.05,groundplane,422.9723000000001
