x,y,z,rearMat,Wm2Back
0.7121175,4.360462e-17,1.86454,sky,86.55004000000001
0.5342023,3.271046e-17,1.773183,sky,86.55004000000001
0.3562871,2.18163e-17,1.681825,sky,86.55004000000001
0.178372,1.092213e-17,1.590468,sky,86.55004000000001
0.0004567874,2.797016e-20,1.49911,sky,86.55004000000001
-0.1774584,-1.086619e-17,1.407753,sky,86.55004000000001
-0.3553736,-2.176035e-17,1.316395,sky,86.55004000000001
-0.5332887,-3.265452e-17,1.225038,sky,86.55004000000001
-0.7112039,-4.354868e-17,1.13368,sky,86.55004000000001
