x,y,z,rearMat,Wm2Back
0.7955572,4.871383e-17,1.415799,sky,8.422805
0.5966419,3.653378e-17,1.436601,sky,8.422805
0.3977266,2.435373e-17,1.457402,sky,8.422805
0.1988113,1.217368e-17,1.478204,sky,8.422805
-0.0001040077,-6.368636e-21,1.499005,sky,8.422805
-0.1990193,-1.218642e-17,1.519807,sky,8.422805
-0.3979346,-2.436647e-17,1.540609,sky,8.422805
-0.5968499,-3.654652e-17,1.56141,sky,8.422805
-0.7957652,-4.872657e-17,1.582212,sky,8.422805
