x,y,z,mattype,Wm2Front
1.5746,4.887449e-17,0.05,groundplane,24.78587
1.5746,0.0254,0.05,groundplane,24.785299999999996
1.5746,0.0508,0.05,groundplane,24.785299999999996
1.5746,0.0762,0.05,groundplane,24.78531
1.5746,0.1016,0.05,groundplane,24.78531
