x,y,z,rearMat,Wm2Back
0.5541343,3.393094e-17,2.077006,sky,91.75948
0.4157812,2.545926e-17,1.932582,sky,91.75948
0.2774282,1.698758e-17,1.788157,sky,91.75948
0.1390752,8.515897e-18,1.643733,sky,91.75948
0.0007221225,4.421725e-20,1.499308,sky,91.75948
-0.1376309,-8.427463e-18,1.354884,sky,91.75948
-0.2759839,-1.689914e-17,1.210459,sky,91.75948
-0.414337,-2.537082e-17,1.066035,sky,91.75948
-0.55269,-3.38425e-17,0.9216102,sky,91.75948
