x,y,z,rearMat,Wm2Back
0.6524938,3.995372e-17,1.037125,sky,20.47437
0.489226,2.995645e-17,1.15264,sky,20.47437
0.3259581,1.995918e-17,1.268155,sky,20.47437
0.1626903,9.961906e-18,1.383669,sky,20.47437
-0.0005775727,-3.536613e-20,1.499184,sky,20.47437
-0.1638454,-1.003264e-17,1.614698,sky,20.47437
-0.3271133,-2.002991e-17,1.730213,sky,20.47437
-0.4903811,-3.002718e-17,1.845727,sky,20.47437
-0.653649,-4.002446e-17,1.961242,sky,20.47437
