x,y,z,mattype,Wm2Front
0.3746,4.243178e-17,0.05,groundplane,837.0998
0.3746,0.0254,0.05,groundplane,837.1030999999999
0.3746,0.0508,0.05,groundplane,837.1023
0.3746,0.0762,0.05,groundplane,837.1015000000001
0.3746,0.1016,0.05,groundplane,837.1007
