x,y,z,mattype,Wm2Front
0.3746,4.482391e-17,0.05,groundplane,684.3539999999999
0.3746,0.0254,0.05,groundplane,684.355
0.3746,0.0508,0.05,groundplane,684.3547
0.3746,0.0762,0.05,groundplane,684.3544
0.3746,0.1016,0.05,groundplane,684.3541
