x,y,z,mattype,Wm2Front
0.3746,4.840562e-17,0.05,groundplane,827.033
0.3746,0.0254,0.05,groundplane,827.0349
0.3746,0.0508,0.05,groundplane,827.0344
0.3746,0.0762,0.05,groundplane,827.034
0.3746,0.1016,0.05,groundplane,827.0336000000001
