x,y,z,rearMat,Wm2Back
0.7276704,4.455696e-17,1.167589,sky,7.786897
0.5456492,3.341138e-17,1.250465,sky,7.786897
0.363628,2.226579e-17,1.33334,sky,7.786897
0.1816068,1.112021e-17,1.416215,sky,7.786897
-0.0004143756,-2.537319e-20,1.49909,sky,7.786897
-0.1824356,-1.117096e-17,1.581965,sky,7.786897
-0.3644568,-2.231654e-17,1.66484,sky,7.786897
-0.546478,-3.346212e-17,1.747715,sky,7.786897
-0.7284992,-4.460771e-17,1.83059,sky,7.786897
