x,y,z,mattype,Wm2Front
0.3746,3.247255e-17,0.05,groundplane,498.0092
0.3746,0.0254,0.05,groundplane,498.0081
0.3746,0.0508,0.05,groundplane,498.0081
0.3746,0.0762,0.05,groundplane,498.0079
0.3746,0.1016,0.05,groundplane,498.00780000000003
