x,y,z,rearMat,Wm2Back
0.7912579,4.845057e-17,1.617949,sky,28.541
0.5934806,3.63402e-17,1.588215,sky,28.541
0.3957033,2.422984e-17,1.55848,sky,28.541
0.197926,1.211947e-17,1.528746,sky,28.541
0.0001486724,9.103561e-21,1.499011,sky,28.541
-0.1976286,-1.210126e-17,1.469277,sky,28.541
-0.3954059,-2.421163e-17,1.439542,sky,28.541
-0.5931832,-3.6322e-17,1.409808,sky,28.541
-0.7909605,-4.843236e-17,1.380073,sky,28.541
