x,y,z,mattype,Wm2Front
1.5746,4.886264e-17,0.05,groundplane,14.76776
1.5746,0.0254,0.05,groundplane,14.768030000000001
1.5746,0.0508,0.05,groundplane,14.76804
1.5746,0.0762,0.05,groundplane,14.76805
1.5746,0.1016,0.05,groundplane,14.76805
