x,y,z,mattype,Wm2Front
1.5746,4.884788e-17,0.05,groundplane,5.617418
1.5746,0.0254,0.05,groundplane,5.617417
1.5746,0.0508,0.05,groundplane,5.617417
1.5746,0.0762,0.05,groundplane,5.617416000000001
1.5746,0.1016,0.05,groundplane,5.617416000000001
