x,y,z,mattype,Wm2Front
1.5746,4.125773e-17,0.05,groundplane,203.53560000000002
1.5746,0.0254,0.05,groundplane,203.5385
1.5746,0.0508,0.05,groundplane,203.53830000000002
1.5746,0.0762,0.05,groundplane,203.5382
1.5746,0.1016,0.05,groundplane,203.5381
