x,y,z,mattype,Wm2Front
1.5746,4.876269e-17,0.05,groundplane,17.05022
1.5746,0.0254,0.05,groundplane,17.05073
1.5746,0.0508,0.05,groundplane,17.05073
1.5746,0.0762,0.05,groundplane,17.05074
1.5746,0.1016,0.05,groundplane,17.05075
