x,y,z,mattype,Wm2Front
1.5746,4.569457e-17,0.05,groundplane,739.6178
1.5746,0.0254,0.05,groundplane,739.6191
1.5746,0.0508,0.05,groundplane,739.6187999999999
1.5746,0.0762,0.05,groundplane,739.6185
1.5746,0.1016,0.05,groundplane,739.6181
