x,y,z,mattype,Wm2Front
0.3746,3.247255e-17,0.05,groundplane,246.6324
0.3746,0.0254,0.05,groundplane,246.62790000000004
0.3746,0.0508,0.05,groundplane,246.6276
0.3746,0.0762,0.05,groundplane,246.6272
0.3746,0.1016,0.05,groundplane,246.6269
