x,y,z,mattype,Wm2Front
0.3746,3.050247e-17,0.05,groundplane,425.08830000000006
0.3746,0.0254,0.05,groundplane,425.0939
0.3746,0.0508,0.05,groundplane,425.09370000000007
0.3746,0.0762,0.05,groundplane,425.0935
0.3746,0.1016,0.05,groundplane,425.0934
