x,y,z,rearMat,Wm2Back
0.6587602,4.033743e-17,1.953912,sky,13.53345
0.4942123,3.026177e-17,1.840228,sky,13.53345
0.3296643,2.018612e-17,1.726545,sky,13.53345
0.1651164,1.011046e-17,1.612861,sky,13.53345
0.0005684183,3.480558e-20,1.499177,sky,13.53345
-0.1639795,-1.004085e-17,1.385494,sky,13.53345
-0.3285275,-2.011651e-17,1.27181,sky,13.53345
-0.4930754,-3.019216e-17,1.158126,sky,13.53345
-0.6576234,-4.026782e-17,1.044443,sky,13.53345
