x,y,z,mattype,Wm2Front
1.5746,4.055628e-17,0.05,groundplane,498.1459
1.5746,0.0254,0.05,groundplane,498.1558
1.5746,0.0508,0.05,groundplane,498.1538
1.5746,0.0762,0.05,groundplane,498.1517999999999
1.5746,0.1016,0.05,groundplane,498.14979999999997
