x,y,z,mattype,Wm2Front
1.5746,4.307519e-17,0.05,groundplane,745.7433
1.5746,0.0254,0.05,groundplane,745.7458
1.5746,0.0508,0.05,groundplane,745.7454000000001
1.5746,0.0762,0.05,groundplane,745.745
1.5746,0.1016,0.05,groundplane,745.7446
