x,y,z,rearMat,Wm2Back
0.6344994,3.885188e-17,1.012751,sky,11.53396
0.4757225,2.91296e-17,1.134365,sky,11.53396
0.3169456,1.940732e-17,1.255979,sky,11.53396
0.1581688,9.685045e-18,1.377592,sky,11.53396
-0.0006080689,-3.723348e-20,1.499206,sky,11.53396
-0.1593849,-9.759512e-18,1.62082,sky,11.53396
-0.3181618,-1.948179e-17,1.742434,sky,11.53396
-0.4769386,-2.920407e-17,1.864047,sky,11.53396
-0.6357155,-3.892635e-17,1.985661,sky,11.53396
