x,y,z,rearMat,Wm2Back
0.5472143,3.350722e-17,0.916427,sky,12.81539
0.4102286,2.511926e-17,1.062149,sky,12.81539
0.2732429,1.67313e-17,1.207871,sky,12.81539
0.1362571,8.343343e-18,1.353593,sky,12.81539
-0.0007286101,-4.46145e-20,1.499315,sky,12.81539
-0.1377143,-8.432572e-18,1.645037,sky,12.81539
-0.2747001,-1.682053e-17,1.790759,sky,12.81539
-0.4116858,-2.520849e-17,1.936481,sky,12.81539
-0.5486716,-3.359644e-17,2.082203,sky,12.81539
