x,y,z,rearMat,Wm2Back
0.7877779,4.823748e-17,1.639309,sky,20.01
0.5908773,3.61808e-17,1.604236,sky,20.01
0.3939766,2.412411e-17,1.569162,sky,20.01
0.197076,1.206742e-17,1.534089,sky,20.01
0.0001753667,1.073811e-20,1.499015,sky,20.01
-0.1967253,-1.204595e-17,1.463942,sky,20.01
-0.3936259,-2.410264e-17,1.428869,sky,20.01
-0.5905265,-3.615932e-17,1.393795,sky,20.01
-0.7874272,-4.821601e-17,1.358722,sky,20.01
