x,y,z,mattype,Wm2Front
0.3746,4.644771e-17,0.05,groundplane,120.8252
0.3746,0.0254,0.05,groundplane,120.8272
0.3746,0.0508,0.05,groundplane,120.82710000000002
0.3746,0.0762,0.05,groundplane,120.82710000000002
0.3746,0.1016,0.05,groundplane,120.827
