x,y,z,mattype,Wm2Front
1.5746,4.849764e-17,0.05,groundplane,1.6772859999999998
1.5746,0.0254,0.05,groundplane,1.677326
1.5746,0.0508,0.05,groundplane,1.677327
1.5746,0.0762,0.05,groundplane,1.677328
1.5746,0.1016,0.05,groundplane,1.677328
