x,y,z,mattype,Wm2Front
0.3746,4.89674e-17,0.05,groundplane,857.7773000000001
0.3746,0.0254,0.05,groundplane,857.7797999999999
0.3746,0.0508,0.05,groundplane,857.7791000000001
0.3746,0.0762,0.05,groundplane,857.7784
0.3746,0.1016,0.05,groundplane,857.7777
