x,y,z,rearMat,Wm2Back
0.7778692,4.763075e-17,1.68687,sky,17.32704
0.5834606,3.572666e-17,1.63991,sky,17.32704
0.389052,2.382257e-17,1.592949,sky,17.32704
0.1946434,1.191847e-17,1.545989,sky,17.32704
0.0002348028,1.437753e-20,1.499028,sky,17.32704
-0.1941738,-1.188972e-17,1.452067,sky,17.32704
-0.3885824,-2.379381e-17,1.405107,sky,17.32704
-0.582991,-3.56979e-17,1.358146,sky,17.32704
-0.7773996,-4.7602e-17,1.311186,sky,17.32704
