x,y,z,rearMat,Wm2Back
0.7097277,4.345829e-17,1.130828,sky,7.667533
0.5321807,3.258667e-17,1.222899,sky,7.667533
0.3546337,2.171505e-17,1.31497,sky,7.667533
0.1770867,1.084343e-17,1.407041,sky,7.667533
-0.0004603547,-2.81886e-20,1.499112,sky,7.667533
-0.1780074,-1.089981e-17,1.591183,sky,7.667533
-0.3555544,-2.177143e-17,1.683254,sky,7.667533
-0.5331014,-3.264305e-17,1.775325,sky,7.667533
-0.7106484,-4.351466e-17,1.867396,sky,7.667533
