x,y,z,rearMat,Wm2Back
0.7157711,4.382834e-17,1.857313,sky,8.777872
0.5369403,3.287811e-17,1.767761,sky,8.777872
0.3581095,2.192788e-17,1.678209,sky,8.777872
0.1792786,1.097765e-17,1.588658,sky,8.777872
0.0004477591,2.741734e-20,1.499106,sky,8.777872
-0.1783831,-1.092281e-17,1.409554,sky,8.777872
-0.3572139,-2.187305e-17,1.320002,sky,8.777872
-0.5360448,-3.282328e-17,1.23045,sky,8.777872
-0.7148756,-4.377351e-17,1.140899,sky,8.777872
