x,y,z,mattype,Wm2Front
0.3746,3.247255e-17,0.05,groundplane,451.4428
0.3746,0.0254,0.05,groundplane,451.4417
0.3746,0.0508,0.05,groundplane,451.44159999999994
0.3746,0.0762,0.05,groundplane,451.4415000000001
0.3746,0.1016,0.05,groundplane,451.4413
