x,y,z,mattype,Wm2Front
1.5746,4.899578e-17,0.05,groundplane,9.440325
1.5746,0.0254,0.05,groundplane,9.44005
1.5746,0.0508,0.05,groundplane,9.440045
1.5746,0.0762,0.05,groundplane,9.44004
1.5746,0.1016,0.05,groundplane,9.440035
