x,y,z,mattype,Wm2Front
0.3746,4.877085e-17,0.05,groundplane,796.8411
0.3746,0.0254,0.05,groundplane,796.842
0.3746,0.0508,0.05,groundplane,796.8415
0.3746,0.0762,0.05,groundplane,796.841
0.3746,0.1016,0.05,groundplane,796.8404999999999
