x,y,z,rearMat,Wm2Back
0.7187809,4.401263e-17,1.148781,sky,137.918
0.5389762,3.300277e-17,1.236361,sky,137.918
0.3591715,2.199291e-17,1.323941,sky,137.918
0.1793668,1.098305e-17,1.411521,sky,137.918
-0.0004379005,-2.681367e-20,1.499101,sky,137.918
-0.1802426,-1.103668e-17,1.586681,sky,137.918
-0.3600473,-2.204654e-17,1.674261,sky,137.918
-0.539852,-3.30564e-17,1.761841,sky,137.918
-0.7196567,-4.406626e-17,1.849421,sky,137.918
