x,y,z,rearMat,Wm2Back
0.7752188,4.746846e-17,1.697577,sky,63.49981
0.5814761,3.560514e-17,1.647941,sky,63.49981
0.3877335,2.374183e-17,1.598304,sky,63.49981
0.1939908,1.187851e-17,1.548668,sky,63.49981
0.0002481827,1.519681e-20,1.499031,sky,63.49981
-0.1934945,-1.184812e-17,1.449395,sky,63.49981
-0.3872371,-2.371143e-17,1.399758,sky,63.49981
-0.5809798,-3.557475e-17,1.350122,sky,63.49981
-0.7747224,-4.743807e-17,1.300485,sky,63.49981
