x,y,z,mattype,Wm2Front
1.5746,4.128417e-17,0.05,groundplane,772.1331999999999
1.5746,0.0254,0.05,groundplane,772.1329
1.5746,0.0508,0.05,groundplane,772.1326
1.5746,0.0762,0.05,groundplane,772.1322999999999
1.5746,0.1016,0.05,groundplane,772.132
