x,y,z,mattype,Wm2Front
1.5746,4.675366e-17,0.05,groundplane,115.8897
1.5746,0.0254,0.05,groundplane,115.889
1.5746,0.0508,0.05,groundplane,115.889
1.5746,0.0762,0.05,groundplane,115.88889999999999
1.5746,0.1016,0.05,groundplane,115.8888
