x,y,z,mattype,Wm2Front
1.5746,4.35029e-17,0.05,groundplane,179.84530000000004
1.5746,0.0254,0.05,groundplane,179.8439
1.5746,0.0508,0.05,groundplane,179.8438
1.5746,0.0762,0.05,groundplane,179.8437
1.5746,0.1016,0.05,groundplane,179.8437
