x,y,z,mattype,Wm2Front
0.3746,3.050247e-17,0.05,groundplane,461.9539
0.3746,0.0254,0.05,groundplane,461.9576
0.3746,0.0508,0.05,groundplane,461.9572
0.3746,0.0762,0.05,groundplane,461.95689999999996
0.3746,0.1016,0.05,groundplane,461.9566
