x,y,z,mattype,Wm2Front
0.3746,3.050247e-17,0.05,groundplane,405.09289999999993
0.3746,0.0254,0.05,groundplane,405.0949
0.3746,0.0508,0.05,groundplane,405.0948
0.3746,0.0762,0.05,groundplane,405.09469999999993
0.3746,0.1016,0.05,groundplane,405.09460000000007
