x,y,z,mattype,Wm2Front
1.5746,4.585251e-17,0.05,groundplane,714.9964999999999
1.5746,0.0254,0.05,groundplane,714.9984
1.5746,0.0508,0.05,groundplane,714.9964999999999
1.5746,0.0762,0.05,groundplane,714.9946
1.5746,0.1016,0.05,groundplane,714.9928
