x,y,z,mattype,Wm2Front
0.3746,3.050247e-17,0.05,groundplane,434.6886
0.3746,0.0254,0.05,groundplane,434.6919
0.3746,0.0508,0.05,groundplane,434.6918
0.3746,0.0762,0.05,groundplane,434.6917
0.3746,0.1016,0.05,groundplane,434.69159999999994
