x,y,z,mattype,Wm2Front
0.3746,3.050247e-17,0.05,groundplane,357.2618
0.3746,0.0254,0.05,groundplane,357.2718
0.3746,0.0508,0.05,groundplane,357.2711
0.3746,0.0762,0.05,groundplane,357.27040000000005
0.3746,0.1016,0.05,groundplane,357.2697
