x,y,z,rearMat,Wm2Back
0.7918184,4.848489e-17,1.385874,sky,54.80194
0.5938284,3.63615e-17,1.414158,sky,54.80194
0.3958385,2.423812e-17,1.442442,sky,54.80194
0.1978485,1.211473e-17,1.470726,sky,54.80194
-0.0001414196,-8.659452e-21,1.49901,sky,54.80194
-0.1981314,-1.213205e-17,1.527294,sky,54.80194
-0.3961213,-2.425544e-17,1.555578,sky,54.80194
-0.5941113,-3.637882e-17,1.583862,sky,54.80194
-0.7921012,-4.850221e-17,1.612146,sky,54.80194
