x,y,z,mattype,Wm2Front
1.5746,3.050247e-17,0.05,groundplane,45.38584
1.5746,0.0254,0.05,groundplane,45.3859
1.5746,0.0508,0.05,groundplane,45.385889999999996
1.5746,0.0762,0.05,groundplane,45.385889999999996
1.5746,0.1016,0.05,groundplane,45.385889999999996
