x,y,z,rearMat,Wm2Back
0.7636362,4.675923e-17,1.261545,sky,47.47379
0.5726529,3.506488e-17,1.32092,sky,47.47379
0.3816697,2.337053e-17,1.380295,sky,47.47379
0.1906864,1.167617e-17,1.43967,sky,47.47379
-0.0002968749,-1.817835e-20,1.499045,sky,47.47379
-0.1912801,-1.171253e-17,1.55842,sky,47.47379
-0.3822634,-2.340688e-17,1.617795,sky,47.47379
-0.5732467,-3.510124e-17,1.67717,sky,47.47379
-0.76423,-4.679559e-17,1.736545,sky,47.47379
