x,y,z,rearMat,Wm2Back
0.7999735,4.898425e-17,1.493415,sky,8.56333
0.5999784,3.673808e-17,1.494811,sky,8.56333
0.3999833,2.449191e-17,1.496208,sky,8.56333
0.1999881,1.224574e-17,1.497604,sky,8.56333
-6.98126e-06,-4.274789e-22,1.499,sky,8.56333
-0.2000021,-1.22466e-17,1.500396,sky,8.56333
-0.3999972,-2.449277e-17,1.501793,sky,8.56333
-0.5999924,-3.673894e-17,1.503189,sky,8.56333
-0.7999875,-4.898511e-17,1.504585,sky,8.56333
