x,y,z,mattype,Wm2Front
0.3746,3.050247e-17,0.05,groundplane,104.0269
0.3746,0.0254,0.05,groundplane,104.03180000000002
0.3746,0.0508,0.05,groundplane,104.0314
0.3746,0.0762,0.05,groundplane,104.0311
0.3746,0.1016,0.05,groundplane,104.0308
