x,y,z,mattype,Wm2Front
1.5746,4.447773e-17,0.05,groundplane,792.6447
1.5746,0.0254,0.05,groundplane,792.6451000000001
1.5746,0.0508,0.05,groundplane,792.6447
1.5746,0.0762,0.05,groundplane,792.6443
1.5746,0.1016,0.05,groundplane,792.6439
