x,y,z,mattype,Wm2Front
0.3746,4.664028e-17,0.05,groundplane,706.3899
0.3746,0.0254,0.05,groundplane,706.3911000000002
0.3746,0.0508,0.05,groundplane,706.3907
0.3746,0.0762,0.05,groundplane,706.3903999999999
0.3746,0.1016,0.05,groundplane,706.3901
