x,y,z,rearMat,Wm2Back
0.7845787,4.804159e-17,1.656324,sky,5.76439
0.5884832,3.60342e-17,1.616998,sky,5.76439
0.3923877,2.402682e-17,1.577672,sky,5.76439
0.1962922,1.201943e-17,1.538346,sky,5.76439
0.0001966307,1.204016e-20,1.49902,sky,5.76439
-0.1958989,-1.199535e-17,1.459693,sky,5.76439
-0.3919944,-2.400274e-17,1.420367,sky,5.76439
-0.5880899,-3.601012e-17,1.381041,sky,5.76439
-0.7841855,-4.801751e-17,1.341715,sky,5.76439
