x,y,z,rearMat,Wm2Back
0.7804025,4.778587e-17,1.675991,sky,2.608864
0.5853572,3.584279e-17,1.63175,sky,2.608864
0.3903119,2.389971e-17,1.587508,sky,2.608864
0.1952665,1.195663e-17,1.543266,sky,2.608864
0.0002212081,1.354509e-20,1.499025,sky,2.608864
-0.1948241,-1.192954e-17,1.454783,sky,2.608864
-0.3898694,-2.387262e-17,1.410542,sky,2.608864
-0.5849148,-3.58157e-17,1.3663,sky,2.608864
-0.7799601,-4.775878e-17,1.322058,sky,2.608864
