x,y,z,rearMat,Wm2Back
0.597883,3.660978e-17,2.031542,sky,31.74436
0.4485786,2.746752e-17,1.89847,sky,31.74436
0.2992742,1.832526e-17,1.765398,sky,31.74436
0.1499698,9.183e-18,1.632326,sky,31.74436
0.0006653607,4.074159e-20,1.499253,sky,31.74436
-0.1486391,-9.101517e-18,1.366181,sky,31.74436
-0.2979435,-1.824378e-17,1.233109,sky,31.74436
-0.4472479,-2.738603e-17,1.100037,sky,31.74436
-0.5965523,-3.652829e-17,0.966965,sky,31.74436
