x,y,z,mattype,Wm2Front
1.5746,4.472917e-17,0.05,groundplane,849.3183
1.5746,0.0254,0.05,groundplane,849.3181
1.5746,0.0508,0.05,groundplane,849.3178000000001
1.5746,0.0762,0.05,groundplane,849.3175
1.5746,0.1016,0.05,groundplane,849.3173
