x,y,z,mattype,Wm2Front
0.3746,4.390513e-17,0.05,groundplane,188.3876
0.3746,0.0254,0.05,groundplane,188.3871
0.3746,0.0508,0.05,groundplane,188.3871
0.3746,0.0762,0.05,groundplane,188.3871
0.3746,0.1016,0.05,groundplane,188.38700000000003
