x,y,z,rearMat,Wm2Back
0.6598418,4.040366e-17,1.047662,sky,59.44718
0.4947402,3.02941e-17,1.16054,sky,59.44718
0.3296387,2.018455e-17,1.273418,sky,59.44718
0.1645372,1.007499e-17,1.386296,sky,59.44718
-0.0005643908,-3.455897e-20,1.499174,sky,59.44718
-0.1656659,-1.014411e-17,1.612053,sky,59.44718
-0.3307675,-2.025367e-17,1.724931,sky,59.44718
-0.495869,-3.036322e-17,1.837809,sky,59.44718
-0.6609706,-4.047277e-17,1.950687,sky,59.44718
