x,y,z,rearMat,Wm2Back
0.7691315,4.709572e-17,1.720086,sky,1.190173
0.5769177,3.532602e-17,1.664824,sky,1.190173
0.3847039,2.355632e-17,1.609562,sky,1.190173
0.1924901,1.178662e-17,1.554301,sky,1.190173
0.0002763084,1.691901e-20,1.499039,sky,1.190173
-0.1919375,-1.175278e-17,1.443777,sky,1.190173
-0.3841513,-2.352248e-17,1.388516,sky,1.190173
-0.5763651,-3.529218e-17,1.333254,sky,1.190173
-0.7685789,-4.706189e-17,1.277992,sky,1.190173
