x,y,z,mattype,Wm2Front
0.3746,3.050247e-17,0.05,groundplane,242.4385
0.3746,0.0254,0.05,groundplane,242.4458
0.3746,0.0508,0.05,groundplane,242.4452
0.3746,0.0762,0.05,groundplane,242.4447
0.3746,0.1016,0.05,groundplane,242.44410000000002
