x,y,z,mattype,Wm2Front
1.5746,4.899836e-17,0.05,groundplane,8.615784
1.5746,0.0254,0.05,groundplane,8.615464
1.5746,0.0508,0.05,groundplane,8.615468
1.5746,0.0762,0.05,groundplane,8.615472
1.5746,0.1016,0.05,groundplane,8.615475
