x,y,z,rearMat,Wm2Back
0.6518731,3.991572e-17,1.963748,sky,69.30329
0.48905,2.994568e-17,1.847608,sky,69.30329
0.3262269,1.997564e-17,1.731467,sky,69.30329
0.1634038,1.00056e-17,1.615326,sky,69.30329
0.000580703,3.55578e-20,1.499186,sky,69.30329
-0.1622424,-9.934482e-18,1.383045,sky,69.30329
-0.3250655,-1.990452e-17,1.266905,sky,69.30329
-0.4878886,-2.987456e-17,1.150764,sky,69.30329
-0.6507117,-3.98446e-17,1.034624,sky,69.30329
