x,y,z,rearMat,Wm2Back
0.6659635,4.07785e-17,1.943276,sky,84.26505
0.4996114,3.059237e-17,1.832249,sky,84.26505
0.3332593,2.040625e-17,1.721222,sky,84.26505
0.1669072,1.022012e-17,1.610195,sky,84.26505
0.0005551348,3.39922e-20,1.499168,sky,84.26505
-0.1657969,-1.015213e-17,1.388141,sky,84.26505
-0.332149,-2.033826e-17,1.277114,sky,84.26505
-0.4985011,-3.052439e-17,1.166087,sky,84.26505
-0.6648532,-4.071052e-17,1.05506,sky,84.26505
