x,y,z,rearMat,Wm2Back
0.6250567,3.827369e-17,1.999305,sky,36.67778
0.4689488,2.871483e-17,1.874283,sky,36.67778
0.3128409,1.915598e-17,1.749262,sky,36.67778
0.156733,9.597129e-18,1.624241,sky,36.67778
0.0006251064,3.827673e-20,1.499219,sky,36.67778
-0.1554828,-9.520576e-18,1.374198,sky,36.67778
-0.3115907,-1.907943e-17,1.249177,sky,36.67778
-0.4676986,-2.863828e-17,1.124156,sky,36.67778
-0.6238065,-3.819713e-17,0.9991343,sky,36.67778
