x,y,z,rearMat,Wm2Back
0.7059543,4.322723e-17,1.123663,sky,8.290812
0.5293484,3.241324e-17,1.217526,sky,8.290812
0.3527425,2.159925e-17,1.31139,sky,8.290812
0.1761366,1.078526e-17,1.405253,sky,8.290812
-0.0004693175,-2.873741e-20,1.499117,sky,8.290812
-0.1770752,-1.084273e-17,1.59298,sky,8.290812
-0.3536811,-2.165672e-17,1.686844,sky,8.290812
-0.530287,-3.247072e-17,1.780707,sky,8.290812
-0.7068929,-4.328471e-17,1.874571,sky,8.290812
