x,y,z,mattype,Wm2Front
1.5746,4.252133e-17,0.05,groundplane,210.0888
1.5746,0.0254,0.05,groundplane,210.09170000000003
1.5746,0.0508,0.05,groundplane,210.0916
1.5746,0.0762,0.05,groundplane,210.0915
1.5746,0.1016,0.05,groundplane,210.0914
