x,y,z,mattype,Wm2Front
1.5746,4.128878e-17,0.05,groundplane,60.45178000000001
1.5746,0.0254,0.05,groundplane,60.45159
1.5746,0.0508,0.05,groundplane,60.45157
1.5746,0.0762,0.05,groundplane,60.45155
1.5746,0.1016,0.05,groundplane,60.45153
