x,y,z,mattype,Wm2Front
0.3746,4.168144e-17,0.05,groundplane,797.63
0.3746,0.0254,0.05,groundplane,797.6319
0.3746,0.0508,0.05,groundplane,797.6315
0.3746,0.0762,0.05,groundplane,797.6312000000001
0.3746,0.1016,0.05,groundplane,797.6308
