x,y,z,rearMat,Wm2Back
0.5882008,3.601691e-17,0.9577631,sky,19.98766
0.4409814,2.700232e-17,1.093138,sky,19.98766
0.293762,1.798773e-17,1.228514,sky,19.98766
0.1465425,8.973143e-18,1.363889,sky,19.98766
-0.000676876,-4.14467e-20,1.499264,sky,19.98766
-0.1478963,-9.056036e-18,1.634639,sky,19.98766
-0.2951157,-1.807063e-17,1.770014,sky,19.98766
-0.4423351,-2.708521e-17,1.905389,sky,19.98766
-0.5895545,-3.60998e-17,2.040765,sky,19.98766
