x,y,z,rearMat,Wm2Back
0.6911507,4.232077e-17,1.902879,sky,9.513578
0.5184892,3.17483e-17,1.801944,sky,9.513578
0.3458277,2.117584e-17,1.701008,sky,9.513578
0.1731662,1.060337e-17,1.600072,sky,9.513578
0.0005046783,3.090263e-20,1.499137,sky,9.513578
-0.1721568,-1.054156e-17,1.398201,sky,9.513578
-0.3448183,-2.111403e-17,1.297265,sky,9.513578
-0.5174798,-3.16865e-17,1.19633,sky,9.513578
-0.6901413,-4.225897e-17,1.095394,sky,9.513578
