x,y,z,mattype,Wm2Front
0.3746,3.247255e-17,0.05,groundplane,419.1285
0.3746,0.0254,0.05,groundplane,419.1251
0.3746,0.0508,0.05,groundplane,419.1249
0.3746,0.0762,0.05,groundplane,419.1248
0.3746,0.1016,0.05,groundplane,419.12459999999993
