x,y,z,mattype,Wm2Front
0.3746,4.502543e-17,0.05,groundplane,692.6729
0.3746,0.0254,0.05,groundplane,692.6740999999998
0.3746,0.0508,0.05,groundplane,692.6738
0.3746,0.0762,0.05,groundplane,692.6735
0.3746,0.1016,0.05,groundplane,692.6731999999998
