x,y,z,rearMat,Wm2Back
0.7023309,4.300536e-17,1.883057,sky,17.05739
0.5268682,3.226137e-17,1.787073,sky,17.05739
0.3514054,2.151738e-17,1.69109,sky,17.05739
0.1759427,1.077338e-17,1.595106,sky,17.05739
0.0004799173,2.938646e-20,1.499123,sky,17.05739
-0.1749828,-1.071461e-17,1.403139,sky,17.05739
-0.3504456,-2.14586e-17,1.307156,sky,17.05739
-0.5259083,-3.22026e-17,1.211172,sky,17.05739
-0.7013711,-4.294659e-17,1.115189,sky,17.05739
