x,y,z,mattype,Wm2Front
1.5746,4.482644e-17,0.05,groundplane,179.2251
1.5746,0.0254,0.05,groundplane,179.22400000000002
1.5746,0.0508,0.05,groundplane,179.2239
1.5746,0.0762,0.05,groundplane,179.2239
1.5746,0.1016,0.05,groundplane,179.2239
