x,y,z,mattype,Wm2Front
0.3746,4.057547e-17,0.05,groundplane,802.5769999999999
0.3746,0.0254,0.05,groundplane,802.5792
0.3746,0.0508,0.05,groundplane,802.5789
0.3746,0.0762,0.05,groundplane,802.5786000000002
0.3746,0.1016,0.05,groundplane,802.5783
