x,y,z,mattype,Wm2Front
0.3746,3.765001e-17,0.05,groundplane,245.33720000000002
0.3746,0.0254,0.05,groundplane,245.33630000000002
0.3746,0.0508,0.05,groundplane,245.3362
0.3746,0.0762,0.05,groundplane,245.3362
0.3746,0.1016,0.05,groundplane,245.3361
