x,y,z,mattype,Wm2Front
1.5746,4.489275e-17,0.05,groundplane,682.6767999999998
1.5746,0.0254,0.05,groundplane,682.678
1.5746,0.0508,0.05,groundplane,682.6776999999998
1.5746,0.0762,0.05,groundplane,682.6774
1.5746,0.1016,0.05,groundplane,682.677
