x,y,z,mattype,Wm2Front
1.5746,4.872677e-17,0.05,groundplane,23.5587
1.5746,0.0254,0.05,groundplane,23.55972
1.5746,0.0508,0.05,groundplane,23.559700000000003
1.5746,0.0762,0.05,groundplane,23.55968
1.5746,0.1016,0.05,groundplane,23.55965
