x,y,z,rearMat,Wm2Back
0.6408229,3.923909e-17,1.021098,sky,22.968
0.4804678,2.942017e-17,1.140623,sky,22.968
0.3201126,1.960125e-17,1.260148,sky,22.968
0.1597575,9.782326e-18,1.379673,sky,22.968
-0.0005976251,-3.659399e-20,1.499198,sky,22.968
-0.1609528,-9.855514e-18,1.618723,sky,22.968
-0.3213079,-1.967443e-17,1.738248,sky,22.968
-0.481663,-2.949335e-17,1.857773,sky,22.968
-0.6420181,-3.931227e-17,1.977298,sky,22.968
