x,y,z,mattype,Wm2Front
0.3746,4.729152e-17,0.05,groundplane,57.00694000000001
0.3746,0.0254,0.05,groundplane,57.00534
0.3746,0.0508,0.05,groundplane,57.005329999999994
0.3746,0.0762,0.05,groundplane,57.00531
0.3746,0.1016,0.05,groundplane,57.0053
