x,y,z,rearMat,Wm2Back
0.5373601,3.290382e-17,0.9073407,sky,23.69868
0.4028351,2.466654e-17,1.055337,sky,23.69868
0.2683101,1.642925e-17,1.203334,sky,23.69868
0.133785,8.191971e-18,1.351331,sky,23.69868
-0.0007399834,-4.531091e-20,1.499327,sky,23.69868
-0.135265,-8.282593e-18,1.647324,sky,23.69868
-0.26979,-1.651988e-17,1.795321,sky,23.69868
-0.4043151,-2.475716e-17,1.943317,sky,23.69868
-0.5388401,-3.299444e-17,2.091314,sky,23.69868
