x,y,z,mattype,Wm2Front
1.5746,3.050247e-17,0.05,groundplane,372.32109999999994
1.5746,0.0254,0.05,groundplane,372.3236
1.5746,0.0508,0.05,groundplane,372.3235
1.5746,0.0762,0.05,groundplane,372.3234
1.5746,0.1016,0.05,groundplane,372.3232
