x,y,z,mattype,Wm2Front
0.3746,4.895963e-17,0.05,groundplane,12.92763
0.3746,0.0254,0.05,groundplane,12.92776
0.3746,0.0508,0.05,groundplane,12.92776
0.3746,0.0762,0.05,groundplane,12.92776
0.3746,0.1016,0.05,groundplane,12.927749999999998
