x,y,z,rearMat,Wm2Back
0.7850573,4.807089e-17,1.346097,sky,3.8099569999999994
0.5887452,3.605024e-17,1.384327,sky,3.8099569999999994
0.3924331,2.402959e-17,1.422558,sky,3.8099569999999994
0.196121,1.200894e-17,1.460788,sky,3.8099569999999994
-0.0001911516,-1.170466e-20,1.499018,sky,3.8099569999999994
-0.1965033,-1.203235e-17,1.537249,sky,3.8099569999999994
-0.3928154,-2.4053e-17,1.575479,sky,3.8099569999999994
-0.5891275,-3.607365e-17,1.613709,sky,3.8099569999999994
-0.7854396,-4.80943e-17,1.65194,sky,3.8099569999999994
