x,y,z,rearMat,Wm2Back
0.7995238,4.895671e-17,1.527618,sky,5.277883
0.5996518,3.671808e-17,1.520464,sky,5.277883
0.3997798,2.447945e-17,1.513309,sky,5.277883
0.1999078,1.224082e-17,1.506155,sky,5.277883
3.577162e-05,2.19038e-21,1.499001,sky,5.277883
-0.1998362,-1.223644e-17,1.491846,sky,5.277883
-0.3997082,-2.447507e-17,1.484692,sky,5.277883
-0.5995802,-3.67137e-17,1.477538,sky,5.277883
-0.7994522,-4.895233e-17,1.470383,sky,5.277883
