x,y,z,mattype,Wm2Front
0.3746,4.189584e-17,0.05,groundplane,702.8933000000001
0.3746,0.0254,0.05,groundplane,702.8946
0.3746,0.0508,0.05,groundplane,702.8942000000001
0.3746,0.0762,0.05,groundplane,702.8939
0.3746,0.1016,0.05,groundplane,702.8936
