x,y,z,mattype,Wm2Front
1.5746,4.444993e-17,0.05,groundplane,89.66793
1.5746,0.0254,0.05,groundplane,89.67064999999998
1.5746,0.0508,0.05,groundplane,89.67064999999998
1.5746,0.0762,0.05,groundplane,89.67067000000002
1.5746,0.1016,0.05,groundplane,89.67067000000002
