x,y,z,mattype,Wm2Front
1.5746,4.463789e-17,0.05,groundplane,837.9728
1.5746,0.0254,0.05,groundplane,837.973
1.5746,0.0508,0.05,groundplane,837.9726999999999
1.5746,0.0762,0.05,groundplane,837.9724
1.5746,0.1016,0.05,groundplane,837.9721
