x,y,z,mattype,Wm2Front
0.3746,3.050247e-17,0.05,groundplane,366.7074
0.3746,0.0254,0.05,groundplane,366.71510000000006
0.3746,0.0508,0.05,groundplane,366.71420000000006
0.3746,0.0762,0.05,groundplane,366.71330000000006
0.3746,0.1016,0.05,groundplane,366.71240000000006
