x,y,z,mattype,Wm2Front
0.3746,4.745123e-17,0.05,groundplane,106.63849999999998
0.3746,0.0254,0.05,groundplane,106.6376
0.3746,0.0508,0.05,groundplane,106.6376
0.3746,0.0762,0.05,groundplane,106.6376
0.3746,0.1016,0.05,groundplane,106.6376
