x,y,z,rearMat,Wm2Back
0.650413,3.982631e-17,1.965794,sky,117.7224
0.4879556,2.987866e-17,1.849142,sky,117.7224
0.3254981,1.993101e-17,1.732491,sky,117.7224
0.1630407,9.983363e-18,1.615839,sky,117.7224
0.0005832577,3.571423e-20,1.499188,sky,117.7224
-0.1618742,-9.911935e-18,1.382536,sky,117.7224
-0.3243316,-1.985958e-17,1.265885,sky,117.7224
-0.486789,-2.980723e-17,1.149233,sky,117.7224
-0.6492465,-3.975488e-17,1.032582,sky,117.7224
