x,y,z,mattype,Wm2Front
0.3746,4.848532e-17,0.05,groundplane,418.3589
0.3746,0.0254,0.05,groundplane,418.36280000000005
0.3746,0.0508,0.05,groundplane,418.3608
0.3746,0.0762,0.05,groundplane,418.3588
0.3746,0.1016,0.05,groundplane,418.3569
