x,y,z,mattype,Wm2Front
1.5746,3.900301e-17,0.05,groundplane,763.0358
1.5746,0.0254,0.05,groundplane,763.0351
1.5746,0.0508,0.05,groundplane,763.0345000000001
1.5746,0.0762,0.05,groundplane,763.0338
1.5746,0.1016,0.05,groundplane,763.0332
