x,y,z,mattype,Wm2Front
1.5746,3.050247e-17,0.05,groundplane,395.0366000000001
1.5746,0.0254,0.05,groundplane,395.0429
1.5746,0.0508,0.05,groundplane,395.0425
1.5746,0.0762,0.05,groundplane,395.04209999999995
1.5746,0.1016,0.05,groundplane,395.0417
