x,y,z,rearMat,Wm2Back
0.7932806,4.857443e-17,1.396526,sky,12.8146
0.5949284,3.642886e-17,1.422146,sky,12.8146
0.3965762,2.428329e-17,1.447767,sky,12.8146
0.1982241,1.213772e-17,1.473388,sky,12.8146
-0.0001281032,-7.844062e-21,1.499008,sky,12.8146
-0.1984803,-1.215341e-17,1.524629,sky,12.8146
-0.3968324,-2.429898e-17,1.55025,sky,12.8146
-0.5951846,-3.644455e-17,1.57587,sky,12.8146
-0.7935368,-4.859011e-17,1.601491,sky,12.8146
