x,y,z,mattype,Wm2Front
1.5746,4.465551e-17,0.05,groundplane,71.32182
1.5746,0.0254,0.05,groundplane,71.3208
1.5746,0.0508,0.05,groundplane,71.32072
1.5746,0.0762,0.05,groundplane,71.32065
1.5746,0.1016,0.05,groundplane,71.32057
