x,y,z,rearMat,Wm2Back
0.7947654,4.866535e-17,1.591372,sky,3.685678
0.5961029,3.650078e-17,1.568281,sky,3.685678
0.3974404,2.433621e-17,1.54519,sky,3.685678
0.1987779,1.217164e-17,1.522098,sky,3.685678
0.0001154573,7.069718e-21,1.499007,sky,3.685678
-0.198547,-1.21575e-17,1.475915,sky,3.685678
-0.3972095,-2.432207e-17,1.452824,sky,3.685678
-0.595872,-3.648664e-17,1.429732,sky,3.685678
-0.7945345,-4.865121e-17,1.406641,sky,3.685678
