x,y,z,mattype,Wm2Front
1.5746,4.57919e-17,0.05,groundplane,691.5924
1.5746,0.0254,0.05,groundplane,691.593
1.5746,0.0508,0.05,groundplane,691.5927
1.5746,0.0762,0.05,groundplane,691.5922999999999
1.5746,0.1016,0.05,groundplane,691.5919
