x,y,z,mattype,Wm2Front
1.5746,3.794935e-17,0.05,groundplane,776.8818
1.5746,0.0254,0.05,groundplane,776.8785000000001
1.5746,0.0508,0.05,groundplane,776.8776000000001
1.5746,0.0762,0.05,groundplane,776.8766
1.5746,0.1016,0.05,groundplane,776.8756
