x,y,z,rearMat,Wm2Back
0.5264435,3.223537e-17,2.102377,sky,18.97705
0.3950211,2.418807e-17,1.951619,sky,18.97705
0.2635987,1.614076e-17,1.80086,sky,18.97705
0.1321762,8.09346e-18,1.650101,sky,18.97705
0.0007537928,4.61565e-20,1.499343,sky,18.97705
-0.1306686,-8.001147e-18,1.348584,sky,18.97705
-0.2620911,-1.604845e-17,1.197826,sky,18.97705
-0.3935135,-2.409575e-17,1.047067,sky,18.97705
-0.5249359,-3.214306e-17,0.8963086,sky,18.97705
