x,y,z,rearMat,Wm2Back
0.5945012,3.64027e-17,0.9646783,sky,105.7767
0.4457088,2.72918e-17,1.098323,sky,105.7767
0.2969165,1.818089e-17,1.231967,sky,105.7767
0.1481241,9.069987e-18,1.365612,sky,105.7767
-0.0006682222,-4.091681e-20,1.499256,sky,105.7767
-0.1494606,-9.151821e-18,1.6329,sky,105.7767
-0.2982529,-1.826272e-17,1.766545,sky,105.7767
-0.4470453,-2.737363e-17,1.900189,sky,105.7767
-0.5958376,-3.648453e-17,2.033834,sky,105.7767
