x,y,z,rearMat,Wm2Back
0.6129403,3.753177e-17,2.014106,sky,78.59869
0.4598661,2.815868e-17,1.885388,sky,78.59869
0.3067919,1.878559e-17,1.75667,sky,78.59869
0.1537178,9.412499e-18,1.627953,sky,78.59869
0.0006435895,3.940849e-20,1.499235,sky,78.59869
-0.1524306,-9.333682e-18,1.370517,sky,78.59869
-0.3055048,-1.870677e-17,1.241799,sky,78.59869
-0.4585789,-2.807986e-17,1.113081,sky,78.59869
-0.6116531,-3.745295e-17,0.9843631,sky,78.59869
