x,y,z,mattype,Wm2Front
1.5746,3.247255e-17,0.05,groundplane,366.4196
1.5746,0.0254,0.05,groundplane,366.4176
1.5746,0.0508,0.05,groundplane,366.41709999999995
1.5746,0.0762,0.05,groundplane,366.4165
1.5746,0.1016,0.05,groundplane,366.416
