x,y,z,rearMat,Wm2Back
0.5258836,3.220108e-17,0.8971339,sky,21.34421
0.3942245,2.413929e-17,1.047686,sky,21.34421
0.2625654,1.607749e-17,1.198238,sky,21.34421
0.1309063,8.0157e-18,1.34879,sky,21.34421
-0.0007527597,-4.609324e-20,1.499342,sky,21.34421
-0.1324118,-8.107887e-18,1.649894,sky,21.34421
-0.2640709,-1.616968e-17,1.800446,sky,21.34421
-0.39573,-2.423147e-17,1.950998,sky,21.34421
-0.5273891,-3.229327e-17,2.101549,sky,21.34421
