x,y,z,mattype,Wm2Front
1.5746,4.126573e-17,0.05,groundplane,40.50876
1.5746,0.0254,0.05,groundplane,40.50873
1.5746,0.0508,0.05,groundplane,40.50872
1.5746,0.0762,0.05,groundplane,40.50872
1.5746,0.1016,0.05,groundplane,40.50871
