x,y,z,mattype,Wm2Front
0.3746,4.896749e-17,0.05,groundplane,15.77865
0.3746,0.0254,0.05,groundplane,15.77921
0.3746,0.0508,0.05,groundplane,15.77921
0.3746,0.0762,0.05,groundplane,15.77921
0.3746,0.1016,0.05,groundplane,15.77922
