x,y,z,mattype,Wm2Front
0.3746,3.247255e-17,0.05,groundplane,474.7736
0.3746,0.0254,0.05,groundplane,474.7727
0.3746,0.0508,0.05,groundplane,474.7725
0.3746,0.0762,0.05,groundplane,474.7722999999999
0.3746,0.1016,0.05,groundplane,474.77209999999997
