x,y,z,mattype,Wm2Front
1.5746,4.265978e-17,0.05,groundplane,115.0406
1.5746,0.0254,0.05,groundplane,115.03929999999998
1.5746,0.0508,0.05,groundplane,115.03929999999998
1.5746,0.0762,0.05,groundplane,115.0392
1.5746,0.1016,0.05,groundplane,115.0392
