x,y,z,mattype,Wm2Front
1.5746,4.824691e-17,0.05,groundplane,67.19679
1.5746,0.0254,0.05,groundplane,67.19621
1.5746,0.0508,0.05,groundplane,67.19621
1.5746,0.0762,0.05,groundplane,67.19619
1.5746,0.1016,0.05,groundplane,67.19618
