x,y,z,rearMat,Wm2Back
0.6565341,4.020112e-17,1.957126,sky,26.32356
0.4925437,3.01596e-17,1.842639,sky,26.32356
0.3285533,2.011809e-17,1.728153,sky,26.32356
0.1645629,1.007657e-17,1.613666,sky,26.32356
0.0005724321,3.505136e-20,1.49918,sky,26.32356
-0.163418,-1.000647e-17,1.384694,sky,26.32356
-0.3274084,-2.004798e-17,1.270207,sky,26.32356
-0.4913988,-3.00895e-17,1.155721,sky,26.32356
-0.6553893,-4.013102e-17,1.041234,sky,26.32356
