x,y,z,rearMat,Wm2Back
0.716994,4.390322e-17,1.145147,sky,15.800959999999998
0.5376349,3.292064e-17,1.233636,sky,15.800959999999998
0.3582758,2.193806e-17,1.322125,sky,15.800959999999998
0.1789167,1.095549e-17,1.410614,sky,15.800959999999998
-0.0004424452,-2.709196e-20,1.499103,sky,15.800959999999998
-0.1798016,-1.100967e-17,1.587592,sky,15.800959999999998
-0.3591607,-2.199225e-17,1.676081,sky,15.800959999999998
-0.5385198,-3.297483e-17,1.76457,sky,15.800959999999998
-0.7178789,-4.39574e-17,1.853059,sky,15.800959999999998
