x,y,z,mattype,Wm2Front
1.5746,3.247255e-17,0.05,groundplane,358.5434
1.5746,0.0254,0.05,groundplane,358.54209999999995
1.5746,0.0508,0.05,groundplane,358.542
1.5746,0.0762,0.05,groundplane,358.5418
1.5746,0.1016,0.05,groundplane,358.5417
