x,y,z,mattype,Wm2Front
1.5746,4.757932e-17,0.05,groundplane,188.90649999999997
1.5746,0.0254,0.05,groundplane,188.90739999999997
1.5746,0.0508,0.05,groundplane,188.9072
1.5746,0.0762,0.05,groundplane,188.907
1.5746,0.1016,0.05,groundplane,188.9067
