x,y,z,rearMat,Wm2Back
0.7749422,4.745152e-17,1.69866,sky,9.462052
0.581269,3.559246e-17,1.648753,sky,9.462052
0.3875958,2.37334e-17,1.598846,sky,9.462052
0.1939227,1.187434e-17,1.548939,sky,9.462052
0.000249535,1.527961e-20,1.499032,sky,9.462052
-0.1934236,-1.184378e-17,1.449125,sky,9.462052
-0.3870968,-2.370284e-17,1.399218,sky,9.462052
-0.5807699,-3.55619e-17,1.349311,sky,9.462052
-0.7744431,-4.742096e-17,1.299404,sky,9.462052
