x,y,z,mattype,Wm2Front
0.3746,4.793304e-17,0.05,groundplane,27.54865
0.3746,0.0254,0.05,groundplane,27.54874
0.3746,0.0508,0.05,groundplane,27.54874
0.3746,0.0762,0.05,groundplane,27.54874
0.3746,0.1016,0.05,groundplane,27.548729999999995
