x,y,z,mattype,Wm2Front
1.5746,4.843455e-17,0.05,groundplane,33.46356
1.5746,0.0254,0.05,groundplane,33.46385
1.5746,0.0508,0.05,groundplane,33.46386
1.5746,0.0762,0.05,groundplane,33.46386
1.5746,0.1016,0.05,groundplane,33.46386
