x,y,z,mattype,Wm2Front
1.5746,3.050247e-17,0.05,groundplane,399.5984
1.5746,0.0254,0.05,groundplane,399.6063
1.5746,0.0508,0.05,groundplane,399.606
1.5746,0.0762,0.05,groundplane,399.60560000000004
1.5746,0.1016,0.05,groundplane,399.6053
