x,y,z,mattype,Wm2Front
1.5746,4.588562e-17,0.05,groundplane,731.23
1.5746,0.0254,0.05,groundplane,731.2304
1.5746,0.0508,0.05,groundplane,731.2301000000001
1.5746,0.0762,0.05,groundplane,731.2297
1.5746,0.1016,0.05,groundplane,731.2294
