x,y,z,rearMat,Wm2Back
0.5792572,3.546928e-17,2.051781,sky,35.82479
0.4346156,2.661253e-17,1.913655,sky,35.82479
0.2899739,1.775578e-17,1.775529,sky,35.82479
0.1453323,8.899036e-18,1.637403,sky,35.82479
0.00069063,4.228889e-20,1.499277,sky,35.82479
-0.143951,-8.814458e-18,1.361151,sky,35.82479
-0.2885927,-1.76712e-17,1.223025,sky,35.82479
-0.4332343,-2.652795e-17,1.084899,sky,35.82479
-0.577876,-3.53847e-17,0.9467728,sky,35.82479
