x,y,z,mattype,Wm2Front
1.5746,4.718694e-17,0.05,groundplane,824.2539
1.5746,0.0254,0.05,groundplane,824.2541
1.5746,0.0508,0.05,groundplane,824.2536999999999
1.5746,0.0762,0.05,groundplane,824.2532
1.5746,0.1016,0.05,groundplane,824.2527
