x,y,z,mattype,Wm2Front
1.5746,4.79152e-17,0.05,groundplane,358.0652
1.5746,0.0254,0.05,groundplane,358.0674000000001
1.5746,0.0508,0.05,groundplane,358.0668
1.5746,0.0762,0.05,groundplane,358.0662
1.5746,0.1016,0.05,groundplane,358.0656000000001
