x,y,z,mattype,Wm2Front
0.3746,4.807718e-17,0.05,groundplane,746.4993
0.3746,0.0254,0.05,groundplane,746.5005
0.3746,0.0508,0.05,groundplane,746.5000999999999
0.3746,0.0762,0.05,groundplane,746.4996
0.3746,0.1016,0.05,groundplane,746.4991
