x,y,z,rearMat,Wm2Back
0.7830041,4.794517e-17,1.335971,sky,77.81055
0.5872021,3.595576e-17,1.376733,sky,77.81055
0.3914002,2.396635e-17,1.417496,sky,77.81055
0.1955982,1.197693e-17,1.458258,sky,77.81055
-0.0002038126,-1.247992e-20,1.499021,sky,77.81055
-0.1960058,-1.200189e-17,1.539784,sky,77.81055
-0.3918078,-2.399131e-17,1.580546,sky,77.81055
-0.5876098,-3.598072e-17,1.621309,sky,77.81055
-0.7834117,-4.797013e-17,1.662071,sky,77.81055
