x,y,z,mattype,Wm2Front
0.3746,3.477473e-17,0.05,groundplane,186.20680000000002
0.3746,0.0254,0.05,groundplane,186.208
0.3746,0.0508,0.05,groundplane,186.20770000000002
0.3746,0.0762,0.05,groundplane,186.2075
0.3746,0.1016,0.05,groundplane,186.20719999999997
