x,y,z,mattype,Wm2Front
0.3746,4.713117e-17,0.05,groundplane,865.5212
0.3746,0.0254,0.05,groundplane,865.5214
0.3746,0.0508,0.05,groundplane,865.5210000000001
0.3746,0.0762,0.05,groundplane,865.5206
0.3746,0.1016,0.05,groundplane,865.5203
