x,y,z,rearMat,Wm2Back
0.7912512,4.845016e-17,1.382006,sky,1.959653
0.5934018,3.633538e-17,1.411257,sky,1.959653
0.3955525,2.42206e-17,1.440508,sky,1.959653
0.1977031,1.210582e-17,1.46976,sky,1.959653
-0.0001462557,-8.955578e-21,1.499011,sky,1.959653
-0.1979956,-1.212374e-17,1.528262,sky,1.959653
-0.395845,-2.423851e-17,1.557513,sky,1.959653
-0.5936943,-3.635329e-17,1.586764,sky,1.959653
-0.7915437,-4.846807e-17,1.616015,sky,1.959653
