x,y,z,mattype,Wm2Front
1.5746,4.158099e-17,0.05,groundplane,225.1726
1.5746,0.0254,0.05,groundplane,225.1717
1.5746,0.0508,0.05,groundplane,225.1716
1.5746,0.0762,0.05,groundplane,225.1715
1.5746,0.1016,0.05,groundplane,225.17140000000003
