x,y,z,rearMat,Wm2Back
0.5942511,3.638739e-17,2.035599,sky,93.12536
0.4458559,2.73008e-17,1.901514,sky,93.12536
0.2974608,1.821422e-17,1.767429,sky,93.12536
0.1490656,9.127635e-18,1.633343,sky,93.12536
0.0006704266,4.105179e-20,1.499258,sky,93.12536
-0.1477247,-9.045532e-18,1.365173,sky,93.12536
-0.2961199,-1.813211e-17,1.231087,sky,93.12536
-0.4445151,-2.72187e-17,1.097002,sky,93.12536
-0.5929102,-3.630528e-17,0.9629167,sky,93.12536
