x,y,z,mattype,Wm2Front
0.3746,4.838549e-17,0.05,groundplane,803.6178999999998
0.3746,0.0254,0.05,groundplane,803.6194
0.3746,0.0508,0.05,groundplane,803.6189
0.3746,0.0762,0.05,groundplane,803.6183
0.3746,0.1016,0.05,groundplane,803.6177000000001
