x,y,z,rearMat,Wm2Back
0.7275151,4.454745e-17,1.83275,sky,11.61884
0.5457406,3.341697e-17,1.749336,sky,11.61884
0.3639661,2.228649e-17,1.665921,sky,11.61884
0.1821916,1.115602e-17,1.582506,sky,11.61884
0.0004170741,2.553842e-20,1.499091,sky,11.61884
-0.1813574,-1.110494e-17,1.415676,sky,11.61884
-0.3631319,-2.223542e-17,1.332261,sky,11.61884
-0.5449064,-3.33659e-17,1.248847,sky,11.61884
-0.7266809,-4.449637e-17,1.165432,sky,11.61884
