x,y,z,rearMat,Wm2Back
0.751028,4.59872e-17,1.224395,sky,5.607535000000001
0.5631852,3.448515e-17,1.293062,sky,5.607535000000001
0.3753423,2.298309e-17,1.361728,sky,5.607535000000001
0.1874995,1.148103e-17,1.430394,sky,5.607535000000001
-0.0003433319,-2.102301e-20,1.499061,sky,5.607535000000001
-0.1881862,-1.152308e-17,1.567727,sky,5.607535000000001
-0.376029,-2.302514e-17,1.636394,sky,5.607535000000001
-0.5638718,-3.452719e-17,1.70506,sky,5.607535000000001
-0.7517147,-4.602925e-17,1.773726,sky,5.607535000000001
