x,y,z,rearMat,Wm2Back
0.7992583,4.894046e-17,1.534454,sky,2.59935
0.5994548,3.670602e-17,1.525591,sky,2.59935
0.3996513,2.447159e-17,1.516728,sky,2.59935
0.1998478,1.223715e-17,1.507864,sky,2.59935
4.431684e-05,2.713624e-21,1.499001,sky,2.59935
-0.1997592,-1.223172e-17,1.490138,sky,2.59935
-0.3995627,-2.446616e-17,1.481274,sky,2.59935
-0.5993662,-3.670059e-17,1.472411,sky,2.59935
-0.7991697,-4.893503e-17,1.463548,sky,2.59935
