x,y,z,mattype,Wm2Front
1.5746,4.320796e-17,0.05,groundplane,826.1541000000001
1.5746,0.0254,0.05,groundplane,826.1536
1.5746,0.0508,0.05,groundplane,826.1533
1.5746,0.0762,0.05,groundplane,826.1531
1.5746,0.1016,0.05,groundplane,826.1528
