x,y,z,mattype,Wm2Front
1.5746,3.050247e-17,0.05,groundplane,117.9348
1.5746,0.0254,0.05,groundplane,117.9359
1.5746,0.0508,0.05,groundplane,117.93580000000001
1.5746,0.0762,0.05,groundplane,117.9357
1.5746,0.1016,0.05,groundplane,117.93559999999998
