x,y,z,mattype,Wm2Front
0.3746,4.900128e-17,0.05,groundplane,752.8484
0.3746,0.0254,0.05,groundplane,752.8494
0.3746,0.0508,0.05,groundplane,752.849
0.3746,0.0762,0.05,groundplane,752.8485999999999
0.3746,0.1016,0.05,groundplane,752.8481
