x,y,z,rearMat,Wm2Back
0.7715419,4.724331e-17,1.711481,sky,10.13734
0.5787228,3.543655e-17,1.65837,sky,10.13734
0.3859037,2.362979e-17,1.605258,sky,10.13734
0.1930846,1.182302e-17,1.552147,sky,10.13734
0.0002655561,1.626062e-20,1.499036,sky,10.13734
-0.1925535,-1.17905e-17,1.445925,sky,10.13734
-0.3853726,-2.359727e-17,1.392813,sky,10.13734
-0.5781917,-3.540403e-17,1.339702,sky,10.13734
-0.7710108,-4.721079e-17,1.286591,sky,10.13734
