x,y,z,rearMat,Wm2Back
0.7633025,4.67388e-17,1.260479,sky,16.30656
0.5724023,3.504954e-17,1.320121,sky,16.30656
0.3815022,2.336027e-17,1.379762,sky,16.30656
0.190602,1.167101e-17,1.439404,sky,16.30656
-0.0002982079,-1.825997e-20,1.499045,sky,16.30656
-0.1911984,-1.170753e-17,1.558687,sky,16.30656
-0.3820986,-2.339679e-17,1.618329,sky,16.30656
-0.5729988,-3.508606e-17,1.67797,sky,16.30656
-0.7638989,-4.677532e-17,1.737612,sky,16.30656
