x,y,z,rearMat,Wm2Back
0.7829181,4.793991e-17,1.335561,sky,88.72368
0.5871375,3.59518e-17,1.376426,sky,88.72368
0.3913569,2.39637e-17,1.417291,sky,88.72368
0.1955763,1.197559e-17,1.458156,sky,88.72368
-0.0002043252,-1.251131e-20,1.499021,sky,88.72368
-0.1959849,-1.200062e-17,1.539886,sky,88.72368
-0.3917656,-2.398872e-17,1.580751,sky,88.72368
-0.5875462,-3.597683e-17,1.621616,sky,88.72368
-0.7833268,-4.796493e-17,1.662481,sky,88.72368
