x,y,z,mattype,Wm2Front
1.5746,4.266511e-17,0.05,groundplane,190.37569999999997
1.5746,0.0254,0.05,groundplane,190.37790000000004
1.5746,0.0508,0.05,groundplane,190.3778
1.5746,0.0762,0.05,groundplane,190.3777
1.5746,0.1016,0.05,groundplane,190.3776
