x,y,z,mattype,Wm2Front
0.3746,4.806056e-17,0.05,groundplane,19.90099
0.3746,0.0254,0.05,groundplane,19.90108
0.3746,0.0508,0.05,groundplane,19.90108
0.3746,0.0762,0.05,groundplane,19.90107
0.3746,0.1016,0.05,groundplane,19.90107
