x,y,z,mattype,Wm2Front
1.5746,4.764407e-17,0.05,groundplane,686.4575
1.5746,0.0254,0.05,groundplane,686.4648000000001
1.5746,0.0508,0.05,groundplane,686.4627999999999
1.5746,0.0762,0.05,groundplane,686.4606
1.5746,0.1016,0.05,groundplane,686.4585000000001
