x,y,z,rearMat,Wm2Back
0.7393797,4.527395e-17,1.805481,sky,21.520660000000003
0.5546305,3.396133e-17,1.72888,sky,21.520660000000003
0.3698814,2.26487e-17,1.652279,sky,21.520660000000003
0.1851322,1.133608e-17,1.575677,sky,21.520660000000003
0.0003830059,2.345235e-20,1.499076,sky,21.520660000000003
-0.1843662,-1.128917e-17,1.422475,sky,21.520660000000003
-0.3691154,-2.26018e-17,1.345874,sky,21.520660000000003
-0.5538645,-3.391442e-17,1.269273,sky,21.520660000000003
-0.7386137,-4.522705e-17,1.192672,sky,21.520660000000003
