x,y,z,rearMat,Wm2Back
0.793765,4.860409e-17,1.59969,sky,10.57235
0.5953552,3.645499e-17,1.57452,sky,10.57235
0.3969454,2.43059e-17,1.549349,sky,10.57235
0.1985356,1.21568e-17,1.524178,sky,10.57235
0.0001258527,7.706254e-21,1.499008,sky,10.57235
-0.1982839,-1.214139e-17,1.473837,sky,10.57235
-0.3966937,-2.429048e-17,1.448667,sky,10.57235
-0.5951035,-3.643958e-17,1.423496,sky,10.57235
-0.7935133,-4.858868e-17,1.398326,sky,10.57235
