x,y,z,mattype,Wm2Front
0.3746,4.887325e-17,0.05,groundplane,29.17488
0.3746,0.0254,0.05,groundplane,29.1743
0.3746,0.0508,0.05,groundplane,29.174269999999996
0.3746,0.0762,0.05,groundplane,29.17426
0.3746,0.1016,0.05,groundplane,29.17424
