x,y,z,rearMat,Wm2Back
0.7739267,4.738934e-17,1.702579,sky,10.36665
0.5805086,3.55459e-17,1.651693,sky,10.36665
0.3870906,2.370246e-17,1.600806,sky,10.36665
0.1936725,1.185902e-17,1.54992,sky,10.36665
0.0002544332,1.557954e-20,1.499033,sky,10.36665
-0.1931636,-1.182786e-17,1.448146,sky,10.36665
-0.3865817,-2.36713e-17,1.39726,sky,10.36665
-0.5799998,-3.551474e-17,1.346373,sky,10.36665
-0.7734179,-4.735819e-17,1.295486,sky,10.36665
