x,y,z,mattype,Wm2Front
1.5746,4.887449e-17,0.05,groundplane,31.77655
1.5746,0.0254,0.05,groundplane,31.77597
1.5746,0.0508,0.05,groundplane,31.77596
1.5746,0.0762,0.05,groundplane,31.775950000000005
1.5746,0.1016,0.05,groundplane,31.775940000000002
