x,y,z,rearMat,Wm2Back
0.7354827,4.503532e-17,1.814748,sky,59.37885
0.5517106,3.378253e-17,1.735831,sky,59.37885
0.3679386,2.252974e-17,1.656915,sky,59.37885
0.1841666,1.127695e-17,1.577998,sky,59.37885
0.0003945835,2.416127e-20,1.499081,sky,59.37885
-0.1833774,-1.122863e-17,1.420164,sky,59.37885
-0.3671495,-2.248142e-17,1.341248,sky,59.37885
-0.5509215,-3.373421e-17,1.262331,sky,59.37885
-0.7346935,-4.4987e-17,1.183414,sky,59.37885
