x,y,z,mattype,Wm2Front
0.3746,4.371844e-17,0.05,groundplane,358.6791
0.3746,0.0254,0.05,groundplane,358.6841
0.3746,0.0508,0.05,groundplane,358.683
0.3746,0.0762,0.05,groundplane,358.6818
0.3746,0.1016,0.05,groundplane,358.68070000000006
