x,y,z,mattype,Wm2Front
1.5746,3.909738e-17,0.05,groundplane,691.5297999999999
1.5746,0.0254,0.05,groundplane,691.5324
1.5746,0.0508,0.05,groundplane,691.5319
1.5746,0.0762,0.05,groundplane,691.5315
1.5746,0.1016,0.05,groundplane,691.531
