x,y,z,rearMat,Wm2Back
0.5890518,3.606902e-17,0.9586877,sky,21.33083
0.4416199,2.704142e-17,1.093832,sky,21.33083
0.294188,1.801382e-17,1.228975,sky,21.33083
0.1467562,8.986223e-18,1.364119,sky,21.33083
-0.0006757189,-4.137585e-20,1.499263,sky,21.33083
-0.1481076,-9.068975e-18,1.634407,sky,21.33083
-0.2955395,-1.809657e-17,1.76955,sky,21.33083
-0.4429714,-2.712417e-17,1.904694,sky,21.33083
-0.5904032,-3.615177e-17,2.039838,sky,21.33083
