x,y,z,mattype,Wm2Front
0.3746,3.050247e-17,0.05,groundplane,492.61550000000005
0.3746,0.0254,0.05,groundplane,492.617
0.3746,0.0508,0.05,groundplane,492.6168
0.3746,0.0762,0.05,groundplane,492.6166
0.3746,0.1016,0.05,groundplane,492.61640000000006
