x,y,z,mattype,Wm2Front
0.3746,4.58253e-17,0.05,groundplane,708.9820999999998
0.3746,0.0254,0.05,groundplane,708.9825
0.3746,0.0508,0.05,groundplane,708.9822
0.3746,0.0762,0.05,groundplane,708.9818
0.3746,0.1016,0.05,groundplane,708.9814
