x,y,z,rearMat,Wm2Back
0.6150595,3.766153e-17,0.988431,sky,21.13253
0.461135,2.823637e-17,1.116131,sky,21.13253
0.3072105,1.881122e-17,1.243831,sky,21.13253
0.153286,9.38606e-18,1.371531,sky,21.13253
-0.0006384992,-3.90968e-20,1.49923,sky,21.13253
-0.154563,-9.464254e-18,1.62693,sky,21.13253
-0.3084875,-1.888941e-17,1.75463,sky,21.13253
-0.462412,-2.831457e-17,1.88233,sky,21.13253
-0.6163365,-3.773973e-17,2.01003,sky,21.13253
