x,y,z,mattype,Wm2Front
0.3746,4.900105e-17,0.05,groundplane,8.059126
0.3746,0.0254,0.05,groundplane,8.058908
0.3746,0.0508,0.05,groundplane,8.058908
0.3746,0.0762,0.05,groundplane,8.058907
0.3746,0.1016,0.05,groundplane,8.058907
