x,y,z,mattype,Wm2Front
1.5746,4.356284e-17,0.05,groundplane,775.8755
1.5746,0.0254,0.05,groundplane,775.8777
1.5746,0.0508,0.05,groundplane,775.8773
1.5746,0.0762,0.05,groundplane,775.8768999999999
1.5746,0.1016,0.05,groundplane,775.8765
