x,y,z,mattype,Wm2Front
0.3746,4.631246e-17,0.05,groundplane,53.17693
0.3746,0.0254,0.05,groundplane,53.17911999999999
0.3746,0.0508,0.05,groundplane,53.1791
0.3746,0.0762,0.05,groundplane,53.17908
0.3746,0.1016,0.05,groundplane,53.17905
