x,y,z,mattype,Wm2Front
0.3746,4.723051e-17,0.05,groundplane,747.2136
0.3746,0.0254,0.05,groundplane,747.214
0.3746,0.0508,0.05,groundplane,747.2136
0.3746,0.0762,0.05,groundplane,747.2133
0.3746,0.1016,0.05,groundplane,747.2130000000001
