x,y,z,mattype,Wm2Front
1.5746,4.26682e-17,0.05,groundplane,207.1801
1.5746,0.0254,0.05,groundplane,207.1793
1.5746,0.0508,0.05,groundplane,207.1792
1.5746,0.0762,0.05,groundplane,207.1792
1.5746,0.1016,0.05,groundplane,207.17909999999998
