x,y,z,mattype,Wm2Front
1.5746,4.873374e-17,0.05,groundplane,840.5745000000001
1.5746,0.0254,0.05,groundplane,840.5754000000001
1.5746,0.0508,0.05,groundplane,840.5750000000002
1.5746,0.0762,0.05,groundplane,840.5746
1.5746,0.1016,0.05,groundplane,840.5741000000002
