x,y,z,rearMat,Wm2Back
0.5303932,3.247722e-17,0.9010976,sky,58.19129999999999
0.3976079,2.434646e-17,1.050657,sky,58.19129999999999
0.2648227,1.621571e-17,1.200217,sky,58.19129999999999
0.1320374,8.084962e-18,1.349776,sky,58.19129999999999
-0.0007477981,-4.578943e-20,1.499336,sky,58.19129999999999
-0.133533,-8.176541e-18,1.648896,sky,58.19129999999999
-0.2663183,-1.630729e-17,1.798455,sky,58.19129999999999
-0.3991035,-2.443804e-17,1.948015,sky,58.19129999999999
-0.5318888,-3.256879e-17,2.097575,sky,58.19129999999999
