x,y,z,rearMat,Wm2Back
0.7801869,4.777267e-17,1.676945,sky,8.505668
0.5851958,3.583291e-17,1.632465,sky,8.505668
0.3902047,2.389314e-17,1.587985,sky,8.505668
0.1952135,1.195338e-17,1.543505,sky,8.505668
0.0002223994,1.361804e-20,1.499025,sky,8.505668
-0.1947687,-1.192615e-17,1.454545,sky,8.505668
-0.3897599,-2.386591e-17,1.410065,sky,8.505668
-0.584751,-3.580567e-17,1.365585,sky,8.505668
-0.7797421,-4.774543e-17,1.321106,sky,8.505668
