x,y,z,rearMat,Wm2Back
0.7455987,4.565475e-17,1.210028,sky,25.37787
0.5591087,3.423553e-17,1.282288,sky,25.37787
0.3726187,2.281631e-17,1.354548,sky,25.37787
0.1861287,1.13971e-17,1.426808,sky,25.37787
-0.0003612991,-2.212319e-20,1.499068,sky,25.37787
-0.1868513,-1.144134e-17,1.571327,sky,25.37787
-0.3733413,-2.286056e-17,1.643587,sky,25.37787
-0.5598313,-3.427978e-17,1.715847,sky,25.37787
-0.7463213,-4.5699e-17,1.788107,sky,25.37787
