x,y,z,mattype,Wm2Front
0.3746,4.858505e-17,0.05,groundplane,934.6084
0.3746,0.0254,0.05,groundplane,934.6093
0.3746,0.0508,0.05,groundplane,934.6087000000001
0.3746,0.0762,0.05,groundplane,934.6082
0.3746,0.1016,0.05,groundplane,934.6077
