x,y,z,rearMat,Wm2Back
0.799952,4.898293e-17,1.491181,sky,104.0708
0.5999616,3.673705e-17,1.493136,sky,104.0708
0.3999711,2.449117e-17,1.495091,sky,104.0708
0.1999807,1.224528e-17,1.497045,sky,104.0708
-9.773688e-06,-5.984658e-22,1.499,sky,104.0708
-0.2000002,-1.224648e-17,1.500955,sky,104.0708
-0.3999907,-2.449236e-17,1.50291,sky,104.0708
-0.5999811,-3.673825e-17,1.504864,sky,104.0708
-0.7999716,-4.898413e-17,1.506819,sky,104.0708
