x,y,z,rearMat,Wm2Back
0.7997271,4.896916e-17,1.520919,sky,0.1484355
0.5998022,3.672729e-17,1.515439,sky,0.1484355
0.3998772,2.448542e-17,1.50996,sky,0.1484355
0.1999523,1.224355e-17,1.50448,sky,0.1484355
2.739824e-05,1.677658e-21,1.499,sky,0.1484355
-0.1998975,-1.224019e-17,1.493521,sky,0.1484355
-0.3998224,-2.448206e-17,1.488041,sky,0.1484355
-0.5997474,-3.672393e-17,1.482561,sky,0.1484355
-0.7996723,-4.89658e-17,1.477082,sky,0.1484355
