x,y,z,mattype,Wm2Front
1.5746,3.247255e-17,0.05,groundplane,450.71139999999997
1.5746,0.0254,0.05,groundplane,450.711
1.5746,0.0508,0.05,groundplane,450.7108
1.5746,0.0762,0.05,groundplane,450.7106999999999
1.5746,0.1016,0.05,groundplane,450.71049999999997
