x,y,z,mattype,Wm2Front
1.5746,3.050247e-17,0.05,groundplane,487.74959999999993
1.5746,0.0254,0.05,groundplane,487.7534
1.5746,0.0508,0.05,groundplane,487.753
1.5746,0.0762,0.05,groundplane,487.7525
1.5746,0.1016,0.05,groundplane,487.7521
