x,y,z,mattype,Wm2Front
0.3746,4.872106e-17,0.05,groundplane,40.18062
0.3746,0.0254,0.05,groundplane,40.18005
0.3746,0.0508,0.05,groundplane,40.18005
0.3746,0.0762,0.05,groundplane,40.18006
0.3746,0.1016,0.05,groundplane,40.18006
