x,y,z,mattype,Wm2Front
1.5746,4.82681e-17,0.05,groundplane,40.65359
1.5746,0.0254,0.05,groundplane,40.65457
1.5746,0.0508,0.05,groundplane,40.65458
1.5746,0.0762,0.05,groundplane,40.65458
1.5746,0.1016,0.05,groundplane,40.65458
