x,y,z,rearMat,Wm2Back
0.778313,4.765793e-17,1.314987,sky,70.55479
0.5836773,3.573993e-17,1.360997,sky,70.55479
0.3890415,2.382192e-17,1.407007,sky,70.55479
0.1944057,1.190392e-17,1.453017,sky,70.55479
-0.0002300497,-1.408648e-20,1.499027,sky,70.55479
-0.1948658,-1.193209e-17,1.545037,sky,70.55479
-0.3895016,-2.385009e-17,1.591047,sky,70.55479
-0.5841374,-3.57681e-17,1.637057,sky,70.55479
-0.7787731,-4.76861e-17,1.683067,sky,70.55479
