x,y,z,rearMat,Wm2Back
0.748807,4.585121e-17,1.781583,sky,21.25054
0.5616936,3.439381e-17,1.710953,sky,21.25054
0.3745801,2.293642e-17,1.640324,sky,21.25054
0.1874666,1.147902e-17,1.569694,sky,21.25054
0.0003531483,2.16241e-20,1.499064,sky,21.25054
-0.1867603,-1.143577e-17,1.428435,sky,21.25054
-0.3738738,-2.289317e-17,1.357805,sky,21.25054
-0.5609873,-3.435056e-17,1.287175,sky,21.25054
-0.7481007,-4.580796e-17,1.216546,sky,21.25054
