x,y,z,mattype,Wm2Front
1.5746,3.050247e-17,0.05,groundplane,205.2835
1.5746,0.0254,0.05,groundplane,205.2854
1.5746,0.0508,0.05,groundplane,205.2853
1.5746,0.0762,0.05,groundplane,205.28509999999997
1.5746,0.1016,0.05,groundplane,205.285
