x,y,z,mattype,Wm2Front
1.5746,3.470838e-17,0.05,groundplane,411.0133
1.5746,0.0254,0.05,groundplane,411.0231999999999
1.5746,0.0508,0.05,groundplane,411.0219
1.5746,0.0762,0.05,groundplane,411.0207
1.5746,0.1016,0.05,groundplane,411.01939999999996
