x,y,z,mattype,Wm2Front
1.5746,3.998491e-17,0.05,groundplane,443.2059
1.5746,0.0254,0.05,groundplane,443.2062
1.5746,0.0508,0.05,groundplane,443.20520000000005
1.5746,0.0762,0.05,groundplane,443.20419999999996
1.5746,0.1016,0.05,groundplane,443.2031
