x,y,z,mattype,Wm2Front
1.5746,4.857496e-17,0.05,groundplane,939.0
1.5746,0.0254,0.05,groundplane,939.0009999999999
1.5746,0.0508,0.05,groundplane,939.0000999999999
1.5746,0.0762,0.05,groundplane,938.9991
1.5746,0.1016,0.05,groundplane,938.9982999999999
