x,y,z,mattype,Wm2Front
1.5746,4.340115e-17,0.05,groundplane,824.8983
1.5746,0.0254,0.05,groundplane,824.9001
1.5746,0.0508,0.05,groundplane,824.8997
1.5746,0.0762,0.05,groundplane,824.8993999999999
1.5746,0.1016,0.05,groundplane,824.899
