x,y,z,mattype,Wm2Front
1.5746,4.881823e-17,0.05,groundplane,20.07033
1.5746,0.0254,0.05,groundplane,20.07058
1.5746,0.0508,0.05,groundplane,20.07057
1.5746,0.0762,0.05,groundplane,20.07057
1.5746,0.1016,0.05,groundplane,20.07056
