x,y,z,mattype,Wm2Front
0.3746,3.247255e-17,0.05,groundplane,407.95419999999996
0.3746,0.0254,0.05,groundplane,407.9538
0.3746,0.0508,0.05,groundplane,407.9536
0.3746,0.0762,0.05,groundplane,407.95329999999996
0.3746,0.1016,0.05,groundplane,407.9531
