x,y,z,mattype,Wm2Front
1.5746,4.797353e-17,0.05,groundplane,873.8298
1.5746,0.0254,0.05,groundplane,873.8312
1.5746,0.0508,0.05,groundplane,873.8307
1.5746,0.0762,0.05,groundplane,873.8302
1.5746,0.1016,0.05,groundplane,873.8296999999999
