x,y,z,rearMat,Wm2Back
0.7489544,4.586023e-17,1.781191,sky,5.182378
0.5618039,3.440057e-17,1.710659,sky,5.182378
0.3746535,2.294091e-17,1.640128,sky,5.182378
0.1875031,1.148125e-17,1.569596,sky,5.182378
0.0003526584,2.15941e-20,1.499064,sky,5.182378
-0.1867978,-1.143806e-17,1.428533,sky,5.182378
-0.3739482,-2.289772e-17,1.358001,sky,5.182378
-0.5610986,-3.435738e-17,1.287469,sky,5.182378
-0.7482491,-4.581704e-17,1.216938,sky,5.182378
