x,y,z,mattype,Wm2Front
1.5746,4.770146e-17,0.05,groundplane,67.0032
1.5746,0.0254,0.05,groundplane,67.0046
1.5746,0.0508,0.05,groundplane,67.00458
1.5746,0.0762,0.05,groundplane,67.00456
1.5746,0.1016,0.05,groundplane,67.00455
