x,y,z,mattype,Wm2Front
0.3746,3.839587e-17,0.05,groundplane,66.45875
0.3746,0.0254,0.05,groundplane,66.45924
0.3746,0.0508,0.05,groundplane,66.4592
0.3746,0.0762,0.05,groundplane,66.45917
0.3746,0.1016,0.05,groundplane,66.45913
