x,y,z,rearMat,Wm2Back
0.7570423,4.635547e-17,1.241373,sky,5.424216
0.5677012,3.476167e-17,1.305793,sky,5.424216
0.3783601,2.316787e-17,1.370213,sky,5.424216
0.189019,1.157408e-17,1.434633,sky,5.424216
-0.0003221005,-1.972297e-20,1.499053,sky,5.424216
-0.1896632,-1.161352e-17,1.563473,sky,5.424216
-0.3790043,-2.320732e-17,1.627893,sky,5.424216
-0.5683454,-3.480112e-17,1.692314,sky,5.424216
-0.7576865,-4.639492e-17,1.756734,sky,5.424216
