x,y,z,mattype,Wm2Front
0.3746,4.897738e-17,0.05,groundplane,12.306580000000002
0.3746,0.0254,0.05,groundplane,12.306779999999998
0.3746,0.0508,0.05,groundplane,12.30677
0.3746,0.0762,0.05,groundplane,12.30677
0.3746,0.1016,0.05,groundplane,12.30677
