x,y,z,rearMat,Wm2Back
0.7967228,4.87852e-17,1.572345,sky,72.51617
0.597565,3.659031e-17,1.554009,sky,72.51617
0.3984073,2.439541e-17,1.535674,sky,72.51617
0.1992495,1.220051e-17,1.517339,sky,72.51617
9.167542e-05,5.6135e-21,1.499004,sky,72.51617
-0.1990661,-1.218928e-17,1.480669,sky,72.51617
-0.3982239,-2.438418e-17,1.462334,sky,72.51617
-0.5973817,-3.657908e-17,1.443999,sky,72.51617
-0.7965395,-4.877398e-17,1.425664,sky,72.51617
