x,y,z,mattype,Wm2Front
0.3746,3.050247e-17,0.05,groundplane,487.48510000000005
0.3746,0.0254,0.05,groundplane,487.4891
0.3746,0.0508,0.05,groundplane,487.4889
0.3746,0.0762,0.05,groundplane,487.48870000000005
0.3746,0.1016,0.05,groundplane,487.4884
