x,y,z,mattype,Wm2Front
1.5746,4.785846e-17,0.05,groundplane,80.02448
1.5746,0.0254,0.05,groundplane,80.02356
1.5746,0.0508,0.05,groundplane,80.02351
1.5746,0.0762,0.05,groundplane,80.02348
1.5746,0.1016,0.05,groundplane,80.02343
