x,y,z,mattype,Wm2Front
1.5746,3.050247e-17,0.05,groundplane,469.1468
1.5746,0.0254,0.05,groundplane,469.1499999999999
1.5746,0.0508,0.05,groundplane,469.14979999999997
1.5746,0.0762,0.05,groundplane,469.1495
1.5746,0.1016,0.05,groundplane,469.1493
