x,y,z,rearMat,Wm2Back
0.7760735,4.75208e-17,1.694193,sky,6.46293
0.5821161,3.564433e-17,1.645402,sky,6.46293
0.3881587,2.376787e-17,1.596612,sky,6.46293
0.1942013,1.18914e-17,1.547821,sky,6.46293
0.0002439535,1.493785e-20,1.49903,sky,6.46293
-0.1937134,-1.186153e-17,1.45024,sky,6.46293
-0.3876708,-2.373799e-17,1.401449,sky,6.46293
-0.5816282,-3.561446e-17,1.352658,sky,6.46293
-0.7755856,-4.749092e-17,1.303867,sky,6.46293
