x,y,z,mattype,Wm2Front
0.3746,3.470838e-17,0.05,groundplane,410.8509000000001
0.3746,0.0254,0.05,groundplane,410.8604
0.3746,0.0508,0.05,groundplane,410.85909999999996
0.3746,0.0762,0.05,groundplane,410.8579
0.3746,0.1016,0.05,groundplane,410.8566
