x,y,z,mattype,Wm2Front
0.3746,3.050247e-17,0.05,groundplane,84.08852
0.3746,0.0254,0.05,groundplane,84.08913
0.3746,0.0508,0.05,groundplane,84.0891
0.3746,0.0762,0.05,groundplane,84.08907
0.3746,0.1016,0.05,groundplane,84.08905
