x,y,z,mattype,Wm2Front
0.3746,4.899193e-17,0.05,groundplane,931.5875
0.3746,0.0254,0.05,groundplane,931.5886999999999
0.3746,0.0508,0.05,groundplane,931.5883
0.3746,0.0762,0.05,groundplane,931.5877999999999
0.3746,0.1016,0.05,groundplane,931.5874
