x,y,z,rearMat,Wm2Back
0.7630649,4.672425e-17,1.740277,sky,6.224298
0.572374,3.50478e-17,1.679969,sky,6.224298
0.3816832,2.337136e-17,1.619662,sky,6.224298
0.1909924,1.169491e-17,1.559354,sky,6.224298
0.000301538,1.846387e-20,1.499047,sky,6.224298
-0.1903893,-1.165798e-17,1.438739,sky,6.224298
-0.3810801,-2.333443e-17,1.378431,sky,6.224298
-0.571771,-3.501087e-17,1.318124,sky,6.224298
-0.7624618,-4.668732e-17,1.257816,sky,6.224298
