x,y,z,rearMat,Wm2Back
0.7181052,4.397126e-17,1.147401,sky,61.9518
0.538469,3.297172e-17,1.235326,sky,61.9518
0.3588328,2.197217e-17,1.323252,sky,61.9518
0.1791966,1.097263e-17,1.411177,sky,61.9518
-0.0004396257,-2.691931e-20,1.499102,sky,61.9518
-0.1800758,-1.102647e-17,1.587027,sky,61.9518
-0.3597121,-2.202601e-17,1.674952,sky,61.9518
-0.5393483,-3.302556e-17,1.762877,sky,61.9518
-0.7189845,-4.40251e-17,1.850802,sky,61.9518
