x,y,z,rearMat,Wm2Back
0.7998227,4.897502e-17,1.516871,sky,106.9117
0.5998726,3.67316e-17,1.512403,sky,106.9117
0.3999225,2.448819e-17,1.507936,sky,106.9117
0.1999724,1.224478e-17,1.503468,sky,106.9117
2.233836e-05,1.36783e-21,1.499,sky,106.9117
-0.1999278,-1.224204e-17,1.494533,sky,106.9117
-0.3998778,-2.448546e-17,1.490065,sky,106.9117
-0.5998279,-3.672887e-17,1.485597,sky,106.9117
-0.799778,-4.897228e-17,1.48113,sky,106.9117
