x,y,z,rearMat,Wm2Back
0.7402657,4.53282e-17,1.196672,sky,112.5152
0.5551048,3.399036e-17,1.272273,sky,112.5152
0.3699438,2.265253e-17,1.347873,sky,112.5152
0.1847829,1.131469e-17,1.423474,sky,112.5152
-0.0003780024,-2.314597e-20,1.499074,sky,112.5152
-0.1855389,-1.136098e-17,1.574675,sky,112.5152
-0.3706999,-2.269882e-17,1.650275,sky,112.5152
-0.5558608,-3.403666e-17,1.725876,sky,112.5152
-0.7410217,-4.537449e-17,1.801476,sky,112.5152
