x,y,z,mattype,Wm2Front
0.3746,4.468715e-17,0.05,groundplane,495.2077
0.3746,0.0254,0.05,groundplane,495.20790000000005
0.3746,0.0508,0.05,groundplane,495.20599999999996
0.3746,0.0762,0.05,groundplane,495.2041
0.3746,0.1016,0.05,groundplane,495.2023
