x,y,z,mattype,Wm2Front
0.3746,4.59906e-17,0.05,groundplane,195.4602
0.3746,0.0254,0.05,groundplane,195.4605
0.3746,0.0508,0.05,groundplane,195.46040000000002
0.3746,0.0762,0.05,groundplane,195.4603
0.3746,0.1016,0.05,groundplane,195.4602
