x,y,z,rearMat,Wm2Back
0.5914386,3.621517e-17,2.038703,sky,17.29731
0.4437475,2.71717e-17,1.903843,sky,17.29731
0.2960564,1.812823e-17,1.768982,sky,17.29731
0.1483654,9.084759e-18,1.634122,sky,17.29731
0.0006743024,4.128911e-20,1.499262,sky,17.29731
-0.1470168,-9.002181e-18,1.364401,sky,17.29731
-0.2947078,-1.804565e-17,1.229541,sky,17.29731
-0.4423989,-2.708912e-17,1.09468,sky,17.29731
-0.59009,-3.613259e-17,0.9598196,sky,17.29731
