x,y,z,mattype,Wm2Front
1.5746,3.349249e-17,0.05,groundplane,396.7986
1.5746,0.0254,0.05,groundplane,396.80840000000006
1.5746,0.0508,0.05,groundplane,396.8074
1.5746,0.0762,0.05,groundplane,396.8064
1.5746,0.1016,0.05,groundplane,396.8054
