x,y,z,mattype,Wm2Front
0.3746,3.921429e-17,0.05,groundplane,769.2066
0.3746,0.0254,0.05,groundplane,769.2059
0.3746,0.0508,0.05,groundplane,769.2053
0.3746,0.0762,0.05,groundplane,769.2046999999999
0.3746,0.1016,0.05,groundplane,769.2041
