x,y,z,mattype,Wm2Front
0.3746,4.654759e-17,0.05,groundplane,941.9153
0.3746,0.0254,0.05,groundplane,941.9182
0.3746,0.0508,0.05,groundplane,941.9173999999999
0.3746,0.0762,0.05,groundplane,941.9167000000001
0.3746,0.1016,0.05,groundplane,941.916
