x,y,z,rearMat,Wm2Back
0.8000005,4.89859e-17,1.499559,sky,35.60335
0.6000006,3.673944e-17,1.499419,sky,35.60335
0.4000006,2.449297e-17,1.499279,sky,35.60335
0.2000006,1.224651e-17,1.49914,sky,35.60335
6.981316e-07,4.274823e-23,1.499,sky,35.60335
-0.1999993,-1.224642e-17,1.49886,sky,35.60335
-0.3999992,-2.449289e-17,1.498721,sky,35.60335
-0.5999992,-3.673935e-17,1.498581,sky,35.60335
-0.7999991,-4.898582e-17,1.498441,sky,35.60335
