x,y,z,rearMat,Wm2Back
0.7993096,4.89436e-17,1.466756,sky,0.18433369999999996
0.5994721,3.670708e-17,1.474817,sky,0.18433369999999996
0.3996346,2.447056e-17,1.482878,sky,0.18433369999999996
0.1997972,1.223405e-17,1.49094,sky,0.18433369999999996
-4.030618e-05,-2.468042e-21,1.499001,sky,0.18433369999999996
-0.1998778,-1.223898e-17,1.507062,sky,0.18433369999999996
-0.3997153,-2.44755e-17,1.515123,sky,0.18433369999999996
-0.5995527,-3.671202e-17,1.523185,sky,0.18433369999999996
-0.7993902,-4.894853e-17,1.531246,sky,0.18433369999999996
