x,y,z,rearMat,Wm2Back
0.7360132,4.506781e-17,1.186495,sky,18.79637
0.5519122,3.379487e-17,1.264641,sky,18.79637
0.3678112,2.252194e-17,1.342787,sky,18.79637
0.1837102,1.124901e-17,1.420933,sky,18.79637
-0.0003907311,-2.392538e-20,1.499079,sky,18.79637
-0.1844917,-1.129686e-17,1.577226,sky,18.79637
-0.3685927,-2.256979e-17,1.655372,sky,18.79637
-0.5526936,-3.384273e-17,1.733518,sky,18.79637
-0.7367946,-4.511566e-17,1.811664,sky,18.79637
