x,y,z,mattype,Wm2Front
1.5746,4.883841e-17,0.05,groundplane,22.47421
1.5746,0.0254,0.05,groundplane,22.47485
1.5746,0.0508,0.05,groundplane,22.47484
1.5746,0.0762,0.05,groundplane,22.47483
1.5746,0.1016,0.05,groundplane,22.474820000000005
