x,y,z,mattype,Wm2Front
1.5746,4.442734e-17,0.05,groundplane,751.139
1.5746,0.0254,0.05,groundplane,751.139
1.5746,0.0508,0.05,groundplane,751.1387
1.5746,0.0762,0.05,groundplane,751.1382
1.5746,0.1016,0.05,groundplane,751.1379000000001
