x,y,z,mattype,Wm2Front
0.3746,3.247255e-17,0.05,groundplane,81.75813
0.3746,0.0254,0.05,groundplane,81.75798
0.3746,0.0508,0.05,groundplane,81.75793
0.3746,0.0762,0.05,groundplane,81.75788
0.3746,0.1016,0.05,groundplane,81.75783
