x,y,z,mattype,Wm2Front
1.5746,4.815332e-17,0.05,groundplane,890.1545
1.5746,0.0254,0.05,groundplane,890.156
1.5746,0.0508,0.05,groundplane,890.1556
1.5746,0.0762,0.05,groundplane,890.1552
1.5746,0.1016,0.05,groundplane,890.1547999999999
