x,y,z,mattype,Wm2Front
1.5746,4.888076e-17,0.05,groundplane,17.21147
1.5746,0.0254,0.05,groundplane,17.21226
1.5746,0.0508,0.05,groundplane,17.21224
1.5746,0.0762,0.05,groundplane,17.21222
1.5746,0.1016,0.05,groundplane,17.2122
