x,y,z,mattype,Wm2Front
1.5746,3.050247e-17,0.05,groundplane,481.03579999999994
1.5746,0.0254,0.05,groundplane,481.0382
1.5746,0.0508,0.05,groundplane,481.0381
1.5746,0.0762,0.05,groundplane,481.0378
1.5746,0.1016,0.05,groundplane,481.03759999999994
