x,y,z,mattype,Wm2Front
0.3746,4.613647e-17,0.05,groundplane,422.0175
0.3746,0.0254,0.05,groundplane,422.02479999999997
0.3746,0.0508,0.05,groundplane,422.02299999999997
0.3746,0.0762,0.05,groundplane,422.02130000000005
0.3746,0.1016,0.05,groundplane,422.01950000000005
