x,y,z,rearMat,Wm2Back
0.5696372,3.488022e-17,2.061707,sky,69.75151
0.4274036,2.617092e-17,1.921102,sky,69.75151
0.2851701,1.746163e-17,1.780498,sky,69.75151
0.1429366,8.75234e-18,1.639893,sky,69.75151
0.0007030224,4.304771e-20,1.499289,sky,69.75151
-0.1415305,-8.666244e-18,1.358684,sky,69.75151
-0.283764,-1.737554e-17,1.21808,sky,69.75151
-0.4259976,-2.608483e-17,1.077475,sky,69.75151
-0.5682311,-3.479412e-17,0.9368709,sky,69.75151
