x,y,z,rearMat,Wm2Back
0.7964612,4.876918e-17,1.42483,sky,1.724531
0.5973227,3.657547e-17,1.443373,sky,1.724531
0.3981842,2.438175e-17,1.461917,sky,1.724531
0.1990458,1.218804e-17,1.480461,sky,1.724531
-9.271816e-05,-5.67735e-21,1.499004,sky,1.724531
-0.1992312,-1.219939e-17,1.517548,sky,1.724531
-0.3983697,-2.439311e-17,1.536092,sky,1.724531
-0.5975082,-3.658682e-17,1.554635,sky,1.724531
-0.7966466,-4.878054e-17,1.573179,sky,1.724531
