x,y,z,mattype,Wm2Front
1.5746,3.610337e-17,0.05,groundplane,721.1968
1.5746,0.0254,0.05,groundplane,721.2005
1.5746,0.0508,0.05,groundplane,721.2000000000002
1.5746,0.0762,0.05,groundplane,721.1995000000001
1.5746,0.1016,0.05,groundplane,721.199
