x,y,z,rearMat,Wm2Back
0.795674,4.872098e-17,1.41691,sky,11.87731
0.5967298,3.653916e-17,1.437434,sky,11.87731
0.3977857,2.435735e-17,1.457958,sky,11.87731
0.1988415,1.217553e-17,1.478481,sky,11.87731
-0.0001026189,-6.283597e-21,1.499005,sky,11.87731
-0.1990468,-1.21881e-17,1.519529,sky,11.87731
-0.3979909,-2.436992e-17,1.540053,sky,11.87731
-0.5969351,-3.655173e-17,1.560577,sky,11.87731
-0.7958792,-4.873355e-17,1.5811,sky,11.87731
