x,y,z,mattype,Wm2Front
1.5746,4.451356e-17,0.05,groundplane,188.8098
1.5746,0.0254,0.05,groundplane,188.8088
1.5746,0.0508,0.05,groundplane,188.80869999999996
1.5746,0.0762,0.05,groundplane,188.80869999999996
1.5746,0.1016,0.05,groundplane,188.80869999999996
