x,y,z,rearMat,Wm2Back
0.6641787,4.066921e-17,1.945946,sky,65.46368
0.4982736,3.051046e-17,1.834252,sky,65.46368
0.3323686,2.035171e-17,1.722558,sky,65.46368
0.1664635,1.019295e-17,1.610864,sky,65.46368
0.0005584692,3.419638e-20,1.49917,sky,65.46368
-0.1653466,-1.012456e-17,1.387477,sky,65.46368
-0.3312516,-2.028331e-17,1.275783,sky,65.46368
-0.4971567,-3.044207e-17,1.164089,sky,65.46368
-0.6630617,-4.060082e-17,1.052395,sky,65.46368
