x,y,z,mattype,Wm2Front
1.5746,4.891063e-17,0.05,groundplane,775.4492
1.5746,0.0254,0.05,groundplane,775.4531000000001
1.5746,0.0508,0.05,groundplane,775.4513000000001
1.5746,0.0762,0.05,groundplane,775.4494
1.5746,0.1016,0.05,groundplane,775.4476
