x,y,z,mattype,Wm2Front
1.5746,4.463083e-17,0.05,groundplane,827.2482999999999
1.5746,0.0254,0.05,groundplane,827.2482
1.5746,0.0508,0.05,groundplane,827.2478
1.5746,0.0762,0.05,groundplane,827.2475
1.5746,0.1016,0.05,groundplane,827.2472000000001
