x,y,z,rearMat,Wm2Back
0.5858292,3.58717e-17,0.9552018,sky,16.16771
0.4392019,2.689336e-17,1.091218,sky,16.16771
0.2925746,1.791503e-17,1.227234,sky,16.16771
0.1459473,8.936692e-18,1.363251,sky,16.16771
-0.0006800813,-4.164297e-20,1.499267,sky,16.16771
-0.1473074,-9.019978e-18,1.635283,sky,16.16771
-0.2939347,-1.799831e-17,1.771299,sky,16.16771
-0.4405621,-2.697665e-17,1.907316,sky,16.16771
-0.5871894,-3.595498e-17,2.043332,sky,16.16771
