x,y,z,rearMat,Wm2Back
0.7991115,4.893146e-17,1.462292,sky,13.2575
0.5993221,3.66979e-17,1.471469,sky,13.2575
0.3995328,2.446433e-17,1.480647,sky,13.2575
0.1997435,1.223076e-17,1.489824,sky,13.2575
-4.588604e-05,-2.80971e-21,1.499001,sky,13.2575
-0.1998352,-1.223638e-17,1.508178,sky,13.2575
-0.3996246,-2.446995e-17,1.517355,sky,13.2575
-0.5994139,-3.670352e-17,1.526533,sky,13.2575
-0.7992032,-4.893708e-17,1.53571,sky,13.2575
