x,y,z,mattype,Wm2Front
0.3746,4.426823e-17,0.05,groundplane,242.06319999999997
0.3746,0.0254,0.05,groundplane,242.06409999999997
0.3746,0.0508,0.05,groundplane,242.0639
0.3746,0.0762,0.05,groundplane,242.0638
0.3746,0.1016,0.05,groundplane,242.06360000000004
