x,y,z,rearMat,Wm2Back
0.6279221,3.844914e-17,1.995696,sky,69.617
0.4710967,2.884636e-17,1.871576,sky,69.617
0.3142714,1.924357e-17,1.747456,sky,69.617
0.157446,9.640786e-18,1.623336,sky,69.617
0.0006206005,3.800082e-20,1.499216,sky,69.617
-0.1562048,-9.564784e-18,1.375096,sky,69.617
-0.3130302,-1.916757e-17,1.250976,sky,69.617
-0.4698555,-2.877035e-17,1.126856,sky,69.617
-0.6266809,-3.837314e-17,1.002735,sky,69.617
