x,y,z,mattype,Wm2Front
0.3746,4.880521e-17,0.05,groundplane,3.561116
0.3746,0.0254,0.05,groundplane,3.561125
0.3746,0.0508,0.05,groundplane,3.561125
0.3746,0.0762,0.05,groundplane,3.561125
0.3746,0.1016,0.05,groundplane,3.561125
