x,y,z,mattype,Wm2Front
1.5746,4.894646e-17,0.05,groundplane,10.357
1.5746,0.0254,0.05,groundplane,10.35672
1.5746,0.0508,0.05,groundplane,10.35671
1.5746,0.0762,0.05,groundplane,10.35671
1.5746,0.1016,0.05,groundplane,10.3567
