x,y,z,rearMat,Wm2Back
0.6211754,3.803603e-17,0.9958749,sky,63.41604
0.4657243,2.851739e-17,1.121712,sky,63.41604
0.3102731,1.899875e-17,1.247549,sky,63.41604
0.154822,9.480112e-18,1.373386,sky,63.41604
-0.0006291847,-3.852645e-20,1.499223,sky,63.41604
-0.1560803,-9.557165e-18,1.62506,sky,63.41604
-0.3115315,-1.90758e-17,1.750897,sky,63.41604
-0.4669827,-2.859444e-17,1.876734,sky,63.41604
-0.6224338,-3.811308e-17,2.002571,sky,63.41604
