x,y,z,rearMat,Wm2Back
0.7761751,4.752702e-17,1.693787,sky,20.42843
0.5821922,3.564899e-17,1.645098,sky,20.42843
0.3882093,2.377096e-17,1.596408,sky,20.42843
0.1942263,1.189293e-17,1.547719,sky,20.42843
0.0002434457,1.490675e-20,1.49903,sky,20.42843
-0.1937395,-1.186312e-17,1.450341,sky,20.42843
-0.3877224,-2.374115e-17,1.401652,sky,20.42843
-0.5817053,-3.561917e-17,1.352963,sky,20.42843
-0.7756882,-4.74972e-17,1.304273,sky,20.42843
