x,y,z,mattype,Wm2Front
1.5746,3.900818e-17,0.05,groundplane,243.5263
1.5746,0.0254,0.05,groundplane,243.5257
1.5746,0.0508,0.05,groundplane,243.52560000000003
1.5746,0.0762,0.05,groundplane,243.52560000000003
1.5746,0.1016,0.05,groundplane,243.5255
