x,y,z,rearMat,Wm2Back
0.5367728,3.286785e-17,2.093191,sky,130.4731
0.4027651,2.466225e-17,1.944726,sky,130.4731
0.2687575,1.645665e-17,1.796261,sky,130.4731
0.1347499,8.251054e-18,1.647795,sky,130.4731
0.0007423268,4.545441e-20,1.49933,sky,130.4731
-0.1332653,-8.160145e-18,1.350865,sky,130.4731
-0.2672729,-1.636574e-17,1.202399,sky,130.4731
-0.4012805,-2.457134e-17,1.053934,sky,130.4731
-0.5352881,-3.277694e-17,0.9054685,sky,130.4731
