x,y,z,rearMat,Wm2Back
0.7914356,4.846145e-17,1.383249,sky,2.420131
0.5935405,3.634387e-17,1.41219,sky,2.420131
0.3956454,2.42263e-17,1.44113,sky,2.420131
0.1977504,1.210872e-17,1.47007,sky,2.420131
-0.0001447016,-8.860418e-21,1.499011,sky,2.420131
-0.1980398,-1.212644e-17,1.527951,sky,2.420131
-0.3959348,-2.424402e-17,1.556891,sky,2.420131
-0.5938299,-3.636159e-17,1.585831,sky,2.420131
-0.791725,-4.847917e-17,1.614772,sky,2.420131
