x,y,z,mattype,Wm2Front
1.5746,4.730553e-17,0.05,groundplane,125.0607
1.5746,0.0254,0.05,groundplane,125.0634
1.5746,0.0508,0.05,groundplane,125.06329999999998
1.5746,0.0762,0.05,groundplane,125.06329999999998
1.5746,0.1016,0.05,groundplane,125.0632
