x,y,z,mattype,Wm2Front
0.3746,4.121152e-17,0.05,groundplane,708.5267
0.3746,0.0254,0.05,groundplane,708.5353
0.3746,0.0508,0.05,groundplane,708.5333999999999
0.3746,0.0762,0.05,groundplane,708.5317
0.3746,0.1016,0.05,groundplane,708.5297999999999
