x,y,z,mattype,Wm2Front
0.3746,4.861273e-17,0.05,groundplane,31.60281
0.3746,0.0254,0.05,groundplane,31.604
0.3746,0.0508,0.05,groundplane,31.603979999999996
0.3746,0.0762,0.05,groundplane,31.60397
0.3746,0.1016,0.05,groundplane,31.60395
