x,y,z,rearMat,Wm2Back
0.7020633,4.298898e-17,1.883547,sky,24.39368
0.5266676,3.224909e-17,1.787441,sky,24.39368
0.3512719,2.15092e-17,1.691335,sky,24.39368
0.1758762,1.076931e-17,1.595229,sky,24.39368
0.0004805296,2.942395e-20,1.499123,sky,24.39368
-0.1749152,-1.071046e-17,1.403017,sky,24.39368
-0.3503109,-2.145035e-17,1.306911,sky,24.39368
-0.5257066,-3.219024e-17,1.210805,sky,24.39368
-0.7011023,-4.293013e-17,1.114699,sky,24.39368
