x,y,z,mattype,Wm2Front
1.5746,3.247255e-17,0.05,groundplane,481.76590000000004
1.5746,0.0254,0.05,groundplane,481.7657
1.5746,0.0508,0.05,groundplane,481.7655
1.5746,0.0762,0.05,groundplane,481.7653
1.5746,0.1016,0.05,groundplane,481.7651
