x,y,z,mattype,Wm2Front
1.5746,4.508596e-17,0.05,groundplane,21.41016
1.5746,0.0254,0.05,groundplane,21.41089
1.5746,0.0508,0.05,groundplane,21.41087
1.5746,0.0762,0.05,groundplane,21.41085
1.5746,0.1016,0.05,groundplane,21.41083
