x,y,z,mattype,Wm2Front
1.5746,4.244461e-17,0.05,groundplane,750.4627
1.5746,0.0254,0.05,groundplane,750.4658
1.5746,0.0508,0.05,groundplane,750.4651
1.5746,0.0762,0.05,groundplane,750.4644
1.5746,0.1016,0.05,groundplane,750.4636999999999
