x,y,z,rearMat,Wm2Back
0.7195759,4.406132e-17,1.150412,sky,18.95409
0.539573,3.303932e-17,1.237584,sky,18.95409
0.35957,2.201731e-17,1.324756,sky,18.95409
0.1795671,1.099531e-17,1.411928,sky,18.95409
-0.0004358595,-2.66887e-20,1.4991,sky,18.95409
-0.1804388,-1.104869e-17,1.586272,sky,18.95409
-0.3604417,-2.207069e-17,1.673444,sky,18.95409
-0.5404447,-3.309269e-17,1.760616,sky,18.95409
-0.7204476,-4.411469e-17,1.847788,sky,18.95409
