x,y,z,mattype,Wm2Front
1.5746,4.452428e-17,0.05,groundplane,188.29049999999998
1.5746,0.0254,0.05,groundplane,188.2894
1.5746,0.0508,0.05,groundplane,188.2894
1.5746,0.0762,0.05,groundplane,188.2894
1.5746,0.1016,0.05,groundplane,188.2894
