x,y,z,rearMat,Wm2Back
0.7388816,4.524345e-17,1.193316,sky,9.575691
0.5540657,3.392674e-17,1.269756,sky,9.575691
0.3692497,2.261002e-17,1.346196,sky,9.575691
0.1844338,1.129331e-17,1.422636,sky,9.575691
-0.0003821996,-2.340298e-20,1.499076,sky,9.575691
-0.1851982,-1.134012e-17,1.575516,sky,9.575691
-0.3700141,-2.265683e-17,1.651956,sky,9.575691
-0.5548301,-3.397354e-17,1.728396,sky,9.575691
-0.739646,-4.529026e-17,1.804836,sky,9.575691
