x,y,z,rearMat,Wm2Back
0.7541994,4.618139e-17,1.233196,sky,9.900012
0.5655665,3.463096e-17,1.299661,sky,9.900012
0.3769335,2.308052e-17,1.366127,sky,9.900012
0.1883006,1.153009e-17,1.432592,sky,9.900012
-0.0003323258,-2.034908e-20,1.499057,sky,9.900012
-0.1889653,-1.157079e-17,1.565522,sky,9.900012
-0.3775982,-2.312122e-17,1.631987,sky,9.900012
-0.5662311,-3.467166e-17,1.698452,sky,9.900012
-0.7548641,-4.622209e-17,1.764917,sky,9.900012
