x,y,z,mattype,Wm2Front
0.3746,4.157767e-17,0.05,groundplane,804.4393999999999
0.3746,0.0254,0.05,groundplane,804.4416
0.3746,0.0508,0.05,groundplane,804.4411999999999
0.3746,0.0762,0.05,groundplane,804.4409
0.3746,0.1016,0.05,groundplane,804.4406
