x,y,z,mattype,Wm2Front
0.3746,4.850981e-17,0.05,groundplane,47.90695
0.3746,0.0254,0.05,groundplane,47.90759
0.3746,0.0508,0.05,groundplane,47.9076
0.3746,0.0762,0.05,groundplane,47.9076
0.3746,0.1016,0.05,groundplane,47.9076
