x,y,z,mattype,Wm2Front
1.5746,4.900229e-17,0.05,groundplane,6.733277
1.5746,0.0254,0.05,groundplane,6.733106
1.5746,0.0508,0.05,groundplane,6.733103
1.5746,0.0762,0.05,groundplane,6.733099
1.5746,0.1016,0.05,groundplane,6.733095
