x,y,z,mattype,Wm2Front
0.3746,3.050247e-17,0.05,groundplane,345.15350000000007
0.3746,0.0254,0.05,groundplane,345.1639
0.3746,0.0508,0.05,groundplane,345.1628
0.3746,0.0762,0.05,groundplane,345.16169999999994
0.3746,0.1016,0.05,groundplane,345.1605
