x,y,z,rearMat,Wm2Back
0.7932503,4.857257e-17,1.603706,sky,5.230184
0.5949704,3.643143e-17,1.577532,sky,5.230184
0.3966906,2.429029e-17,1.551358,sky,5.230184
0.1984107,1.214915e-17,1.525183,sky,5.230184
0.0001308723,8.013615e-21,1.499009,sky,5.230184
-0.198149,-1.213313e-17,1.472834,sky,5.230184
-0.3964288,-2.427426e-17,1.44666,sky,5.230184
-0.5947087,-3.64154e-17,1.420485,sky,5.230184
-0.7929885,-4.855654e-17,1.394311,sky,5.230184
