x,y,z,rearMat,Wm2Back
0.5718558,3.501607e-17,0.9405521,sky,132.2261
0.4287172,2.625136e-17,1.080235,sky,132.2261
0.2855787,1.748665e-17,1.219918,sky,132.2261
0.1424401,8.721943e-18,1.359601,sky,132.2261
-0.0006984153,-4.27656e-20,1.499284,sky,132.2261
-0.143837,-8.807474e-18,1.638967,sky,132.2261
-0.2869755,-1.757218e-17,1.77865,sky,132.2261
-0.4301141,-2.633689e-17,1.918333,sky,132.2261
-0.5732526,-3.51016e-17,2.058017,sky,132.2261
