x,y,z,mattype,Wm2Front
0.3746,4.778998e-17,0.05,groundplane,79.785
0.3746,0.0254,0.05,groundplane,79.78617
0.3746,0.0508,0.05,groundplane,79.78614
0.3746,0.0762,0.05,groundplane,79.78612
0.3746,0.1016,0.05,groundplane,79.78608
