x,y,z,mattype,Wm2Front
1.5746,4.363598e-17,0.05,groundplane,193.5399
1.5746,0.0254,0.05,groundplane,193.5394
1.5746,0.0508,0.05,groundplane,193.5393
1.5746,0.0762,0.05,groundplane,193.53920000000002
1.5746,0.1016,0.05,groundplane,193.53920000000002
