x,y,z,mattype,Wm2Front
0.3746,3.050247e-17,0.05,groundplane,485.19710000000003
0.3746,0.0254,0.05,groundplane,485.201
0.3746,0.0508,0.05,groundplane,485.20059999999995
0.3746,0.0762,0.05,groundplane,485.2002
0.3746,0.1016,0.05,groundplane,485.19980000000004
