x,y,z,mattype,Wm2Front
1.5746,4.887465e-17,0.05,groundplane,810.1919000000001
1.5746,0.0254,0.05,groundplane,810.1932
1.5746,0.0508,0.05,groundplane,810.1927
1.5746,0.0762,0.05,groundplane,810.1920999999999
1.5746,0.1016,0.05,groundplane,810.1916
