x,y,z,mattype,Wm2Front
0.3746,4.125773e-17,0.05,groundplane,203.77879999999996
0.3746,0.0254,0.05,groundplane,203.7809
0.3746,0.0508,0.05,groundplane,203.7807
0.3746,0.0762,0.05,groundplane,203.7807
0.3746,0.1016,0.05,groundplane,203.7805
