x,y,z,rearMat,Wm2Back
0.5822989,3.565552e-17,0.9514301,sky,40.05457
0.436553,2.673116e-17,1.08839,sky,40.05457
0.2908071,1.78068e-17,1.225351,sky,40.05457
0.1450611,8.882432e-18,1.362311,sky,40.05457
-0.0006848015,-4.1932e-20,1.499271,sky,40.05457
-0.1464307,-8.966296e-18,1.636232,sky,40.05457
-0.2921767,-1.789066e-17,1.773192,sky,40.05457
-0.4379226,-2.681502e-17,1.910152,sky,40.05457
-0.5836685,-3.573939e-17,2.047112,sky,40.05457
