x,y,z,mattype,Wm2Front
1.5746,4.899705e-17,0.05,groundplane,4.578879
1.5746,0.0254,0.05,groundplane,4.578728
1.5746,0.0508,0.05,groundplane,4.578729
1.5746,0.0762,0.05,groundplane,4.578731
1.5746,0.1016,0.05,groundplane,4.578732
