x,y,z,mattype,Wm2Front
1.5746,4.885394e-17,0.05,groundplane,706.9263
1.5746,0.0254,0.05,groundplane,706.927
1.5746,0.0508,0.05,groundplane,706.9266000000001
1.5746,0.0762,0.05,groundplane,706.9263
1.5746,0.1016,0.05,groundplane,706.926
