x,y,z,mattype,Wm2Front
0.3746,4.834526e-17,0.05,groundplane,62.55051
0.3746,0.0254,0.05,groundplane,62.55008
0.3746,0.0508,0.05,groundplane,62.55006
0.3746,0.0762,0.05,groundplane,62.55004
0.3746,0.1016,0.05,groundplane,62.550019999999996
