x,y,z,rearMat,Wm2Back
0.7989345,4.892063e-17,1.541288,sky,15.14392
0.5992141,3.669128e-17,1.530717,sky,15.14392
0.3994937,2.446193e-17,1.520145,sky,15.14392
0.1997733,1.223258e-17,1.509573,sky,15.14392
5.285883e-05,3.23667e-21,1.499001,sky,15.14392
-0.1996675,-1.222611e-17,1.48843,sky,15.14392
-0.3993879,-2.445546e-17,1.477858,sky,15.14392
-0.5991083,-3.668481e-17,1.467286,sky,15.14392
-0.7988287,-4.891415e-17,1.456714,sky,15.14392
