x,y,z,mattype,Wm2Front
0.3746,3.666478e-17,0.05,groundplane,215.5187
0.3746,0.0254,0.05,groundplane,215.52650000000003
0.3746,0.0508,0.05,groundplane,215.5262
0.3746,0.0762,0.05,groundplane,215.5259
0.3746,0.1016,0.05,groundplane,215.52560000000003
