x,y,z,mattype,Wm2Front
1.5746,4.899634e-17,0.05,groundplane,829.8384
1.5746,0.0254,0.05,groundplane,829.8393
1.5746,0.0508,0.05,groundplane,829.8389000000001
1.5746,0.0762,0.05,groundplane,829.8385
1.5746,0.1016,0.05,groundplane,829.8381
