x,y,z,mattype,Wm2Front
0.3746,4.829732e-17,0.05,groundplane,58.93653
0.3746,0.0254,0.05,groundplane,58.93728000000001
0.3746,0.0508,0.05,groundplane,58.93729
0.3746,0.0762,0.05,groundplane,58.93729
0.3746,0.1016,0.05,groundplane,58.93731
