x,y,z,mattype,Wm2Front
0.3746,4.720305e-17,0.05,groundplane,818.5693
0.3746,0.0254,0.05,groundplane,818.5696000000002
0.3746,0.0508,0.05,groundplane,818.5692
0.3746,0.0762,0.05,groundplane,818.5688
0.3746,0.1016,0.05,groundplane,818.5685
