x,y,z,rearMat,Wm2Back
0.5232481,3.20397e-17,0.8948451,sky,58.54766
0.3922471,2.401821e-17,1.04597,sky,58.54766
0.2612462,1.599672e-17,1.197095,sky,58.54766
0.1302453,7.975224e-18,1.34822,sky,58.54766
-0.0007556249,-4.626868e-20,1.499345,sky,58.54766
-0.1317565,-8.067762e-18,1.65047,sky,58.54766
-0.2627575,-1.608925e-17,1.801595,sky,58.54766
-0.3937584,-2.411075e-17,1.95272,sky,58.54766
-0.5247593,-3.213224e-17,2.103845,sky,58.54766
