x,y,z,mattype,Wm2Front
0.3746,4.869605e-17,0.05,groundplane,691.2262999999999
0.3746,0.0254,0.05,groundplane,691.2303
0.3746,0.0508,0.05,groundplane,691.2291
0.3746,0.0762,0.05,groundplane,691.2279
0.3746,0.1016,0.05,groundplane,691.2267
