x,y,z,mattype,Wm2Front
1.5746,4.857946e-17,0.05,groundplane,916.5754000000001
1.5746,0.0254,0.05,groundplane,916.5758
1.5746,0.0508,0.05,groundplane,916.5755
1.5746,0.0762,0.05,groundplane,916.5751
1.5746,0.1016,0.05,groundplane,916.5748
