x,y,z,rearMat,Wm2Back
0.7428327,4.548538e-17,1.203014,sky,13.87758
0.557032,3.410837e-17,1.277028,sky,13.87758
0.3712313,2.273136e-17,1.351043,sky,13.87758
0.1854306,1.135435e-17,1.425057,sky,13.87758
-0.0003700711,-2.266032e-20,1.499071,sky,13.87758
-0.1861708,-1.139967e-17,1.573085,sky,13.87758
-0.3719715,-2.277668e-17,1.647099,sky,13.87758
-0.5577721,-3.415369e-17,1.721114,sky,13.87758
-0.7435728,-4.55307e-17,1.795128,sky,13.87758
