x,y,z,mattype,Wm2Front
1.5746,4.433039e-17,0.05,groundplane,768.91
1.5746,0.0254,0.05,groundplane,768.9122000000001
1.5746,0.0508,0.05,groundplane,768.9116
1.5746,0.0762,0.05,groundplane,768.9110999999999
1.5746,0.1016,0.05,groundplane,768.9106
