x,y,z,rearMat,Wm2Back
0.7648334,4.683254e-17,1.265413,sky,12.22298
0.573552,3.511993e-17,1.323821,sky,12.22298
0.3822707,2.340733e-17,1.382228,sky,12.22298
0.1909893,1.169472e-17,1.440636,sky,12.22298
-0.0002920379,-1.788216e-20,1.499044,sky,12.22298
-0.1915734,-1.173049e-17,1.557451,sky,12.22298
-0.3828547,-2.344309e-17,1.615859,sky,12.22298
-0.5741361,-3.51557e-17,1.674266,sky,12.22298
-0.7654174,-4.68683e-17,1.732674,sky,12.22298
