x,y,z,mattype,Wm2Front
0.3746,3.050247e-17,0.05,groundplane,101.88799999999999
0.3746,0.0254,0.05,groundplane,101.89280000000001
0.3746,0.0508,0.05,groundplane,101.89230000000002
0.3746,0.0762,0.05,groundplane,101.8919
0.3746,0.1016,0.05,groundplane,101.8915
