x,y,z,mattype,Wm2Front
1.5746,4.623573e-17,0.05,groundplane,46.62258
1.5746,0.0254,0.05,groundplane,46.62232
1.5746,0.0508,0.05,groundplane,46.62232
1.5746,0.0762,0.05,groundplane,46.62232
1.5746,0.1016,0.05,groundplane,46.62233
