x,y,z,rearMat,Wm2Back
0.7965566,4.877503e-17,1.574152,sky,100.6631
0.597441,3.658271e-17,1.555365,sky,100.6631
0.3983253,2.439039e-17,1.536578,sky,100.6631
0.1992096,1.219807e-17,1.517791,sky,100.6631
9.393455e-05,5.751833e-21,1.499004,sky,100.6631
-0.1990217,-1.218657e-17,1.480218,sky,100.6631
-0.3981374,-2.437889e-17,1.461431,sky,100.6631
-0.5972531,-3.65712e-17,1.442644,sky,100.6631
-0.7963688,-4.876352e-17,1.423857,sky,100.6631
