x,y,z,mattype,Wm2Front
0.3746,3.247255e-17,0.05,groundplane,375.7367
0.3746,0.0254,0.05,groundplane,375.7354
0.3746,0.0508,0.05,groundplane,375.7353
0.3746,0.0762,0.05,groundplane,375.73510000000005
0.3746,0.1016,0.05,groundplane,375.73499999999996
