x,y,z,rearMat,Wm2Back
0.6028661,3.69149e-17,2.025884,sky,13.21893
0.4523141,2.769625e-17,1.894224,sky,13.21893
0.3017622,1.84776e-17,1.762565,sky,13.21893
0.1512102,9.258956e-18,1.630906,sky,13.21893
0.0006582954,4.030897e-20,1.499247,sky,13.21893
-0.1498936,-9.178339e-18,1.367588,sky,13.21893
-0.3004456,-1.839699e-17,1.235929,sky,13.21893
-0.4509975,-2.761563e-17,1.10427,sky,13.21893
-0.6015495,-3.683428e-17,0.9726109,sky,13.21893
