x,y,z,mattype,Wm2Front
1.5746,4.734929e-17,0.05,groundplane,26.68243
1.5746,0.0254,0.05,groundplane,26.68171
1.5746,0.0508,0.05,groundplane,26.68169
1.5746,0.0762,0.05,groundplane,26.68167
1.5746,0.1016,0.05,groundplane,26.68165
