x,y,z,rearMat,Wm2Back
0.788116,4.825818e-17,1.637384,sky,59.13643
0.5911302,3.619629e-17,1.602791,sky,59.13643
0.3941445,2.413439e-17,1.568199,sky,59.13643
0.1971587,1.207249e-17,1.533607,sky,59.13643
0.0001729606,1.059078e-20,1.499015,sky,59.13643
-0.1968128,-1.205131e-17,1.464423,sky,59.13643
-0.3937985,-2.411321e-17,1.429831,sky,59.13643
-0.5907843,-3.61751e-17,1.395239,sky,59.13643
-0.78777,-4.8237e-17,1.360647,sky,59.13643
