x,y,z,rearMat,Wm2Back
0.7793972,4.772432e-17,1.319609,sky,15.931509999999998
0.5844919,3.57898e-17,1.364463,sky,15.931509999999998
0.3895865,2.385529e-17,1.409317,sky,15.931509999999998
0.1946811,1.192078e-17,1.454171,sky,15.931509999999998
-0.0002242708,-1.373262e-20,1.499025,sky,15.931509999999998
-0.1951296,-1.194824e-17,1.54388,sky,15.931509999999998
-0.390035,-2.388276e-17,1.588734,sky,15.931509999999998
-0.5849404,-3.581727e-17,1.633588,sky,15.931509999999998
-0.7798458,-4.775178e-17,1.678442,sky,15.931509999999998
