x,y,z,mattype,Wm2Front
1.5746,4.834526e-17,0.05,groundplane,62.4677
1.5746,0.0254,0.05,groundplane,62.4673
1.5746,0.0508,0.05,groundplane,62.467279999999995
1.5746,0.0762,0.05,groundplane,62.46726
1.5746,0.1016,0.05,groundplane,62.46725
