x,y,z,mattype,Wm2Front
0.3746,3.247255e-17,0.05,groundplane,416.1906000000001
0.3746,0.0254,0.05,groundplane,416.189
0.3746,0.0508,0.05,groundplane,416.18889999999993
0.3746,0.0762,0.05,groundplane,416.18889999999993
0.3746,0.1016,0.05,groundplane,416.18880000000007
