x,y,z,mattype,Wm2Front
1.5746,4.146412e-17,0.05,groundplane,762.7361999999999
1.5746,0.0254,0.05,groundplane,762.7379
1.5746,0.0508,0.05,groundplane,762.7374999999998
1.5746,0.0762,0.05,groundplane,762.7372
1.5746,0.1016,0.05,groundplane,762.7369
