x,y,z,rearMat,Wm2Back
0.7915639,4.846931e-17,1.615877,sky,8.682577
0.5937095,3.635422e-17,1.586661,sky,8.682577
0.395855,2.423913e-17,1.557444,sky,8.682577
0.1980005,1.212404e-17,1.528227,sky,8.682577
0.000146083,8.945006e-21,1.499011,sky,8.682577
-0.1977084,-1.210615e-17,1.469794,sky,8.682577
-0.3955629,-2.422124e-17,1.440578,sky,8.682577
-0.5934173,-3.633633e-17,1.411361,sky,8.682577
-0.7912718,-4.845142e-17,1.382144,sky,8.682577
