x,y,z,rearMat,Wm2Back
0.7441381,4.556531e-17,1.7937,sky,7.440814
0.5581956,3.417962e-17,1.720042,sky,7.440814
0.3722532,2.279393e-17,1.646385,sky,7.440814
0.1863107,1.140824e-17,1.572728,sky,7.440814
0.0003682868,2.255106e-20,1.49907,sky,7.440814
-0.1855742,-1.136314e-17,1.425413,sky,7.440814
-0.3715166,-2.274883e-17,1.351756,sky,7.440814
-0.557459,-3.413452e-17,1.278098,sky,7.440814
-0.7434015,-4.552021e-17,1.204441,sky,7.440814
