x,y,z,rearMat,Wm2Back
0.5531945,3.38734e-17,0.9220927,sky,33.53978
0.4147155,2.5394e-17,1.066396,sky,33.53978
0.2762365,1.691461e-17,1.2107,sky,33.53978
0.1377575,8.435214e-18,1.355004,sky,33.53978
-0.0007215186,-4.418027e-20,1.499308,sky,33.53978
-0.1392005,-8.523574e-18,1.643611,sky,33.53978
-0.2776795,-1.700297e-17,1.787915,sky,33.53978
-0.4161586,-2.548236e-17,1.932219,sky,33.53978
-0.5546376,-3.396176e-17,2.076522,sky,33.53978
