x,y,z,rearMat,Wm2Back
0.6477194,3.966138e-17,1.969532,sky,55.114110000000004
0.4859366,2.975503e-17,1.851947,sky,55.114110000000004
0.3241537,1.984869e-17,1.734362,sky,55.114110000000004
0.1623708,9.942344e-18,1.616776,sky,55.114110000000004
0.0005879264,3.600011e-20,1.499191,sky,55.114110000000004
-0.161195,-9.870344e-18,1.381606,sky,55.114110000000004
-0.3229778,-1.977669e-17,1.264021,sky,55.114110000000004
-0.4847607,-2.968303e-17,1.146435,sky,55.114110000000004
-0.6465436,-3.958938e-17,1.02885,sky,55.114110000000004
