x,y,z,mattype,Wm2Front
0.3746,4.062815e-17,0.05,groundplane,30.00843
0.3746,0.0254,0.05,groundplane,30.00852
0.3746,0.0508,0.05,groundplane,30.00851
0.3746,0.0762,0.05,groundplane,30.00851
0.3746,0.1016,0.05,groundplane,30.0085
