x,y,z,rearMat,Wm2Back
0.6657836,4.076749e-17,1.056454,sky,28.5431
0.4991994,3.056714e-17,1.167132,sky,28.5431
0.3326151,2.03668e-17,1.27781,sky,28.5431
0.1660309,1.016646e-17,1.388489,sky,28.5431
-0.0005533915,-3.388546e-20,1.499167,sky,28.5431
-0.1671376,-1.023423e-17,1.609845,sky,28.5431
-0.3337219,-2.043457e-17,1.720524,sky,28.5431
-0.5003061,-3.063492e-17,1.831202,sky,28.5431
-0.6668904,-4.083526e-17,1.94188,sky,28.5431
