x,y,z,rearMat,Wm2Back
0.57335,3.510756e-17,2.057916,sky,27.16874
0.4301871,2.634136e-17,1.918258,sky,27.16874
0.2870241,1.757516e-17,1.7786,sky,27.16874
0.1438612,8.808959e-18,1.638942,sky,27.16874
0.0006982904,4.275795e-20,1.499284,sky,27.16874
-0.1424646,-8.723443e-18,1.359626,sky,27.16874
-0.2856276,-1.748964e-17,1.219968,sky,27.16874
-0.4287905,-2.625584e-17,1.08031,sky,27.16874
-0.5719534,-3.502205e-17,0.9406519,sky,27.16874
