x,y,z,mattype,Wm2Front
0.3746,4.894646e-17,0.05,groundplane,10.37343
0.3746,0.0254,0.05,groundplane,10.37316
0.3746,0.0508,0.05,groundplane,10.37316
0.3746,0.0762,0.05,groundplane,10.37315
0.3746,0.1016,0.05,groundplane,10.37315
