x,y,z,mattype,Wm2Front
1.5746,4.668987e-17,0.05,groundplane,77.86722
1.5746,0.0254,0.05,groundplane,77.86951
1.5746,0.0508,0.05,groundplane,77.86945
1.5746,0.0762,0.05,groundplane,77.86938
1.5746,0.1016,0.05,groundplane,77.86932
