x,y,z,rearMat,Wm2Back
0.7008331,4.291365e-17,1.11421,sky,74.65594
0.5255045,3.217787e-17,1.210438,sky,74.65594
0.350176,2.144209e-17,1.306667,sky,74.65594
0.1748474,1.070632e-17,1.402895,sky,74.65594
-0.0004811418,-2.946144e-20,1.499123,sky,74.65594
-0.1758097,-1.076524e-17,1.595352,sky,74.65594
-0.3511383,-2.150102e-17,1.69158,sky,74.65594
-0.5264668,-3.22368e-17,1.787808,sky,74.65594
-0.7017954,-4.297257e-17,1.884037,sky,74.65594
