x,y,z,rearMat,Wm2Back
0.7978128,4.885194e-17,1.559125,sky,11.3496
0.5983784,3.664011e-17,1.544094,sky,11.3496
0.398944,2.442827e-17,1.529064,sky,11.3496
0.1995096,1.221644e-17,1.514033,sky,11.3496
7.515277e-05,4.60178e-21,1.499003,sky,11.3496
-0.1993593,-1.220723e-17,1.483972,sky,11.3496
-0.3987937,-2.441907e-17,1.468942,sky,11.3496
-0.5982281,-3.66309e-17,1.453911,sky,11.3496
-0.7976625,-4.884274e-17,1.438881,sky,11.3496
