x,y,z,mattype,Wm2Front
0.3746,4.899578e-17,0.05,groundplane,9.414955
0.3746,0.0254,0.05,groundplane,9.414763
0.3746,0.0508,0.05,groundplane,9.41476
0.3746,0.0762,0.05,groundplane,9.414756
0.3746,0.1016,0.05,groundplane,9.414751
