x,y,z,rearMat,Wm2Back
0.7472564,4.575626e-17,1.214327,sky,16.57299
0.5603533,3.431175e-17,1.285512,sky,16.57299
0.3734502,2.286723e-17,1.356696,sky,16.57299
0.1865472,1.142272e-17,1.427881,sky,16.57299
-0.0003559226,-2.179397e-20,1.499065,sky,16.57299
-0.187259,-1.146631e-17,1.57025,sky,16.57299
-0.3741621,-2.291082e-17,1.641435,sky,16.57299
-0.5610652,-3.435533e-17,1.712619,sky,16.57299
-0.7479683,-4.579985e-17,1.783804,sky,16.57299
