x,y,z,mattype,Wm2Front
1.5746,4.893498e-17,0.05,groundplane,862.8696999999999
1.5746,0.0254,0.05,groundplane,862.8707
1.5746,0.0508,0.05,groundplane,862.8703
1.5746,0.0762,0.05,groundplane,862.8699
1.5746,0.1016,0.05,groundplane,862.8695000000001
