x,y,z,mattype,Wm2Front
0.3746,4.872677e-17,0.05,groundplane,23.590099999999996
0.3746,0.0254,0.05,groundplane,23.59087
0.3746,0.0508,0.05,groundplane,23.59085
0.3746,0.0762,0.05,groundplane,23.590819999999997
0.3746,0.1016,0.05,groundplane,23.5908
