x,y,z,mattype,Wm2Front
1.5746,4.886182e-17,0.05,groundplane,71.92129
1.5746,0.0254,0.05,groundplane,71.9214
1.5746,0.0508,0.05,groundplane,71.92139
1.5746,0.0762,0.05,groundplane,71.92139
1.5746,0.1016,0.05,groundplane,71.92139
