x,y,z,rearMat,Wm2Back
0.6460498,3.955914e-17,1.028173,sky,11.13883
0.4843902,2.966034e-17,1.145928,sky,11.13883
0.3227305,1.976155e-17,1.263682,sky,11.13883
0.1610709,9.862747e-18,1.381437,sky,11.13883
-0.0005887732,-3.605196e-20,1.499192,sky,11.13883
-0.1622484,-9.934851e-18,1.616946,sky,11.13883
-0.3239081,-1.983365e-17,1.734701,sky,11.13883
-0.4855677,-2.973245e-17,1.852456,sky,11.13883
-0.6472274,-3.963125e-17,1.97021,sky,11.13883
