x,y,z,rearMat,Wm2Back
0.7594165,4.650085e-17,1.75157,sky,62.009899999999995
0.5696413,3.488047e-17,1.688441,sky,62.009899999999995
0.3798661,2.326009e-17,1.625311,sky,62.009899999999995
0.1900909,1.163971e-17,1.562181,sky,62.009899999999995
0.000315649,1.932793e-20,1.499051,sky,62.009899999999995
-0.1894596,-1.160105e-17,1.435921,sky,62.009899999999995
-0.3792348,-2.322143e-17,1.372792,sky,62.009899999999995
-0.56901,-3.484181e-17,1.309662,sky,62.009899999999995
-0.7587852,-4.646219e-17,1.246532,sky,62.009899999999995
