x,y,z,rearMat,Wm2Back
0.7895789,4.834776e-17,1.62871,sky,14.3546
0.5922247,3.62633e-17,1.596286,sky,14.3546
0.3948705,2.417885e-17,1.563861,sky,14.3546
0.1975163,1.209439e-17,1.531437,sky,14.3546
0.0001621205,9.927019e-21,1.499013,sky,14.3546
-0.1971921,-1.207453e-17,1.466589,sky,14.3546
-0.3945463,-2.415899e-17,1.434165,sky,14.3546
-0.5919005,-3.624345e-17,1.401741,sky,14.3546
-0.7892547,-4.832791e-17,1.369317,sky,14.3546
