x,y,z,mattype,Wm2Front
0.3746,4.893225e-17,0.05,groundplane,1.161377
0.3746,0.0254,0.05,groundplane,1.161491
0.3746,0.0508,0.05,groundplane,1.161489
0.3746,0.0762,0.05,groundplane,1.161488
0.3746,0.1016,0.05,groundplane,1.161487
