x,y,z,rearMat,Wm2Back
0.7621367,4.666741e-17,1.743205,sky,14.96159
0.5716788,3.500523e-17,1.682166,sky,14.96159
0.3812209,2.334305e-17,1.621126,sky,14.96159
0.1907631,1.168087e-17,1.560087,sky,14.96159
0.0003051967,1.868791e-20,1.499048,sky,14.96159
-0.1901527,-1.164349e-17,1.438008,sky,14.96159
-0.3806105,-2.330567e-17,1.376969,sky,14.96159
-0.5710684,-3.496785e-17,1.31593,sky,14.96159
-0.7615263,-4.663003e-17,1.25489,sky,14.96159
