x,y,z,mattype,Wm2Front
0.3746,4.8979e-17,0.05,groundplane,9.547964
0.3746,0.0254,0.05,groundplane,9.548047
0.3746,0.0508,0.05,groundplane,9.548049
0.3746,0.0762,0.05,groundplane,9.548051
0.3746,0.1016,0.05,groundplane,9.548054
