x,y,z,mattype,Wm2Front
0.3746,3.247255e-17,0.05,groundplane,480.2374
0.3746,0.0254,0.05,groundplane,480.23679999999996
0.3746,0.0508,0.05,groundplane,480.2366
0.3746,0.0762,0.05,groundplane,480.2364
0.3746,0.1016,0.05,groundplane,480.2362
