x,y,z,mattype,Wm2Front
1.5746,4.673123e-17,0.05,groundplane,710.6447
1.5746,0.0254,0.05,groundplane,710.6466999999999
1.5746,0.0508,0.05,groundplane,710.6462
1.5746,0.0762,0.05,groundplane,710.6457
1.5746,0.1016,0.05,groundplane,710.6452
