x,y,z,rearMat,Wm2Back
0.6600252,4.041489e-17,1.95207,sky,20.336
0.4951604,3.031983e-17,1.838847,sky,20.336
0.3302957,2.022478e-17,1.725623,sky,20.336
0.1654309,1.012972e-17,1.612399,sky,20.336
0.0005661185,3.466476e-20,1.499176,sky,20.336
-0.1642987,-1.006039e-17,1.385952,sky,20.336
-0.3291634,-2.015545e-17,1.272728,sky,20.336
-0.4940282,-3.02505e-17,1.159505,sky,20.336
-0.658893,-4.034556e-17,1.046281,sky,20.336
