x,y,z,rearMat,Wm2Back
0.7789008,4.769392e-17,1.682523,sky,113.2255
0.5842329,3.577395e-17,1.636649,sky,113.2255
0.3895651,2.385398e-17,1.590775,sky,113.2255
0.1948972,1.193401e-17,1.544901,sky,113.2255
0.0002293703,1.404488e-20,1.499027,sky,113.2255
-0.1944385,-1.190592e-17,1.453153,sky,113.2255
-0.3891063,-2.382589e-17,1.407279,sky,113.2255
-0.5837742,-3.574586e-17,1.361404,sky,113.2255
-0.778442,-4.766583e-17,1.31553,sky,113.2255
