x,y,z,mattype,Wm2Front
0.3746,4.06937e-17,0.05,groundplane,698.7815
0.3746,0.0254,0.05,groundplane,698.7815999999999
0.3746,0.0508,0.05,groundplane,698.7813
0.3746,0.0762,0.05,groundplane,698.7809000000001
0.3746,0.1016,0.05,groundplane,698.7806
