x,y,z,mattype,Wm2Front
0.3746,4.782192e-17,0.05,groundplane,229.9025
0.3746,0.0254,0.05,groundplane,229.90420000000003
0.3746,0.0508,0.05,groundplane,229.9041
0.3746,0.0762,0.05,groundplane,229.9039
0.3746,0.1016,0.05,groundplane,229.9037
