x,y,z,mattype,Wm2Front
0.3746,4.890852e-17,0.05,groundplane,17.9594
0.3746,0.0254,0.05,groundplane,17.95968
0.3746,0.0508,0.05,groundplane,17.95967
0.3746,0.0762,0.05,groundplane,17.95966
0.3746,0.1016,0.05,groundplane,17.95965
