x,y,z,mattype,Wm2Front
0.3746,3.247255e-17,0.05,groundplane,380.5754
0.3746,0.0254,0.05,groundplane,380.5742
0.3746,0.0508,0.05,groundplane,380.5741
0.3746,0.0762,0.05,groundplane,380.574
0.3746,0.1016,0.05,groundplane,380.57390000000004
