x,y,z,rearMat,Wm2Back
0.7797522,4.774605e-17,1.67885,sky,5.12057
0.5848704,3.581298e-17,1.633894,sky,5.12057
0.3899885,2.387991e-17,1.588938,sky,5.12057
0.1951066,1.194684e-17,1.543982,sky,5.12057
0.000224781,1.376387e-20,1.499026,sky,5.12057
-0.1946571,-1.191931e-17,1.454069,sky,5.12057
-0.3895389,-2.385238e-17,1.409113,sky,5.12057
-0.5844208,-3.578545e-17,1.364157,sky,5.12057
-0.7793027,-4.771853e-17,1.319201,sky,5.12057
