x,y,z,rearMat,Wm2Back
0.6940628,4.249909e-17,1.102159,sky,7.478840000000001
0.5204231,3.186672e-17,1.201402,sky,7.478840000000001
0.3467833,2.123435e-17,1.300645,sky,7.478840000000001
0.1731435,1.060198e-17,1.399889,sky,7.478840000000001
-0.0004962165,-3.03845e-20,1.499132,sky,7.478840000000001
-0.174136,-1.066275e-17,1.598375,sky,7.478840000000001
-0.3477757,-2.129512e-17,1.697618,sky,7.478840000000001
-0.5214155,-3.192749e-17,1.796862,sky,7.478840000000001
-0.6950553,-4.255986e-17,1.896105,sky,7.478840000000001
