x,y,z,rearMat,Wm2Back
0.6238939,3.820248e-17,0.9992432,sky,14.63545
0.4677642,2.86423e-17,1.124237,sky,14.63545
0.3116345,1.908211e-17,1.249231,sky,14.63545
0.1555048,9.52192e-18,1.374225,sky,14.63545
-0.0006249702,-3.826839e-20,1.499219,sky,14.63545
-0.1567547,-9.598457e-18,1.624213,sky,14.63545
-0.3128844,-1.915864e-17,1.749207,sky,14.63545
-0.4690141,-2.871883e-17,1.874201,sky,14.63545
-0.6251439,-3.827902e-17,1.999196,sky,14.63545
