x,y,z,rearMat,Wm2Back
0.7807998,4.78102e-17,1.67422,sky,6.145867
0.5856546,3.5861e-17,1.630421,sky,6.145867
0.3905094,2.39118e-17,1.586622,sky,6.145867
0.1953642,1.196261e-17,1.542823,sky,6.145867
0.0002189948,1.340956e-20,1.499024,sky,6.145867
-0.1949262,-1.193579e-17,1.455225,sky,6.145867
-0.3900714,-2.388499e-17,1.411426,sky,6.145867
-0.5852166,-3.583418e-17,1.367627,sky,6.145867
-0.7803618,-4.778338e-17,1.323828,sky,6.145867
