x,y,z,rearMat,Wm2Back
0.7516669,4.602632e-17,1.773857,sky,15.474740000000002
0.563836,3.4525e-17,1.705158,sky,15.474740000000002
0.3760052,2.302368e-17,1.636459,sky,15.474740000000002
0.1881743,1.152236e-17,1.56776,sky,15.474740000000002
0.0003434958,2.103305e-20,1.499061,sky,15.474740000000002
-0.1874873,-1.148029e-17,1.430362,sky,15.474740000000002
-0.3753182,-2.298161e-17,1.361663,sky,15.474740000000002
-0.563149,-3.448293e-17,1.292963,sky,15.474740000000002
-0.7509799,-4.598426e-17,1.224264,sky,15.474740000000002
