x,y,z,rearMat,Wm2Back
0.5934724,3.63397e-17,0.9635379,sky,12.5251
0.4449369,2.724452e-17,1.097468,sky,12.5251
0.2964014,1.814935e-17,1.231398,sky,12.5251
0.1478659,9.054172e-18,1.365327,sky,12.5251
-0.0006696493,-4.100419e-20,1.499257,sky,12.5251
-0.1492051,-9.13618e-18,1.633187,sky,12.5251
-0.2977407,-1.823136e-17,1.767117,sky,12.5251
-0.4462762,-2.732653e-17,1.901047,sky,12.5251
-0.5948117,-3.642171e-17,2.034977,sky,12.5251
