x,y,z,mattype,Wm2Front
0.3746,4.799734e-17,0.05,groundplane,993.7373000000001
0.3746,0.0254,0.05,groundplane,993.7391000000001
0.3746,0.0508,0.05,groundplane,993.7372
0.3746,0.0762,0.05,groundplane,993.7352
0.3746,0.1016,0.05,groundplane,993.7333
