x,y,z,rearMat,Wm2Back
0.6745007,4.130126e-17,1.930174,sky,26.59072
0.5060102,3.098419e-17,1.82242,sky,26.59072
0.3375197,2.066712e-17,1.714666,sky,26.59072
0.1690293,1.035006e-17,1.606912,sky,26.59072
0.0005387708,3.29902e-20,1.499158,sky,26.59072
-0.1679517,-1.028408e-17,1.391403,sky,26.59072
-0.3364422,-2.060114e-17,1.283649,sky,26.59072
-0.5049327,-3.091821e-17,1.175895,sky,26.59072
-0.6734231,-4.123528e-17,1.068141,sky,26.59072
