x,y,z,rearMat,Wm2Back
0.7632189,4.673368e-17,1.260213,sky,14.62733
0.5723395,3.504569e-17,1.319921,sky,14.62733
0.3814602,2.33577e-17,1.379629,sky,14.62733
0.1905808,1.166971e-17,1.439337,sky,14.62733
-0.0002985411,-1.828037e-20,1.499046,sky,14.62733
-0.1911779,-1.170627e-17,1.558754,sky,14.62733
-0.3820573,-2.339426e-17,1.618462,sky,14.62733
-0.5729366,-3.508225e-17,1.67817,sky,14.62733
-0.763816,-4.677024e-17,1.737878,sky,14.62733
