x,y,z,mattype,Wm2Front
0.3746,4.636733e-17,0.05,groundplane,126.6352
0.3746,0.0254,0.05,groundplane,126.63439999999999
0.3746,0.0508,0.05,groundplane,126.6343
0.3746,0.0762,0.05,groundplane,126.6343
0.3746,0.1016,0.05,groundplane,126.6342
