x,y,z,rearMat,Wm2Back
0.531855,3.256673e-17,0.9023954,sky,131.3685
0.3987047,2.441362e-17,1.05163,sky,131.3685
0.2655544,1.626052e-17,1.200865,sky,131.3685
0.1324041,8.107414e-18,1.3501,sky,131.3685
-0.0007461736,-4.568995e-20,1.499334,sky,131.3685
-0.1338965,-8.198794e-18,1.648569,sky,131.3685
-0.2670468,-1.63519e-17,1.797804,sky,131.3685
-0.400197,-2.4505e-17,1.947038,sky,131.3685
-0.5333473,-3.26581e-17,2.096273,sky,131.3685
