x,y,z,mattype,Wm2Front
1.5746,4.47301e-17,0.05,groundplane,842.9644
1.5746,0.0254,0.05,groundplane,842.9659
1.5746,0.0508,0.05,groundplane,842.9654999999999
1.5746,0.0762,0.05,groundplane,842.9651
1.5746,0.1016,0.05,groundplane,842.9647
