x,y,z,rearMat,Wm2Back
0.7496392,4.590216e-17,1.77936,sky,92.13987000000002
0.562317,3.443199e-17,1.709286,sky,92.13987000000002
0.3749948,2.296181e-17,1.639212,sky,92.13987000000002
0.1876726,1.149163e-17,1.569138,sky,92.13987000000002
0.0003503709,2.145403e-20,1.499063,sky,92.13987000000002
-0.1869718,-1.144872e-17,1.428989,sky,92.13987000000002
-0.3742941,-2.29189e-17,1.358915,sky,92.13987000000002
-0.5616163,-3.438908e-17,1.288841,sky,92.13987000000002
-0.7489385,-4.585926e-17,1.218767,sky,92.13987000000002
