x,y,z,mattype,Wm2Front
0.3746,3.843304e-17,0.05,groundplane,790.3308000000001
0.3746,0.0254,0.05,groundplane,790.3367
0.3746,0.0508,0.05,groundplane,790.3359
0.3746,0.0762,0.05,groundplane,790.3352
0.3746,0.1016,0.05,groundplane,790.3345
