x,y,z,rearMat,Wm2Back
0.6411006,3.925609e-17,1.97853,sky,11.615410000000002
0.4809752,2.945124e-17,1.858697,sky,11.615410000000002
0.3208499,1.964639e-17,1.738865,sky,11.615410000000002
0.1607245,9.841539e-18,1.619032,sky,11.615410000000002
0.0005991633,3.668817e-20,1.499199,sky,11.615410000000002
-0.1595262,-9.768162e-18,1.379367,sky,11.615410000000002
-0.3196516,-1.957301e-17,1.259534,sky,11.615410000000002
-0.4797769,-2.937786e-17,1.139701,sky,11.615410000000002
-0.6399023,-3.918271e-17,1.019869,sky,11.615410000000002
