x,y,z,rearMat,Wm2Back
0.7412675,4.538954e-17,1.199129,sky,6.080228000000001
0.5558569,3.403642e-17,1.274115,sky,6.080228000000001
0.3704463,2.268329e-17,1.349101,sky,6.080228000000001
0.1850357,1.133017e-17,1.424087,sky,6.080228000000001
-0.0003749302,-2.295785e-20,1.499073,sky,6.080228000000001
-0.1857855,-1.137608e-17,1.574059,sky,6.080228000000001
-0.3711961,-2.272921e-17,1.649045,sky,6.080228000000001
-0.5566068,-3.408233e-17,1.724031,sky,6.080228000000001
-0.7420174,-4.543546e-17,1.799017,sky,6.080228000000001
