x,y,z,mattype,Wm2Front
1.5746,4.682297e-17,0.05,groundplane,725.2556
1.5746,0.0254,0.05,groundplane,725.2572999999999
1.5746,0.0508,0.05,groundplane,725.2569
1.5746,0.0762,0.05,groundplane,725.2565
1.5746,0.1016,0.05,groundplane,725.256
