x,y,z,rearMat,Wm2Back
0.7927467,4.854173e-17,1.392512,sky,22.62638
0.5945267,3.640426e-17,1.419136,sky,22.62638
0.3963068,2.426679e-17,1.44576,sky,22.62638
0.1980868,1.212932e-17,1.472385,sky,22.62638
-0.0001331213,-8.151331e-21,1.499009,sky,22.62638
-0.1983531,-1.214562e-17,1.525633,sky,22.62638
-0.396573,-2.428309e-17,1.552257,sky,22.62638
-0.594793,-3.642057e-17,1.578882,sky,22.62638
-0.7930129,-4.855804e-17,1.605506,sky,22.62638
