x,y,z,rearMat,Wm2Back
0.7939494,4.861538e-17,1.401789,sky,2.086317
0.5954317,3.645967e-17,1.426094,sky,2.086317
0.3969139,2.430397e-17,1.450398,sky,2.086317
0.1983962,1.214826e-17,1.474703,sky,2.086317
-0.0001215229,-7.44113e-21,1.499007,sky,2.086317
-0.1986392,-1.216315e-17,1.523312,sky,2.086317
-0.397157,-2.431885e-17,1.547617,sky,2.086317
-0.5956747,-3.647456e-17,1.571921,sky,2.086317
-0.7941924,-4.863026e-17,1.596226,sky,2.086317
