x,y,z,mattype,Wm2Front
0.3746,3.050247e-17,0.05,groundplane,392.2397
0.3746,0.0254,0.05,groundplane,392.2446
0.3746,0.0508,0.05,groundplane,392.2441999999999
0.3746,0.0762,0.05,groundplane,392.2439
0.3746,0.1016,0.05,groundplane,392.2436
