x,y,z,rearMat,Wm2Back
0.5871587,3.59531e-17,0.9566349,sky,40.82748
0.4401994,2.695444e-17,1.092292,sky,40.82748
0.2932402,1.795578e-17,1.22795,sky,40.82748
0.146281,8.957125e-18,1.363608,sky,40.82748
-0.0006782879,-4.153316e-20,1.499265,sky,40.82748
-0.1476375,-9.040192e-18,1.634923,sky,40.82748
-0.2945968,-1.803885e-17,1.77058,sky,40.82748
-0.441556,-2.703751e-17,1.906238,sky,40.82748
-0.5885153,-3.603617e-17,2.041896,sky,40.82748
