x,y,z,mattype,Wm2Front
1.5746,3.050247e-17,0.05,groundplane,375.6085
1.5746,0.0254,0.05,groundplane,375.6117
1.5746,0.0508,0.05,groundplane,375.6115
1.5746,0.0762,0.05,groundplane,375.6112
1.5746,0.1016,0.05,groundplane,375.61100000000005
