x,y,z,mattype,Wm2Front
0.3746,4.146412e-17,0.05,groundplane,763.0327000000001
0.3746,0.0254,0.05,groundplane,763.0342
0.3746,0.0508,0.05,groundplane,763.0339
0.3746,0.0762,0.05,groundplane,763.0336000000001
0.3746,0.1016,0.05,groundplane,763.0332
