x,y,z,rearMat,Wm2Back
0.7965912,4.877714e-17,1.42622,sky,1.185058
0.5974206,3.658146e-17,1.444416,sky,1.185058
0.3982501,2.438579e-17,1.462612,sky,1.185058
0.1990796,1.219011e-17,1.480808,sky,1.185058
-9.09802e-05,-5.570931e-21,1.499004,sky,1.185058
-0.1992615,-1.220125e-17,1.5172,sky,1.185058
-0.3984321,-2.439693e-17,1.535396,sky,1.185058
-0.5976026,-3.659261e-17,1.553592,sky,1.185058
-0.7967731,-4.878828e-17,1.571788,sky,1.185058
