x,y,z,rearMat,Wm2Back
0.7814929,4.785264e-17,1.671084,sky,18.64005
0.5861734,3.589277e-17,1.628069,sky,18.64005
0.390854,2.39329e-17,1.585054,sky,18.64005
0.1955345,1.197304e-17,1.542039,sky,18.64005
0.0002150762,1.316962e-20,1.499023,sky,18.64005
-0.1951044,-1.19467e-17,1.456008,sky,18.64005
-0.3904238,-2.390656e-17,1.412993,sky,18.64005
-0.5857433,-3.586643e-17,1.369978,sky,18.64005
-0.7810627,-4.78263e-17,1.326962,sky,18.64005
