x,y,z,mattype,Wm2Front
0.3746,4.884942e-17,0.05,groundplane,795.7838
0.3746,0.0254,0.05,groundplane,795.785
0.3746,0.0508,0.05,groundplane,795.7844
0.3746,0.0762,0.05,groundplane,795.7839
0.3746,0.1016,0.05,groundplane,795.7833999999999
