x,y,z,mattype,Wm2Front
0.3746,3.247255e-17,0.05,groundplane,62.77418
0.3746,0.0254,0.05,groundplane,62.77408
0.3746,0.0508,0.05,groundplane,62.77407
0.3746,0.0762,0.05,groundplane,62.77406
0.3746,0.1016,0.05,groundplane,62.77403999999999
