x,y,z,mattype,Wm2Front
1.5746,4.740015e-17,0.05,groundplane,100.24669999999999
1.5746,0.0254,0.05,groundplane,100.2484
1.5746,0.0508,0.05,groundplane,100.2484
1.5746,0.0762,0.05,groundplane,100.24830000000001
1.5746,0.1016,0.05,groundplane,100.24830000000001
