x,y,z,rearMat,Wm2Back
0.6691949,4.097637e-17,1.938382,sky,17.4771
0.5020334,3.074068e-17,1.828578,sky,17.4771
0.334872,2.050499e-17,1.718773,sky,17.4771
0.1677105,1.026931e-17,1.608969,sky,17.4771
0.0005490228,3.361795e-20,1.499164,sky,17.4771
-0.1666124,-1.020207e-17,1.38936,sky,17.4771
-0.3337739,-2.043776e-17,1.279555,sky,17.4771
-0.5009354,-3.067345e-17,1.169751,sky,17.4771
-0.6680969,-4.090913e-17,1.059946,sky,17.4771
