x,y,z,mattype,Wm2Front
0.3746,3.658941e-17,0.05,groundplane,352.1106
0.3746,0.0254,0.05,groundplane,352.1114
0.3746,0.0508,0.05,groundplane,352.1098
0.3746,0.0762,0.05,groundplane,352.10819999999995
0.3746,0.1016,0.05,groundplane,352.1066
