x,y,z,mattype,Wm2Front
0.3746,3.050247e-17,0.05,groundplane,468.825
0.3746,0.0254,0.05,groundplane,468.8277
0.3746,0.0508,0.05,groundplane,468.82750000000004
0.3746,0.0762,0.05,groundplane,468.8273
0.3746,0.1016,0.05,groundplane,468.8271
