x,y,z,mattype,Wm2Front
0.3746,4.887449e-17,0.05,groundplane,31.865439999999996
0.3746,0.0254,0.05,groundplane,31.86471
0.3746,0.0508,0.05,groundplane,31.8647
0.3746,0.0762,0.05,groundplane,31.86469
0.3746,0.1016,0.05,groundplane,31.864680000000003
