x,y,z,rearMat,Wm2Back
0.7996478,4.896431e-17,1.476244,sky,16.11296
0.5997288,3.67228e-17,1.481933,sky,16.11296
0.3998097,2.448128e-17,1.487622,sky,16.11296
0.1998906,1.223977e-17,1.493311,sky,16.11296
-2.844503e-05,-1.741756e-21,1.499,sky,16.11296
-0.1999475,-1.224325e-17,1.504689,sky,16.11296
-0.3998666,-2.448477e-17,1.510378,sky,16.11296
-0.5997857,-3.672628e-17,1.516067,sky,16.11296
-0.7997047,-4.896779e-17,1.521756,sky,16.11296
