x,y,z,rearMat,Wm2Back
0.713196,4.367066e-17,1.862426,sky,36.8267
0.5350105,3.275995e-17,1.771597,sky,36.8267
0.3568251,2.184923e-17,1.680767,sky,36.8267
0.1786396,1.093852e-17,1.589938,sky,36.8267
0.000454146,2.780842e-20,1.499109,sky,36.8267
-0.1777313,-1.08829e-17,1.40828,sky,36.8267
-0.3559168,-2.179362e-17,1.317451,sky,36.8267
-0.5341022,-3.270433e-17,1.226621,sky,36.8267
-0.7122877,-4.361504e-17,1.135792,sky,36.8267
