x,y,z,rearMat,Wm2Back
0.5310201,3.25156e-17,0.9016534,sky,26.214829999999996
0.3980783,2.437526e-17,1.051074,sky,26.214829999999996
0.2651365,1.623493e-17,1.200494,sky,26.214829999999996
0.1321947,8.09459e-18,1.349915,sky,26.214829999999996
-0.0007471024,-4.574683e-20,1.499335,sky,26.214829999999996
-0.1336889,-8.186084e-18,1.648756,sky,26.214829999999996
-0.2666307,-1.632642e-17,1.798176,sky,26.214829999999996
-0.3995725,-2.446676e-17,1.947597,sky,26.214829999999996
-0.5325143,-3.260709e-17,2.097017,sky,26.214829999999996
