x,y,z,rearMat,Wm2Back
0.6621482,4.054488e-17,1.948955,sky,44.70048
0.4967517,3.041727e-17,1.83651,sky,44.70048
0.3313552,2.028965e-17,1.724064,sky,44.70048
0.1659587,1.016204e-17,1.611619,sky,44.70048
0.0005622277,3.442652e-20,1.499173,sky,44.70048
-0.1648343,-1.009319e-17,1.386727,sky,44.70048
-0.3302308,-2.02208e-17,1.274282,sky,44.70048
-0.4956272,-3.034842e-17,1.161836,sky,44.70048
-0.6610237,-4.047603e-17,1.049391,sky,44.70048
