x,y,z,rearMat,Wm2Back
0.7981591,4.887315e-17,1.55425,sky,1.826434
0.5986366,3.665592e-17,1.540438,sky,1.826434
0.3991141,2.443869e-17,1.526626,sky,1.826434
0.1995916,1.222146e-17,1.512814,sky,1.826434
6.906003e-05,4.228707e-21,1.499002,sky,1.826434
-0.1994534,-1.2213e-17,1.48519,sky,1.826434
-0.3989759,-2.443023e-17,1.471378,sky,1.826434
-0.5984984,-3.664746e-17,1.457566,sky,1.826434
-0.7980209,-4.886469e-17,1.443754,sky,1.826434
