x,y,z,mattype,Wm2Front
0.3746,4.668727e-17,0.05,groundplane,698.2365999999998
0.3746,0.0254,0.05,groundplane,698.2374999999998
0.3746,0.0508,0.05,groundplane,698.2372
0.3746,0.0762,0.05,groundplane,698.2368
0.3746,0.1016,0.05,groundplane,698.2365
