x,y,z,mattype,Wm2Front
0.3746,4.891718e-17,0.05,groundplane,20.09218
0.3746,0.0254,0.05,groundplane,20.09177
0.3746,0.0508,0.05,groundplane,20.09178
0.3746,0.0762,0.05,groundplane,20.09179
0.3746,0.1016,0.05,groundplane,20.09179
