x,y,z,mattype,Wm2Front
1.5746,3.872169e-17,0.05,groundplane,701.4092999999999
1.5746,0.0254,0.05,groundplane,701.409
1.5746,0.0508,0.05,groundplane,701.4088
1.5746,0.0762,0.05,groundplane,701.4083999999999
1.5746,0.1016,0.05,groundplane,701.4081
