x,y,z,rearMat,Wm2Back
0.744735,4.560187e-17,1.207817,sky,5.517098
0.5584603,3.419583e-17,1.28063,sky,5.517098
0.3721855,2.278979e-17,1.353443,sky,5.517098
0.1859107,1.138375e-17,1.426256,sky,5.517098
-0.0003640641,-2.22925e-20,1.499069,sky,5.517098
-0.1866388,-1.142833e-17,1.571881,sky,5.517098
-0.3729136,-2.283437e-17,1.644694,sky,5.517098
-0.5591884,-3.424041e-17,1.717507,sky,5.517098
-0.7454632,-4.564645e-17,1.79032,sky,5.517098
