x,y,z,mattype,Wm2Front
0.3746,3.836396e-17,0.05,groundplane,703.1767
0.3746,0.0254,0.05,groundplane,703.1801
0.3746,0.0508,0.05,groundplane,703.1796
0.3746,0.0762,0.05,groundplane,703.1791
0.3746,0.1016,0.05,groundplane,703.1785999999998
