x,y,z,mattype,Wm2Front
0.3746,4.85463e-17,0.05,groundplane,54.450700000000005
0.3746,0.0254,0.05,groundplane,54.44957
0.3746,0.0508,0.05,groundplane,54.44958
0.3746,0.0762,0.05,groundplane,54.44959
0.3746,0.1016,0.05,groundplane,54.4496
