x,y,z,mattype,Wm2Front
1.5746,4.582308e-17,0.05,groundplane,739.0171
1.5746,0.0254,0.05,groundplane,739.0188000000002
1.5746,0.0508,0.05,groundplane,739.0184
1.5746,0.0762,0.05,groundplane,739.0179000000002
1.5746,0.1016,0.05,groundplane,739.0175
