x,y,z,mattype,Wm2Front
1.5746,4.614146e-17,0.05,groundplane,114.19419999999998
1.5746,0.0254,0.05,groundplane,114.1916
1.5746,0.0508,0.05,groundplane,114.1916
1.5746,0.0762,0.05,groundplane,114.1915
1.5746,0.1016,0.05,groundplane,114.1914
