x,y,z,mattype,Wm2Front
1.5746,4.900271e-17,0.05,groundplane,5.517903999999999
1.5746,0.0254,0.05,groundplane,5.517765999999999
1.5746,0.0508,0.05,groundplane,5.517761
1.5746,0.0762,0.05,groundplane,5.517756000000001
1.5746,0.1016,0.05,groundplane,5.51775
