x,y,z,mattype,Wm2Front
1.5746,4.891982e-17,0.05,groundplane,14.88185
1.5746,0.0254,0.05,groundplane,14.88198
1.5746,0.0508,0.05,groundplane,14.88198
1.5746,0.0762,0.05,groundplane,14.88197
1.5746,0.1016,0.05,groundplane,14.88197
