x,y,z,rearMat,Wm2Back
0.7994878,4.895451e-17,1.47136,sky,0.7281738
0.5996072,3.671535e-17,1.47827,sky,0.7281738
0.3997266,2.44762e-17,1.48518,sky,0.7281738
0.199846,1.223704e-17,1.49209,sky,0.7281738
-3.455064e-05,-2.115617e-21,1.499001,sky,0.7281738
-0.1999151,-1.224127e-17,1.505911,sky,0.7281738
-0.3997957,-2.448043e-17,1.512821,sky,0.7281738
-0.5996763,-3.671958e-17,1.519731,sky,0.7281738
-0.7995569,-4.895874e-17,1.526641,sky,0.7281738
