x,y,z,mattype,Wm2Front
0.3746,4.726453e-17,0.05,groundplane,49.822300000000006
0.3746,0.0254,0.05,groundplane,49.82043000000001
0.3746,0.0508,0.05,groundplane,49.82045
0.3746,0.0762,0.05,groundplane,49.82048
0.3746,0.1016,0.05,groundplane,49.8205
