x,y,z,rearMat,Wm2Back
0.7238718,4.432437e-17,1.840603,sky,42.87875
0.5430106,3.324981e-17,1.755226,sky,42.87875
0.3621494,2.217525e-17,1.669849,sky,42.87875
0.1812881,1.11007e-17,1.584473,sky,42.87875
0.0004268844,2.613913e-20,1.499096,sky,42.87875
-0.1804344,-1.104842e-17,1.413719,sky,42.87875
-0.3612956,-2.212297e-17,1.328342,sky,42.87875
-0.5421568,-3.319753e-17,1.242965,sky,42.87875
-0.7230181,-4.427209e-17,1.157588,sky,42.87875
