x,y,z,mattype,Wm2Front
1.5746,4.813376e-17,0.05,groundplane,66.83973
1.5746,0.0254,0.05,groundplane,66.83881
1.5746,0.0508,0.05,groundplane,66.8388
1.5746,0.0762,0.05,groundplane,66.83878
1.5746,0.1016,0.05,groundplane,66.83877
