x,y,z,mattype,Wm2Front
0.3746,4.43367e-17,0.05,groundplane,410.42980000000006
0.3746,0.0254,0.05,groundplane,410.4309
0.3746,0.0508,0.05,groundplane,410.4293
0.3746,0.0762,0.05,groundplane,410.4276
0.3746,0.1016,0.05,groundplane,410.426
