x,y,z,mattype,Wm2Front
1.5746,4.137729e-17,0.05,groundplane,61.044999999999995
1.5746,0.0254,0.05,groundplane,61.045440000000006
1.5746,0.0508,0.05,groundplane,61.04543
1.5746,0.0762,0.05,groundplane,61.04543
1.5746,0.1016,0.05,groundplane,61.04542
