x,y,z,rearMat,Wm2Back
0.6993008,4.281982e-17,1.888561,sky,60.62482
0.5245973,3.212232e-17,1.791202,sky,60.62482
0.3498938,2.142481e-17,1.693844,sky,60.62482
0.1751903,1.072731e-17,1.596485,sky,60.62482
0.0004867928,2.980746e-20,1.499126,sky,60.62482
-0.1742167,-1.06677e-17,1.401768,sky,60.62482
-0.3489202,-2.13652e-17,1.304409,sky,60.62482
-0.5236237,-3.20627e-17,1.207051,sky,60.62482
-0.6983272,-4.276021e-17,1.109692,sky,60.62482
