x,y,z,mattype,Wm2Front
0.3746,3.247255e-17,0.05,groundplane,456.00600000000003
0.3746,0.0254,0.05,groundplane,456.0044
0.3746,0.0508,0.05,groundplane,456.0040000000001
0.3746,0.0762,0.05,groundplane,456.0035
0.3746,0.1016,0.05,groundplane,456.0031000000001
