x,y,z,mattype,Wm2Front
1.5746,4.842673e-17,0.05,groundplane,840.9695
1.5746,0.0254,0.05,groundplane,840.9706
1.5746,0.0508,0.05,groundplane,840.9702000000001
1.5746,0.0762,0.05,groundplane,840.9698
1.5746,0.1016,0.05,groundplane,840.9694
