x,y,z,mattype,Wm2Front
0.3746,4.721223e-17,0.05,groundplane,778.3388
0.3746,0.0254,0.05,groundplane,778.3413999999999
0.3746,0.0508,0.05,groundplane,778.3401
0.3746,0.0762,0.05,groundplane,778.3389000000001
0.3746,0.1016,0.05,groundplane,778.3377
