x,y,z,mattype,Wm2Front
0.3746,4.801963e-17,0.05,groundplane,884.5408000000001
0.3746,0.0254,0.05,groundplane,884.5408000000001
0.3746,0.0508,0.05,groundplane,884.5405
0.3746,0.0762,0.05,groundplane,884.5401
0.3746,0.1016,0.05,groundplane,884.5398
