x,y,z,mattype,Wm2Front
0.3746,4.751519e-17,0.05,groundplane,88.87273999999998
0.3746,0.0254,0.05,groundplane,88.8741
0.3746,0.0508,0.05,groundplane,88.87411000000002
0.3746,0.0762,0.05,groundplane,88.87411000000002
0.3746,0.1016,0.05,groundplane,88.87411000000002
