x,y,z,rearMat,Wm2Back
0.5775209,3.536296e-17,2.053598,sky,63.31305
0.4333139,2.653282e-17,1.915018,sky,63.31305
0.2891069,1.770269e-17,1.776438,sky,63.31305
0.1448999,8.87256e-18,1.637859,sky,63.31305
0.0006928986,4.24278e-20,1.499279,sky,63.31305
-0.1435141,-8.787705e-18,1.360699,sky,63.31305
-0.2877211,-1.761784e-17,1.22212,sky,63.31305
-0.4319281,-2.644797e-17,1.08354,sky,63.31305
-0.5761351,-3.52781e-17,0.9449601,sky,63.31305
