x,y,z,mattype,Wm2Front
1.5746,3.118036e-17,0.05,groundplane,456.2857000000001
1.5746,0.0254,0.05,groundplane,456.29119999999995
1.5746,0.0508,0.05,groundplane,456.2905
1.5746,0.0762,0.05,groundplane,456.2899
1.5746,0.1016,0.05,groundplane,456.2892
