x,y,z,rearMat,Wm2Back
0.7525709,4.608168e-17,1.771363,sky,14.930820000000002
0.5645133,3.456647e-17,1.703287,sky,14.930820000000002
0.3764556,2.305126e-17,1.635212,sky,14.930820000000002
0.188398,1.153605e-17,1.567136,sky,14.930820000000002
0.0003403796,2.084224e-20,1.49906,sky,14.930820000000002
-0.1877172,-1.149437e-17,1.430984,sky,14.930820000000002
-0.3757749,-2.300957e-17,1.362908,sky,14.930820000000002
-0.5638325,-3.452478e-17,1.294832,sky,14.930820000000002
-0.7518901,-4.603999e-17,1.226756,sky,14.930820000000002
