x,y,z,mattype,Wm2Front
0.3746,4.871462e-17,0.05,groundplane,833.0826000000001
0.3746,0.0254,0.05,groundplane,833.0834
0.3746,0.0508,0.05,groundplane,833.0829
0.3746,0.0762,0.05,groundplane,833.0823
0.3746,0.1016,0.05,groundplane,833.0818
