x,y,z,mattype,Wm2Front
1.5746,4.711709e-17,0.05,groundplane,930.5204
1.5746,0.0254,0.05,groundplane,930.5211
1.5746,0.0508,0.05,groundplane,930.5205
1.5746,0.0762,0.05,groundplane,930.5198
1.5746,0.1016,0.05,groundplane,930.5192000000001
