x,y,z,mattype,Wm2Front
1.5746,3.247255e-17,0.05,groundplane,453.53039999999993
1.5746,0.0254,0.05,groundplane,453.527
1.5746,0.0508,0.05,groundplane,453.5264
1.5746,0.0762,0.05,groundplane,453.5257
1.5746,0.1016,0.05,groundplane,453.5249999999999
