x,y,z,mattype,Wm2Front
1.5746,4.803322e-17,0.05,groundplane,872.2302
1.5746,0.0254,0.05,groundplane,872.2305
1.5746,0.0508,0.05,groundplane,872.2301000000001
1.5746,0.0762,0.05,groundplane,872.2297
1.5746,0.1016,0.05,groundplane,872.2292000000001
