x,y,z,mattype,Wm2Front
0.3746,4.568838e-17,0.05,groundplane,420.3533
0.3746,0.0254,0.05,groundplane,420.3605
0.3746,0.0508,0.05,groundplane,420.3585
0.3746,0.0762,0.05,groundplane,420.35650000000004
0.3746,0.1016,0.05,groundplane,420.3545
