x,y,z,mattype,Wm2Front
1.5746,4.525833e-17,0.05,groundplane,904.5481
1.5746,0.0254,0.05,groundplane,904.5512
1.5746,0.0508,0.05,groundplane,904.5504
1.5746,0.0762,0.05,groundplane,904.5495
1.5746,0.1016,0.05,groundplane,904.5486999999999
