x,y,z,rearMat,Wm2Back
0.71387,4.371193e-17,1.138904,sky,29.28809
0.53529,3.277706e-17,1.228955,sky,29.28809
0.3567099,2.184218e-17,1.319005,sky,29.28809
0.1781298,1.090731e-17,1.409056,sky,29.28809
-0.0004502543,-2.757012e-20,1.499107,sky,29.28809
-0.1790303,-1.096245e-17,1.589158,sky,29.28809
-0.3576104,-2.189732e-17,1.679209,sky,29.28809
-0.5361905,-3.28322e-17,1.76926,sky,29.28809
-0.7147706,-4.376707e-17,1.859311,sky,29.28809
