x,y,z,rearMat,Wm2Back
0.7791446,4.770885e-17,1.318521,sky,3.748193
0.584302,3.577818e-17,1.363647,sky,3.748193
0.3894595,2.384752e-17,1.408773,sky,3.748193
0.1946169,1.191685e-17,1.4539,sky,3.748193
-0.0002256312,-1.381593e-20,1.499026,sky,3.748193
-0.1950682,-1.194448e-17,1.544152,sky,3.748193
-0.3899107,-2.387515e-17,1.589278,sky,3.748193
-0.5847533,-3.580581e-17,1.634405,sky,3.748193
-0.7795959,-4.773648e-17,1.679531,sky,3.748193
