x,y,z,mattype,Wm2Front
0.3746,3.247255e-17,0.05,groundplane,429.6836
0.3746,0.0254,0.05,groundplane,429.6829
0.3746,0.0508,0.05,groundplane,429.6827
0.3746,0.0762,0.05,groundplane,429.6825999999999
0.3746,0.1016,0.05,groundplane,429.6824
