x,y,z,mattype,Wm2Front
0.3746,3.247255e-17,0.05,groundplane,172.8405
0.3746,0.0254,0.05,groundplane,172.8386
0.3746,0.0508,0.05,groundplane,172.8382
0.3746,0.0762,0.05,groundplane,172.8379
0.3746,0.1016,0.05,groundplane,172.83759999999998
