x,y,z,mattype,Wm2Front
1.5746,4.698569e-17,0.05,groundplane,117.8607
1.5746,0.0254,0.05,groundplane,117.85949999999998
1.5746,0.0508,0.05,groundplane,117.8594
1.5746,0.0762,0.05,groundplane,117.8594
1.5746,0.1016,0.05,groundplane,117.8594
