x,y,z,rearMat,Wm2Back
0.7546326,4.620792e-17,1.765576,sky,56.42933
0.5660577,3.466104e-17,1.698946,sky,56.42933
0.3774829,2.311416e-17,1.632317,sky,56.42933
0.188908,1.156728e-17,1.565687,sky,56.42933
0.0003331487,2.039947e-20,1.499057,sky,56.42933
-0.1882417,-1.152648e-17,1.432427,sky,56.42933
-0.3768166,-2.307336e-17,1.365798,sky,56.42933
-0.5653914,-3.462024e-17,1.299168,sky,56.42933
-0.7539663,-4.616712e-17,1.232538,sky,56.42933
