x,y,z,mattype,Wm2Front
1.5746,4.792414e-17,0.05,groundplane,67.23179
1.5746,0.0254,0.05,groundplane,67.23267
1.5746,0.0508,0.05,groundplane,67.2327
1.5746,0.0762,0.05,groundplane,67.23271
1.5746,0.1016,0.05,groundplane,67.23273
