x,y,z,mattype,Wm2Front
1.5746,4.760175e-17,0.05,groundplane,89.86107
1.5746,0.0254,0.05,groundplane,89.8623
1.5746,0.0508,0.05,groundplane,89.86228999999999
1.5746,0.0762,0.05,groundplane,89.86228999999999
1.5746,0.1016,0.05,groundplane,89.86228
