x,y,z,mattype,Wm2Front
0.3746,4.073178e-17,0.05,groundplane,702.8779
0.3746,0.0254,0.05,groundplane,702.8777999999999
0.3746,0.0508,0.05,groundplane,702.8774
0.3746,0.0762,0.05,groundplane,702.877
0.3746,0.1016,0.05,groundplane,702.8766
