x,y,z,mattype,Wm2Front
0.3746,3.934213e-17,0.05,groundplane,219.71310000000003
0.3746,0.0254,0.05,groundplane,219.7127
0.3746,0.0508,0.05,groundplane,219.7125
0.3746,0.0762,0.05,groundplane,219.7124
0.3746,0.1016,0.05,groundplane,219.71220000000002
