x,y,z,mattype,Wm2Front
0.3746,3.881584e-17,0.05,groundplane,691.1854
0.3746,0.0254,0.05,groundplane,691.1852
0.3746,0.0508,0.05,groundplane,691.1848999999999
0.3746,0.0762,0.05,groundplane,691.1846
0.3746,0.1016,0.05,groundplane,691.1843
