x,y,z,mattype,Wm2Front
1.5746,4.89674e-17,0.05,groundplane,857.714
1.5746,0.0254,0.05,groundplane,857.7153
1.5746,0.0508,0.05,groundplane,857.7145999999999
1.5746,0.0762,0.05,groundplane,857.7139000000001
1.5746,0.1016,0.05,groundplane,857.7132
