x,y,z,mattype,Wm2Front
1.5746,4.417884e-17,0.05,groundplane,175.71539999999996
1.5746,0.0254,0.05,groundplane,175.7137
1.5746,0.0508,0.05,groundplane,175.7136
1.5746,0.0762,0.05,groundplane,175.71349999999998
1.5746,0.1016,0.05,groundplane,175.71349999999998
