x,y,z,mattype,Wm2Front
1.5746,4.819053e-17,0.05,groundplane,68.36147
1.5746,0.0254,0.05,groundplane,68.36052
1.5746,0.0508,0.05,groundplane,68.3605
1.5746,0.0762,0.05,groundplane,68.36049
1.5746,0.1016,0.05,groundplane,68.36047
