x,y,z,mattype,Wm2Front
1.5746,3.714713e-17,0.05,groundplane,709.0475
1.5746,0.0254,0.05,groundplane,709.0466
1.5746,0.0508,0.05,groundplane,709.0461
1.5746,0.0762,0.05,groundplane,709.0456
1.5746,0.1016,0.05,groundplane,709.0450999999999
