x,y,z,mattype,Wm2Front
1.5746,4.677733e-17,0.05,groundplane,484.8386
1.5746,0.0254,0.05,groundplane,484.8464000000001
1.5746,0.0508,0.05,groundplane,484.8442
1.5746,0.0762,0.05,groundplane,484.8419999999999
1.5746,0.1016,0.05,groundplane,484.8398
