x,y,z,mattype,Wm2Front
1.5746,4.060773e-17,0.05,groundplane,82.57355
1.5746,0.0254,0.05,groundplane,82.57145
1.5746,0.0508,0.05,groundplane,82.57134
1.5746,0.0762,0.05,groundplane,82.57123
1.5746,0.1016,0.05,groundplane,82.57112
