x,y,z,rearMat,Wm2Back
0.7952482,4.869491e-17,1.587071,sky,72.4768
0.5964636,3.652286e-17,1.565055,sky,72.4768
0.3976791,2.435082e-17,1.543039,sky,72.4768
0.1988946,1.217878e-17,1.521022,sky,72.4768
0.0001100813,6.740533e-21,1.499006,sky,72.4768
-0.1986744,-1.21653e-17,1.47699,sky,72.4768
-0.397459,-2.433734e-17,1.454974,sky,72.4768
-0.5962435,-3.650938e-17,1.432957,sky,72.4768
-0.795028,-4.868142e-17,1.410941,sky,72.4768
