x,y,z,mattype,Wm2Front
1.5746,4.742335e-17,0.05,groundplane,104.4261
1.5746,0.0254,0.05,groundplane,104.4246
1.5746,0.0508,0.05,groundplane,104.4246
1.5746,0.0762,0.05,groundplane,104.4246
1.5746,0.1016,0.05,groundplane,104.42469999999999
