x,y,z,rearMat,Wm2Back
0.583382,3.572184e-17,2.047418,sky,20.97009
0.4377078,2.680187e-17,1.910381,sky,20.97009
0.2920336,1.78819e-17,1.773345,sky,20.97009
0.1463594,8.961927e-18,1.636308,sky,20.97009
0.000685183,4.195536e-20,1.499272,sky,20.97009
-0.144989,-8.878016e-18,1.362235,sky,20.97009
-0.2906632,-1.779799e-17,1.225198,sky,20.97009
-0.4363374,-2.671796e-17,1.088162,sky,20.97009
-0.5820116,-3.563793e-17,0.9511252,sky,20.97009
