x,y,z,mattype,Wm2Front
0.3746,4.244461e-17,0.05,groundplane,750.0096
0.3746,0.0254,0.05,groundplane,750.013
0.3746,0.0508,0.05,groundplane,750.0123
0.3746,0.0762,0.05,groundplane,750.0116000000002
0.3746,0.1016,0.05,groundplane,750.0108999999999
