x,y,z,rearMat,Wm2Back
0.7205083,4.411841e-17,1.847662,sky,39.72664
0.5404902,3.309548e-17,1.760521,sky,39.72664
0.360472,2.207254e-17,1.673381,sky,39.72664
0.1804539,1.104961e-17,1.58624,sky,39.72664
0.0004357024,2.667908e-20,1.4991,sky,39.72664
-0.1795824,-1.099625e-17,1.411959,sky,39.72664
-0.3596006,-2.201919e-17,1.324819,sky,39.72664
-0.5396188,-3.304212e-17,1.237678,sky,39.72664
-0.7196369,-4.406505e-17,1.150538,sky,39.72664
