x,y,z,mattype,Wm2Front
0.3746,4.26682e-17,0.05,groundplane,207.5435
0.3746,0.0254,0.05,groundplane,207.543
0.3746,0.0508,0.05,groundplane,207.5429
0.3746,0.0762,0.05,groundplane,207.54280000000003
0.3746,0.1016,0.05,groundplane,207.54280000000003
