x,y,z,mattype,Wm2Front
1.5746,3.949962e-17,0.05,groundplane,746.1761
1.5746,0.0254,0.05,groundplane,746.1756
1.5746,0.0508,0.05,groundplane,746.1754
1.5746,0.0762,0.05,groundplane,746.1751
1.5746,0.1016,0.05,groundplane,746.1748000000001
