x,y,z,mattype,Wm2Front
0.3746,4.753395e-17,0.05,groundplane,95.53776999999998
0.3746,0.0254,0.05,groundplane,95.53915
0.3746,0.0508,0.05,groundplane,95.53911999999998
0.3746,0.0762,0.05,groundplane,95.5391
0.3746,0.1016,0.05,groundplane,95.53908
