x,y,z,rearMat,Wm2Back
0.7328201,4.487229e-17,1.820898,sky,18.79471
0.5497156,3.366037e-17,1.740445,sky,18.79471
0.3666112,2.244846e-17,1.659991,sky,18.79471
0.1835067,1.123655e-17,1.579538,sky,18.79471
0.0004022674,2.463177e-20,1.499084,sky,18.79471
-0.1827022,-1.118728e-17,1.418631,sky,18.79471
-0.3658066,-2.23992e-17,1.338178,sky,18.79471
-0.5489111,-3.361111e-17,1.257724,sky,18.79471
-0.7320155,-4.482302e-17,1.177271,sky,18.79471
