x,y,z,rearMat,Wm2Back
0.7847962,4.805491e-17,1.655228,sky,8.518436
0.588646,3.604417e-17,1.616176,sky,8.518436
0.3924957,2.403343e-17,1.577124,sky,8.518436
0.1963455,1.202269e-17,1.538072,sky,8.518436
0.0001952615,1.195632e-20,1.499019,sky,8.518436
-0.195955,-1.199878e-17,1.459967,sky,8.518436
-0.3921052,-2.400952e-17,1.420915,sky,8.518436
-0.5882555,-3.602026e-17,1.381862,sky,8.518436
-0.7844057,-4.8031e-17,1.34281,sky,8.518436
