x,y,z,mattype,Wm2Front
0.3746,4.899765e-17,0.05,groundplane,814.8858999999999
0.3746,0.0254,0.05,groundplane,814.8871
0.3746,0.0508,0.05,groundplane,814.8866000000002
0.3746,0.0762,0.05,groundplane,814.886
0.3746,0.1016,0.05,groundplane,814.8855
