x,y,z,mattype,Wm2Front
0.3746,4.900133e-17,0.05,groundplane,6.324313
0.3746,0.0254,0.05,groundplane,6.324031000000001
0.3746,0.0508,0.05,groundplane,6.324034
0.3746,0.0762,0.05,groundplane,6.324036
0.3746,0.1016,0.05,groundplane,6.324039
