x,y,z,rearMat,Wm2Back
0.6662477,4.079591e-17,1.057151,sky,22.38056
0.4995477,3.058847e-17,1.167655,sky,22.38056
0.3328476,2.038104e-17,1.278159,sky,22.38056
0.1661475,1.01736e-17,1.388663,sky,22.38056
-0.000552519,-3.383203e-20,1.499166,sky,22.38056
-0.1672526,-1.024127e-17,1.60967,sky,22.38056
-0.3339526,-2.04487e-17,1.720174,sky,22.38056
-0.5006527,-3.065614e-17,1.830678,sky,22.38056
-0.6673528,-4.086357e-17,1.941182,sky,22.38056
