x,y,z,rearMat,Wm2Back
0.5506677,3.371867e-17,0.9196845,sky,13.49724
0.4128196,2.527791e-17,1.064591,sky,13.49724
0.2749716,1.683715e-17,1.209498,sky,13.49724
0.1371235,8.396394e-18,1.354404,sky,13.49724
-0.0007245328,-4.436484e-20,1.499311,sky,13.49724
-0.1385726,-8.485124e-18,1.644217,sky,13.49724
-0.2764206,-1.692588e-17,1.789124,sky,13.49724
-0.4142687,-2.536664e-17,1.93403,sky,13.49724
-0.5521168,-3.38074e-17,2.078937,sky,13.49724
