x,y,z,mattype,Wm2Front
1.5746,3.247255e-17,0.05,groundplane,364.3051
1.5746,0.0254,0.05,groundplane,364.3008
1.5746,0.0508,0.05,groundplane,364.30030000000005
1.5746,0.0762,0.05,groundplane,364.2998
1.5746,0.1016,0.05,groundplane,364.29929999999996
