x,y,z,mattype,Wm2Front
0.3746,3.714304e-17,0.05,groundplane,704.1978
0.3746,0.0254,0.05,groundplane,704.1995000000001
0.3746,0.0508,0.05,groundplane,704.1992
0.3746,0.0762,0.05,groundplane,704.1989
0.3746,0.1016,0.05,groundplane,704.1986
