x,y,z,mattype,Wm2Front
1.5746,4.866171e-17,0.05,groundplane,198.21629999999996
1.5746,0.0254,0.05,groundplane,198.21670000000003
1.5746,0.0508,0.05,groundplane,198.2166
1.5746,0.0762,0.05,groundplane,198.2165
1.5746,0.1016,0.05,groundplane,198.2164
