x,y,z,mattype,Wm2Front
0.3746,4.684745e-17,0.05,groundplane,127.3771
0.3746,0.0254,0.05,groundplane,127.37600000000002
0.3746,0.0508,0.05,groundplane,127.37600000000002
0.3746,0.0762,0.05,groundplane,127.37600000000002
0.3746,0.1016,0.05,groundplane,127.37600000000002
