x,y,z,mattype,Wm2Front
0.3746,3.957541e-17,0.05,groundplane,772.7179
0.3746,0.0254,0.05,groundplane,772.7172
0.3746,0.0508,0.05,groundplane,772.7169
0.3746,0.0762,0.05,groundplane,772.7166000000001
0.3746,0.1016,0.05,groundplane,772.7162
