x,y,z,rearMat,Wm2Back
0.6808576,4.16905e-17,1.07996,sky,46.02907
0.5105122,3.125986e-17,1.184757,sky,46.02907
0.3401668,2.082921e-17,1.289554,sky,46.02907
0.1698214,1.039856e-17,1.394351,sky,46.02907
-0.0005239859,-3.208488e-20,1.499148,sky,46.02907
-0.1708694,-1.046273e-17,1.603945,sky,46.02907
-0.3412148,-2.089338e-17,1.708743,sky,46.02907
-0.5115601,-3.132402e-17,1.81354,sky,46.02907
-0.6819055,-4.175467e-17,1.918337,sky,46.02907
