x,y,z,mattype,Wm2Front
0.3746,4.888256e-17,0.05,groundplane,827.8547
0.3746,0.0254,0.05,groundplane,827.8564
0.3746,0.0508,0.05,groundplane,827.8560000000001
0.3746,0.0762,0.05,groundplane,827.8556
0.3746,0.1016,0.05,groundplane,827.8552
