x,y,z,mattype,Wm2Front
0.3746,3.247255e-17,0.05,groundplane,80.67678
0.3746,0.0254,0.05,groundplane,80.67655
0.3746,0.0508,0.05,groundplane,80.67654
0.3746,0.0762,0.05,groundplane,80.67653
0.3746,0.1016,0.05,groundplane,80.67651
