x,y,z,rearMat,Wm2Back
0.5738366,3.513736e-17,2.057416,sky,134.7401
0.4305519,2.63637e-17,1.917883,sky,134.7401
0.2872672,1.759004e-17,1.77835,sky,134.7401
0.1439824,8.81638e-18,1.638817,sky,134.7401
0.0006976654,4.271969e-20,1.499284,sky,134.7401
-0.1425871,-8.73094e-18,1.35975,sky,134.7401
-0.2858718,-1.75046e-17,1.220217,sky,134.7401
-0.4291566,-2.627826e-17,1.080684,sky,134.7401
-0.5724413,-3.505192e-17,0.9411512,sky,134.7401
