x,y,z,rearMat,Wm2Back
0.7951565,4.86893e-17,1.587904,sky,80.55987
0.5963952,3.651867e-17,1.565679,sky,80.55987
0.3976338,2.434805e-17,1.543455,sky,80.55987
0.1988725,1.217743e-17,1.521231,sky,80.55987
0.000111122,6.804262e-21,1.499006,sky,80.55987
-0.1986502,-1.216382e-17,1.476782,sky,80.55987
-0.3974116,-2.433444e-17,1.454557,sky,80.55987
-0.5961729,-3.650506e-17,1.432333,sky,80.55987
-0.7949343,-4.867569e-17,1.410109,sky,80.55987
