x,y,z,rearMat,Wm2Back
0.6333069,3.877886e-17,1.011202,sky,15.068710000000001
0.4748277,2.907481e-17,1.133203,sky,15.068710000000001
0.3163484,1.937076e-17,1.255205,sky,15.068710000000001
0.1578692,9.666702e-18,1.377206,sky,15.068710000000001
-0.0006100069,-3.735215e-20,1.499208,sky,15.068710000000001
-0.1590892,-9.741406e-18,1.621209,sky,15.068710000000001
-0.3175685,-1.944546e-17,1.74321,sky,15.068710000000001
-0.4760477,-2.914951e-17,1.865212,sky,15.068710000000001
-0.6345269,-3.885357e-17,1.987213,sky,15.068710000000001
