x,y,z,rearMat,Wm2Back
0.7364502,4.509457e-17,1.187523,sky,13.12146
0.5522403,3.381496e-17,1.265412,sky,13.12146
0.3680304,2.253536e-17,1.343301,sky,13.12146
0.1838205,1.125576e-17,1.42119,sky,13.12146
-0.0003894455,-2.384666e-20,1.499079,sky,13.12146
-0.1845993,-1.130345e-17,1.576968,sky,13.12146
-0.3688093,-2.258305e-17,1.654857,sky,13.12146
-0.5530192,-3.386266e-17,1.732746,sky,13.12146
-0.7372291,-4.514226e-17,1.810635,sky,13.12146
