x,y,z,mattype,Wm2Front
1.5746,4.873398e-17,0.05,groundplane,911.4834999999999
1.5746,0.0254,0.05,groundplane,911.4868
1.5746,0.0508,0.05,groundplane,911.4852
1.5746,0.0762,0.05,groundplane,911.4838
1.5746,0.1016,0.05,groundplane,911.4822
