x,y,z,mattype,Wm2Front
1.5746,3.050247e-17,0.05,groundplane,99.68976000000002
1.5746,0.0254,0.05,groundplane,99.69012
1.5746,0.0508,0.05,groundplane,99.69008000000001
1.5746,0.0762,0.05,groundplane,99.69003
1.5746,0.1016,0.05,groundplane,99.68998
