x,y,z,mattype,Wm2Front
1.5746,3.050247e-17,0.05,groundplane,475.74770000000007
1.5746,0.0254,0.05,groundplane,475.7498
1.5746,0.0508,0.05,groundplane,475.74950000000007
1.5746,0.0762,0.05,groundplane,475.7493
1.5746,0.1016,0.05,groundplane,475.749
