x,y,z,mattype,Wm2Front
1.5746,4.818473e-17,0.05,groundplane,25.60682
1.5746,0.0254,0.05,groundplane,25.60701
1.5746,0.0508,0.05,groundplane,25.607
1.5746,0.0762,0.05,groundplane,25.60699
1.5746,0.1016,0.05,groundplane,25.60699
