x,y,z,mattype,Wm2Front
1.5746,4.899175e-17,0.05,groundplane,5.529731000000001
1.5746,0.0254,0.05,groundplane,5.529528
1.5746,0.0508,0.05,groundplane,5.529523
1.5746,0.0762,0.05,groundplane,5.529518
1.5746,0.1016,0.05,groundplane,5.529512999999999
