x,y,z,mattype,Wm2Front
0.3746,4.885808e-17,0.05,groundplane,807.6765
0.3746,0.0254,0.05,groundplane,807.6775000000001
0.3746,0.0508,0.05,groundplane,807.677
0.3746,0.0762,0.05,groundplane,807.6766000000001
0.3746,0.1016,0.05,groundplane,807.6761
