x,y,z,rearMat,Wm2Back
0.6947561,4.254154e-17,1.103371,sky,20.44419
0.5209434,3.189859e-17,1.202311,sky,20.44419
0.3471307,2.125563e-17,1.301251,sky,20.44419
0.173318,1.061267e-17,1.400191,sky,20.44419
-0.0004947005,-3.029167e-20,1.499131,sky,20.44419
-0.1743074,-1.067325e-17,1.598071,sky,20.44419
-0.3481201,-2.131621e-17,1.697011,sky,20.44419
-0.5219328,-3.195917e-17,1.795951,sky,20.44419
-0.6957455,-4.260213e-17,1.894891,sky,20.44419
