x,y,z,rearMat,Wm2Back
0.6849304,4.193989e-17,1.086634,sky,18.84197
0.5135689,3.144702e-17,1.189761,sky,18.84197
0.3422074,2.095416e-17,1.292889,sky,18.84197
0.1708459,1.046129e-17,1.396016,sky,18.84197
-0.0005156364,-3.157362e-20,1.499143,sky,18.84197
-0.1718771,-1.052444e-17,1.60227,sky,18.84197
-0.3432386,-2.101731e-17,1.705398,sky,18.84197
-0.5146002,-3.151017e-17,1.808525,sky,18.84197
-0.6859617,-4.200304e-17,1.911652,sky,18.84197
