x,y,z,rearMat,Wm2Back
0.7868285,4.817935e-17,1.355425,sky,2.868459
0.5900765,3.613176e-17,1.391323,sky,2.868459
0.3933245,2.408418e-17,1.427221,sky,2.868459
0.1965725,1.203659e-17,1.463118,sky,2.868459
-0.0001794891,-1.099053e-20,1.499016,sky,2.868459
-0.1969315,-1.205858e-17,1.534914,sky,2.868459
-0.3936835,-2.410616e-17,1.570812,sky,2.868459
-0.5904355,-3.615375e-17,1.60671,sky,2.868459
-0.7871875,-4.820133e-17,1.642607,sky,2.868459
