x,y,z,mattype,Wm2Front
0.3746,4.875393e-17,0.05,groundplane,31.07781
0.3746,0.0254,0.05,groundplane,31.077340000000003
0.3746,0.0508,0.05,groundplane,31.077299999999997
0.3746,0.0762,0.05,groundplane,31.07727
0.3746,0.1016,0.05,groundplane,31.07723
