x,y,z,mattype,Wm2Front
0.3746,4.899902e-17,0.05,groundplane,7.78924
0.3746,0.0254,0.05,groundplane,7.789041999999999
0.3746,0.0508,0.05,groundplane,7.789034
0.3746,0.0762,0.05,groundplane,7.789027
0.3746,0.1016,0.05,groundplane,7.789019
