x,y,z,mattype,Wm2Front
1.5746,3.247255e-17,0.05,groundplane,452.2751
1.5746,0.0254,0.05,groundplane,452.2740999999999
1.5746,0.0508,0.05,groundplane,452.27400000000006
1.5746,0.0762,0.05,groundplane,452.2738
1.5746,0.1016,0.05,groundplane,452.2737
