x,y,z,mattype,Wm2Front
0.3746,4.40981e-17,0.05,groundplane,173.0928
0.3746,0.0254,0.05,groundplane,173.0945
0.3746,0.0508,0.05,groundplane,173.09440000000004
0.3746,0.0762,0.05,groundplane,173.0943
0.3746,0.1016,0.05,groundplane,173.0943
