x,y,z,mattype,Wm2Front
0.3746,4.538516e-17,0.05,groundplane,14.811569999999998
0.3746,0.0254,0.05,groundplane,14.81159
0.3746,0.0508,0.05,groundplane,14.81159
0.3746,0.0762,0.05,groundplane,14.81159
0.3746,0.1016,0.05,groundplane,14.81159
