x,y,z,mattype,Wm2Front
0.3746,4.720764e-17,0.05,groundplane,705.6213000000001
0.3746,0.0254,0.05,groundplane,705.622
0.3746,0.0508,0.05,groundplane,705.6216
0.3746,0.0762,0.05,groundplane,705.6213000000001
0.3746,0.1016,0.05,groundplane,705.6209
