x,y,z,mattype,Wm2Front
0.3746,4.507255e-17,0.05,groundplane,97.10828
0.3746,0.0254,0.05,groundplane,97.10832
0.3746,0.0508,0.05,groundplane,97.10832
0.3746,0.0762,0.05,groundplane,97.10831
0.3746,0.1016,0.05,groundplane,97.10831
