x,y,z,rearMat,Wm2Back
0.7119059,4.359166e-17,1.135047,sky,7.9486680000000005
0.5338156,3.268678e-17,1.226062,sky,7.9486680000000005
0.3557254,2.17819e-17,1.317078,sky,7.9486680000000005
0.1776352,1.087702e-17,1.408094,sky,7.9486680000000005
-0.0004550787,-2.786554e-20,1.49911,sky,7.9486680000000005
-0.1785453,-1.093275e-17,1.590125,sky,7.9486680000000005
-0.3566356,-2.183763e-17,1.681141,sky,7.9486680000000005
-0.5347258,-3.274251e-17,1.772157,sky,7.9486680000000005
-0.712816,-4.364739e-17,1.863173,sky,7.9486680000000005
