x,y,z,rearMat,Wm2Back
0.716187,4.385381e-17,1.143521,sky,14.726530000000002
0.5370291,3.288355e-17,1.232417,sky,14.726530000000002
0.3578713,2.191329e-17,1.321313,sky,14.726530000000002
0.1787134,1.094304e-17,1.410208,sky,14.726530000000002
-0.0004444788,-2.721648e-20,1.499104,sky,14.726530000000002
-0.1796023,-1.099747e-17,1.588,sky,14.726530000000002
-0.3587602,-2.196773e-17,1.676896,sky,14.726530000000002
-0.5379181,-3.293798e-17,1.765792,sky,14.726530000000002
-0.717076,-4.390824e-17,1.854687,sky,14.726530000000002
