x,y,z,rearMat,Wm2Back
0.7743142,4.741307e-17,1.701093,sky,21.15253
0.5807988,3.556367e-17,1.650578,sky,21.15253
0.3872834,2.371427e-17,1.600063,sky,21.15253
0.193768,1.186487e-17,1.549548,sky,21.15253
0.000252576,1.546582e-20,1.499032,sky,21.15253
-0.1932628,-1.183394e-17,1.448517,sky,21.15253
-0.3867782,-2.368334e-17,1.398002,sky,21.15253
-0.5802937,-3.553274e-17,1.347487,sky,21.15253
-0.7738091,-4.738214e-17,1.296972,sky,21.15253
