x,y,z,rearMat,Wm2Back
0.7999918,4.898537e-17,1.503747,sky,3.6905489999999994
0.5999954,3.673912e-17,1.50256,sky,3.6905489999999994
0.3999989,2.449287e-17,1.501374,sky,3.6905489999999994
0.2000024,1.224662e-17,1.500187,sky,3.6905489999999994
5.934085e-06,3.633579e-22,1.499,sky,3.6905489999999994
-0.1999905,-1.224589e-17,1.497813,sky,3.6905489999999994
-0.399987,-2.449214e-17,1.496626,sky,3.6905489999999994
-0.5999835,-3.673839e-17,1.49544,sky,3.6905489999999994
-0.79998,-4.898465e-17,1.494253,sky,3.6905489999999994
