x,y,z,mattype,Wm2Front
1.5746,4.115931e-17,0.05,groundplane,234.2825
1.5746,0.0254,0.05,groundplane,234.2811
1.5746,0.0508,0.05,groundplane,234.2811
1.5746,0.0762,0.05,groundplane,234.28100000000003
1.5746,0.1016,0.05,groundplane,234.2809
