x,y,z,rearMat,Wm2Back
0.5494839,3.364619e-17,2.081436,sky,50.379780000000004
0.4122949,2.524578e-17,1.935906,sky,50.379780000000004
0.2751058,1.684537e-17,1.790375,sky,50.379780000000004
0.1379167,8.444964e-18,1.644845,sky,50.379780000000004
0.000727653,4.45559e-20,1.499314,sky,50.379780000000004
-0.1364614,-8.355852e-18,1.353783,sky,50.379780000000004
-0.2736505,-1.675626e-17,1.208253,sky,50.379780000000004
-0.4108396,-2.515667e-17,1.062722,sky,50.379780000000004
-0.5480286,-3.355708e-17,0.9171916,sky,50.379780000000004
