x,y,z,mattype,Wm2Front
1.5746,3.247255e-17,0.05,groundplane,506.25130000000007
1.5746,0.0254,0.05,groundplane,506.24959999999993
1.5746,0.0508,0.05,groundplane,506.2493
1.5746,0.0762,0.05,groundplane,506.249
1.5746,0.1016,0.05,groundplane,506.24869999999993
