x,y,z,mattype,Wm2Front
0.3746,4.744325e-17,0.05,groundplane,97.6571
0.3746,0.0254,0.05,groundplane,97.65825
0.3746,0.0508,0.05,groundplane,97.65824000000002
0.3746,0.0762,0.05,groundplane,97.65823
0.3746,0.1016,0.05,groundplane,97.65821999999999
