x,y,z,mattype,Wm2Front
1.5746,3.961572e-17,0.05,groundplane,743.4110999999999
1.5746,0.0254,0.05,groundplane,743.4097
1.5746,0.0508,0.05,groundplane,743.4094
1.5746,0.0762,0.05,groundplane,743.4091
1.5746,0.1016,0.05,groundplane,743.4088
