x,y,z,mattype,Wm2Front
0.3746,3.74316e-17,0.05,groundplane,181.5003
0.3746,0.0254,0.05,groundplane,181.50429999999997
0.3746,0.0508,0.05,groundplane,181.5042
0.3746,0.0762,0.05,groundplane,181.5042
0.3746,0.1016,0.05,groundplane,181.5041
