x,y,z,mattype,Wm2Front
1.5746,4.853812e-17,0.05,groundplane,29.24252
1.5746,0.0254,0.05,groundplane,29.24235
1.5746,0.0508,0.05,groundplane,29.24234
1.5746,0.0762,0.05,groundplane,29.24233
1.5746,0.1016,0.05,groundplane,29.24233
