x,y,z,rearMat,Wm2Back
0.7522388,4.606134e-17,1.772283,sky,10.37628
0.5642645,3.455123e-17,1.703977,sky,10.37628
0.3762902,2.304113e-17,1.635671,sky,10.37628
0.1883158,1.153102e-17,1.567366,sky,10.37628
0.0003415281,2.091256e-20,1.49906,sky,10.37628
-0.1876328,-1.148919e-17,1.430755,sky,10.37628
-0.3756071,-2.29993e-17,1.362449,sky,10.37628
-0.5635814,-3.450941e-17,1.294143,sky,10.37628
-0.7515557,-4.601952e-17,1.225838,sky,10.37628
