x,y,z,rearMat,Wm2Back
0.685098,4.195015e-17,1.913088,sky,36.18852
0.5139529,3.147054e-17,1.809602,sky,36.18852
0.3428077,2.099092e-17,1.706116,sky,36.18852
0.1716626,1.05113e-17,1.60263,sky,36.18852
0.0005174297,3.168343e-20,1.499144,sky,36.18852
-0.1706277,-1.044793e-17,1.395658,sky,36.18852
-0.3417729,-2.092755e-17,1.292172,sky,36.18852
-0.512918,-3.140717e-17,1.188686,sky,36.18852
-0.6840631,-4.188679e-17,1.0852,sky,36.18852
