x,y,z,rearMat,Wm2Back
0.7611112,4.660462e-17,1.746395,sky,6.09073
0.5709107,3.49582e-17,1.684559,sky,6.09073
0.3807102,2.331178e-17,1.622722,sky,6.09073
0.1905097,1.166535e-17,1.560886,sky,6.09073
0.000309183,1.8932e-20,1.499049,sky,6.09073
-0.1898913,-1.162749e-17,1.437212,sky,6.09073
-0.3800918,-2.327391e-17,1.375376,sky,6.09073
-0.5702924,-3.492034e-17,1.313539,sky,6.09073
-0.7604929,-4.656676e-17,1.251703,sky,6.09073
