x,y,z,mattype,Wm2Front
0.3746,4.207226e-17,0.05,groundplane,827.6985
0.3746,0.0254,0.05,groundplane,827.7000000000002
0.3746,0.0508,0.05,groundplane,827.6991000000002
0.3746,0.0762,0.05,groundplane,827.6982000000002
0.3746,0.1016,0.05,groundplane,827.6973000000002
