x,y,z,rearMat,Wm2Back
0.6277491,3.843854e-17,1.995915,sky,65.52391
0.470967,2.883841e-17,1.871741,sky,65.52391
0.314185,1.923828e-17,1.747566,sky,65.52391
0.1574029,9.638149e-18,1.623391,sky,65.52391
0.0006208742,3.801758e-20,1.499216,sky,65.52391
-0.1561612,-9.562114e-18,1.375041,sky,65.52391
-0.3129432,-1.916225e-17,1.250866,sky,65.52391
-0.4697253,-2.876238e-17,1.126692,sky,65.52391
-0.6265073,-3.836251e-17,1.002517,sky,65.52391
