x,y,z,mattype,Wm2Front
0.3746,3.050247e-17,0.05,groundplane,64.31142
0.3746,0.0254,0.05,groundplane,64.31163
0.3746,0.0508,0.05,groundplane,64.31161
0.3746,0.0762,0.05,groundplane,64.3116
0.3746,0.1016,0.05,groundplane,64.31158
