x,y,z,rearMat,Wm2Back
0.7985268,4.889567e-17,1.548538,sky,16.58961
0.5989106,3.66727e-17,1.536154,sky,16.58961
0.3992944,2.444973e-17,1.52377,sky,16.58961
0.1996781,1.222676e-17,1.511386,sky,16.58961
6.191955e-05,3.791479e-21,1.499002,sky,16.58961
-0.1995543,-1.221918e-17,1.486618,sky,16.58961
-0.3991705,-2.444215e-17,1.474234,sky,16.58961
-0.5987868,-3.666511e-17,1.46185,sky,16.58961
-0.798403,-4.888808e-17,1.449466,sky,16.58961
