x,y,z,rearMat,Wm2Back
0.5194355,3.180625e-17,0.8915694,sky,17.48492
0.3893867,2.384306e-17,1.043514,sky,17.48492
0.2593379,1.587986e-17,1.19546,sky,17.48492
0.1292891,7.916672e-18,1.347405,sky,17.48492
-0.0007597254,-4.651977e-20,1.49935,sky,17.48492
-0.1308085,-8.009712e-18,1.651295,sky,17.48492
-0.2608573,-1.59729e-17,1.80324,sky,17.48492
-0.3909061,-2.39361e-17,1.955185,sky,17.48492
-0.5209549,-3.189929e-17,2.10713,sky,17.48492
