x,y,z,rearMat,Wm2Back
0.7970029,4.880235e-17,1.430809,sky,1.5918149999999998
0.5977309,3.660046e-17,1.447858,sky,1.5918149999999998
0.3984588,2.439857e-17,1.464906,sky,1.5918149999999998
0.1991868,1.219667e-17,1.481955,sky,1.5918149999999998
-8.524303e-05,-5.21963e-21,1.499004,sky,1.5918149999999998
-0.1993573,-1.220711e-17,1.516052,sky,1.5918149999999998
-0.3986293,-2.440901e-17,1.533101,sky,1.5918149999999998
-0.5979014,-3.66109e-17,1.550149,sky,1.5918149999999998
-0.7971734,-4.881279e-17,1.567198,sky,1.5918149999999998
