x,y,z,rearMat,Wm2Back
0.6373225,3.902475e-17,1.98355,sky,20.7866
0.4781432,2.927783e-17,1.862464,sky,20.7866
0.318964,1.953091e-17,1.741377,sky,20.7866
0.1597847,9.783991e-18,1.620291,sky,20.7866
0.0006054329,3.707207e-20,1.499204,sky,20.7866
-0.1585738,-9.709847e-18,1.378118,sky,20.7866
-0.3177531,-1.945677e-17,1.257031,sky,20.7866
-0.4769324,-2.920369e-17,1.135944,sky,20.7866
-0.6361116,-3.89506e-17,1.014858,sky,20.7866
