x,y,z,mattype,Wm2Front
1.5746,4.649654e-17,0.05,groundplane,32.00713
1.5746,0.0254,0.05,groundplane,32.0073
1.5746,0.0508,0.05,groundplane,32.0073
1.5746,0.0762,0.05,groundplane,32.0073
1.5746,0.1016,0.05,groundplane,32.00729
