x,y,z,mattype,Wm2Front
0.3746,4.808048e-17,0.05,groundplane,38.44759
0.3746,0.0254,0.05,groundplane,38.44877
0.3746,0.0508,0.05,groundplane,38.44877
0.3746,0.0762,0.05,groundplane,38.44877
0.3746,0.1016,0.05,groundplane,38.44878
