x,y,z,mattype,Wm2Front
0.3746,3.416689e-17,0.05,groundplane,81.62127
0.3746,0.0254,0.05,groundplane,81.62153
0.3746,0.0508,0.05,groundplane,81.62151
0.3746,0.0762,0.05,groundplane,81.62148
0.3746,0.1016,0.05,groundplane,81.62146
