x,y,z,rearMat,Wm2Back
0.6557353,4.015221e-17,1.958271,sky,17.0975
0.4919449,3.012294e-17,1.843498,sky,17.0975
0.3281546,2.009367e-17,1.728726,sky,17.0975
0.1643642,1.006441e-17,1.613954,sky,17.0975
0.0005738623,3.513893e-20,1.499181,sky,17.0975
-0.1632165,-9.994128e-18,1.384409,sky,17.0975
-0.3270068,-2.002339e-17,1.269636,sky,17.0975
-0.4907972,-3.005266e-17,1.154864,sky,17.0975
-0.6545876,-4.008193e-17,1.040091,sky,17.0975
