x,y,z,rearMat,Wm2Back
0.7622639,4.66752e-17,1.742806,sky,24.58467
0.5717741,3.501107e-17,1.681866,sky,24.58467
0.3812843,2.334693e-17,1.620927,sky,24.58467
0.1907945,1.168279e-17,1.559987,sky,24.58467
0.0003046981,1.865738e-20,1.499048,sky,24.58467
-0.1901851,-1.164548e-17,1.438108,sky,24.58467
-0.3806749,-2.330961e-17,1.377168,sky,24.58467
-0.5711647,-3.497375e-17,1.316229,sky,24.58467
-0.7616545,-4.663789e-17,1.255289,sky,24.58467
