x,y,z,mattype,Wm2Front
0.3746,4.473964e-17,0.05,groundplane,858.368
0.3746,0.0254,0.05,groundplane,858.3677000000001
0.3746,0.0508,0.05,groundplane,858.3668000000001
0.3746,0.0762,0.05,groundplane,858.3658
0.3746,0.1016,0.05,groundplane,858.3650000000001
