x,y,z,mattype,Wm2Front
0.3746,4.823036e-17,0.05,groundplane,69.12819
0.3746,0.0254,0.05,groundplane,69.12733
0.3746,0.0508,0.05,groundplane,69.12731
0.3746,0.0762,0.05,groundplane,69.12729
0.3746,0.1016,0.05,groundplane,69.12727
