x,y,z,mattype,Wm2Front
1.5746,4.536255e-17,0.05,groundplane,223.02650000000003
1.5746,0.0254,0.05,groundplane,223.02779999999998
1.5746,0.0508,0.05,groundplane,223.0275
1.5746,0.0762,0.05,groundplane,223.0272
1.5746,0.1016,0.05,groundplane,223.02689999999998
