x,y,z,mattype,Wm2Front
0.3746,4.868032e-17,0.05,groundplane,36.22184
0.3746,0.0254,0.05,groundplane,36.22134
0.3746,0.0508,0.05,groundplane,36.22131
0.3746,0.0762,0.05,groundplane,36.22128
0.3746,0.1016,0.05,groundplane,36.22126
