x,y,z,mattype,Wm2Front
1.5746,3.247255e-17,0.05,groundplane,475.1175
1.5746,0.0254,0.05,groundplane,475.1167
1.5746,0.0508,0.05,groundplane,475.1166
1.5746,0.0762,0.05,groundplane,475.1164999999999
1.5746,0.1016,0.05,groundplane,475.11629999999997
