x,y,z,mattype,Wm2Front
0.3746,4.884856e-17,0.05,groundplane,23.05099
0.3746,0.0254,0.05,groundplane,23.050390000000004
0.3746,0.0508,0.05,groundplane,23.05038
0.3746,0.0762,0.05,groundplane,23.05036
0.3746,0.1016,0.05,groundplane,23.050349999999998
