x,y,z,mattype,Wm2Front
1.5746,3.973118e-17,0.05,groundplane,765.2392999999998
1.5746,0.0254,0.05,groundplane,765.2385
1.5746,0.0508,0.05,groundplane,765.2383
1.5746,0.0762,0.05,groundplane,765.2381
1.5746,0.1016,0.05,groundplane,765.2379
