x,y,z,rearMat,Wm2Back
0.6899294,4.224599e-17,1.095033,sky,61.50778
0.5173207,3.167676e-17,1.196059,sky,61.50778
0.3447121,2.110753e-17,1.297085,sky,61.50778
0.1721035,1.05383e-17,1.398111,sky,61.50778
-0.0005051303,-3.093031e-20,1.499137,sky,61.50778
-0.1731138,-1.060016e-17,1.600163,sky,61.50778
-0.3457224,-2.116939e-17,1.701189,sky,61.50778
-0.518331,-3.173862e-17,1.802215,sky,61.50778
-0.6909396,-4.230785e-17,1.903241,sky,61.50778
