x,y,z,rearMat,Wm2Back
0.5843365,3.578029e-17,2.046399,sky,27.03304
0.4384233,2.684569e-17,1.909617,sky,27.03304
0.2925102,1.791108e-17,1.772835,sky,27.03304
0.1465971,8.976481e-18,1.636053,sky,27.03304
0.0006839107,4.187745e-20,1.49927,sky,27.03304
-0.1452292,-8.892726e-18,1.362488,sky,27.03304
-0.2911424,-1.782733e-17,1.225706,sky,27.03304
-0.4370555,-2.676193e-17,1.088924,sky,27.03304
-0.5829687,-3.569654e-17,0.9521419,sky,27.03304
