x,y,z,mattype,Wm2Front
1.5746,4.462023e-17,0.05,groundplane,821.2023
1.5746,0.0254,0.05,groundplane,821.2021
1.5746,0.0508,0.05,groundplane,821.2018000000002
1.5746,0.0762,0.05,groundplane,821.2015
1.5746,0.1016,0.05,groundplane,821.2010999999999
