x,y,z,rearMat,Wm2Back
0.6909168,4.230645e-17,1.09672,sky,24.051640000000003
0.5180619,3.172214e-17,1.197324,sky,24.051640000000003
0.3452069,2.113783e-17,1.297928,sky,24.051640000000003
0.1723519,1.055351e-17,1.398532,sky,24.051640000000003
-0.0005030199,-3.080109e-20,1.499136,sky,24.051640000000003
-0.173358,-1.061511e-17,1.59974,sky,24.051640000000003
-0.3462129,-2.119943e-17,1.700344,sky,24.051640000000003
-0.5190679,-3.178374e-17,1.800948,sky,24.051640000000003
-0.6919229,-4.236806e-17,1.901552,sky,24.051640000000003
