x,y,z,rearMat,Wm2Back
0.7923921,4.852002e-17,1.610072,sky,123.7917
0.5943288,3.639214e-17,1.582306,sky,123.7917
0.3962655,2.426426e-17,1.554541,sky,123.7917
0.1982021,1.213638e-17,1.526775,sky,123.7917
0.0001388274,8.500728e-21,1.49901,sky,123.7917
-0.1979245,-1.211938e-17,1.471244,sky,123.7917
-0.3959878,-2.424726e-17,1.443479,sky,123.7917
-0.5940511,-3.637514e-17,1.415713,sky,123.7917
-0.7921144,-4.850302e-17,1.387948,sky,123.7917
