x,y,z,rearMat,Wm2Back
0.7893457,4.833348e-17,1.369868,sky,3.113108
0.5919689,3.624764e-17,1.402154,sky,3.113108
0.3945921,2.41618e-17,1.43444,sky,3.113108
0.1972153,1.207596e-17,1.466727,sky,3.113108
-0.0001614316,-9.884833e-21,1.499013,sky,3.113108
-0.1975382,-1.209573e-17,1.531299,sky,3.113108
-0.394915,-2.418157e-17,1.563586,sky,3.113108
-0.5922918,-3.626741e-17,1.595872,sky,3.113108
-0.7896686,-4.835325e-17,1.628158,sky,3.113108
