x,y,z,rearMat,Wm2Back
0.740952,4.537023e-17,1.198353,sky,11.55935
0.55562,3.402192e-17,1.273533,sky,11.55935
0.3702881,2.26736e-17,1.348713,sky,11.55935
0.1849561,1.132529e-17,1.423893,sky,11.55935
-0.0003759008,-2.301729e-20,1.499073,sky,11.55935
-0.1857079,-1.137133e-17,1.574254,sky,11.55935
-0.3710399,-2.271964e-17,1.649434,sky,11.55935
-0.5563718,-3.406795e-17,1.724614,sky,11.55935
-0.7417038,-4.541626e-17,1.799794,sky,11.55935
