x,y,z,rearMat,Wm2Back
0.7667319,4.694879e-17,1.271695,sky,4.944726
0.5749779,3.520724e-17,1.328532,sky,4.944726
0.3832239,2.346569e-17,1.385368,sky,4.944726
0.1914698,1.172415e-17,1.442205,sky,4.944726
-0.0002841827,-1.740117e-20,1.499041,sky,4.944726
-0.1920382,-1.175895e-17,1.555878,sky,4.944726
-0.3837922,-2.35005e-17,1.612714,sky,4.944726
-0.5755463,-3.524205e-17,1.669551,sky,4.944726
-0.7673003,-4.698359e-17,1.726387,sky,4.944726
