x,y,z,mattype,Wm2Front
1.5746,4.869484e-17,0.05,groundplane,858.5458
1.5746,0.0254,0.05,groundplane,858.5465
1.5746,0.0508,0.05,groundplane,858.5461
1.5746,0.0762,0.05,groundplane,858.5458
1.5746,0.1016,0.05,groundplane,858.5453000000001
