x,y,z,mattype,Wm2Front
1.5746,4.294295e-17,0.05,groundplane,734.4256
1.5746,0.0254,0.05,groundplane,734.4249999999998
1.5746,0.0508,0.05,groundplane,734.4239000000001
1.5746,0.0762,0.05,groundplane,734.4227
1.5746,0.1016,0.05,groundplane,734.4216
