x,y,z,mattype,Wm2Front
0.3746,4.898987e-17,0.05,groundplane,711.4523
0.3746,0.0254,0.05,groundplane,711.453
0.3746,0.0508,0.05,groundplane,711.4526
0.3746,0.0762,0.05,groundplane,711.4523
0.3746,0.1016,0.05,groundplane,711.4519999999999
