x,y,z,mattype,Wm2Front
0.3746,4.864924e-17,0.05,groundplane,193.1117
0.3746,0.0254,0.05,groundplane,193.1117
0.3746,0.0508,0.05,groundplane,193.11160000000004
0.3746,0.0762,0.05,groundplane,193.1115
0.3746,0.1016,0.05,groundplane,193.1115
