x,y,z,mattype,Wm2Front
1.5746,3.050247e-17,0.05,groundplane,206.2088
1.5746,0.0254,0.05,groundplane,206.21259999999998
1.5746,0.0508,0.05,groundplane,206.2121
1.5746,0.0762,0.05,groundplane,206.21169999999998
1.5746,0.1016,0.05,groundplane,206.2112
