x,y,z,mattype,Wm2Front
0.3746,3.247255e-17,0.05,groundplane,85.35961000000002
0.3746,0.0254,0.05,groundplane,85.35951
0.3746,0.0508,0.05,groundplane,85.35947
0.3746,0.0762,0.05,groundplane,85.35942
0.3746,0.1016,0.05,groundplane,85.35938
