x,y,z,mattype,Wm2Front
0.3746,4.164091e-17,0.05,groundplane,212.7542
0.3746,0.0254,0.05,groundplane,212.75609999999998
0.3746,0.0508,0.05,groundplane,212.756
0.3746,0.0762,0.05,groundplane,212.756
0.3746,0.1016,0.05,groundplane,212.7559
