x,y,z,rearMat,Wm2Back
0.7986349,4.890228e-17,1.546726,sky,19.22837
0.5989911,3.667763e-17,1.534795,sky,19.22837
0.3993473,2.445297e-17,1.522864,sky,19.22837
0.1997035,1.222831e-17,1.510933,sky,19.22837
5.965482e-05,3.652804e-21,1.499002,sky,19.22837
-0.1995842,-1.222101e-17,1.487071,sky,19.22837
-0.399228,-2.444566e-17,1.47514,sky,19.22837
-0.5988718,-3.667032e-17,1.463209,sky,19.22837
-0.7985156,-4.889498e-17,1.451278,sky,19.22837
