x,y,z,mattype,Wm2Front
0.3746,3.180284e-17,0.05,groundplane,213.0231
0.3746,0.0254,0.05,groundplane,213.02920000000003
0.3746,0.0508,0.05,groundplane,213.0284
0.3746,0.0762,0.05,groundplane,213.0275
0.3746,0.1016,0.05,groundplane,213.0267
