x,y,z,rearMat,Wm2Back
0.5976974,3.659841e-17,2.031751,sky,23.34886
0.4484395,2.7459e-17,1.898626,sky,23.34886
0.2991815,1.831959e-17,1.765502,sky,23.34886
0.1499236,9.180171e-18,1.632378,sky,23.34886
0.0006656212,4.075754e-20,1.499254,sky,23.34886
-0.1485923,-9.098656e-18,1.366129,sky,23.34886
-0.2978503,-1.823807e-17,1.233005,sky,23.34886
-0.4471082,-2.737748e-17,1.099881,sky,23.34886
-0.5963662,-3.65169e-17,0.9667567,sky,23.34886
