x,y,z,mattype,Wm2Front
1.5746,4.900274e-17,0.05,groundplane,760.7536999999999
1.5746,0.0254,0.05,groundplane,760.7567
1.5746,0.0508,0.05,groundplane,760.7556
1.5746,0.0762,0.05,groundplane,760.7545999999999
1.5746,0.1016,0.05,groundplane,760.7535000000001
