x,y,z,mattype,Wm2Front
0.3746,3.457369e-17,0.05,groundplane,60.525929999999995
0.3746,0.0254,0.05,groundplane,60.525830000000006
0.3746,0.0508,0.05,groundplane,60.52581
0.3746,0.0762,0.05,groundplane,60.52578
0.3746,0.1016,0.05,groundplane,60.525749999999995
