x,y,z,mattype,Wm2Front
1.5746,4.881281e-17,0.05,groundplane,765.2356999999998
1.5746,0.0254,0.05,groundplane,765.2365
1.5746,0.0508,0.05,groundplane,765.2361
1.5746,0.0762,0.05,groundplane,765.2358
1.5746,0.1016,0.05,groundplane,765.2354
