x,y,z,mattype,Wm2Front
0.3746,4.865638e-17,0.05,groundplane,41.24305
0.3746,0.0254,0.05,groundplane,41.24258
0.3746,0.0508,0.05,groundplane,41.24259
0.3746,0.0762,0.05,groundplane,41.2426
0.3746,0.1016,0.05,groundplane,41.2426
