x,y,z,mattype,Wm2Front
1.5746,4.670215e-17,0.05,groundplane,127.92900000000002
1.5746,0.0254,0.05,groundplane,127.92810000000001
1.5746,0.0508,0.05,groundplane,127.92810000000001
1.5746,0.0762,0.05,groundplane,127.928
1.5746,0.1016,0.05,groundplane,127.928
