x,y,z,rearMat,Wm2Back
0.7940403,4.862095e-17,1.597473,sky,4.940567
0.595561,3.646759e-17,1.572857,sky,4.940567
0.3970817,2.431424e-17,1.54824,sky,4.940567
0.1986024,1.216089e-17,1.523624,sky,4.940567
0.0001230819,7.536591e-21,1.499008,sky,4.940567
-0.1983562,-1.214582e-17,1.474391,sky,4.940567
-0.3968355,-2.429917e-17,1.449775,sky,4.940567
-0.5953148,-3.645252e-17,1.425158,sky,4.940567
-0.7937941,-4.860587e-17,1.400542,sky,4.940567
