x,y,z,rearMat,Wm2Back
0.5326184,3.261347e-17,2.096924,sky,8.40333
0.3996506,2.447154e-17,1.947527,sky,8.40333
0.2666827,1.632961e-17,1.79813,sky,8.40333
0.1337149,8.187673e-18,1.648732,sky,8.40333
0.0007469864,4.573972e-20,1.499335,sky,8.40333
-0.1322209,-8.096194e-18,1.349938,sky,8.40333
-0.2651887,-1.623813e-17,1.200541,sky,8.40333
-0.3981566,-2.438006e-17,1.051143,sky,8.40333
-0.5311245,-3.252199e-17,0.901746,sky,8.40333
