x,y,z,mattype,Wm2Front
0.3746,3.247255e-17,0.05,groundplane,371.9319
0.3746,0.0254,0.05,groundplane,371.9307999999999
0.3746,0.0508,0.05,groundplane,371.93059999999997
0.3746,0.0762,0.05,groundplane,371.9305
0.3746,0.1016,0.05,groundplane,371.9304
