x,y,z,mattype,Wm2Front
0.3746,3.050247e-17,0.05,groundplane,74.28259
0.3746,0.0254,0.05,groundplane,74.28272
0.3746,0.0508,0.05,groundplane,74.28271
0.3746,0.0762,0.05,groundplane,74.28269
0.3746,0.1016,0.05,groundplane,74.28268
