x,y,z,mattype,Wm2Front
1.5746,4.884378e-17,0.05,groundplane,718.6048999999999
1.5746,0.0254,0.05,groundplane,718.6059
1.5746,0.0508,0.05,groundplane,718.6055
1.5746,0.0762,0.05,groundplane,718.6051000000001
1.5746,0.1016,0.05,groundplane,718.6047
