x,y,z,mattype,Wm2Front
1.5746,3.050247e-17,0.05,groundplane,404.7244
1.5746,0.0254,0.05,groundplane,404.7263
1.5746,0.0508,0.05,groundplane,404.72610000000003
1.5746,0.0762,0.05,groundplane,404.72599999999994
1.5746,0.1016,0.05,groundplane,404.7259000000001
