x,y,z,mattype,Wm2Front
0.3746,4.821861e-17,0.05,groundplane,694.1407
0.3746,0.0254,0.05,groundplane,694.1461
0.3746,0.0508,0.05,groundplane,694.1442000000001
0.3746,0.0762,0.05,groundplane,694.1421999999999
0.3746,0.1016,0.05,groundplane,694.1403
