x,y,z,rearMat,Wm2Back
0.7819971,4.788351e-17,1.668765,sky,6.28001
0.5865508,3.591588e-17,1.626329,sky,6.28001
0.3911046,2.394825e-17,1.583894,sky,6.28001
0.1956584,1.198062e-17,1.541458,sky,6.28001
0.0002121777,1.299214e-20,1.499023,sky,6.28001
-0.195234,-1.195464e-17,1.456587,sky,6.28001
-0.3906803,-2.392227e-17,1.414152,sky,6.28001
-0.5861265,-3.58899e-17,1.371716,sky,6.28001
-0.7815727,-4.785753e-17,1.329281,sky,6.28001
