x,y,z,mattype,Wm2Front
1.5746,4.885126e-17,0.05,groundplane,712.6565
1.5746,0.0254,0.05,groundplane,712.6576
1.5746,0.0508,0.05,groundplane,712.6571
1.5746,0.0762,0.05,groundplane,712.6565999999999
1.5746,0.1016,0.05,groundplane,712.6561
