x,y,z,rearMat,Wm2Back
0.5211325,3.191016e-17,0.8930223,sky,18.27401
0.3906599,2.392102e-17,1.044604,sky,18.27401
0.2601873,1.593188e-17,1.196185,sky,18.27401
0.1297147,7.942734e-18,1.347766,sky,18.27401
-0.0007579067,-4.64084e-20,1.499348,sky,18.27401
-0.1312305,-8.035551e-18,1.650929,sky,18.27401
-0.2617031,-1.602469e-17,1.80251,sky,18.27401
-0.3921757,-2.401384e-17,1.954092,sky,18.27401
-0.5226483,-3.200298e-17,2.105673,sky,18.27401
