x,y,z,rearMat,Wm2Back
0.6978719,4.273233e-17,1.891121,sky,77.0202
0.5235264,3.205675e-17,1.793123,sky,77.0202
0.349181,2.138117e-17,1.695125,sky,77.0202
0.1748355,1.070559e-17,1.597127,sky,77.0202
0.0004899912,3.00033e-20,1.499128,sky,77.0202
-0.1738555,-1.064558e-17,1.40113,sky,77.0202
-0.348201,-2.132116e-17,1.303132,sky,77.0202
-0.5225465,-3.199674e-17,1.205134,sky,77.0202
-0.6968919,-4.267232e-17,1.107135,sky,77.0202
