x,y,z,rearMat,Wm2Back
0.7055153,4.320035e-17,1.877159,sky,117.9105
0.5292546,3.24075e-17,1.782649,sky,117.9105
0.3529939,2.161464e-17,1.688139,sky,117.9105
0.1767332,1.082179e-17,1.593629,sky,117.9105
0.0004725508,2.893539e-20,1.499119,sky,117.9105
-0.1757881,-1.076392e-17,1.404609,sky,117.9105
-0.3520488,-2.155677e-17,1.310098,sky,117.9105
-0.5283095,-3.234963e-17,1.215588,sky,117.9105
-0.7045702,-4.314248e-17,1.121078,sky,117.9105
