x,y,z,mattype,Wm2Front
1.5746,4.759768e-17,0.05,groundplane,72.02711
1.5746,0.0254,0.05,groundplane,72.02884
1.5746,0.0508,0.05,groundplane,72.02878
1.5746,0.0762,0.05,groundplane,72.02872
1.5746,0.1016,0.05,groundplane,72.02866
