x,y,z,mattype,Wm2Front
1.5746,4.517173e-17,0.05,groundplane,124.29090000000001
1.5746,0.0254,0.05,groundplane,124.2888
1.5746,0.0508,0.05,groundplane,124.28860000000002
1.5746,0.0762,0.05,groundplane,124.2885
1.5746,0.1016,0.05,groundplane,124.2883
