x,y,z,mattype,Wm2Front
1.5746,4.256377e-17,0.05,groundplane,26.57172
1.5746,0.0254,0.05,groundplane,26.57173
1.5746,0.0508,0.05,groundplane,26.57173
1.5746,0.0762,0.05,groundplane,26.57173
1.5746,0.1016,0.05,groundplane,26.57173
