x,y,z,mattype,Wm2Front
1.5746,4.89493e-17,0.05,groundplane,895.3622
1.5746,0.0254,0.05,groundplane,895.3632000000001
1.5746,0.0508,0.05,groundplane,895.3628
1.5746,0.0762,0.05,groundplane,895.3624
1.5746,0.1016,0.05,groundplane,895.362
