x,y,z,mattype,Wm2Front
0.3746,4.061731e-17,0.05,groundplane,695.8066
0.3746,0.0254,0.05,groundplane,695.8065
0.3746,0.0508,0.05,groundplane,695.8061000000001
0.3746,0.0762,0.05,groundplane,695.8057
0.3746,0.1016,0.05,groundplane,695.8053
