x,y,z,rearMat,Wm2Back
0.6648783,4.071206e-17,1.944902,sky,14.02534
0.498798,3.054257e-17,1.833469,sky,14.02534
0.3327178,2.037309e-17,1.722036,sky,14.02534
0.1666375,1.02036e-17,1.610603,sky,14.02534
0.0005571655,3.411655e-20,1.49917,sky,14.02534
-0.1655231,-1.013537e-17,1.387736,sky,14.02534
-0.3316034,-2.030485e-17,1.276303,sky,14.02534
-0.4976837,-3.047434e-17,1.16487,sky,14.02534
-0.663764,-4.064382e-17,1.053437,sky,14.02534
