x,y,z,rearMat,Wm2Back
0.7579102,4.640862e-17,1.756072,sky,6.479955
0.568513,3.481138e-17,1.691818,sky,6.479955
0.3791158,2.321415e-17,1.627563,sky,6.479955
0.1897185,1.161691e-17,1.563308,sky,6.479955
0.0003212742,1.967237e-20,1.499053,sky,6.479955
-0.189076,-1.157756e-17,1.434798,sky,6.479955
-0.3784732,-2.31748e-17,1.370543,sky,6.479955
-0.5678705,-3.477204e-17,1.306288,sky,6.479955
-0.7572677,-4.636927e-17,1.242034,sky,6.479955
