x,y,z,mattype,Wm2Front
1.5746,4.659283e-17,0.05,groundplane,808.7734999999999
1.5746,0.0254,0.05,groundplane,808.7754
1.5746,0.0508,0.05,groundplane,808.7749
1.5746,0.0762,0.05,groundplane,808.7745
1.5746,0.1016,0.05,groundplane,808.774
