x,y,z,mattype,Wm2Front
0.3746,3.925528e-17,0.05,groundplane,715.9749
0.3746,0.0254,0.05,groundplane,715.975
0.3746,0.0508,0.05,groundplane,715.9747000000001
0.3746,0.0762,0.05,groundplane,715.9744
0.3746,0.1016,0.05,groundplane,715.9741
