x,y,z,mattype,Wm2Front
1.5746,3.247255e-17,0.05,groundplane,459.5044
1.5746,0.0254,0.05,groundplane,459.5033
1.5746,0.0508,0.05,groundplane,459.50319999999994
1.5746,0.0762,0.05,groundplane,459.5031000000001
1.5746,0.1016,0.05,groundplane,459.5031000000001
