x,y,z,mattype,Wm2Front
1.5746,4.864306e-17,0.05,groundplane,889.9888
1.5746,0.0254,0.05,groundplane,889.9894
1.5746,0.0508,0.05,groundplane,889.9889
1.5746,0.0762,0.05,groundplane,889.9883999999998
1.5746,0.1016,0.05,groundplane,889.9879
