x,y,z,mattype,Wm2Front
1.5746,4.549952e-17,0.05,groundplane,243.01059999999998
1.5746,0.0254,0.05,groundplane,243.01149999999998
1.5746,0.0508,0.05,groundplane,243.011
1.5746,0.0762,0.05,groundplane,243.0105
1.5746,0.1016,0.05,groundplane,243.01
