x,y,z,rearMat,Wm2Back
0.7193928,4.40501e-17,1.150036,sky,16.13825
0.5394355,3.30309e-17,1.237302,sky,16.13825
0.3594782,2.201169e-17,1.324568,sky,16.13825
0.1795209,1.099249e-17,1.411834,sky,16.13825
-0.0004363307,-2.671755e-20,1.4991,sky,16.13825
-0.1803936,-1.104592e-17,1.586366,sky,16.13825
-0.3603509,-2.206513e-17,1.673633,sky,16.13825
-0.5403081,-3.308433e-17,1.760899,sky,16.13825
-0.7202654,-4.410354e-17,1.848165,sky,16.13825
