x,y,z,mattype,Wm2Front
0.3746,4.866271e-17,0.05,groundplane,720.2659
0.3746,0.0254,0.05,groundplane,720.2670000000002
0.3746,0.0508,0.05,groundplane,720.2666
0.3746,0.0762,0.05,groundplane,720.2662999999999
0.3746,0.1016,0.05,groundplane,720.2659
