x,y,z,rearMat,Wm2Back
0.6244462,3.82363e-17,2.000068,sky,29.097670000000004
0.4684912,2.868681e-17,1.874856,sky,29.097670000000004
0.3125362,1.913732e-17,1.749644,sky,29.097670000000004
0.1565811,9.587827e-18,1.624432,sky,29.097670000000004
0.0006260596,3.833509e-20,1.49922,sky,29.097670000000004
-0.155329,-9.511157e-18,1.374008,sky,29.097670000000004
-0.311284,-1.906065e-17,1.248796,sky,29.097670000000004
-0.4672391,-2.861014e-17,1.123584,sky,29.097670000000004
-0.6231941,-3.815963e-17,0.9983726,sky,29.097670000000004
