x,y,z,rearMat,Wm2Back
0.5721802,3.503593e-17,2.059116,sky,113.0047
0.4293101,2.628766e-17,1.919158,sky,113.0047
0.28644,1.753939e-17,1.779201,sky,113.0047
0.1435699,8.791121e-18,1.639243,sky,113.0047
0.000699788,4.284966e-20,1.499286,sky,113.0047
-0.1421703,-8.705422e-18,1.359328,sky,113.0047
-0.2850404,-1.745369e-17,1.21937,sky,113.0047
-0.4279105,-2.620196e-17,1.079413,sky,113.0047
-0.5707807,-3.495024e-17,0.9394552,sky,113.0047
