x,y,z,rearMat,Wm2Back
0.5454114,3.339682e-17,2.085258,sky,131.3775
0.4092417,2.505882e-17,1.938774,sky,131.3775
0.2730719,1.672083e-17,1.792289,sky,131.3775
0.1369022,8.38284e-18,1.645804,sky,131.3775
0.0007324241,4.484804e-20,1.499319,sky,131.3775
-0.1354373,-8.293144e-18,1.352834,sky,131.3775
-0.2716071,-1.663114e-17,1.20635,sky,131.3775
-0.4077768,-2.496913e-17,1.059865,sky,131.3775
-0.5439465,-3.330712e-17,0.9133799,sky,131.3775
