x,y,z,rearMat,Wm2Back
0.599982,3.67383e-17,0.9708284,sky,74.73209
0.4498214,2.754362e-17,1.102934,sky,74.73209
0.2996607,1.834893e-17,1.235039,sky,74.73209
0.1495001,9.154242e-18,1.367144,sky,74.73209
-0.000660526,-4.044555e-20,1.499249,sky,74.73209
-0.1508212,-9.235133e-18,1.631354,sky,74.73209
-0.3009818,-1.842982e-17,1.76346,sky,74.73209
-0.4511424,-2.762451e-17,1.895565,sky,74.73209
-0.6013031,-3.681919e-17,2.02767,sky,74.73209
