x,y,z,mattype,Wm2Front
0.3746,3.516853e-17,0.05,groundplane,410.5389
0.3746,0.0254,0.05,groundplane,410.5348000000001
0.3746,0.0508,0.05,groundplane,410.5336
0.3746,0.0762,0.05,groundplane,410.5323
0.3746,0.1016,0.05,groundplane,410.531
