x,y,z,mattype,Wm2Front
1.5746,4.840162e-17,0.05,groundplane,58.82423
1.5746,0.0254,0.05,groundplane,58.82539
1.5746,0.0508,0.05,groundplane,58.82537
1.5746,0.0762,0.05,groundplane,58.82534999999999
1.5746,0.1016,0.05,groundplane,58.82533
