x,y,z,mattype,Wm2Front
0.3746,4.665076e-17,0.05,groundplane,46.95683
0.3746,0.0254,0.05,groundplane,46.95709
0.3746,0.0508,0.05,groundplane,46.95709
0.3746,0.0762,0.05,groundplane,46.9571
0.3746,0.1016,0.05,groundplane,46.9571
