x,y,z,mattype,Wm2Front
0.3746,4.899836e-17,0.05,groundplane,8.61234
0.3746,0.0254,0.05,groundplane,8.612041
0.3746,0.0508,0.05,groundplane,8.612044
0.3746,0.0762,0.05,groundplane,8.612047
0.3746,0.1016,0.05,groundplane,8.61205
