x,y,z,mattype,Wm2Front
1.5746,3.050247e-17,0.05,groundplane,64.30359
1.5746,0.0254,0.05,groundplane,64.30364
1.5746,0.0508,0.05,groundplane,64.30363
1.5746,0.0762,0.05,groundplane,64.30362
1.5746,0.1016,0.05,groundplane,64.3036
