x,y,z,rearMat,Wm2Back
0.5928469,3.63014e-17,2.037153,sky,21.953680000000002
0.4448032,2.723634e-17,1.90268,sky,21.953680000000002
0.2967596,1.817129e-17,1.768207,sky,21.953680000000002
0.148716,9.106228e-18,1.633733,sky,21.953680000000002
0.0006723668,4.117059e-20,1.49926,sky,21.953680000000002
-0.1473713,-9.023887e-18,1.364786,sky,21.953680000000002
-0.2954149,-1.808894e-17,1.230313,sky,21.953680000000002
-0.4434585,-2.7154e-17,1.09584,sky,21.953680000000002
-0.5915021,-3.621906e-17,0.9613663,sky,21.953680000000002
