x,y,z,mattype,Wm2Front
1.5746,4.001949e-17,0.05,groundplane,241.8584
1.5746,0.0254,0.05,groundplane,241.8573
1.5746,0.0508,0.05,groundplane,241.8572
1.5746,0.0762,0.05,groundplane,241.8572
1.5746,0.1016,0.05,groundplane,241.85710000000003
