x,y,z,rearMat,Wm2Back
0.5335554,3.267085e-17,2.096087,sky,187.5282
0.4003531,2.451455e-17,1.946899,sky,187.5282
0.2671507,1.635826e-17,1.79771,sky,187.5282
0.1339483,8.201969e-18,1.648522,sky,187.5282
0.0007459411,4.567572e-20,1.499334,sky,187.5282
-0.1324564,-8.110617e-18,1.350146,sky,187.5282
-0.2656588,-1.626691e-17,1.200958,sky,187.5282
-0.3988612,-2.44232e-17,1.051769,sky,187.5282
-0.5320636,-3.25795e-17,0.9025811,sky,187.5282
