x,y,z,mattype,Wm2Front
0.3746,3.247255e-17,0.05,groundplane,398.8629
0.3746,0.0254,0.05,groundplane,398.8623
0.3746,0.0508,0.05,groundplane,398.8621
0.3746,0.0762,0.05,groundplane,398.862
0.3746,0.1016,0.05,groundplane,398.86179999999996
