x,y,z,mattype,Wm2Front
0.3746,4.852303e-17,0.05,groundplane,33.49702
0.3746,0.0254,0.05,groundplane,33.49784
0.3746,0.0508,0.05,groundplane,33.49781
0.3746,0.0762,0.05,groundplane,33.49778
0.3746,0.1016,0.05,groundplane,33.49775
