x,y,z,mattype,Wm2Front
1.5746,4.894451e-17,0.05,groundplane,24.314990000000005
1.5746,0.0254,0.05,groundplane,24.31555
1.5746,0.0508,0.05,groundplane,24.31554
1.5746,0.0762,0.05,groundplane,24.31553
1.5746,0.1016,0.05,groundplane,24.31551
