x,y,z,mattype,Wm2Front
1.5746,4.741962e-17,0.05,groundplane,818.5300000000001
1.5746,0.0254,0.05,groundplane,818.5331
1.5746,0.0508,0.05,groundplane,818.5319
1.5746,0.0762,0.05,groundplane,818.5306
1.5746,0.1016,0.05,groundplane,818.5294
