x,y,z,rearMat,Wm2Back
0.7981874,4.887488e-17,1.553832,sky,29.08699
0.5986577,3.665721e-17,1.540125,sky,29.08699
0.3991279,2.443954e-17,1.526417,sky,29.08699
0.1995982,1.222187e-17,1.51271,sky,29.08699
6.853767e-05,4.196722e-21,1.499002,sky,29.08699
-0.1994612,-1.221347e-17,1.485295,sky,29.08699
-0.3989909,-2.443114e-17,1.471587,sky,29.08699
-0.5985206,-3.664882e-17,1.45788,sky,29.08699
-0.7980503,-4.886649e-17,1.444172,sky,29.08699
