x,y,z,mattype,Wm2Front
1.5746,4.899247e-17,0.05,groundplane,721.3993999999999
1.5746,0.0254,0.05,groundplane,721.4016
1.5746,0.0508,0.05,groundplane,721.4008
1.5746,0.0762,0.05,groundplane,721.3999
1.5746,0.1016,0.05,groundplane,721.3991
