x,y,z,mattype,Wm2Front
0.3746,4.346847e-17,0.05,groundplane,775.9137
0.3746,0.0254,0.05,groundplane,775.9191999999999
0.3746,0.0508,0.05,groundplane,775.918
0.3746,0.0762,0.05,groundplane,775.9167000000001
0.3746,0.1016,0.05,groundplane,775.9154
