x,y,z,rearMat,Wm2Back
0.5357366,3.280441e-17,2.094127,sky,65.35714
0.4019883,2.461469e-17,1.945428,sky,65.35714
0.2682401,1.642497e-17,1.796729,sky,65.35714
0.1344918,8.235246e-18,1.64803,sky,65.35714
0.0007434951,4.552594e-20,1.499331,sky,65.35714
-0.1330048,-8.144194e-18,1.350632,sky,65.35714
-0.2667531,-1.633391e-17,1.201933,sky,65.35714
-0.4005013,-2.452363e-17,1.053234,sky,65.35714
-0.5342496,-3.271335e-17,0.9045352,sky,65.35714
