x,y,z,mattype,Wm2Front
0.3746,4.810183e-17,0.05,groundplane,759.5416
0.3746,0.0254,0.05,groundplane,759.5425
0.3746,0.0508,0.05,groundplane,759.5421
0.3746,0.0762,0.05,groundplane,759.5417000000001
0.3746,0.1016,0.05,groundplane,759.5413
