x,y,z,rearMat,Wm2Back
0.7997259,4.896909e-17,1.479036,sky,0.6297413
0.5997882,3.672643e-17,1.484027,sky,0.6297413
0.3998505,2.448378e-17,1.489018,sky,0.6297413
0.1999128,1.224113e-17,1.494009,sky,0.6297413
-2.495562e-05,-1.528091e-21,1.499,sky,0.6297413
-0.1999627,-1.224418e-17,1.503991,sky,0.6297413
-0.3999004,-2.448684e-17,1.508983,sky,0.6297413
-0.5998381,-3.672949e-17,1.513974,sky,0.6297413
-0.7997758,-4.897214e-17,1.518965,sky,0.6297413
