x,y,z,mattype,Wm2Front
1.5746,4.246169e-17,0.05,groundplane,413.78579999999994
1.5746,0.0254,0.05,groundplane,413.79389999999995
1.5746,0.0508,0.05,groundplane,413.79209999999995
1.5746,0.0762,0.05,groundplane,413.79040000000003
1.5746,0.1016,0.05,groundplane,413.78860000000003
