x,y,z,rearMat,Wm2Back
0.6337608,3.880666e-17,1.988209,sky,50.99048
0.4754734,2.911435e-17,1.865959,sky,50.99048
0.317186,1.942204e-17,1.743709,sky,50.99048
0.1588986,9.729736e-18,1.621459,sky,50.99048
0.0006112508,3.742832e-20,1.499209,sky,50.99048
-0.1576761,-9.654879e-18,1.376958,sky,50.99048
-0.3159635,-1.934719e-17,1.254708,sky,50.99048
-0.4742509,-2.903949e-17,1.132458,sky,50.99048
-0.6325383,-3.87318e-17,1.010208,sky,50.99048
