x,y,z,rearMat,Wm2Back
0.7933764,4.858029e-17,1.602737,sky,13.17678
0.5950647,3.64372e-17,1.576805,sky,13.17678
0.396753,2.429412e-17,1.550873,sky,13.17678
0.1984413,1.215103e-17,1.524941,sky,13.17678
0.0001296609,7.939443e-21,1.499008,sky,13.17678
-0.198182,-1.213515e-17,1.473076,sky,13.17678
-0.3964937,-2.427824e-17,1.447144,sky,13.17678
-0.5948054,-3.642132e-17,1.421212,sky,13.17678
-0.7931171,-4.856441e-17,1.39528,sky,13.17678
