x,y,z,rearMat,Wm2Back
0.7952633,4.869584e-17,1.586932,sky,3.686989
0.596475,3.652356e-17,1.564951,sky,3.686989
0.3976866,2.435128e-17,1.542969,sky,3.686989
0.1988983,1.217901e-17,1.520988,sky,3.686989
0.0001099078,6.729911e-21,1.499006,sky,3.686989
-0.1986784,-1.216555e-17,1.477025,sky,3.686989
-0.3974668,-2.433782e-17,1.455043,sky,3.686989
-0.5962552,-3.65101e-17,1.433061,sky,3.686989
-0.7950435,-4.868238e-17,1.41108,sky,3.686989
