x,y,z,mattype,Wm2Front
1.5746,4.431848e-17,0.05,groundplane,706.9900000000001
1.5746,0.0254,0.05,groundplane,706.991
1.5746,0.0508,0.05,groundplane,706.9901999999998
1.5746,0.0762,0.05,groundplane,706.9894
1.5746,0.1016,0.05,groundplane,706.9885
