x,y,z,mattype,Wm2Front
1.5746,3.722103e-17,0.05,groundplane,729.4777
1.5746,0.0254,0.05,groundplane,729.48
1.5746,0.0508,0.05,groundplane,729.4796
1.5746,0.0762,0.05,groundplane,729.4792000000001
1.5746,0.1016,0.05,groundplane,729.4789
