x,y,z,mattype,Wm2Front
0.3746,3.050247e-17,0.05,groundplane,455.7399
0.3746,0.0254,0.05,groundplane,455.7419
0.3746,0.0508,0.05,groundplane,455.7416
0.3746,0.0762,0.05,groundplane,455.74140000000006
0.3746,0.1016,0.05,groundplane,455.7412
