x,y,z,rearMat,Wm2Back
0.7171797,4.391459e-17,1.145522,sky,16.69199
0.5377743,3.292918e-17,1.233918,sky,16.69199
0.3583689,2.194376e-17,1.322313,sky,16.69199
0.1789634,1.095835e-17,1.410708,sky,16.69199
-0.0004419756,-2.70632e-20,1.499103,sky,16.69199
-0.1798474,-1.101248e-17,1.587498,sky,16.69199
-0.3592528,-2.199789e-17,1.675893,sky,16.69199
-0.5386582,-3.29833e-17,1.764288,sky,16.69199
-0.7180636,-4.396872e-17,1.852683,sky,16.69199
