x,y,z,rearMat,Wm2Back
0.6239222,3.820422e-17,2.000722,sky,15.01084
0.4680984,2.866276e-17,1.875346,sky,15.01084
0.3122746,1.91213e-17,1.749971,sky,15.01084
0.1564507,9.579843e-18,1.624596,sky,15.01084
0.0006268758,3.838507e-20,1.499221,sky,15.01084
-0.155197,-9.503073e-18,1.373846,sky,15.01084
-0.3110208,-1.904453e-17,1.248471,sky,15.01084
-0.4668446,-2.858599e-17,1.123095,sky,15.01084
-0.6226685,-3.812745e-17,0.9977202,sky,15.01084
