x,y,z,mattype,Wm2Front
0.3746,4.85396e-17,0.05,groundplane,390.0483
0.3746,0.0254,0.05,groundplane,390.05559999999997
0.3746,0.0508,0.05,groundplane,390.0537
0.3746,0.0762,0.05,groundplane,390.0519
0.3746,0.1016,0.05,groundplane,390.05
