x,y,z,rearMat,Wm2Back
0.7858869,4.81217e-17,1.649609,sky,8.749644
0.5894623,3.609415e-17,1.611961,sky,8.749644
0.3930376,2.406661e-17,1.574313,sky,8.749644
0.1966129,1.203907e-17,1.536666,sky,8.749644
0.0001882385,1.152628e-20,1.499018,sky,8.749644
-0.1962364,-1.201602e-17,1.46137,sky,8.749644
-0.3926611,-2.404356e-17,1.423722,sky,8.749644
-0.5890858,-3.60711e-17,1.386075,sky,8.749644
-0.7855104,-4.809864e-17,1.348427,sky,8.749644
