x,y,z,rearMat,Wm2Back
0.5438773,3.330288e-17,2.086684,sky,19.08359
0.4080915,2.49884e-17,1.939843,sky,19.08359
0.2723058,1.667392e-17,1.793003,sky,19.08359
0.13652,8.359438e-18,1.646162,sky,19.08359
0.000734204,4.495703e-20,1.499321,sky,19.08359
-0.1350516,-8.269524e-18,1.35248,sky,19.08359
-0.2708374,-1.658401e-17,1.205639,sky,19.08359
-0.4066231,-2.489849e-17,1.058799,sky,19.08359
-0.5424089,-3.321297e-17,0.9119579,sky,19.08359
