x,y,z,mattype,Wm2Front
0.3746,3.257491e-17,0.05,groundplane,72.81335
0.3746,0.0254,0.05,groundplane,72.81323
0.3746,0.0508,0.05,groundplane,72.81322
0.3746,0.0762,0.05,groundplane,72.81322
0.3746,0.1016,0.05,groundplane,72.81322
