x,y,z,mattype,Wm2Front
0.3746,4.076978e-17,0.05,groundplane,717.68
0.3746,0.0254,0.05,groundplane,717.6805
0.3746,0.0508,0.05,groundplane,717.6802000000001
0.3746,0.0762,0.05,groundplane,717.6799
0.3746,0.1016,0.05,groundplane,717.6796
