x,y,z,rearMat,Wm2Back
0.7999972,4.89857e-17,1.502351,sky,3.463245
0.5999989,3.673934e-17,1.501513,sky,3.463245
0.4000007,2.449298e-17,1.500676,sky,3.463245
0.2000024,1.224662e-17,1.499838,sky,3.463245
4.188778e-06,2.564887e-22,1.499,sky,3.463245
-0.1999941,-1.22461e-17,1.498162,sky,3.463245
-0.3999923,-2.449246e-17,1.497324,sky,3.463245
-0.5999905,-3.673883e-17,1.496487,sky,3.463245
-0.7999888,-4.898519e-17,1.495649,sky,3.463245
