x,y,z,mattype,Wm2Front
0.3746,4.068544e-17,0.05,groundplane,237.0874
0.3746,0.0254,0.05,groundplane,237.09039999999996
0.3746,0.0508,0.05,groundplane,237.09039999999996
0.3746,0.0762,0.05,groundplane,237.09029999999998
0.3746,0.1016,0.05,groundplane,237.09029999999998
