x,y,z,mattype,Wm2Front
1.5746,3.050247e-17,0.05,groundplane,402.4641
1.5746,0.0254,0.05,groundplane,402.4735
1.5746,0.0508,0.05,groundplane,402.4728
1.5746,0.0762,0.05,groundplane,402.4722
1.5746,0.1016,0.05,groundplane,402.4714000000001
