x,y,z,rearMat,Wm2Back
0.791381,4.845811e-17,1.61712,sky,115.1089
0.5935726,3.634584e-17,1.587593,sky,115.1089
0.3957643,2.423357e-17,1.558066,sky,115.1089
0.197956,1.212131e-17,1.528538,sky,115.1089
0.0001476368,9.040146e-21,1.499011,sky,115.1089
-0.1976607,-1.210323e-17,1.469484,sky,115.1089
-0.395469,-2.421549e-17,1.439956,sky,115.1089
-0.5932774,-3.632776e-17,1.410429,sky,115.1089
-0.7910857,-4.844003e-17,1.380902,sky,115.1089
