x,y,z,mattype,Wm2Front
0.3746,4.45822e-17,0.05,groundplane,122.8929
0.3746,0.0254,0.05,groundplane,122.8929
0.3746,0.0508,0.05,groundplane,122.8929
0.3746,0.0762,0.05,groundplane,122.8929
0.3746,0.1016,0.05,groundplane,122.89280000000001
