x,y,z,rearMat,Wm2Back
0.7373741,4.515114e-17,1.189709,sky,17.31012
0.5529339,3.385743e-17,1.267051,sky,17.31012
0.3684937,2.256373e-17,1.344393,sky,17.31012
0.1840535,1.127003e-17,1.421736,sky,17.31012
-0.000386711,-2.367922e-20,1.499078,sky,17.31012
-0.1848269,-1.131738e-17,1.57642,sky,17.31012
-0.3692671,-2.261109e-17,1.653762,sky,17.31012
-0.5537073,-3.390479e-17,1.731104,sky,17.31012
-0.7381475,-4.51985e-17,1.808447,sky,17.31012
