x,y,z,mattype,Wm2Front
0.3746,4.761794e-17,0.05,groundplane,833.4392000000001
0.3746,0.0254,0.05,groundplane,833.4402
0.3746,0.0508,0.05,groundplane,833.4398
0.3746,0.0762,0.05,groundplane,833.4393999999999
0.3746,0.1016,0.05,groundplane,833.439
