x,y,z,mattype,Wm2Front
0.3746,4.813899e-17,0.05,groundplane,9.849795
0.3746,0.0254,0.05,groundplane,9.850251
0.3746,0.0508,0.05,groundplane,9.850244
0.3746,0.0762,0.05,groundplane,9.850237
0.3746,0.1016,0.05,groundplane,9.85023
