x,y,z,rearMat,Wm2Back
0.7826589,4.792403e-17,1.334331,sky,77.52338
0.5869427,3.593987e-17,1.375504,sky,77.52338
0.3912265,2.395571e-17,1.416676,sky,77.52338
0.1955103,1.197155e-17,1.457849,sky,77.52338
-0.0002058626,-1.260545e-20,1.499021,sky,77.52338
-0.195922,-1.199677e-17,1.540194,sky,77.52338
-0.3916382,-2.398092e-17,1.581366,sky,77.52338
-0.5873544,-3.596508e-17,1.622539,sky,77.52338
-0.7830706,-4.794924e-17,1.663712,sky,77.52338
