x,y,z,rearMat,Wm2Back
0.7997888,4.897294e-17,1.518406,sky,12.80542
0.5998477,3.673008e-17,1.513555,sky,12.80542
0.3999066,2.448721e-17,1.508703,sky,12.80542
0.1999654,1.224435e-17,1.503852,sky,12.80542
2.42577e-05,1.485356e-21,1.499,sky,12.80542
-0.1999169,-1.224138e-17,1.494149,sky,12.80542
-0.399858,-2.448424e-17,1.489297,sky,12.80542
-0.5997992,-3.672711e-17,1.484446,sky,12.80542
-0.7997403,-4.896997e-17,1.479594,sky,12.80542
