x,y,z,mattype,Wm2Front
0.3746,4.802858e-17,0.05,groundplane,201.77830000000003
0.3746,0.0254,0.05,groundplane,201.7787
0.3746,0.0508,0.05,groundplane,201.7786
0.3746,0.0762,0.05,groundplane,201.7785
0.3746,0.1016,0.05,groundplane,201.7784
