x,y,z,mattype,Wm2Front
0.3746,4.888076e-17,0.05,groundplane,17.22781
0.3746,0.0254,0.05,groundplane,17.22849
0.3746,0.0508,0.05,groundplane,17.22847
0.3746,0.0762,0.05,groundplane,17.22845
0.3746,0.1016,0.05,groundplane,17.22843
