x,y,z,rearMat,Wm2Back
0.5312627,3.253046e-17,2.098131,sky,5.679495
0.3986341,2.44093e-17,1.948433,sky,5.679495
0.2660056,1.628815e-17,1.798734,sky,5.679495
0.133377,8.166989e-18,1.649035,sky,5.679495
0.0007484929,4.583197e-20,1.499337,sky,5.679495
-0.1318801,-8.075325e-18,1.349638,sky,5.679495
-0.2645086,-1.619648e-17,1.19994,sky,5.679495
-0.3971372,-2.431764e-17,1.050241,sky,5.679495
-0.5297657,-3.243879e-17,0.9005425,sky,5.679495
