x,y,z,mattype,Wm2Front
1.5746,4.886649e-17,0.05,groundplane,808.6277999999999
1.5746,0.0254,0.05,groundplane,808.6286999999999
1.5746,0.0508,0.05,groundplane,808.6283
1.5746,0.0762,0.05,groundplane,808.6277999999999
1.5746,0.1016,0.05,groundplane,808.6274
