x,y,z,mattype,Wm2Front
0.3746,4.900227e-17,0.05,groundplane,767.9555
0.3746,0.0254,0.05,groundplane,767.9562
0.3746,0.0508,0.05,groundplane,767.9558000000001
0.3746,0.0762,0.05,groundplane,767.9554000000002
0.3746,0.1016,0.05,groundplane,767.9551
