x,y,z,mattype,Wm2Front
0.3746,4.222813e-17,0.05,groundplane,215.36659999999998
0.3746,0.0254,0.05,groundplane,215.365
0.3746,0.0508,0.05,groundplane,215.365
0.3746,0.0762,0.05,groundplane,215.3649
0.3746,0.1016,0.05,groundplane,215.3649
