x,y,z,rearMat,Wm2Back
0.7988662,4.891645e-17,1.457411,sky,0.850008
0.5991367,3.668654e-17,1.467809,sky,0.850008
0.3994071,2.445663e-17,1.478206,sky,0.850008
0.1996776,1.222672e-17,1.488604,sky,0.850008
-5.198737e-05,-3.183308e-21,1.499001,sky,0.850008
-0.1997815,-1.223309e-17,1.509399,sky,0.850008
-0.3995111,-2.4463e-17,1.519796,sky,0.850008
-0.5992406,-3.669291e-17,1.530194,sky,0.850008
-0.7989702,-4.892281e-17,1.540591,sky,0.850008
