x,y,z,rearMat,Wm2Back
0.784056,4.800959e-17,1.658925,sky,13.0918
0.588092,3.601025e-17,1.618949,sky,13.0918
0.392128,2.401091e-17,1.578973,sky,13.0918
0.1961639,1.201158e-17,1.538996,sky,13.0918
0.000199881,1.223918e-20,1.49902,sky,13.0918
-0.1957642,-1.19871e-17,1.459044,sky,13.0918
-0.3917282,-2.398643e-17,1.419068,sky,13.0918
-0.5876922,-3.598577e-17,1.379092,sky,13.0918
-0.7836563,-4.798511e-17,1.339115,sky,13.0918
