x,y,z,mattype,Wm2Front
1.5746,4.693994e-17,0.05,groundplane,372.3344
1.5746,0.0254,0.05,groundplane,372.3371
1.5746,0.0508,0.05,groundplane,372.33650000000006
1.5746,0.0762,0.05,groundplane,372.3358
1.5746,0.1016,0.05,groundplane,372.3351
