x,y,z,rearMat,Wm2Back
0.7175505,4.39373e-17,1.146274,sky,106.6787
0.5380526,3.294622e-17,1.234481,sky,106.6787
0.3585547,2.195515e-17,1.322688,sky,106.6787
0.1790568,1.096407e-17,1.410895,sky,106.6787
-0.000441036,-2.700567e-20,1.499103,sky,106.6787
-0.1799389,-1.101808e-17,1.58731,sky,106.6787
-0.3594368,-2.200916e-17,1.675517,sky,106.6787
-0.5389347,-3.300023e-17,1.763724,sky,106.6787
-0.7184326,-4.399131e-17,1.851931,sky,106.6787
