x,y,z,rearMat,Wm2Back
0.7884889,4.828102e-17,1.364773,sky,2.603353
0.5913247,3.62082e-17,1.398333,sky,2.603353
0.3941605,2.413537e-17,1.431894,sky,2.603353
0.1969964,1.206255e-17,1.465454,sky,2.603353
-0.0001678012,-1.027486e-20,1.499014,sky,2.603353
-0.197332,-1.20831e-17,1.532574,sky,2.603353
-0.3944961,-2.415592e-17,1.566135,sky,2.603353
-0.5916603,-3.622875e-17,1.599695,sky,2.603353
-0.7888245,-4.830157e-17,1.633255,sky,2.603353
