x,y,z,rearMat,Wm2Back
0.609307,3.730929e-17,0.9815928,sky,29.976029999999998
0.4568185,2.797206e-17,1.111004,sky,29.976029999999998
0.3043299,1.863483e-17,1.240415,sky,29.976029999999998
0.1518414,9.297607e-18,1.369826,sky,29.976029999999998
-0.000647056,-3.962075e-20,1.499238,sky,29.976029999999998
-0.1531356,-9.376849e-18,1.628649,sky,29.976029999999998
-0.3056241,-1.871408e-17,1.75806,sky,29.976029999999998
-0.4581126,-2.80513e-17,1.887471,sky,29.976029999999998
-0.6106011,-3.738853e-17,2.016882,sky,29.976029999999998
