x,y,z,mattype,Wm2Front
1.5746,4.842934e-17,0.05,groundplane,47.27045999999999
1.5746,0.0254,0.05,groundplane,47.271449999999994
1.5746,0.0508,0.05,groundplane,47.27142
1.5746,0.0762,0.05,groundplane,47.27139
1.5746,0.1016,0.05,groundplane,47.271359999999994
