x,y,z,mattype,Wm2Front
1.5746,3.247255e-17,0.05,groundplane,205.0775
1.5746,0.0254,0.05,groundplane,205.0756
1.5746,0.0508,0.05,groundplane,205.07499999999996
1.5746,0.0762,0.05,groundplane,205.07450000000003
1.5746,0.1016,0.05,groundplane,205.0739
