x,y,z,mattype,Wm2Front
1.5746,4.858058e-17,0.05,groundplane,24.404479999999996
1.5746,0.0254,0.05,groundplane,24.40387
1.5746,0.0508,0.05,groundplane,24.403849999999995
1.5746,0.0762,0.05,groundplane,24.40384
1.5746,0.1016,0.05,groundplane,24.40382
