x,y,z,mattype,Wm2Front
1.5746,4.4041e-17,0.05,groundplane,191.4897
1.5746,0.0254,0.05,groundplane,191.48840000000004
1.5746,0.0508,0.05,groundplane,191.48840000000004
1.5746,0.0762,0.05,groundplane,191.48840000000004
1.5746,0.1016,0.05,groundplane,191.48840000000004
