x,y,z,rearMat,Wm2Back
0.7997952,4.897333e-17,1.518127,sky,0.2085529
0.5998524,3.673037e-17,1.513346,sky,0.2085529
0.3999096,2.44874e-17,1.508564,sky,0.2085529
0.1999667,1.224443e-17,1.503782,sky,0.2085529
2.390873e-05,1.463988e-21,1.499,sky,0.2085529
-0.1999189,-1.22415e-17,1.494219,sky,0.2085529
-0.3998617,-2.448447e-17,1.489437,sky,0.2085529
-0.5998046,-3.672744e-17,1.484655,sky,0.2085529
-0.7997474,-4.897041e-17,1.479873,sky,0.2085529
