x,y,z,mattype,Wm2Front
0.3746,4.751672e-17,0.05,groundplane,94.89949
0.3746,0.0254,0.05,groundplane,94.89866
0.3746,0.0508,0.05,groundplane,94.89862
0.3746,0.0762,0.05,groundplane,94.89859
0.3746,0.1016,0.05,groundplane,94.89856000000002
