x,y,z,mattype,Wm2Front
1.5746,4.726288e-17,0.05,groundplane,787.0916000000001
1.5746,0.0254,0.05,groundplane,787.0931999999999
1.5746,0.0508,0.05,groundplane,787.0927
1.5746,0.0762,0.05,groundplane,787.0921
1.5746,0.1016,0.05,groundplane,787.0916000000001
