x,y,z,rearMat,Wm2Back
0.7920753,4.850062e-17,1.387671,sky,12.92938
0.5940217,3.637334e-17,1.415506,sky,12.92938
0.3959681,2.424605e-17,1.44334,sky,12.92938
0.1979144,1.211876e-17,1.471175,sky,12.92938
-0.0001391731,-8.521895e-21,1.49901,sky,12.92938
-0.1981928,-1.213581e-17,1.526844,sky,12.92938
-0.3962464,-2.426309e-17,1.554679,sky,12.92938
-0.5943,-3.639038e-17,1.582514,sky,12.92938
-0.7923536,-4.851767e-17,1.610348,sky,12.92938
