x,y,z,mattype,Wm2Front
1.5746,3.050247e-17,0.05,groundplane,353.0548999999999
1.5746,0.0254,0.05,groundplane,353.0572
1.5746,0.0508,0.05,groundplane,353.0571
1.5746,0.0762,0.05,groundplane,353.0569
1.5746,0.1016,0.05,groundplane,353.0568
