x,y,z,rearMat,Wm2Back
0.5862094,3.589498e-17,0.9556109,sky,83.72893
0.4394872,2.691083e-17,1.091525,sky,83.72893
0.2927649,1.792668e-17,1.227439,sky,83.72893
0.1460427,8.942535e-18,1.363353,sky,83.72893
-0.0006795694,-4.161162e-20,1.499266,sky,83.72893
-0.1474018,-9.025759e-18,1.63518,sky,83.72893
-0.2941241,-1.800991e-17,1.771094,sky,83.72893
-0.4408463,-2.699405e-17,1.907008,sky,83.72893
-0.5875686,-3.59782e-17,2.042922,sky,83.72893
