x,y,z,rearMat,Wm2Back
0.7061512,4.323929e-17,1.124033,sky,11.2689
0.5294962,3.242229e-17,1.217804,sky,11.2689
0.3528412,2.160529e-17,1.311575,sky,11.2689
0.1761862,1.078829e-17,1.405346,sky,11.2689
-0.000468855,-2.870909e-20,1.499117,sky,11.2689
-0.1771239,-1.084571e-17,1.592888,sky,11.2689
-0.3537789,-2.166271e-17,1.686659,sky,11.2689
-0.5304339,-3.247971e-17,1.78043,sky,11.2689
-0.707089,-4.329671e-17,1.874201,sky,11.2689
