x,y,z,mattype,Wm2Front
0.3746,4.098673e-17,0.05,groundplane,126.19850000000001
0.3746,0.0254,0.05,groundplane,126.1973
0.3746,0.0508,0.05,groundplane,126.1972
0.3746,0.0762,0.05,groundplane,126.19710000000002
0.3746,0.1016,0.05,groundplane,126.197
