x,y,z,mattype,Wm2Front
0.3746,3.247255e-17,0.05,groundplane,197.30280000000002
0.3746,0.0254,0.05,groundplane,197.302
0.3746,0.0508,0.05,groundplane,197.30190000000002
0.3746,0.0762,0.05,groundplane,197.3018
0.3746,0.1016,0.05,groundplane,197.3016
