x,y,z,mattype,Wm2Front
0.3746,3.050247e-17,0.05,groundplane,399.3826000000001
0.3746,0.0254,0.05,groundplane,399.38460000000003
0.3746,0.0508,0.05,groundplane,399.38449999999995
0.3746,0.0762,0.05,groundplane,399.3843
0.3746,0.1016,0.05,groundplane,399.3842
