x,y,z,mattype,Wm2Front
1.5746,4.900128e-17,0.05,groundplane,753.1403
1.5746,0.0254,0.05,groundplane,753.1412
1.5746,0.0508,0.05,groundplane,753.1408
1.5746,0.0762,0.05,groundplane,753.1403999999999
1.5746,0.1016,0.05,groundplane,753.1399
