x,y,z,mattype,Wm2Front
0.3746,3.247255e-17,0.05,groundplane,389.06839999999994
0.3746,0.0254,0.05,groundplane,389.067
0.3746,0.0508,0.05,groundplane,389.0668
0.3746,0.0762,0.05,groundplane,389.0667
0.3746,0.1016,0.05,groundplane,389.0665000000001
