x,y,z,mattype,Wm2Front
0.3746,3.247255e-17,0.05,groundplane,391.20599999999996
0.3746,0.0254,0.05,groundplane,391.2057
0.3746,0.0508,0.05,groundplane,391.2055
0.3746,0.0762,0.05,groundplane,391.2054
0.3746,0.1016,0.05,groundplane,391.2053
