x,y,z,rearMat,Wm2Back
0.7795544,4.773394e-17,1.320289,sky,4.016719
0.5846099,3.579703e-17,1.364973,sky,4.016719
0.3896655,2.386013e-17,1.409657,sky,4.016719
0.194721,1.192322e-17,1.454341,sky,4.016719
-0.0002234202,-1.368054e-20,1.499025,sky,4.016719
-0.1951679,-1.195058e-17,1.543709,sky,4.016719
-0.3901123,-2.388749e-17,1.588393,sky,4.016719
-0.5850567,-3.582439e-17,1.633077,sky,4.016719
-0.7800012,-4.77613e-17,1.677761,sky,4.016719
