x,y,z,mattype,Wm2Front
1.5746,4.897057e-17,0.05,groundplane,11.047019999999998
1.5746,0.0254,0.05,groundplane,11.04659
1.5746,0.0508,0.05,groundplane,11.0466
1.5746,0.0762,0.05,groundplane,11.0466
1.5746,0.1016,0.05,groundplane,11.04661
