x,y,z,mattype,Wm2Front
0.3746,4.82379e-17,0.05,groundplane,702.8286000000002
0.3746,0.0254,0.05,groundplane,702.8290000000001
0.3746,0.0508,0.05,groundplane,702.8286000000002
0.3746,0.0762,0.05,groundplane,702.8283
0.3746,0.1016,0.05,groundplane,702.8278999999999
