x,y,z,rearMat,Wm2Back
0.6566678,4.020931e-17,1.043066,sky,99.87231000000001
0.4923583,3.014825e-17,1.157094,sky,99.87231000000001
0.3280488,2.00872e-17,1.271122,sky,99.87231000000001
0.1637393,1.002614e-17,1.38515,sky,99.87231000000001
-0.0005701402,-3.491102e-20,1.499178,sky,99.87231000000001
-0.1648796,-1.009597e-17,1.613206,sky,99.87231000000001
-0.3291891,-2.015702e-17,1.727235,sky,99.87231000000001
-0.4934986,-3.021807e-17,1.841263,sky,99.87231000000001
-0.6578081,-4.027913e-17,1.955291,sky,99.87231000000001
