x,y,z,rearMat,Wm2Back
0.720993,4.414809e-17,1.846656,sky,17.5771
0.5408534,3.311772e-17,1.759766,sky,17.5771
0.3607137,2.208735e-17,1.672877,sky,17.5771
0.1805741,1.105697e-17,1.585988,sky,17.5771
0.0004344453,2.66021e-20,1.499099,sky,17.5771
-0.1797052,-1.100377e-17,1.41221,sky,17.5771
-0.3598449,-2.203414e-17,1.325321,sky,17.5771
-0.5399845,-3.306451e-17,1.238432,sky,17.5771
-0.7201241,-4.409489e-17,1.151543,sky,17.5771
