x,y,z,mattype,Wm2Front
0.3746,4.779753e-17,0.05,groundplane,75.98083
0.3746,0.0254,0.05,groundplane,75.9827
0.3746,0.0508,0.05,groundplane,75.98263
0.3746,0.0762,0.05,groundplane,75.98255
0.3746,0.1016,0.05,groundplane,75.98248
