x,y,z,rearMat,Wm2Back
0.6702641,4.104184e-17,1.936746,sky,19.21009
0.5028348,3.078975e-17,1.82735,sky,19.21009
0.3354055,2.053767e-17,1.717954,sky,19.21009
0.1679763,1.028558e-17,1.608559,sky,19.21009
0.0005469789,3.34928e-20,1.499163,sky,19.21009
-0.1668823,-1.021859e-17,1.389767,sky,19.21009
-0.3343116,-2.047068e-17,1.280371,sky,19.21009
-0.5017408,-3.072277e-17,1.170976,sky,19.21009
-0.6691701,-4.097485e-17,1.06158,sky,19.21009
