x,y,z,mattype,Wm2Front
1.5746,4.286968e-17,0.05,groundplane,730.3822
1.5746,0.0254,0.05,groundplane,730.3878
1.5746,0.0508,0.05,groundplane,730.3874
1.5746,0.0762,0.05,groundplane,730.3870000000001
1.5746,0.1016,0.05,groundplane,730.3865
