x,y,z,mattype,Wm2Front
0.3746,3.050247e-17,0.05,groundplane,480.5874999999999
0.3746,0.0254,0.05,groundplane,480.5916
0.3746,0.0508,0.05,groundplane,480.5913
0.3746,0.0762,0.05,groundplane,480.59100000000007
0.3746,0.1016,0.05,groundplane,480.5907
