x,y,z,rearMat,Wm2Back
0.6097884,3.733877e-17,2.017841,sky,107.0962
0.4575034,2.8014e-17,1.88819,sky,107.0962
0.3052183,1.868923e-17,1.75854,sky,107.0962
0.1529333,9.364463e-18,1.628889,sky,107.0962
0.0006482528,3.969404e-20,1.499239,sky,107.0962
-0.1516368,-9.285075e-18,1.369588,sky,107.0962
-0.3039218,-1.860984e-17,1.239937,sky,107.0962
-0.4562069,-2.793461e-17,1.110287,sky,107.0962
-0.6084919,-3.725938e-17,0.9806363,sky,107.0962
