x,y,z,mattype,Wm2Front
1.5746,4.893121e-17,0.05,groundplane,28.01062
1.5746,0.0254,0.05,groundplane,28.009740000000004
1.5746,0.0508,0.05,groundplane,28.00973
1.5746,0.0762,0.05,groundplane,28.00972
1.5746,0.1016,0.05,groundplane,28.00971
