x,y,z,rearMat,Wm2Back
0.7391663,4.526088e-17,1.805997,sky,16.82923
0.5544706,3.395153e-17,1.729267,sky,16.82923
0.369775,2.264219e-17,1.652537,sky,16.82923
0.1850793,1.133284e-17,1.575807,sky,16.82923
0.0003836507,2.349183e-20,1.499077,sky,16.82923
-0.184312,-1.128586e-17,1.422346,sky,16.82923
-0.3690077,-2.25952e-17,1.345616,sky,16.82923
-0.5537033,-3.390455e-17,1.268886,sky,16.82923
-0.738399,-4.52139e-17,1.192156,sky,16.82923
