x,y,z,mattype,Wm2Front
0.3746,4.600751e-17,0.05,groundplane,847.7141
0.3746,0.0254,0.05,groundplane,847.7142
0.3746,0.0508,0.05,groundplane,847.7139000000001
0.3746,0.0762,0.05,groundplane,847.7135
0.3746,0.1016,0.05,groundplane,847.7132
