x,y,z,rearMat,Wm2Back
0.6454171,3.95204e-17,1.972692,sky,14.06508
0.4842108,2.964936e-17,1.854317,sky,14.06508
0.3230045,1.977832e-17,1.735943,sky,14.06508
0.1617982,9.907282e-18,1.617568,sky,14.06508
0.0005918725,3.624174e-20,1.499194,sky,14.06508
-0.1606144,-9.834798e-18,1.380819,sky,14.06508
-0.3218208,-1.970584e-17,1.262445,sky,14.06508
-0.4830271,-2.957688e-17,1.14407,sky,14.06508
-0.6442334,-3.944792e-17,1.025696,sky,14.06508
