x,y,z,rearMat,Wm2Back
0.7943538,4.864014e-17,1.405116,sky,30.08084
0.595736,3.647831e-17,1.428588,sky,30.08084
0.3971182,2.431648e-17,1.452061,sky,30.08084
0.1985004,1.215465e-17,1.475534,sky,30.08084
-0.0001173641,-7.186477e-21,1.499007,sky,30.08084
-0.1987352,-1.216902e-17,1.52248,sky,30.08084
-0.3973529,-2.433085e-17,1.545953,sky,30.08084
-0.5959707,-3.649268e-17,1.569425,sky,30.08084
-0.7945885,-4.865451e-17,1.592898,sky,30.08084
