x,y,z,mattype,Wm2Front
0.3746,4.311482e-17,0.05,groundplane,803.9422
0.3746,0.0254,0.05,groundplane,803.942
0.3746,0.0508,0.05,groundplane,803.9417
0.3746,0.0762,0.05,groundplane,803.9413
0.3746,0.1016,0.05,groundplane,803.9410000000001
