x,y,z,mattype,Wm2Front
0.3746,3.247255e-17,0.05,groundplane,357.17069999999995
0.3746,0.0254,0.05,groundplane,357.1703
0.3746,0.0508,0.05,groundplane,357.1702
0.3746,0.0762,0.05,groundplane,357.17
0.3746,0.1016,0.05,groundplane,357.16990000000004
