x,y,z,rearMat,Wm2Back
0.7706118,4.718636e-17,1.714845,sky,11.64317
0.5780263,3.53939e-17,1.660893,sky,11.64317
0.3854408,2.360144e-17,1.606941,sky,11.64317
0.1928553,1.180898e-17,1.552989,sky,11.64317
0.0002697602,1.651805e-20,1.499037,sky,11.64317
-0.1923157,-1.177594e-17,1.445085,sky,11.64317
-0.3849012,-2.35684e-17,1.391133,sky,11.64317
-0.5774868,-3.536087e-17,1.337181,sky,11.64317
-0.7700723,-4.715333e-17,1.283229,sky,11.64317
