x,y,z,mattype,Wm2Front
1.5746,4.45919e-17,0.05,groundplane,795.7079
1.5746,0.0254,0.05,groundplane,795.708
1.5746,0.0508,0.05,groundplane,795.7076000000001
1.5746,0.0762,0.05,groundplane,795.7071
1.5746,0.1016,0.05,groundplane,795.7067000000001
