x,y,z,mattype,Wm2Front
0.3746,4.885677e-17,0.05,groundplane,10.13341
0.3746,0.0254,0.05,groundplane,10.13347
0.3746,0.0508,0.05,groundplane,10.13347
0.3746,0.0762,0.05,groundplane,10.13347
0.3746,0.1016,0.05,groundplane,10.13346
