x,y,z,rearMat,Wm2Back
0.5685259,3.481217e-17,0.9371685,sky,18.40563
0.4262188,2.609837e-17,1.077698,sky,18.40563
0.2839116,1.738457e-17,1.218228,sky,18.40563
0.1416045,8.670774e-18,1.358758,sky,18.40563
-0.00070265,-4.30249e-20,1.499288,sky,18.40563
-0.1430098,-8.756824e-18,1.639818,sky,18.40563
-0.2853169,-1.747062e-17,1.780348,sky,18.40563
-0.4276241,-2.618442e-17,1.920878,sky,18.40563
-0.5699312,-3.489822e-17,2.061408,sky,18.40563
