x,y,z,mattype,Wm2Front
1.5746,3.050247e-17,0.05,groundplane,455.9478
1.5746,0.0254,0.05,groundplane,455.95059999999995
1.5746,0.0508,0.05,groundplane,455.9503
1.5746,0.0762,0.05,groundplane,455.95
1.5746,0.1016,0.05,groundplane,455.94969999999995
