x,y,z,rearMat,Wm2Back
0.7528866,4.610101e-17,1.229514,sky,5.766019
0.5645807,3.45706e-17,1.2969,sky,5.766019
0.3762748,2.304019e-17,1.364286,sky,5.766019
0.1879689,1.150978e-17,1.431672,sky,5.766019
-0.0003369309,-2.063107e-20,1.499058,sky,5.766019
-0.1886428,-1.155104e-17,1.566445,sky,5.766019
-0.3769487,-2.308145e-17,1.633831,sky,5.766019
-0.5652545,-3.461186e-17,1.701217,sky,5.766019
-0.7535604,-4.614227e-17,1.768603,sky,5.766019
