x,y,z,mattype,Wm2Front
1.5746,4.845514e-17,0.05,groundplane,48.868590000000005
1.5746,0.0254,0.05,groundplane,48.86955
1.5746,0.0508,0.05,groundplane,48.86956
1.5746,0.0762,0.05,groundplane,48.86957
1.5746,0.1016,0.05,groundplane,48.869580000000006
