x,y,z,mattype,Wm2Front
1.5746,4.387952e-17,0.05,groundplane,763.2264
1.5746,0.0254,0.05,groundplane,763.2301000000001
1.5746,0.0508,0.05,groundplane,763.2294
1.5746,0.0762,0.05,groundplane,763.2288
1.5746,0.1016,0.05,groundplane,763.2282
