x,y,z,mattype,Wm2Front
0.3746,4.603473e-17,0.05,groundplane,122.3516
0.3746,0.0254,0.05,groundplane,122.3535
0.3746,0.0508,0.05,groundplane,122.35340000000001
0.3746,0.0762,0.05,groundplane,122.3533
0.3746,0.1016,0.05,groundplane,122.3532
