x,y,z,mattype,Wm2Front
0.3746,3.050247e-17,0.05,groundplane,491.89439999999996
0.3746,0.0254,0.05,groundplane,491.8975
0.3746,0.0508,0.05,groundplane,491.8974
0.3746,0.0762,0.05,groundplane,491.89720000000005
0.3746,0.1016,0.05,groundplane,491.89709999999997
