x,y,z,rearMat,Wm2Back
0.5333136,3.265604e-17,0.9036967,sky,26.34177
0.3997991,2.448063e-17,1.052606,sky,26.34177
0.2662845,1.630523e-17,1.201515,sky,26.34177
0.13277,8.129818e-18,1.350424,sky,26.34177
-0.0007445446,-4.559021e-20,1.499332,sky,26.34177
-0.1342591,-8.220998e-18,1.648241,sky,26.34177
-0.2677736,-1.639641e-17,1.79715,sky,26.34177
-0.4012882,-2.457181e-17,1.946059,sky,26.34177
-0.5348027,-3.274722e-17,2.094968,sky,26.34177
