x,y,z,mattype,Wm2Front
0.3746,4.586457e-17,0.05,groundplane,718.9807999999999
0.3746,0.0254,0.05,groundplane,718.9810000000001
0.3746,0.0508,0.05,groundplane,718.9806
0.3746,0.0762,0.05,groundplane,718.9802
0.3746,0.1016,0.05,groundplane,718.9798
