x,y,z,mattype,Wm2Front
0.3746,4.580183e-17,0.05,groundplane,182.12880000000004
0.3746,0.0254,0.05,groundplane,182.1317
0.3746,0.0508,0.05,groundplane,182.1317
0.3746,0.0762,0.05,groundplane,182.1317
0.3746,0.1016,0.05,groundplane,182.1318
