x,y,z,rearMat,Wm2Back
0.6049426,3.704205e-17,0.9765065,sky,14.02939
0.4535436,2.777154e-17,1.107191,sky,14.02939
0.3021446,1.850102e-17,1.237875,sky,14.02939
0.1507456,9.230505e-18,1.368559,sky,14.02939
-0.0006534206,-4.001047e-20,1.499243,sky,14.02939
-0.1520524,-9.310526e-18,1.629927,sky,14.02939
-0.3034514,-1.858104e-17,1.760611,sky,14.02939
-0.4548505,-2.785156e-17,1.891295,sky,14.02939
-0.6062495,-3.712207e-17,2.021979,sky,14.02939
