x,y,z,rearMat,Wm2Back
0.5165971,3.163245e-17,2.110842,sky,34.03532
0.3876389,2.373604e-17,1.957971,sky,34.03532
0.2586807,1.583963e-17,1.805099,sky,34.03532
0.1297225,7.943215e-18,1.652227,sky,34.03532
0.000764359,4.680349e-20,1.499355,sky,34.03532
-0.1281938,-7.849608e-18,1.346483,sky,34.03532
-0.257152,-1.574602e-17,1.193612,sky,34.03532
-0.3861102,-2.364243e-17,1.04074,sky,34.03532
-0.5150684,-3.153884e-17,0.887868,sky,34.03532
