x,y,z,mattype,Wm2Front
0.3746,4.092568e-17,0.05,groundplane,70.62005
0.3746,0.0254,0.05,groundplane,70.61977
0.3746,0.0508,0.05,groundplane,70.61973
0.3746,0.0762,0.05,groundplane,70.61969
0.3746,0.1016,0.05,groundplane,70.61964
