x,y,z,mattype,Wm2Front
1.5746,3.247255e-17,0.05,groundplane,487.3958
1.5746,0.0254,0.05,groundplane,487.39529999999996
1.5746,0.0508,0.05,groundplane,487.3951
1.5746,0.0762,0.05,groundplane,487.3949
1.5746,0.1016,0.05,groundplane,487.3947
