x,y,z,mattype,Wm2Front
1.5746,4.425355e-17,0.05,groundplane,86.73014
1.5746,0.0254,0.05,groundplane,86.73222
1.5746,0.0508,0.05,groundplane,86.73221
1.5746,0.0762,0.05,groundplane,86.73219
1.5746,0.1016,0.05,groundplane,86.73218000000001
