x,y,z,rearMat,Wm2Back
0.7978811,4.885613e-17,1.441805,sky,13.72316
0.598393,3.6641e-17,1.456104,sky,13.72316
0.3989048,2.442588e-17,1.470404,sky,13.72316
0.1994167,1.221075e-17,1.484703,sky,13.72316
-7.149744e-05,-4.377956e-21,1.499003,sky,13.72316
-0.1995597,-1.22195e-17,1.513302,sky,13.72316
-0.3990478,-2.443463e-17,1.527602,sky,13.72316
-0.598536,-3.664976e-17,1.541901,sky,13.72316
-0.7980241,-4.886488e-17,1.556201,sky,13.72316
