x,y,z,rearMat,Wm2Back
0.6917827,4.235947e-17,1.901793,sky,25.00179
0.5189628,3.177731e-17,1.801129,sky,25.00179
0.346143,2.119515e-17,1.700465,sky,25.00179
0.1733232,1.061298e-17,1.5998,sky,25.00179
0.0005033216,3.081956e-20,1.499136,sky,25.00179
-0.1723165,-1.055134e-17,1.398472,sky,25.00179
-0.3451363,-2.113351e-17,1.297807,sky,25.00179
-0.5179562,-3.171567e-17,1.197143,sky,25.00179
-0.690776,-4.229783e-17,1.096479,sky,25.00179
