x,y,z,rearMat,Wm2Back
0.7107558,4.352124e-17,1.132812,sky,104.621
0.5329524,3.263392e-17,1.224387,sky,104.621
0.355149,2.17466e-17,1.315961,sky,104.621
0.1773456,1.085928e-17,1.407536,sky,104.621
-0.0004578739,-2.803669e-20,1.499111,sky,104.621
-0.1782613,-1.091536e-17,1.590686,sky,104.621
-0.3560647,-2.180268e-17,1.682261,sky,104.621
-0.5338682,-3.269e-17,1.773835,sky,104.621
-0.7116716,-4.357732e-17,1.86541,sky,104.621
