x,y,z,mattype,Wm2Front
1.5746,4.234165e-17,0.05,groundplane,119.9685
1.5746,0.0254,0.05,groundplane,119.97110000000002
1.5746,0.0508,0.05,groundplane,119.97089999999999
1.5746,0.0762,0.05,groundplane,119.9708
1.5746,0.1016,0.05,groundplane,119.97070000000001
