x,y,z,mattype,Wm2Front
0.3746,4.140354e-17,0.05,groundplane,208.3614
0.3746,0.0254,0.05,groundplane,208.3614
0.3746,0.0508,0.05,groundplane,208.3611
0.3746,0.0762,0.05,groundplane,208.36070000000004
0.3746,0.1016,0.05,groundplane,208.3604
