x,y,z,rearMat,Wm2Back
0.696777,4.266528e-17,1.893068,sky,9.119246
0.5227058,3.20065e-17,1.794584,sky,9.119246
0.3486347,2.134772e-17,1.696099,sky,9.119246
0.1745636,1.068894e-17,1.597614,sky,9.119246
0.0004924236,3.015225e-20,1.49913,sky,9.119246
-0.1735787,-1.062863e-17,1.400645,sky,9.119246
-0.3476499,-2.128741e-17,1.30216,sky,9.119246
-0.521721,-3.19462e-17,1.203676,sky,9.119246
-0.6957921,-4.260498e-17,1.105191,sky,9.119246
