x,y,z,mattype,Wm2Front
0.3746,3.745918e-17,0.05,groundplane,697.4739
0.3746,0.0254,0.05,groundplane,697.4758
0.3746,0.0508,0.05,groundplane,697.4755
0.3746,0.0762,0.05,groundplane,697.4751
0.3746,0.1016,0.05,groundplane,697.4747000000001
