x,y,z,mattype,Wm2Front
1.5746,4.600751e-17,0.05,groundplane,847.7963
1.5746,0.0254,0.05,groundplane,847.7963999999998
1.5746,0.0508,0.05,groundplane,847.7961
1.5746,0.0762,0.05,groundplane,847.7958
1.5746,0.1016,0.05,groundplane,847.7954
