x,y,z,rearMat,Wm2Back
0.7370663,4.513229e-17,1.811021,sky,7.744796
0.5528972,3.385519e-17,1.733036,sky,7.744796
0.3687281,2.257809e-17,1.65505,sky,7.744796
0.184559,1.130098e-17,1.577065,sky,7.744796
0.0003899277,2.387618e-20,1.499079,sky,7.744796
-0.1837792,-1.125323e-17,1.421094,sky,7.744796
-0.3679483,-2.253033e-17,1.343108,sky,7.744796
-0.5521174,-3.380744e-17,1.265123,sky,7.744796
-0.7362865,-4.508454e-17,1.187137,sky,7.744796
