x,y,z,mattype,Wm2Front
0.3746,3.247255e-17,0.05,groundplane,87.70507000000002
0.3746,0.0254,0.05,groundplane,87.70477
0.3746,0.0508,0.05,groundplane,87.70441999999998
0.3746,0.0762,0.05,groundplane,87.70407
0.3746,0.1016,0.05,groundplane,87.70372000000002
