x,y,z,mattype,Wm2Front
0.3746,3.050247e-17,0.05,groundplane,75.1985
0.3746,0.0254,0.05,groundplane,75.19858
0.3746,0.0508,0.05,groundplane,75.19857
0.3746,0.0762,0.05,groundplane,75.19856
0.3746,0.1016,0.05,groundplane,75.19855
