x,y,z,rearMat,Wm2Back
0.5943446,3.639311e-17,2.035496,sky,108.9386
0.445926,2.730509e-17,1.901436,sky,108.9386
0.2975074,1.821708e-17,1.767377,sky,108.9386
0.1490889,9.12906e-18,1.633317,sky,108.9386
0.0006702971,4.104386e-20,1.499258,sky,108.9386
-0.1477483,-9.046972e-18,1.365198,sky,108.9386
-0.2961668,-1.813499e-17,1.231139,sky,108.9386
-0.4445854,-2.7223e-17,1.09708,sky,108.9386
-0.593004,-3.631102e-17,0.9630202,sky,108.9386
