x,y,z,mattype,Wm2Front
1.5746,4.144131e-17,0.05,groundplane,350.9554
1.5746,0.0254,0.05,groundplane,350.9636
1.5746,0.0508,0.05,groundplane,350.9619
1.5746,0.0762,0.05,groundplane,350.9603
1.5746,0.1016,0.05,groundplane,350.95869999999996
