x,y,z,rearMat,Wm2Back
0.7769134,4.757223e-17,1.690805,sky,4.498703
0.582745,3.568284e-17,1.642861,sky,4.498703
0.3885766,2.379345e-17,1.594917,sky,4.498703
0.1944081,1.190407e-17,1.546973,sky,4.498703
0.0002397197,1.46786e-20,1.499029,sky,4.498703
-0.1939287,-1.187471e-17,1.451085,sky,4.498703
-0.3880971,-2.37641e-17,1.403141,sky,4.498703
-0.5822656,-3.565348e-17,1.355197,sky,4.498703
-0.776434,-4.754287e-17,1.307253,sky,4.498703
