x,y,z,mattype,Wm2Front
0.3746,4.896972e-17,0.05,groundplane,892.2791000000001
0.3746,0.0254,0.05,groundplane,892.2800000000001
0.3746,0.0508,0.05,groundplane,892.2795
0.3746,0.0762,0.05,groundplane,892.2791000000001
0.3746,0.1016,0.05,groundplane,892.2786
