x,y,z,rearMat,Wm2Back
0.718494,4.399507e-17,1.851806,sky,22.815970000000004
0.5389807,3.300305e-17,1.76363,sky,22.815970000000004
0.3594674,2.201103e-17,1.675454,sky,22.815970000000004
0.1799542,1.101901e-17,1.587278,sky,22.815970000000004
0.0004408793,2.699607e-20,1.499102,sky,22.815970000000004
-0.1790724,-1.096502e-17,1.410927,sky,22.815970000000004
-0.3585857,-2.195704e-17,1.322751,sky,22.815970000000004
-0.5380989,-3.294906e-17,1.234575,sky,22.815970000000004
-0.7176122,-4.394108e-17,1.146399,sky,22.815970000000004
