x,y,z,mattype,Wm2Front
0.3746,4.007994e-17,0.05,groundplane,231.35849999999996
0.3746,0.0254,0.05,groundplane,231.3604
0.3746,0.0508,0.05,groundplane,231.36029999999997
0.3746,0.0762,0.05,groundplane,231.3602
0.3746,0.1016,0.05,groundplane,231.3602
