x,y,z,mattype,Wm2Front
1.5746,4.659547e-17,0.05,groundplane,487.1285
1.5746,0.0254,0.05,groundplane,487.13640000000004
1.5746,0.0508,0.05,groundplane,487.1344000000001
1.5746,0.0762,0.05,groundplane,487.1323
1.5746,0.1016,0.05,groundplane,487.1302
