x,y,z,rearMat,Wm2Back
0.7968809,4.879488e-17,1.429418,sky,1.371728
0.597639,3.659483e-17,1.446815,sky,1.371728
0.398397,2.439478e-17,1.464211,sky,1.371728
0.199155,1.219473e-17,1.481607,sky,1.371728
-8.698187e-05,-5.326104e-21,1.499004,sky,1.371728
-0.199329,-1.220538e-17,1.5164,sky,1.371728
-0.3985709,-2.440543e-17,1.533797,sky,1.371728
-0.5978129,-3.660548e-17,1.551193,sky,1.371728
-0.7970549,-4.880554e-17,1.568589,sky,1.371728
