x,y,z,mattype,Wm2Front
0.3746,4.882173e-17,0.05,groundplane,750.9954000000001
0.3746,0.0254,0.05,groundplane,750.9963000000001
0.3746,0.0508,0.05,groundplane,750.9958
0.3746,0.0762,0.05,groundplane,750.9954000000001
0.3746,0.1016,0.05,groundplane,750.995
