x,y,z,mattype,Wm2Front
0.3746,4.764407e-17,0.05,groundplane,685.8208
0.3746,0.0254,0.05,groundplane,685.8276
0.3746,0.0508,0.05,groundplane,685.8254000000001
0.3746,0.0762,0.05,groundplane,685.8232000000002
0.3746,0.1016,0.05,groundplane,685.8211
