x,y,z,rearMat,Wm2Back
0.6790183,4.157788e-17,1.076993,sky,13.06812
0.5091318,3.117533e-17,1.182532,sky,13.06812
0.3392453,2.077278e-17,1.288072,sky,13.06812
0.1693588,1.037024e-17,1.393611,sky,13.06812
-0.0005276973,-3.231214e-20,1.499151,sky,13.06812
-0.1704142,-1.043486e-17,1.60469,sky,13.06812
-0.3403007,-2.083741e-17,1.710229,sky,13.06812
-0.5101872,-3.123996e-17,1.815769,sky,13.06812
-0.6800737,-4.16425e-17,1.921308,sky,13.06812
