x,y,z,mattype,Wm2Front
0.3746,3.247255e-17,0.05,groundplane,356.625
0.3746,0.0254,0.05,groundplane,356.62729999999993
0.3746,0.0508,0.05,groundplane,356.6271
0.3746,0.0762,0.05,groundplane,356.627
0.3746,0.1016,0.05,groundplane,356.6268
