x,y,z,mattype,Wm2Front
1.5746,3.904439e-17,0.05,groundplane,723.9795
1.5746,0.0254,0.05,groundplane,723.9792000000001
1.5746,0.0508,0.05,groundplane,723.9789999999999
1.5746,0.0762,0.05,groundplane,723.9787
1.5746,0.1016,0.05,groundplane,723.9785
