x,y,z,rearMat,Wm2Back
0.649762,3.978645e-17,1.966702,sky,14.96315
0.4874676,2.984878e-17,1.849823,sky,14.96315
0.3251732,1.991112e-17,1.732945,sky,14.96315
0.1628788,9.97345e-18,1.616067,sky,14.96315
0.0005843913,3.578365e-20,1.499189,sky,14.96315
-0.16171,-9.901882e-18,1.38231,sky,14.96315
-0.3240044,-1.983955e-17,1.265432,sky,14.96315
-0.4862988,-2.977721e-17,1.148554,sky,14.96315
-0.6485932,-3.971488e-17,1.031675,sky,14.96315
