x,y,z,mattype,Wm2Front
1.5746,4.233735e-17,0.05,groundplane,780.2835
1.5746,0.0254,0.05,groundplane,780.2896
1.5746,0.0508,0.05,groundplane,780.2884
1.5746,0.0762,0.05,groundplane,780.2872000000001
1.5746,0.1016,0.05,groundplane,780.2860999999999
