x,y,z,mattype,Wm2Front
0.3746,4.828968e-17,0.05,groundplane,80.07013
0.3746,0.0254,0.05,groundplane,80.06895
0.3746,0.0508,0.05,groundplane,80.06889
0.3746,0.0762,0.05,groundplane,80.06883
0.3746,0.1016,0.05,groundplane,80.06878
