x,y,z,rearMat,Wm2Back
0.7407056,4.535514e-17,1.802252,sky,7.555039
0.5556239,3.402215e-17,1.726458,sky,7.555039
0.3705423,2.268917e-17,1.650663,sky,7.555039
0.1854606,1.135619e-17,1.574869,sky,7.555039
0.0003789717,2.320532e-20,1.499075,sky,7.555039
-0.1847027,-1.130978e-17,1.42328,sky,7.555039
-0.3697843,-2.264276e-17,1.347486,sky,7.555039
-0.554866,-3.397574e-17,1.271692,sky,7.555039
-0.7399476,-4.530873e-17,1.195897,sky,7.555039
