x,y,z,mattype,Wm2Front
0.3746,4.322516e-17,0.05,groundplane,191.713
0.3746,0.0254,0.05,groundplane,191.7156
0.3746,0.0508,0.05,groundplane,191.7155
0.3746,0.0762,0.05,groundplane,191.7155
0.3746,0.1016,0.05,groundplane,191.71539999999996
