x,y,z,rearMat,Wm2Back
0.7902349,4.838793e-17,1.375382,sky,2.9468599999999996
0.5926376,3.628859e-17,1.406289,sky,2.9468599999999996
0.3950402,2.418924e-17,1.437197,sky,2.9468599999999996
0.1974428,1.208989e-17,1.468104,sky,2.9468599999999996
-0.000154538,-9.46272e-21,1.499012,sky,2.9468599999999996
-0.1977519,-1.210881e-17,1.52992,sky,2.9468599999999996
-0.3953493,-2.420816e-17,1.560827,sky,2.9468599999999996
-0.5929466,-3.630751e-17,1.591735,sky,2.9468599999999996
-0.790544,-4.840686e-17,1.622642,sky,2.9468599999999996
