x,y,z,mattype,Wm2Front
0.3746,4.723051e-17,0.05,groundplane,735.1075
0.3746,0.0254,0.05,groundplane,735.1084
0.3746,0.0508,0.05,groundplane,735.1079999999998
0.3746,0.0762,0.05,groundplane,735.1075
0.3746,0.1016,0.05,groundplane,735.1070999999998
