x,y,z,mattype,Wm2Front
0.3746,4.602221e-17,0.05,groundplane,82.13817
0.3746,0.0254,0.05,groundplane,82.13563
0.3746,0.0508,0.05,groundplane,82.13557
0.3746,0.0762,0.05,groundplane,82.13552
0.3746,0.1016,0.05,groundplane,82.13547
