x,y,z,mattype,Wm2Front
1.5746,4.581398e-17,0.05,groundplane,849.5935
1.5746,0.0254,0.05,groundplane,849.5952000000001
1.5746,0.0508,0.05,groundplane,849.5947
1.5746,0.0762,0.05,groundplane,849.5942
1.5746,0.1016,0.05,groundplane,849.5938
