x,y,z,mattype,Wm2Front
0.3746,4.302098e-17,0.05,groundplane,187.087
0.3746,0.0254,0.05,groundplane,187.0868
0.3746,0.0508,0.05,groundplane,187.08669999999998
0.3746,0.0762,0.05,groundplane,187.0866
0.3746,0.1016,0.05,groundplane,187.0865
