x,y,z,mattype,Wm2Front
1.5746,3.050247e-17,0.05,groundplane,485.4061
1.5746,0.0254,0.05,groundplane,485.41079999999994
1.5746,0.0508,0.05,groundplane,485.4103
1.5746,0.0762,0.05,groundplane,485.40989999999994
1.5746,0.1016,0.05,groundplane,485.4094
