x,y,z,rearMat,Wm2Back
0.7640098,4.678211e-17,1.262745,sky,120.361
0.5729335,3.508206e-17,1.32182,sky,120.361
0.3818572,2.338201e-17,1.380895,sky,120.361
0.1907809,1.168196e-17,1.43997,sky,120.361
-0.0002953746,-1.808648e-20,1.499045,sky,120.361
-0.1913717,-1.171814e-17,1.55812,sky,120.361
-0.382448,-2.341819e-17,1.617194,sky,120.361
-0.5735243,-3.511823e-17,1.676269,sky,120.361
-0.7646006,-4.681828e-17,1.735344,sky,120.361
