x,y,z,rearMat,Wm2Back
0.7582671,4.643047e-17,1.755014,sky,7.530231
0.5687803,3.482775e-17,1.691024,sky,7.530231
0.3792935,2.322503e-17,1.627033,sky,7.530231
0.1898067,1.162231e-17,1.563043,sky,7.530231
0.0003199516,1.959139e-20,1.499053,sky,7.530231
-0.1891668,-1.158313e-17,1.435062,sky,7.530231
-0.3786536,-2.318585e-17,1.371072,sky,7.530231
-0.5681404,-3.478856e-17,1.307082,sky,7.530231
-0.7576271,-4.639128e-17,1.243091,sky,7.530231
