x,y,z,rearMat,Wm2Back
0.7909254,4.843021e-17,1.620158,sky,16.1995
0.5932319,3.632498e-17,1.589872,sky,16.1995
0.3955384,2.421974e-17,1.559585,sky,16.1995
0.1978449,1.211451e-17,1.529298,sky,16.1995
0.0001514333,9.272618e-21,1.499012,sky,16.1995
-0.1975421,-1.209596e-17,1.468725,sky,16.1995
-0.3952356,-2.42012e-17,1.438438,sky,16.1995
-0.592929,-3.630643e-17,1.408152,sky,16.1995
-0.7906225,-4.841167e-17,1.377865,sky,16.1995
