x,y,z,mattype,Wm2Front
0.3746,4.71638e-17,0.05,groundplane,830.5233
0.3746,0.0254,0.05,groundplane,830.5247
0.3746,0.0508,0.05,groundplane,830.5234999999999
0.3746,0.0762,0.05,groundplane,830.5223
0.3746,0.1016,0.05,groundplane,830.5211
