x,y,z,mattype,Wm2Front
0.3746,4.3205e-17,0.05,groundplane,4.700842
0.3746,0.0254,0.05,groundplane,4.70084
0.3746,0.0508,0.05,groundplane,4.70084
0.3746,0.0762,0.05,groundplane,4.70084
0.3746,0.1016,0.05,groundplane,4.70084
