x,y,z,rearMat,Wm2Back
0.6179957,3.784132e-17,0.991982,sky,86.01673999999998
0.4633383,2.837129e-17,1.118793,sky,86.01673999999998
0.3086808,1.890125e-17,1.245604,sky,86.01673999999998
0.1540234,9.431212e-18,1.372416,sky,86.01673999999998
-0.0006340559,-3.882473e-20,1.499227,sky,86.01673999999998
-0.1552915,-9.508862e-18,1.626038,sky,86.01673999999998
-0.3099489,-1.89789e-17,1.752849,sky,86.01673999999998
-0.4646064,-2.844894e-17,1.87966,sky,86.01673999999998
-0.6192638,-3.791897e-17,2.006471,sky,86.01673999999998
