x,y,z,rearMat,Wm2Back
0.5197883,3.182786e-17,2.108129,sky,22.599910000000005
0.3900315,2.388254e-17,1.955935,sky,22.599910000000005
0.2602747,1.593723e-17,1.80374,sky,22.599910000000005
0.1305178,7.991911e-18,1.651546,sky,22.599910000000005
0.0007609724,4.659612e-20,1.499351,sky,22.599910000000005
-0.1289959,-7.898719e-18,1.347157,sky,22.599910000000005
-0.2587527,-1.584403e-17,1.194962,sky,22.599910000000005
-0.3885096,-2.378935e-17,1.042768,sky,22.599910000000005
-0.5182664,-3.173466e-17,0.8905733,sky,22.599910000000005
