x,y,z,rearMat,Wm2Back
0.6178471,3.783222e-17,2.008199,sky,29.955660000000005
0.4635443,2.83839e-17,1.880956,sky,29.955660000000005
0.3092416,1.893559e-17,1.753714,sky,29.955660000000005
0.1549389,9.487273e-18,1.626471,sky,29.955660000000005
0.0006362129,3.89568e-20,1.499228,sky,29.955660000000005
-0.1536665,-9.409359e-18,1.371986,sky,29.955660000000005
-0.3079692,-1.885768e-17,1.244743,sky,29.955660000000005
-0.4622719,-2.830599e-17,1.117501,sky,29.955660000000005
-0.6165746,-3.775431e-17,0.9902582,sky,29.955660000000005
