x,y,z,rearMat,Wm2Back
0.7976766,4.88436e-17,1.560935,sky,17.89484
0.5982768,3.663389e-17,1.545452,sky,17.89484
0.398877,2.442417e-17,1.529969,sky,17.89484
0.1994772,1.221446e-17,1.514486,sky,17.89484
7.741508e-05,4.740307e-21,1.499003,sky,17.89484
-0.1993224,-1.220498e-17,1.48352,sky,17.89484
-0.3987222,-2.441469e-17,1.468037,sky,17.89484
-0.598122,-3.662441e-17,1.452554,sky,17.89484
-0.7975217,-4.883412e-17,1.437071,sky,17.89484
