x,y,z,mattype,Wm2Front
1.5746,4.532363e-17,0.05,groundplane,170.70400000000004
1.5746,0.0254,0.05,groundplane,170.7065
1.5746,0.0508,0.05,groundplane,170.7064
1.5746,0.0762,0.05,groundplane,170.70629999999997
1.5746,0.1016,0.05,groundplane,170.70629999999997
