x,y,z,mattype,Wm2Front
1.5746,4.863683e-17,0.05,groundplane,885.3642999999998
1.5746,0.0254,0.05,groundplane,885.3647
1.5746,0.0508,0.05,groundplane,885.3642999999998
1.5746,0.0762,0.05,groundplane,885.364
1.5746,0.1016,0.05,groundplane,885.3635
