x,y,z,mattype,Wm2Front
0.3746,3.897192e-17,0.05,groundplane,111.4828
0.3746,0.0254,0.05,groundplane,111.48269999999998
0.3746,0.0508,0.05,groundplane,111.4826
0.3746,0.0762,0.05,groundplane,111.4826
0.3746,0.1016,0.05,groundplane,111.4825
