x,y,z,mattype,Wm2Front
1.5746,3.050247e-17,0.05,groundplane,398.5598
1.5746,0.0254,0.05,groundplane,398.5637
1.5746,0.0508,0.05,groundplane,398.5634
1.5746,0.0762,0.05,groundplane,398.56299999999993
1.5746,0.1016,0.05,groundplane,398.5627
