x,y,z,rearMat,Wm2Back
0.7697688,4.713475e-17,1.282154,sky,4.382328
0.5772589,3.534691e-17,1.336375,sky,4.382328
0.3847489,2.355907e-17,1.390596,sky,4.382328
0.1922389,1.177124e-17,1.444817,sky,4.382328
-0.0002711045,-1.660036e-20,1.499037,sky,4.382328
-0.1927811,-1.180444e-17,1.553258,sky,4.382328
-0.3852911,-2.359227e-17,1.607479,sky,4.382328
-0.5778011,-3.538011e-17,1.6617,sky,4.382328
-0.770311,-4.716795e-17,1.715921,sky,4.382328
