x,y,z,mattype,Wm2Front
1.5746,4.893928e-17,0.05,groundplane,735.9865
1.5746,0.0254,0.05,groundplane,735.9883999999998
1.5746,0.0508,0.05,groundplane,735.9867
1.5746,0.0762,0.05,groundplane,735.985
1.5746,0.1016,0.05,groundplane,735.9834
