x,y,z,rearMat,Wm2Back
0.799357,4.89465e-17,1.532083,sky,1.782382
0.5995281,3.671051e-17,1.523812,sky,1.782382
0.3996992,2.447452e-17,1.515542,sky,1.782382
0.1998703,1.223852e-17,1.507271,sky,1.782382
4.135251e-05,2.532111e-21,1.499001,sky,1.782382
-0.1997876,-1.223346e-17,1.49073,sky,1.782382
-0.3996165,-2.446945e-17,1.48246,sky,1.782382
-0.5994454,-3.670545e-17,1.474189,sky,1.782382
-0.7992743,-4.894144e-17,1.465919,sky,1.782382
