x,y,z,mattype,Wm2Front
0.3746,3.050247e-17,0.05,groundplane,376.593
0.3746,0.0254,0.05,groundplane,376.598
0.3746,0.0508,0.05,groundplane,376.5978
0.3746,0.0762,0.05,groundplane,376.5976
0.3746,0.1016,0.05,groundplane,376.59739999999994
