x,y,z,mattype,Wm2Front
1.5746,4.084081e-17,0.05,groundplane,742.9204999999998
1.5746,0.0254,0.05,groundplane,742.9204999999998
1.5746,0.0508,0.05,groundplane,742.9200999999999
1.5746,0.0762,0.05,groundplane,742.9197
1.5746,0.1016,0.05,groundplane,742.9194000000001
