x,y,z,mattype,Wm2Front
0.3746,4.500425e-17,0.05,groundplane,172.85890000000003
0.3746,0.0254,0.05,groundplane,172.85759999999996
0.3746,0.0508,0.05,groundplane,172.8575
0.3746,0.0762,0.05,groundplane,172.8574
0.3746,0.1016,0.05,groundplane,172.8574
