x,y,z,rearMat,Wm2Back
0.7427808,4.548221e-17,1.202885,sky,63.24694
0.5569931,3.410599e-17,1.276931,sky,63.24694
0.3712053,2.272977e-17,1.350978,sky,63.24694
0.1854175,1.135355e-17,1.425024,sky,63.24694
-0.0003702332,-2.267025e-20,1.499071,sky,63.24694
-0.186158,-1.139889e-17,1.573118,sky,63.24694
-0.3719458,-2.277511e-17,1.647164,sky,63.24694
-0.5577335,-3.415133e-17,1.721211,sky,63.24694
-0.7435213,-4.552755e-17,1.795258,sky,63.24694
