x,y,z,rearMat,Wm2Back
0.731639,4.479997e-17,1.823582,sky,10.18795
0.5488306,3.360618e-17,1.742458,sky,10.18795
0.3660223,2.24124e-17,1.661334,sky,10.18795
0.183214,1.121862e-17,1.58021,sky,10.18795
0.0004056202,2.483708e-20,1.499086,sky,10.18795
-0.1824027,-1.116895e-17,1.417962,sky,10.18795
-0.3652111,-2.236273e-17,1.336838,sky,10.18795
-0.5480194,-3.355651e-17,1.255714,sky,10.18795
-0.7308277,-4.475029e-17,1.17459,sky,10.18795
