x,y,z,rearMat,Wm2Back
0.6779827,4.151447e-17,1.075335,sky,10.66753
0.5083546,3.112774e-17,1.181289,sky,10.66753
0.3387265,2.074101e-17,1.287243,sky,10.66753
0.1690983,1.035429e-17,1.393198,sky,10.66753
-0.0005297712,-3.243913e-20,1.499152,sky,10.66753
-0.1701579,-1.041917e-17,1.605106,sky,10.66753
-0.339786,-2.080589e-17,1.71106,sky,10.66753
-0.5094141,-3.119262e-17,1.817015,sky,10.66753
-0.6790422,-4.157934e-17,1.922969,sky,10.66753
