x,y,z,rearMat,Wm2Back
0.5888934,3.605932e-17,2.041485,sky,25.20108
0.4418395,2.705487e-17,1.90593,sky,25.20108
0.2947856,1.805041e-17,1.770375,sky,25.20108
0.1477317,9.045957e-18,1.63482,sky,25.20108
0.0006777748,4.150174e-20,1.499265,sky,25.20108
-0.1463761,-8.962954e-18,1.36371,sky,25.20108
-0.2934301,-1.796741e-17,1.228155,sky,25.20108
-0.440484,-2.697186e-17,1.0926,sky,25.20108
-0.5875379,-3.597632e-17,0.9570449,sky,25.20108
