x,y,z,mattype,Wm2Front
0.3746,4.771123e-17,0.05,groundplane,80.12035
0.3746,0.0254,0.05,groundplane,80.12153
0.3746,0.0508,0.05,groundplane,80.12154
0.3746,0.0762,0.05,groundplane,80.12155
0.3746,0.1016,0.05,groundplane,80.12155
