x,y,z,mattype,Wm2Front
0.3746,4.650463e-17,0.05,groundplane,697.4711000000001
0.3746,0.0254,0.05,groundplane,697.4720000000001
0.3746,0.0508,0.05,groundplane,697.4717
0.3746,0.0762,0.05,groundplane,697.4714
0.3746,0.1016,0.05,groundplane,697.471
