x,y,z,rearMat,Wm2Back
0.5619378,3.440877e-17,2.069409,sky,49.99987000000001
0.4216315,2.581748e-17,1.926882,sky,49.99987000000001
0.2813252,1.72262e-17,1.784354,sky,49.99987000000001
0.1410189,8.634919e-18,1.641826,sky,49.99987000000001
0.0007126385,4.363652e-20,1.499298,sky,49.99987000000001
-0.1395936,-8.547646e-18,1.356771,sky,49.99987000000001
-0.2798999,-1.713893e-17,1.214243,sky,49.99987000000001
-0.4202062,-2.573021e-17,1.071715,sky,49.99987000000001
-0.5605125,-3.432149e-17,0.9291877,sky,49.99987000000001
