x,y,z,rearMat,Wm2Back
0.7233956,4.42952e-17,1.841614,sky,38.85321
0.5426537,3.322796e-17,1.755984,sky,38.85321
0.3619119,2.216071e-17,1.670355,sky,38.85321
0.18117,1.109346e-17,1.584726,sky,38.85321
0.0004281467,2.621642e-20,1.499096,sky,38.85321
-0.1803137,-1.104103e-17,1.413467,sky,38.85321
-0.3610556,-2.210828e-17,1.327838,sky,38.85321
-0.5417974,-3.317552e-17,1.242208,sky,38.85321
-0.7225393,-4.424277e-17,1.156579,sky,38.85321
