x,y,z,mattype,Wm2Front
0.3746,4.650463e-17,0.05,groundplane,29.852950000000003
0.3746,0.0254,0.05,groundplane,29.85312
0.3746,0.0508,0.05,groundplane,29.85311
0.3746,0.0762,0.05,groundplane,29.8531
0.3746,0.1016,0.05,groundplane,29.853089999999998
