x,y,z,rearMat,Wm2Back
0.6555494,4.014082e-17,1.041463,sky,17.12635
0.491519,3.009686e-17,1.155892,sky,17.12635
0.3274886,2.005289e-17,1.270321,sky,17.12635
0.1634582,1.000893e-17,1.384751,sky,17.12635
-0.0005721459,-3.503383e-20,1.49918,sky,17.12635
-0.1646025,-1.0079e-17,1.613609,sky,17.12635
-0.3286329,-2.012296e-17,1.728038,sky,17.12635
-0.4926633,-3.016692e-17,1.842467,sky,17.12635
-0.6566936,-4.021089e-17,1.956897,sky,17.12635
