x,y,z,rearMat,Wm2Back
0.539459,3.303234e-17,2.090749,sky,66.58343
0.4047791,2.478557e-17,1.942894,sky,66.58343
0.2700992,1.65388e-17,1.795038,sky,66.58343
0.1354192,8.292036e-18,1.647182,sky,66.58343
0.0007392786,4.526776e-20,1.499327,sky,66.58343
-0.1339407,-8.2015e-18,1.351471,sky,66.58343
-0.2686206,-1.644827e-17,1.203615,sky,66.58343
-0.4033005,-2.469504e-17,1.055759,sky,66.58343
-0.5379805,-3.29418e-17,0.9079037,sky,66.58343
