x,y,z,mattype,Wm2Front
1.5746,3.050247e-17,0.05,groundplane,412.5726
1.5746,0.0254,0.05,groundplane,412.5859
1.5746,0.0508,0.05,groundplane,412.58549999999997
1.5746,0.0762,0.05,groundplane,412.5851
1.5746,0.1016,0.05,groundplane,412.58470000000005
