x,y,z,mattype,Wm2Front
0.3746,3.050247e-17,0.05,groundplane,172.4167
0.3746,0.0254,0.05,groundplane,172.41960000000003
0.3746,0.0508,0.05,groundplane,172.4194
0.3746,0.0762,0.05,groundplane,172.4193
0.3746,0.1016,0.05,groundplane,172.41919999999996
