x,y,z,mattype,Wm2Front
1.5746,4.731445e-17,0.05,groundplane,879.6942
1.5746,0.0254,0.05,groundplane,879.6958
1.5746,0.0508,0.05,groundplane,879.6954
1.5746,0.0762,0.05,groundplane,879.695
1.5746,0.1016,0.05,groundplane,879.6946000000002
