x,y,z,rearMat,Wm2Back
0.6969605,4.267652e-17,1.107257,sky,9.532367
0.5225979,3.199989e-17,1.205225,sky,9.532367
0.3482353,2.132326e-17,1.303193,sky,9.532367
0.1738727,1.064663e-17,1.40116,sky,9.532367
-0.000489839,-2.999399e-20,1.499128,sky,9.532367
-0.1748524,-1.070662e-17,1.597096,sky,9.532367
-0.349215,-2.138325e-17,1.695064,sky,9.532367
-0.5235776,-3.205988e-17,1.793032,sky,9.532367
-0.6979402,-4.273651e-17,1.890999,sky,9.532367
