x,y,z,mattype,Wm2Front
0.3746,4.891732e-17,0.05,groundplane,824.1682999999999
0.3746,0.0254,0.05,groundplane,824.1698
0.3746,0.0508,0.05,groundplane,824.1691
0.3746,0.0762,0.05,groundplane,824.1685000000001
0.3746,0.1016,0.05,groundplane,824.1678
