x,y,z,mattype,Wm2Front
1.5746,4.648302e-17,0.05,groundplane,820.9776
1.5746,0.0254,0.05,groundplane,820.9789999999999
1.5746,0.0508,0.05,groundplane,820.9786
1.5746,0.0762,0.05,groundplane,820.9782
1.5746,0.1016,0.05,groundplane,820.9778
