x,y,z,mattype,Wm2Front
0.3746,4.774944e-17,0.05,groundplane,90.36287
0.3746,0.0254,0.05,groundplane,90.36222
0.3746,0.0508,0.05,groundplane,90.36221
0.3746,0.0762,0.05,groundplane,90.36219999999999
0.3746,0.1016,0.05,groundplane,90.36219
