x,y,z,mattype,Wm2Front
0.3746,4.11964e-17,0.05,groundplane,744.915
0.3746,0.0254,0.05,groundplane,744.9154
0.3746,0.0508,0.05,groundplane,744.915
0.3746,0.0762,0.05,groundplane,744.9146999999999
0.3746,0.1016,0.05,groundplane,744.9143
