x,y,z,mattype,Wm2Front
1.5746,4.389474e-17,0.05,groundplane,721.4552
1.5746,0.0254,0.05,groundplane,721.4567000000001
1.5746,0.0508,0.05,groundplane,721.4564
1.5746,0.0762,0.05,groundplane,721.456
1.5746,0.1016,0.05,groundplane,721.4557
