x,y,z,mattype,Wm2Front
1.5746,4.899477e-17,0.05,groundplane,714.0081
1.5746,0.0254,0.05,groundplane,714.009
1.5746,0.0508,0.05,groundplane,714.0087
1.5746,0.0762,0.05,groundplane,714.0084
1.5746,0.1016,0.05,groundplane,714.0080000000002
