x,y,z,mattype,Wm2Front
0.3746,3.247255e-17,0.05,groundplane,402.7246
0.3746,0.0254,0.05,groundplane,402.72419999999994
0.3746,0.0508,0.05,groundplane,402.724
0.3746,0.0762,0.05,groundplane,402.7239
0.3746,0.1016,0.05,groundplane,402.7237
