x,y,z,rearMat,Wm2Back
0.5658673,3.464938e-17,0.9344956,sky,15.17168
0.424224,2.597623e-17,1.075695,sky,15.17168
0.2825807,1.730307e-17,1.216894,sky,15.17168
0.1409373,8.629923e-18,1.358093,sky,15.17168
-0.0007059952,-4.322974e-20,1.499292,sky,15.17168
-0.1423493,-8.716382e-18,1.640491,sky,15.17168
-0.2839926,-1.738953e-17,1.78169,sky,15.17168
-0.425636,-2.606269e-17,1.922889,sky,15.17168
-0.5672793,-3.473584e-17,2.064088,sky,15.17168
