x,y,z,rearMat,Wm2Back
0.7645873,4.681747e-17,1.264612,sky,13.82933
0.5733672,3.510862e-17,1.32322,sky,13.82933
0.3821471,2.339976e-17,1.381828,sky,13.82933
0.190927,1.169091e-17,1.440436,sky,13.82933
-0.0002930393,-1.794348e-20,1.499044,sky,13.82933
-0.1915131,-1.17268e-17,1.557652,sky,13.82933
-0.3827332,-2.343565e-17,1.61626,sky,13.82933
-0.5739533,-3.51445e-17,1.674867,sky,13.82933
-0.7651734,-4.685336e-17,1.733475,sky,13.82933
