x,y,z,mattype,Wm2Front
0.3746,4.650122e-17,0.05,groundplane,124.118
0.3746,0.0254,0.05,groundplane,124.11740000000002
0.3746,0.0508,0.05,groundplane,124.11740000000002
0.3746,0.0762,0.05,groundplane,124.1173
0.3746,0.1016,0.05,groundplane,124.1173
