x,y,z,rearMat,Wm2Back
0.7876726,4.823103e-17,1.360097,sky,2.891664
0.590711,3.617062e-17,1.394826,sky,2.891664
0.3937495,2.41102e-17,1.429556,sky,2.891664
0.1967879,1.204978e-17,1.464286,sky,2.891664
-0.0001736482,-1.063288e-20,1.499015,sky,2.891664
-0.1971352,-1.207105e-17,1.533745,sky,2.891664
-0.3940967,-2.413147e-17,1.568474,sky,2.891664
-0.5910583,-3.619188e-17,1.603204,sky,2.891664
-0.7880199,-4.82523e-17,1.637934,sky,2.891664
