x,y,z,mattype,Wm2Front
1.5746,4.721909e-17,0.05,groundplane,784.6641
1.5746,0.0254,0.05,groundplane,784.667
1.5746,0.0508,0.05,groundplane,784.6666
1.5746,0.0762,0.05,groundplane,784.6661
1.5746,0.1016,0.05,groundplane,784.6655999999999
