x,y,z,rearMat,Wm2Back
0.5859551,3.58794e-17,2.044663,sky,16.35211
0.4396368,2.691999e-17,1.908314,sky,16.35211
0.2933184,1.796057e-17,1.771966,sky,16.35211
0.1470001,9.001159e-18,1.635617,sky,16.35211
0.000681743,4.174472e-20,1.499268,sky,16.35211
-0.1456366,-8.91767e-18,1.36292,sky,16.35211
-0.2919549,-1.787708e-17,1.226571,sky,16.35211
-0.4382733,-2.68365e-17,1.090223,sky,16.35211
-0.5845916,-3.579591e-17,0.953874,sky,16.35211
