x,y,z,rearMat,Wm2Back
0.7946641,4.865914e-17,1.40775,sky,9.825984
0.5959695,3.649261e-17,1.430564,sky,9.825984
0.397275,2.432608e-17,1.453378,sky,9.825984
0.1985805,1.215955e-17,1.476192,sky,9.825984
-0.0001140702,-6.984787e-21,1.499007,sky,9.825984
-0.1988086,-1.217352e-17,1.521821,sky,9.825984
-0.3975031,-2.434005e-17,1.544635,sky,9.825984
-0.5961977,-3.650658e-17,1.567449,sky,9.825984
-0.7948922,-4.867311e-17,1.590263,sky,9.825984
