x,y,z,mattype,Wm2Front
0.3746,4.881225e-17,0.05,groundplane,802.2968999999999
0.3746,0.0254,0.05,groundplane,802.2986
0.3746,0.0508,0.05,groundplane,802.2980000000001
0.3746,0.0762,0.05,groundplane,802.2974
0.3746,0.1016,0.05,groundplane,802.2968
