x,y,z,mattype,Wm2Front
0.3746,4.382227e-17,0.05,groundplane,178.8389
0.3746,0.0254,0.05,groundplane,178.8406
0.3746,0.0508,0.05,groundplane,178.8405
0.3746,0.0762,0.05,groundplane,178.8405
0.3746,0.1016,0.05,groundplane,178.84039999999996
