x,y,z,rearMat,Wm2Back
0.5606121,3.432759e-17,0.9292855,sky,46.20541
0.420281,2.573479e-17,1.071789,sky,46.20541
0.2799498,1.714198e-17,1.214292,sky,46.20541
0.1396186,8.549176e-18,1.356795,sky,46.20541
-0.0007125161,-4.362903e-20,1.499298,sky,46.20541
-0.1410437,-8.636434e-18,1.641802,sky,46.20541
-0.2813748,-1.722924e-17,1.784305,sky,46.20541
-0.421706,-2.582204e-17,1.926808,sky,46.20541
-0.5620372,-3.441485e-17,2.069311,sky,46.20541
