x,y,z,mattype,Wm2Front
1.5746,4.886117e-17,0.05,groundplane,688.1803
1.5746,0.0254,0.05,groundplane,688.1833
1.5746,0.0508,0.05,groundplane,688.1823
1.5746,0.0762,0.05,groundplane,688.1812
1.5746,0.1016,0.05,groundplane,688.1802000000001
