x,y,z,mattype,Wm2Front
1.5746,4.715451e-17,0.05,groundplane,825.4937999999999
1.5746,0.0254,0.05,groundplane,825.4943
1.5746,0.0508,0.05,groundplane,825.4937
1.5746,0.0762,0.05,groundplane,825.4931
1.5746,0.1016,0.05,groundplane,825.4925
