x,y,z,rearMat,Wm2Back
0.7955766,4.871502e-17,1.584017,sky,122.3707
0.596709,3.653789e-17,1.562764,sky,122.3707
0.3978414,2.436076e-17,1.541511,sky,122.3707
0.1989739,1.218363e-17,1.520258,sky,122.3707
0.0001062641,6.506798e-21,1.499006,sky,122.3707
-0.1987613,-1.217062e-17,1.477753,sky,122.3707
-0.3976289,-2.434775e-17,1.4565,sky,122.3707
-0.5964965,-3.652488e-17,1.435247,sky,122.3707
-0.7953641,-4.8702e-17,1.413994,sky,122.3707
