x,y,z,mattype,Wm2Front
1.5746,4.500425e-17,0.05,groundplane,172.66549999999998
1.5746,0.0254,0.05,groundplane,172.66459999999998
1.5746,0.0508,0.05,groundplane,172.66459999999998
1.5746,0.0762,0.05,groundplane,172.6645
1.5746,0.1016,0.05,groundplane,172.6644
