x,y,z,mattype,Wm2Front
0.3746,4.898756e-17,0.05,groundplane,10.41491
0.3746,0.0254,0.05,groundplane,10.41463
0.3746,0.0508,0.05,groundplane,10.41463
0.3746,0.0762,0.05,groundplane,10.41464
0.3746,0.1016,0.05,groundplane,10.41465
