x,y,z,mattype,Wm2Front
1.5746,4.26609e-17,0.05,groundplane,753.4540000000001
1.5746,0.0254,0.05,groundplane,753.4573
1.5746,0.0508,0.05,groundplane,753.4566
1.5746,0.0762,0.05,groundplane,753.4559
1.5746,0.1016,0.05,groundplane,753.4551
