x,y,z,rearMat,Wm2Back
0.5338338,3.268789e-17,0.9041624,sky,36.10125
0.4001893,2.450453e-17,1.052955,sky,36.10125
0.2665449,1.632117e-17,1.201747,sky,36.10125
0.1329005,8.137807e-18,1.350539,sky,36.10125
-0.0007439618,-4.555452e-20,1.499332,sky,36.10125
-0.1343884,-8.228916e-18,1.648124,sky,36.10125
-0.2680328,-1.641228e-17,1.796916,sky,36.10125
-0.4016773,-2.459564e-17,1.945709,sky,36.10125
-0.5353217,-3.2779e-17,2.094501,sky,36.10125
