x,y,z,mattype,Wm2Front
0.3746,4.760527e-17,0.05,groundplane,59.70442
0.3746,0.0254,0.05,groundplane,59.70257999999999
0.3746,0.0508,0.05,groundplane,59.70256
0.3746,0.0762,0.05,groundplane,59.70253
0.3746,0.1016,0.05,groundplane,59.70251
