x,y,z,mattype,Wm2Front
0.3746,4.662907e-17,0.05,groundplane,85.33221
0.3746,0.0254,0.05,groundplane,85.33114
0.3746,0.0508,0.05,groundplane,85.33102
0.3746,0.0762,0.05,groundplane,85.3309
0.3746,0.1016,0.05,groundplane,85.33078
