x,y,z,rearMat,Wm2Back
0.7103275,4.349502e-17,1.868016,sky,23.64577
0.5328609,3.262832e-17,1.77579,sky,23.64577
0.3553943,2.176163e-17,1.683564,sky,23.64577
0.1779277,1.089493e-17,1.591339,sky,23.64577
0.0004611293,2.823602e-20,1.499113,sky,23.64577
-0.1770055,-1.083846e-17,1.406887,sky,23.64577
-0.3544721,-2.170515e-17,1.314661,sky,23.64577
-0.5319387,-3.257185e-17,1.222435,sky,23.64577
-0.7094053,-4.343854e-17,1.130209,sky,23.64577
