x,y,z,mattype,Wm2Front
0.3746,4.431848e-17,0.05,groundplane,707.3542000000001
0.3746,0.0254,0.05,groundplane,707.3548
0.3746,0.0508,0.05,groundplane,707.3539999999999
0.3746,0.0762,0.05,groundplane,707.3532
0.3746,0.1016,0.05,groundplane,707.3524000000001
