x,y,z,rearMat,Wm2Back
0.7993326,4.894501e-17,1.467314,sky,0.6588268
0.5994896,3.670815e-17,1.475236,sky,0.6588268
0.3996465,2.447129e-17,1.483157,sky,0.6588268
0.1998034,1.223443e-17,1.491079,sky,0.6588268
-3.960861e-05,-2.425328e-21,1.499001,sky,0.6588268
-0.1998827,-1.223928e-17,1.506923,sky,0.6588268
-0.3997257,-2.447614e-17,1.514844,sky,0.6588268
-0.5995688,-3.6713e-17,1.522766,sky,0.6588268
-0.7994118,-4.894986e-17,1.530688,sky,0.6588268
