x,y,z,mattype,Wm2Front
0.3746,4.812131e-17,0.05,groundplane,32.29884
0.3746,0.0254,0.05,groundplane,32.29911
0.3746,0.0508,0.05,groundplane,32.29911
0.3746,0.0762,0.05,groundplane,32.29912
0.3746,0.1016,0.05,groundplane,32.29912
