x,y,z,mattype,Wm2Front
0.3746,4.395162e-17,0.05,groundplane,852.6581
0.3746,0.0254,0.05,groundplane,852.66
0.3746,0.0508,0.05,groundplane,852.6596
0.3746,0.0762,0.05,groundplane,852.6592999999999
0.3746,0.1016,0.05,groundplane,852.6589
