x,y,z,mattype,Wm2Front
1.5746,4.265978e-17,0.05,groundplane,727.0345000000001
1.5746,0.0254,0.05,groundplane,727.0344
1.5746,0.0508,0.05,groundplane,727.0341
1.5746,0.0762,0.05,groundplane,727.0338
1.5746,0.1016,0.05,groundplane,727.0333999999999
