x,y,z,mattype,Wm2Front
1.5746,3.050247e-17,0.05,groundplane,470.82840000000004
1.5746,0.0254,0.05,groundplane,470.8308
1.5746,0.0508,0.05,groundplane,470.8306
1.5746,0.0762,0.05,groundplane,470.8304
1.5746,0.1016,0.05,groundplane,470.83020000000005
