x,y,z,rearMat,Wm2Back
0.789906,4.836779e-17,1.373313,sky,16.84521
0.5923902,3.627344e-17,1.404738,sky,16.84521
0.3948744,2.417909e-17,1.436163,sky,16.84521
0.1973587,1.208473e-17,1.467588,sky,16.84521
-0.000157124,-9.621068e-21,1.499012,sky,16.84521
-0.1976729,-1.210397e-17,1.530437,sky,16.84521
-0.3951887,-2.419833e-17,1.561862,sky,16.84521
-0.5927045,-3.629268e-17,1.593287,sky,16.84521
-0.7902202,-4.838703e-17,1.624712,sky,16.84521
