x,y,z,mattype,Wm2Front
1.5746,4.60134e-17,0.05,groundplane,684.0909
1.5746,0.0254,0.05,groundplane,684.0912
1.5746,0.0508,0.05,groundplane,684.0892
1.5746,0.0762,0.05,groundplane,684.0873
1.5746,0.1016,0.05,groundplane,684.0853000000001
