x,y,z,mattype,Wm2Front
1.5746,4.236202e-17,0.05,groundplane,691.6844
1.5746,0.0254,0.05,groundplane,691.6846
1.5746,0.0508,0.05,groundplane,691.6843
1.5746,0.0762,0.05,groundplane,691.6839999999999
1.5746,0.1016,0.05,groundplane,691.6837
