x,y,z,mattype,Wm2Front
0.3746,4.883752e-17,0.05,groundplane,739.7592
0.3746,0.0254,0.05,groundplane,739.7601
0.3746,0.0508,0.05,groundplane,739.7597
0.3746,0.0762,0.05,groundplane,739.7593
0.3746,0.1016,0.05,groundplane,739.7589000000002
