x,y,z,mattype,Wm2Front
1.5746,3.247255e-17,0.05,groundplane,406.2443
1.5746,0.0254,0.05,groundplane,406.2432999999999
1.5746,0.0508,0.05,groundplane,406.24320000000006
1.5746,0.0762,0.05,groundplane,406.24309999999997
1.5746,0.1016,0.05,groundplane,406.24309999999997
