x,y,z,mattype,Wm2Front
1.5746,4.899193e-17,0.05,groundplane,4.395698
1.5746,0.0254,0.05,groundplane,4.395535
1.5746,0.0508,0.05,groundplane,4.395536
1.5746,0.0762,0.05,groundplane,4.395537
1.5746,0.1016,0.05,groundplane,4.395538
