x,y,z,rearMat,Wm2Back
0.7988387,4.891476e-17,1.543101,sky,88.14092999999998
0.5991428,3.668692e-17,1.532076,sky,88.14092999999998
0.3994469,2.445907e-17,1.521051,sky,88.14092999999998
0.199751,1.223122e-17,1.510026,sky,88.14092999999998
5.512445e-05,3.375399e-21,1.499002,sky,88.14092999999998
-0.1996408,-1.222447e-17,1.487977,sky,88.14092999999998
-0.3993367,-2.445232e-17,1.476952,sky,88.14092999999998
-0.5990326,-3.668017e-17,1.465927,sky,88.14092999999998
-0.7987285,-4.890801e-17,1.454902,sky,88.14092999999998
