x,y,z,mattype,Wm2Front
1.5746,4.784421e-17,0.05,groundplane,24.89986
1.5746,0.0254,0.05,groundplane,24.90002
1.5746,0.0508,0.05,groundplane,24.90002
1.5746,0.0762,0.05,groundplane,24.90002
1.5746,0.1016,0.05,groundplane,24.900009999999998
