x,y,z,mattype,Wm2Front
1.5746,4.346847e-17,0.05,groundplane,776.3152
1.5746,0.0254,0.05,groundplane,776.3213
1.5746,0.0508,0.05,groundplane,776.32
1.5746,0.0762,0.05,groundplane,776.3187000000001
1.5746,0.1016,0.05,groundplane,776.3175
