x,y,z,mattype,Wm2Front
1.5746,4.046967e-17,0.05,groundplane,814.2338
1.5746,0.0254,0.05,groundplane,814.2381
1.5746,0.0508,0.05,groundplane,814.2374999999998
1.5746,0.0762,0.05,groundplane,814.2369
1.5746,0.1016,0.05,groundplane,814.2364000000001
