x,y,z,mattype,Wm2Front
1.5746,3.247255e-17,0.05,groundplane,194.8397
1.5746,0.0254,0.05,groundplane,194.8353
1.5746,0.0508,0.05,groundplane,194.835
1.5746,0.0762,0.05,groundplane,194.8348
1.5746,0.1016,0.05,groundplane,194.83450000000002
