x,y,z,mattype,Wm2Front
1.5746,4.817537e-17,0.05,groundplane,887.5479
1.5746,0.0254,0.05,groundplane,887.549
1.5746,0.0508,0.05,groundplane,887.5486
1.5746,0.0762,0.05,groundplane,887.5481999999998
1.5746,0.1016,0.05,groundplane,887.5479
