x,y,z,rearMat,Wm2Back
0.6682504,4.091854e-17,1.060179,sky,14.268970000000001
0.5010506,3.06805e-17,1.169925,sky,14.268970000000001
0.3338509,2.044247e-17,1.279672,sky,14.268970000000001
0.1666511,1.020443e-17,1.389418,sky,14.268970000000001
-0.000548731,-3.360009e-20,1.499164,sky,14.268970000000001
-0.1677485,-1.027163e-17,1.60891,sky,14.268970000000001
-0.3349483,-2.050967e-17,1.718656,sky,14.268970000000001
-0.5021481,-3.07477e-17,1.828403,sky,14.268970000000001
-0.6693479,-4.098574e-17,1.938149,sky,14.268970000000001
