x,y,z,rearMat,Wm2Back
0.6887958,4.217658e-17,1.093108,sky,13.52509
0.51647,3.162466e-17,1.194615,sky,13.52509
0.3441441,2.107275e-17,1.296123,sky,13.52509
0.1718183,1.052084e-17,1.397631,sky,13.52509
-0.0005075384,-3.107776e-20,1.499138,sky,13.52509
-0.1728334,-1.058299e-17,1.600646,sky,13.52509
-0.3451592,-2.113491e-17,1.702154,sky,13.52509
-0.517485,-3.168682e-17,1.803661,sky,13.52509
-0.6898109,-4.223873e-17,1.905169,sky,13.52509
