x,y,z,rearMat,Wm2Back
0.7971578,4.881184e-17,1.432618,sky,16.56308
0.5978476,3.660761e-17,1.449214,sky,16.56308
0.3985374,2.440338e-17,1.465811,sky,16.56308
0.1992272,1.219915e-17,1.482407,sky,16.56308
-8.298214e-05,-5.081191e-21,1.499003,sky,16.56308
-0.1993932,-1.220931e-17,1.5156,sky,16.56308
-0.3987034,-2.441354e-17,1.532196,sky,16.56308
-0.5980136,-3.661777e-17,1.548793,sky,16.56308
-0.7973238,-4.8822e-17,1.565389,sky,16.56308
