x,y,z,mattype,Wm2Front
1.5746,3.247255e-17,0.05,groundplane,392.6887
1.5746,0.0254,0.05,groundplane,392.6874
1.5746,0.0508,0.05,groundplane,392.6873
1.5746,0.0762,0.05,groundplane,392.6872
1.5746,0.1016,0.05,groundplane,392.68700000000007
