x,y,z,rearMat,Wm2Back
0.6597094,4.039555e-17,1.952531,sky,27.25971
0.4949237,3.030534e-17,1.839192,sky,27.25971
0.3301381,2.021513e-17,1.725854,sky,27.25971
0.1653524,1.012491e-17,1.612515,sky,27.25971
0.0005666939,3.469999e-20,1.499176,sky,27.25971
-0.164219,-1.005551e-17,1.385837,sky,27.25971
-0.3290047,-2.014573e-17,1.272499,sky,27.25971
-0.4937904,-3.023594e-17,1.15916,sky,27.25971
-0.658576,-4.032615e-17,1.045821,sky,27.25971
