x,y,z,mattype,Wm2Front
1.5746,4.899152e-17,0.05,groundplane,829.7535000000001
1.5746,0.0254,0.05,groundplane,829.7545999999999
1.5746,0.0508,0.05,groundplane,829.7542
1.5746,0.0762,0.05,groundplane,829.7536999999999
1.5746,0.1016,0.05,groundplane,829.7532
