x,y,z,mattype,Wm2Front
0.3746,3.050247e-17,0.05,groundplane,480.6786
0.3746,0.0254,0.05,groundplane,480.681
0.3746,0.0508,0.05,groundplane,480.6809
0.3746,0.0762,0.05,groundplane,480.6807999999999
0.3746,0.1016,0.05,groundplane,480.68070000000006
