x,y,z,mattype,Wm2Front
0.3746,4.873308e-17,0.05,groundplane,12.83829
0.3746,0.0254,0.05,groundplane,12.83838
0.3746,0.0508,0.05,groundplane,12.83838
0.3746,0.0762,0.05,groundplane,12.83838
0.3746,0.1016,0.05,groundplane,12.83838
