x,y,z,mattype,Wm2Front
1.5746,4.407844e-17,0.05,groundplane,172.8042
1.5746,0.0254,0.05,groundplane,172.8034
1.5746,0.0508,0.05,groundplane,172.8033
1.5746,0.0762,0.05,groundplane,172.8033
1.5746,0.1016,0.05,groundplane,172.80319999999998
