x,y,z,rearMat,Wm2Back
0.5969544,3.655291e-17,2.032585,sky,37.94767
0.4478825,2.742489e-17,1.899252,sky,37.94767
0.2988105,1.829687e-17,1.76592,sky,37.94767
0.1497386,9.168844e-18,1.632587,sky,37.94767
0.0006666626,4.082131e-20,1.499255,sky,37.94767
-0.1484053,-9.087202e-18,1.365922,sky,37.94767
-0.2974772,-1.821523e-17,1.23259,sky,37.94767
-0.4465491,-2.734325e-17,1.099257,sky,37.94767
-0.5956211,-3.647127e-17,0.9659246,sky,37.94767
