x,y,z,rearMat,Wm2Back
0.6693231,4.098422e-17,1.061813,sky,11.26976
0.5018557,3.07298e-17,1.171151,sky,11.26976
0.3343882,2.047537e-17,1.280488,sky,11.26976
0.1669208,1.022095e-17,1.389825,sky,11.26976
-0.0005466867,-3.34749e-20,1.499163,sky,11.26976
-0.1680141,-1.02879e-17,1.6085,sky,11.26976
-0.3354816,-2.054232e-17,1.717837,sky,11.26976
-0.502949,-3.079675e-17,1.827175,sky,11.26976
-0.6704165,-4.105117e-17,1.936512,sky,11.26976
