x,y,z,mattype,Wm2Front
1.5746,4.465645e-17,0.05,groundplane,829.0611
1.5746,0.0254,0.05,groundplane,829.0632
1.5746,0.0508,0.05,groundplane,829.0625999999999
1.5746,0.0762,0.05,groundplane,829.0621
1.5746,0.1016,0.05,groundplane,829.0616
