x,y,z,mattype,Wm2Front
0.3746,4.821821e-17,0.05,groundplane,757.5004
0.3746,0.0254,0.05,groundplane,757.5012
0.3746,0.0508,0.05,groundplane,757.5009
0.3746,0.0762,0.05,groundplane,757.5005
0.3746,0.1016,0.05,groundplane,757.5000999999999
