x,y,z,mattype,Wm2Front
0.3746,3.965595e-17,0.05,groundplane,507.4191
0.3746,0.0254,0.05,groundplane,507.4166
0.3746,0.0508,0.05,groundplane,507.415
0.3746,0.0762,0.05,groundplane,507.4134000000001
0.3746,0.1016,0.05,groundplane,507.4118
