x,y,z,mattype,Wm2Front
0.3746,4.797353e-17,0.05,groundplane,874.1475999999999
0.3746,0.0254,0.05,groundplane,874.1492
0.3746,0.0508,0.05,groundplane,874.1487000000001
0.3746,0.0762,0.05,groundplane,874.1483
0.3746,0.1016,0.05,groundplane,874.1477
