x,y,z,rearMat,Wm2Back
0.5193637,3.180185e-17,2.108492,sky,64.6842
0.3897131,2.386305e-17,1.956207,sky,64.6842
0.2600625,1.592424e-17,1.803922,sky,64.6842
0.130412,7.985431e-18,1.651637,sky,64.6842
0.0007614252,4.662385e-20,1.499352,sky,64.6842
-0.1288891,-7.892183e-18,1.347067,sky,64.6842
-0.2585397,-1.583099e-17,1.194782,sky,64.6842
-0.3881903,-2.37698e-17,1.042497,sky,64.6842
-0.5178408,-3.170861e-17,0.8902116,sky,64.6842
