x,y,z,rearMat,Wm2Back
0.6956077,4.259368e-17,1.895134,sky,56.73756
0.5218295,3.195284e-17,1.796133,sky,56.73756
0.3480513,2.1312e-17,1.697133,sky,56.73756
0.1742732,1.067115e-17,1.598132,sky,56.73756
0.0004950038,3.031024e-20,1.499131,sky,56.73756
-0.1732832,-1.061053e-17,1.40013,sky,56.73756
-0.3470613,-2.125138e-17,1.30113,sky,56.73756
-0.5208395,-3.189222e-17,1.202129,sky,56.73756
-0.6946176,-4.253306e-17,1.103128,sky,56.73756
