x,y,z,mattype,Wm2Front
1.5746,4.748788e-17,0.05,groundplane,7.28388
1.5746,0.0254,0.05,groundplane,7.28388
1.5746,0.0508,0.05,groundplane,7.28388
1.5746,0.0762,0.05,groundplane,7.283881
1.5746,0.1016,0.05,groundplane,7.283881
