x,y,z,rearMat,Wm2Back
0.5172365,3.16716e-17,2.110301,sky,15.648090000000002
0.3881183,2.376539e-17,1.957564,sky,15.648090000000002
0.2590001,1.585918e-17,1.804828,sky,15.648090000000002
0.1298819,7.952971e-18,1.652091,sky,15.648090000000002
0.0007636834,4.676212e-20,1.499354,sky,15.648090000000002
-0.1283545,-7.859447e-18,1.346618,sky,15.648090000000002
-0.2574727,-1.576566e-17,1.193881,sky,15.648090000000002
-0.3865909,-2.367187e-17,1.041144,sky,15.648090000000002
-0.5157091,-3.157808e-17,0.8884077,sky,15.648090000000002
