x,y,z,mattype,Wm2Front
1.5746,4.059943e-17,0.05,groundplane,741.212
1.5746,0.0254,0.05,groundplane,741.2156
1.5746,0.0508,0.05,groundplane,741.2148000000001
1.5746,0.0762,0.05,groundplane,741.2142
1.5746,0.1016,0.05,groundplane,741.2135
