x,y,z,mattype,Wm2Front
0.3746,4.899152e-17,0.05,groundplane,829.8943
0.3746,0.0254,0.05,groundplane,829.895
0.3746,0.0508,0.05,groundplane,829.8946
0.3746,0.0762,0.05,groundplane,829.8942000000001
0.3746,0.1016,0.05,groundplane,829.8937
