x,y,z,mattype,Wm2Front
1.5746,4.425625e-17,0.05,groundplane,713.4612000000001
1.5746,0.0254,0.05,groundplane,713.4616
1.5746,0.0508,0.05,groundplane,713.4613
1.5746,0.0762,0.05,groundplane,713.4609
1.5746,0.1016,0.05,groundplane,713.4606
