x,y,z,rearMat,Wm2Back
0.6122219,3.748778e-17,2.014962,sky,39.66933
0.4593276,2.81257e-17,1.88603,sky,39.66933
0.3064333,1.876363e-17,1.757099,sky,39.66933
0.153539,9.40155e-18,1.628167,sky,39.66933
0.0006446575,3.947389e-20,1.499236,sky,39.66933
-0.1522496,-9.322602e-18,1.370304,sky,39.66933
-0.305144,-1.868468e-17,1.241373,sky,39.66933
-0.4580383,-2.804675e-17,1.112441,sky,39.66933
-0.6109326,-3.740883e-17,0.9835095,sky,39.66933
