x,y,z,mattype,Wm2Front
1.5746,4.899045e-17,0.05,groundplane,4.760547
1.5746,0.0254,0.05,groundplane,4.760541
1.5746,0.0508,0.05,groundplane,4.760541
1.5746,0.0762,0.05,groundplane,4.760541
1.5746,0.1016,0.05,groundplane,4.760542
