x,y,z,rearMat,Wm2Back
0.607221,3.718156e-17,0.9791511,sky,26.82305
0.4552532,2.787622e-17,1.109173,sky,26.82305
0.3032855,1.857088e-17,1.239196,sky,26.82305
0.1513177,9.265535e-18,1.369218,sky,26.82305
-0.0006501114,-3.980784e-20,1.49924,sky,26.82305
-0.1526179,-9.345151e-18,1.629262,sky,26.82305
-0.3045857,-1.865049e-17,1.759285,sky,26.82305
-0.4565535,-2.795584e-17,1.889307,sky,26.82305
-0.6085213,-3.726118e-17,2.019329,sky,26.82305
