x,y,z,rearMat,Wm2Back
0.7979914,4.886288e-17,1.443337,sky,1.927752
0.5984761,3.664609e-17,1.457253,sky,1.927752
0.3989609,2.442931e-17,1.471169,sky,1.927752
0.1994457,1.221252e-17,1.485086,sky,1.927752
-6.958236e-05,-4.260691e-21,1.499002,sky,1.927752
-0.1995848,-1.222105e-17,1.512919,sky,1.927752
-0.3991001,-2.443783e-17,1.526835,sky,1.927752
-0.5986153,-3.665462e-17,1.540752,sky,1.927752
-0.7981306,-4.88714e-17,1.554668,sky,1.927752
