x,y,z,rearMat,Wm2Back
0.6098788,3.73443e-17,2.017734,sky,39.25906
0.4575711,2.801815e-17,1.88811,sky,39.25906
0.3052634,1.869199e-17,1.758486,sky,39.25906
0.1529558,9.36584e-18,1.628862,sky,39.25906
0.0006481199,3.96859e-20,1.499238,sky,39.25906
-0.1516595,-9.286469e-18,1.369614,sky,39.25906
-0.3039672,-1.861262e-17,1.239991,sky,39.25906
-0.4562749,-2.793878e-17,1.110367,sky,39.25906
-0.6085825,-3.726493e-17,0.9807425,sky,39.25906
