x,y,z,rearMat,Wm2Back
0.6839907,4.188235e-17,1.085081,sky,72.70677
0.5128636,3.140384e-17,1.188597,sky,72.70677
0.3417366,2.092533e-17,1.292113,sky,72.70677
0.1706095,1.044682e-17,1.395629,sky,72.70677
-0.0005175791,-3.169258e-20,1.499144,sky,72.70677
-0.1716447,-1.05102e-17,1.60266,sky,72.70677
-0.3427717,-2.098872e-17,1.706176,sky,72.70677
-0.5138988,-3.146723e-17,1.809692,sky,72.70677
-0.6850259,-4.194574e-17,1.913208,sky,72.70677
