x,y,z,mattype,Wm2Front
1.5746,4.885808e-17,0.05,groundplane,807.7382000000001
1.5746,0.0254,0.05,groundplane,807.7392999999998
1.5746,0.0508,0.05,groundplane,807.7389
1.5746,0.0762,0.05,groundplane,807.7383999999998
1.5746,0.1016,0.05,groundplane,807.7379
