x,y,z,mattype,Wm2Front
0.3746,3.247255e-17,0.05,groundplane,365.2935
0.3746,0.0254,0.05,groundplane,365.2928
0.3746,0.0508,0.05,groundplane,365.2926
0.3746,0.0762,0.05,groundplane,365.2924
0.3746,0.1016,0.05,groundplane,365.29220000000004
