x,y,z,mattype,Wm2Front
0.3746,3.050247e-17,0.05,groundplane,470.1737
0.3746,0.0254,0.05,groundplane,470.17800000000005
0.3746,0.0508,0.05,groundplane,470.1777
0.3746,0.0762,0.05,groundplane,470.1773
0.3746,0.1016,0.05,groundplane,470.17699999999996
