x,y,z,mattype,Wm2Front
1.5746,4.546769e-17,0.05,groundplane,79.03812
1.5746,0.0254,0.05,groundplane,79.03825
1.5746,0.0508,0.05,groundplane,79.03823
1.5746,0.0762,0.05,groundplane,79.03822
1.5746,0.1016,0.05,groundplane,79.03822
