x,y,z,rearMat,Wm2Back
0.7422611,4.545039e-17,1.201589,sky,15.283499999999998
0.5566029,3.40821e-17,1.275959,sky,15.283499999999998
0.3709446,2.271381e-17,1.35033,sky,15.283499999999998
0.1852864,1.134552e-17,1.424701,sky,15.283499999999998
-0.0003718539,-2.276949e-20,1.499072,sky,15.283499999999998
-0.1860301,-1.139106e-17,1.573442,sky,15.283499999999998
-0.3716884,-2.275935e-17,1.647813,sky,15.283499999999998
-0.5573466,-3.412764e-17,1.722184,sky,15.283499999999998
-0.7430049,-4.549593e-17,1.796555,sky,15.283499999999998
