x,y,z,rearMat,Wm2Back
0.7330998,4.488942e-17,1.820259,sky,21.86433
0.5499252,3.367321e-17,1.739965,sky,21.86433
0.3667506,2.2457e-17,1.659671,sky,21.86433
0.1835761,1.124079e-17,1.579378,sky,21.86433
0.0004014683,2.458284e-20,1.499084,sky,21.86433
-0.1827731,-1.119163e-17,1.41879,sky,21.86433
-0.3659477,-2.240783e-17,1.338497,sky,21.86433
-0.5491223,-3.362404e-17,1.258203,sky,21.86433
-0.7322969,-4.484025e-17,1.17791,sky,21.86433
