x,y,z,rearMat,Wm2Back
0.5578488,3.415839e-17,2.073416,sky,13.83374
0.418566,2.562978e-17,1.929888,sky,13.83374
0.2792832,1.710117e-17,1.78636,sky,13.83374
0.1400004,8.572554e-18,1.642832,sky,13.83374
0.0007176403,4.394279e-20,1.499304,sky,13.83374
-0.1385652,-8.484669e-18,1.355776,sky,13.83374
-0.2778479,-1.701328e-17,1.212247,sky,13.83374
-0.4171307,-2.554189e-17,1.068719,sky,13.83374
-0.5564135,-3.40705e-17,0.9251914,sky,13.83374
