x,y,z,mattype,Wm2Front
0.3746,3.805877e-17,0.05,groundplane,253.72989999999996
0.3746,0.0254,0.05,groundplane,253.73259999999996
0.3746,0.0508,0.05,groundplane,253.7325
0.3746,0.0762,0.05,groundplane,253.7325
0.3746,0.1016,0.05,groundplane,253.7324
