x,y,z,mattype,Wm2Front
0.3746,3.820916e-17,0.05,groundplane,727.2414
0.3746,0.0254,0.05,groundplane,727.2433
0.3746,0.0508,0.05,groundplane,727.2428999999998
0.3746,0.0762,0.05,groundplane,727.2427000000001
0.3746,0.1016,0.05,groundplane,727.2423
