x,y,z,rearMat,Wm2Back
0.7598544,4.652766e-17,1.750245,sky,18.35995
0.5699693,3.490055e-17,1.687446,sky,18.35995
0.3800842,2.327344e-17,1.624648,sky,18.35995
0.1901991,1.164634e-17,1.561849,sky,18.35995
0.0003139925,1.922649e-20,1.499051,sky,18.35995
-0.1895711,-1.160788e-17,1.436252,sky,18.35995
-0.3794562,-2.323499e-17,1.373454,sky,18.35995
-0.5693413,-3.48621e-17,1.310655,sky,18.35995
-0.7592264,-4.648921e-17,1.247857,sky,18.35995
