x,y,z,mattype,Wm2Front
1.5746,4.760527e-17,0.05,groundplane,59.72844
1.5746,0.0254,0.05,groundplane,59.72684
1.5746,0.0508,0.05,groundplane,59.72681
1.5746,0.0762,0.05,groundplane,59.72679
1.5746,0.1016,0.05,groundplane,59.72677000000001
