x,y,z,mattype,Wm2Front
0.3746,4.863082e-17,0.05,groundplane,712.0031
0.3746,0.0254,0.05,groundplane,712.0036999999999
0.3746,0.0508,0.05,groundplane,712.0034
0.3746,0.0762,0.05,groundplane,712.0031
0.3746,0.1016,0.05,groundplane,712.0027
