x,y,z,rearMat,Wm2Back
0.7144364,4.374661e-17,1.140025,sky,61.72182999999999
0.5357151,3.280309e-17,1.229796,sky,61.72182999999999
0.3569938,2.185956e-17,1.319566,sky,61.72182999999999
0.1782725,1.091604e-17,1.409336,sky,61.72182999999999
-0.0004488512,-2.748421e-20,1.499106,sky,61.72182999999999
-0.1791702,-1.097101e-17,1.588877,sky,61.72182999999999
-0.3578915,-2.191453e-17,1.678647,sky,61.72182999999999
-0.5366128,-3.285806e-17,1.768417,sky,61.72182999999999
-0.7153341,-4.380158e-17,1.858187,sky,61.72182999999999
