x,y,z,mattype,Wm2Front
0.3746,3.050247e-17,0.05,groundplane,99.22494999999999
0.3746,0.0254,0.05,groundplane,99.22526
0.3746,0.0508,0.05,groundplane,99.22520000000002
0.3746,0.0762,0.05,groundplane,99.22514
0.3746,0.1016,0.05,groundplane,99.22508999999998
