x,y,z,mattype,Wm2Front
1.5746,3.247255e-17,0.05,groundplane,345.34649999999993
1.5746,0.0254,0.05,groundplane,345.3452
1.5746,0.0508,0.05,groundplane,345.3451
1.5746,0.0762,0.05,groundplane,345.3451
1.5746,0.1016,0.05,groundplane,345.345
