x,y,z,mattype,Wm2Front
0.3746,4.469768e-17,0.05,groundplane,68.78327
0.3746,0.0254,0.05,groundplane,68.78291
0.3746,0.0508,0.05,groundplane,68.78286
0.3746,0.0762,0.05,groundplane,68.78281
0.3746,0.1016,0.05,groundplane,68.78277
