x,y,z,rearMat,Wm2Back
0.679116,4.158386e-17,1.92285,sky,10.74844
0.5094694,3.119601e-17,1.816926,sky,10.74844
0.3398228,2.080815e-17,1.711001,sky,10.74844
0.1701762,1.042029e-17,1.605076,sky,10.74844
0.0005296232,3.243007e-20,1.499152,sky,10.74844
-0.169117,-1.035543e-17,1.393227,sky,10.74844
-0.3387636,-2.074329e-17,1.287302,sky,10.74844
-0.5084102,-3.113115e-17,1.181378,sky,10.74844
-0.6780568,-4.1519e-17,1.075453,sky,10.74844
