x,y,z,mattype,Wm2Front
0.3746,4.759768e-17,0.05,groundplane,9.510692
0.3746,0.0254,0.05,groundplane,9.510708
0.3746,0.0508,0.05,groundplane,9.510708
0.3746,0.0762,0.05,groundplane,9.510708
0.3746,0.1016,0.05,groundplane,9.510708
