x,y,z,mattype,Wm2Front
0.3746,4.464847e-17,0.05,groundplane,831.4166
0.3746,0.0254,0.05,groundplane,831.4169
0.3746,0.0508,0.05,groundplane,831.4164999999999
0.3746,0.0762,0.05,groundplane,831.4162
0.3746,0.1016,0.05,groundplane,831.4158000000001
