x,y,z,mattype,Wm2Front
1.5746,4.42462e-17,0.05,groundplane,818.6634
1.5746,0.0254,0.05,groundplane,818.6693
1.5746,0.0508,0.05,groundplane,818.668
1.5746,0.0762,0.05,groundplane,818.6667000000001
1.5746,0.1016,0.05,groundplane,818.6654
