x,y,z,mattype,Wm2Front
1.5746,4.888964e-17,0.05,groundplane,845.2655
1.5746,0.0254,0.05,groundplane,845.2665000000001
1.5746,0.0508,0.05,groundplane,845.2661000000002
1.5746,0.0762,0.05,groundplane,845.2657
1.5746,0.1016,0.05,groundplane,845.2653
