x,y,z,rearMat,Wm2Back
0.7023978,4.300946e-17,1.882934,sky,13.41194
0.5269183,3.226444e-17,1.786981,sky,13.41194
0.3514388,2.151942e-17,1.691028,sky,13.41194
0.1759593,1.07744e-17,1.595075,sky,13.41194
0.0004797642,2.937708e-20,1.499123,sky,13.41194
-0.1749997,-1.071564e-17,1.40317,sky,13.41194
-0.3504792,-2.146066e-17,1.307217,sky,13.41194
-0.5259587,-3.220568e-17,1.211264,sky,13.41194
-0.7014382,-4.29507e-17,1.115311,sky,13.41194
