x,y,z,rearMat,Wm2Back
0.6228722,3.813992e-17,2.002027,sky,14.34165
0.4673112,2.861456e-17,1.876326,sky,14.34165
0.3117503,1.90892e-17,1.750625,sky,14.34165
0.1561894,9.563844e-18,1.624923,sky,14.34165
0.0006285062,3.848491e-20,1.499222,sky,14.34165
-0.1549324,-9.486874e-18,1.373521,sky,14.34165
-0.3104933,-1.901223e-17,1.24782,sky,14.34165
-0.4660542,-2.853759e-17,1.122118,sky,14.34165
-0.6216151,-3.806295e-17,0.9964172,sky,14.34165
