x,y,z,mattype,Wm2Front
1.5746,4.887325e-17,0.05,groundplane,29.16121
1.5746,0.0254,0.05,groundplane,29.16064
1.5746,0.0508,0.05,groundplane,29.16063
1.5746,0.0762,0.05,groundplane,29.160610000000002
1.5746,0.1016,0.05,groundplane,29.16059
