x,y,z,rearMat,Wm2Back
0.5586165,3.42054e-17,0.9273321,sky,214.55010000000001
0.4187837,2.56431e-17,1.070324,sky,214.55010000000001
0.2789508,1.708081e-17,1.213316,sky,214.55010000000001
0.1391179,8.518515e-18,1.356309,sky,214.55010000000001
-0.000714961,-4.377873e-20,1.499301,sky,214.55010000000001
-0.1405478,-8.606073e-18,1.642293,sky,214.55010000000001
-0.2803807,-1.716837e-17,1.785285,sky,214.55010000000001
-0.4202136,-2.573066e-17,1.928277,sky,214.55010000000001
-0.5600465,-3.429296e-17,2.07127,sky,214.55010000000001
