x,y,z,mattype,Wm2Front
0.3746,4.767983e-17,0.05,groundplane,85.25293
0.3746,0.0254,0.05,groundplane,85.25397
0.3746,0.0508,0.05,groundplane,85.25393
0.3746,0.0762,0.05,groundplane,85.25391
0.3746,0.1016,0.05,groundplane,85.25388
