x,y,z,rearMat,Wm2Back
0.7678904,4.701972e-17,1.724378,sky,9.074798
0.5759882,3.52691e-17,1.668043,sky,9.074798
0.384086,2.351849e-17,1.611709,sky,9.074798
0.1921838,1.176787e-17,1.555375,sky,9.074798
0.0002816717,1.724741e-20,1.49904,sky,9.074798
-0.1916205,-1.173337e-17,1.442706,sky,9.074798
-0.3835227,-2.348399e-17,1.386372,sky,9.074798
-0.5754248,-3.523461e-17,1.330037,sky,9.074798
-0.767327,-4.698523e-17,1.273703,sky,9.074798
