x,y,z,rearMat,Wm2Back
0.796239,4.875558e-17,1.577488,sky,3.370847
0.5972038,3.656819e-17,1.557867,sky,3.370847
0.3981686,2.438079e-17,1.538246,sky,3.370847
0.1991333,1.21934e-17,1.518626,sky,3.370847
9.810399e-05,6.007137e-21,1.499005,sky,3.370847
-0.1989371,-1.218139e-17,1.479384,sky,3.370847
-0.3979724,-2.436878e-17,1.459763,sky,3.370847
-0.5970076,-3.655617e-17,1.440142,sky,3.370847
-0.7960428,-4.874357e-17,1.420522,sky,3.370847
