x,y,z,rearMat,Wm2Back
0.7612831,4.661514e-17,1.745864,sky,4.261051
0.5710394,3.496608e-17,1.68416,sky,4.261051
0.3807958,2.331702e-17,1.622456,sky,4.261051
0.1905522,1.166795e-17,1.560753,sky,4.261051
0.000308519,1.889134e-20,1.499049,sky,4.261051
-0.1899351,-1.163017e-17,1.437345,sky,4.261051
-0.3801788,-2.327923e-17,1.375641,sky,4.261051
-0.5704224,-3.49283e-17,1.313937,sky,4.261051
-0.760666,-4.657736e-17,1.252234,sky,4.261051
