x,y,z,mattype,Wm2Front
1.5746,4.823941e-17,0.05,groundplane,713.7217
1.5746,0.0254,0.05,groundplane,713.7221
1.5746,0.0508,0.05,groundplane,713.7217999999999
1.5746,0.0762,0.05,groundplane,713.7214
1.5746,0.1016,0.05,groundplane,713.7211000000001
