x,y,z,rearMat,Wm2Back
0.6260729,3.833591e-17,1.00197,sky,222.2465
0.4693993,2.874242e-17,1.126282,sky,222.2465
0.3127257,1.914893e-17,1.250593,sky,222.2465
0.1560521,9.555433e-18,1.374905,sky,222.2465
-0.000621558,-3.805945e-20,1.499217,sky,222.2465
-0.1572952,-9.631552e-18,1.623528,sky,222.2465
-0.3139688,-1.922504e-17,1.74784,sky,222.2465
-0.4706424,-2.881854e-17,1.872151,sky,222.2465
-0.6273161,-3.841203e-17,1.996463,sky,222.2465
