x,y,z,mattype,Wm2Front
1.5746,4.340407e-17,0.05,groundplane,199.1348
1.5746,0.0254,0.05,groundplane,199.1344
1.5746,0.0508,0.05,groundplane,199.13430000000002
1.5746,0.0762,0.05,groundplane,199.1342
1.5746,0.1016,0.05,groundplane,199.1342
