x,y,z,mattype,Wm2Front
1.5746,3.812728e-17,0.05,groundplane,245.41870000000003
1.5746,0.0254,0.05,groundplane,245.41819999999998
1.5746,0.0508,0.05,groundplane,245.41819999999998
1.5746,0.0762,0.05,groundplane,245.4181
1.5746,0.1016,0.05,groundplane,245.418
