x,y,z,mattype,Wm2Front
1.5746,3.513436e-17,0.05,groundplane,198.15099999999998
1.5746,0.0254,0.05,groundplane,198.15279999999998
1.5746,0.0508,0.05,groundplane,198.1525
1.5746,0.0762,0.05,groundplane,198.1523
1.5746,0.1016,0.05,groundplane,198.1521
