x,y,z,rearMat,Wm2Back
0.7493951,4.588722e-17,1.780014,sky,7.720437
0.5621342,3.442079e-17,1.709777,sky,7.720437
0.3748732,2.295436e-17,1.639539,sky,7.720437
0.1876122,1.148793e-17,1.569301,sky,7.720437
0.0003511881,2.150407e-20,1.499064,sky,7.720437
-0.1869098,-1.144492e-17,1.428826,sky,7.720437
-0.3741708,-2.291135e-17,1.358588,sky,7.720437
-0.5614318,-3.437778e-17,1.288351,sky,7.720437
-0.7486928,-4.584421e-17,1.218113,sky,7.720437
