x,y,z,rearMat,Wm2Back
0.7974219,4.882801e-17,1.435818,sky,2.223441
0.5980467,3.66198e-17,1.451614,sky,2.223441
0.3986715,2.441159e-17,1.467411,sky,2.223441
0.1992962,1.220338e-17,1.483207,sky,2.223441
-7.898107e-05,-4.836196e-21,1.499003,sky,2.223441
-0.1994542,-1.221305e-17,1.514799,sky,2.223441
-0.3988294,-2.442126e-17,1.530596,sky,2.223441
-0.5982047,-3.662947e-17,1.546392,sky,2.223441
-0.7975799,-4.883768e-17,1.562188,sky,2.223441
