x,y,z,mattype,Wm2Front
0.3746,4.675366e-17,0.05,groundplane,115.75619999999999
0.3746,0.0254,0.05,groundplane,115.7568
0.3746,0.0508,0.05,groundplane,115.7568
0.3746,0.0762,0.05,groundplane,115.75669999999998
0.3746,0.1016,0.05,groundplane,115.75669999999998
