x,y,z,mattype,Wm2Front
0.3746,4.846496e-17,0.05,groundplane,52.80572
0.3746,0.0254,0.05,groundplane,52.80515
0.3746,0.0508,0.05,groundplane,52.80515
0.3746,0.0762,0.05,groundplane,52.80515
0.3746,0.1016,0.05,groundplane,52.80516
