x,y,z,rearMat,Wm2Back
0.7823488,4.790505e-17,1.667127,sky,37.03952
0.5868141,3.5932e-17,1.625101,sky,37.03952
0.3912795,2.395896e-17,1.583075,sky,37.03952
0.1957448,1.198591e-17,1.541048,sky,37.03952
0.0002101305,1.286678e-20,1.499022,sky,37.03952
-0.1953245,-1.196018e-17,1.456996,sky,37.03952
-0.3908592,-2.393322e-17,1.41497,sky,37.03952
-0.5863939,-3.590627e-17,1.372944,sky,37.03952
-0.7819285,-4.787931e-17,1.330918,sky,37.03952
