x,y,z,mattype,Wm2Front
1.5746,3.247255e-17,0.05,groundplane,509.8042
1.5746,0.0254,0.05,groundplane,509.80390000000006
1.5746,0.0508,0.05,groundplane,509.8037
1.5746,0.0762,0.05,groundplane,509.8034
1.5746,0.1016,0.05,groundplane,509.8032
