x,y,z,mattype,Wm2Front
0.3746,4.837871e-17,0.05,groundplane,37.17601
0.3746,0.0254,0.05,groundplane,37.177
0.3746,0.0508,0.05,groundplane,37.17701
0.3746,0.0762,0.05,groundplane,37.17703
0.3746,0.1016,0.05,groundplane,37.17704
