x,y,z,mattype,Wm2Front
0.3746,4.84228e-17,0.05,groundplane,54.01926
0.3746,0.0254,0.05,groundplane,54.02006
0.3746,0.0508,0.05,groundplane,54.02005
0.3746,0.0762,0.05,groundplane,54.02005
0.3746,0.1016,0.05,groundplane,54.02004
