x,y,z,mattype,Wm2Front
0.3746,3.255744e-17,0.05,groundplane,426.8405
0.3746,0.0254,0.05,groundplane,426.8503
0.3746,0.0508,0.05,groundplane,426.8491000000001
0.3746,0.0762,0.05,groundplane,426.8478
0.3746,0.1016,0.05,groundplane,426.8466
