x,y,z,mattype,Wm2Front
1.5746,4.898006e-17,0.05,groundplane,11.33123
1.5746,0.0254,0.05,groundplane,11.33132
1.5746,0.0508,0.05,groundplane,11.33132
1.5746,0.0762,0.05,groundplane,11.33132
1.5746,0.1016,0.05,groundplane,11.33131
