x,y,z,rearMat,Wm2Back
0.6023771,3.688496e-17,0.9735565,sky,65.91439
0.4516186,2.765366e-17,1.104979,sky,65.91439
0.30086,1.842236e-17,1.236401,sky,65.91439
0.1501015,9.191063e-18,1.367824,sky,65.91439
-0.0006571122,-4.023652e-20,1.499246,sky,65.91439
-0.1514157,-9.271536e-18,1.630669,sky,65.91439
-0.3021742,-1.850284e-17,1.762091,sky,65.91439
-0.4529328,-2.773414e-17,1.893514,sky,65.91439
-0.6036914,-3.696543e-17,2.024936,sky,65.91439
