x,y,z,rearMat,Wm2Back
0.5421342,3.319615e-17,2.088295,sky,63.49265
0.4067847,2.490838e-17,1.941052,sky,63.49265
0.2714352,1.662061e-17,1.793809,sky,63.49265
0.1360857,8.332847e-18,1.646566,sky,63.49265
0.0007362152,4.508018e-20,1.499323,sky,63.49265
-0.1346133,-8.242686e-18,1.35208,sky,63.49265
-0.2699628,-1.653045e-17,1.204837,sky,63.49265
-0.4053123,-2.481822e-17,1.057594,sky,63.49265
-0.5406618,-3.310599e-17,0.9103511,sky,63.49265
