x,y,z,rearMat,Wm2Back
0.7983136,4.888261e-17,1.448073,sky,0.8365861
0.5987193,3.666098e-17,1.460805,sky,0.8365861
0.399125,2.443936e-17,1.473537,sky,0.8365861
0.1995306,1.221773e-17,1.48627,sky,0.8365861
-6.366144e-05,-3.898139e-21,1.499002,sky,0.8365861
-0.199658,-1.222552e-17,1.511734,sky,0.8365861
-0.3992523,-2.444715e-17,1.524467,sky,0.8365861
-0.5988466,-3.666878e-17,1.537199,sky,0.8365861
-0.7984409,-4.88904e-17,1.549931,sky,0.8365861
