x,y,z,mattype,Wm2Front
1.5746,4.11825e-17,0.05,groundplane,411.9636
1.5746,0.0254,0.05,groundplane,411.9659
1.5746,0.0508,0.05,groundplane,411.9637
1.5746,0.0762,0.05,groundplane,411.96150000000006
1.5746,0.1016,0.05,groundplane,411.9593
