x,y,z,mattype,Wm2Front
1.5746,3.265151e-17,0.05,groundplane,391.7567000000001
1.5746,0.0254,0.05,groundplane,391.7527
1.5746,0.0508,0.05,groundplane,391.7517
1.5746,0.0762,0.05,groundplane,391.7506
1.5746,0.1016,0.05,groundplane,391.74950000000007
