x,y,z,mattype,Wm2Front
1.5746,3.80088e-17,0.05,groundplane,41.62505
1.5746,0.0254,0.05,groundplane,41.62503
1.5746,0.0508,0.05,groundplane,41.62503
1.5746,0.0762,0.05,groundplane,41.62503
1.5746,0.1016,0.05,groundplane,41.62503
