x,y,z,rearMat,Wm2Back
0.6317102,3.86811e-17,1.99086,sky,14.20922
0.4739363,2.902023e-17,1.867947,sky,14.20922
0.3161624,1.935936e-17,1.745035,sky,14.20922
0.1583885,9.698497e-18,1.622123,sky,14.20922
0.0006145606,3.763098e-20,1.499211,sky,14.20922
-0.1571594,-9.623235e-18,1.376299,sky,14.20922
-0.3149333,-1.92841e-17,1.253387,sky,14.20922
-0.4727072,-2.894497e-17,1.130475,sky,14.20922
-0.6304811,-3.860583e-17,1.007563,sky,14.20922
