x,y,z,mattype,Wm2Front
1.5746,4.526073e-17,0.05,groundplane,49.78768
1.5746,0.0254,0.05,groundplane,49.78752
1.5746,0.0508,0.05,groundplane,49.78749
1.5746,0.0762,0.05,groundplane,49.787470000000006
1.5746,0.1016,0.05,groundplane,49.78744
