x,y,z,rearMat,Wm2Back
0.6176696,3.782136e-17,2.008414,sky,27.84433
0.4634113,2.837576e-17,1.881118,sky,27.84433
0.3091531,1.893016e-17,1.753822,sky,27.84433
0.1548948,9.484569e-18,1.626525,sky,27.84433
0.0006364822,3.897329e-20,1.499229,sky,27.84433
-0.1536218,-9.406622e-18,1.371932,sky,27.84433
-0.3078801,-1.885222e-17,1.244636,sky,27.84433
-0.4621384,-2.829781e-17,1.117339,sky,27.84433
-0.6163967,-3.774341e-17,0.990043,sky,27.84433
