x,y,z,mattype,Wm2Front
0.3746,4.447414e-17,0.05,groundplane,179.7773
0.3746,0.0254,0.05,groundplane,179.7767
0.3746,0.0508,0.05,groundplane,179.7766
0.3746,0.0762,0.05,groundplane,179.7766
0.3746,0.1016,0.05,groundplane,179.77650000000003
