x,y,z,mattype,Wm2Front
1.5746,3.247255e-17,0.05,groundplane,371.54310000000004
1.5746,0.0254,0.05,groundplane,371.54119999999995
1.5746,0.0508,0.05,groundplane,371.5411
1.5746,0.0762,0.05,groundplane,371.541
1.5746,0.1016,0.05,groundplane,371.5409
