x,y,z,mattype,Wm2Front
0.3746,3.050247e-17,0.05,groundplane,417.9716
0.3746,0.0254,0.05,groundplane,417.97329999999994
0.3746,0.0508,0.05,groundplane,417.9731
0.3746,0.0762,0.05,groundplane,417.973
0.3746,0.1016,0.05,groundplane,417.9728
