x,y,z,rearMat,Wm2Back
0.790133,4.838169e-17,1.625263,sky,5.401917
0.5926392,3.628868e-17,1.593701,sky,5.401917
0.3951454,2.419568e-17,1.562138,sky,5.401917
0.1976516,1.210267e-17,1.530575,sky,5.401917
0.0001578134,9.663283e-21,1.499013,sky,5.401917
-0.197336,-1.208334e-17,1.46745,sky,5.401917
-0.3948298,-2.417635e-17,1.435887,sky,5.401917
-0.5923236,-3.626936e-17,1.404324,sky,5.401917
-0.7898173,-4.836236e-17,1.372762,sky,5.401917
