x,y,z,mattype,Wm2Front
1.5746,4.650122e-17,0.05,groundplane,124.1223
1.5746,0.0254,0.05,groundplane,124.1216
1.5746,0.0508,0.05,groundplane,124.1216
1.5746,0.0762,0.05,groundplane,124.12150000000001
1.5746,0.1016,0.05,groundplane,124.1214
