x,y,z,mattype,Wm2Front
1.5746,4.700088e-17,0.05,groundplane,739.1042000000001
1.5746,0.0254,0.05,groundplane,739.1056
1.5746,0.0508,0.05,groundplane,739.1052
1.5746,0.0762,0.05,groundplane,739.1047
1.5746,0.1016,0.05,groundplane,739.1042000000001
