x,y,z,rearMat,Wm2Back
0.7828031,4.793287e-17,1.335014,sky,40.10421
0.5870511,3.594651e-17,1.376016,sky,40.10421
0.3912991,2.396016e-17,1.417018,sky,40.10421
0.195547,1.19738e-17,1.45802,sky,40.10421
-0.0002050086,-1.255315e-20,1.499021,sky,40.10421
-0.195957,-1.199891e-17,1.540023,sky,40.10421
-0.3917091,-2.398526e-17,1.581025,sky,40.10421
-0.5874611,-3.597162e-17,1.622026,sky,40.10421
-0.7832132,-4.795797e-17,1.663028,sky,40.10421
