x,y,z,rearMat,Wm2Back
0.5655044,3.462716e-17,2.065867,sky,27.18419
0.4243053,2.598121e-17,1.924224,sky,27.18419
0.2831063,1.733526e-17,1.782581,sky,27.18419
0.1419073,8.689313e-18,1.640937,sky,27.18419
0.0007082166,4.336576e-20,1.499294,sky,27.18419
-0.1404908,-8.602582e-18,1.357651,sky,27.18419
-0.2816899,-1.724853e-17,1.216007,sky,27.18419
-0.4228889,-2.589448e-17,1.074364,sky,27.18419
-0.5640879,-3.454042e-17,0.9327207,sky,27.18419
