x,y,z,rearMat,Wm2Back
0.7383626,4.521167e-17,1.807931,sky,13.49291
0.5538685,3.391466e-17,1.730718,sky,13.49291
0.3693744,2.261766e-17,1.653504,sky,13.49291
0.1848802,1.132065e-17,1.576291,sky,13.49291
0.000386067,2.363979e-20,1.499078,sky,13.49291
-0.1841081,-1.127337e-17,1.421864,sky,13.49291
-0.3686022,-2.257038e-17,1.344651,sky,13.49291
-0.5530964,-3.386738e-17,1.267437,sky,13.49291
-0.7375905,-4.516439e-17,1.190224,sky,13.49291
