x,y,z,mattype,Wm2Front
1.5746,4.672351e-17,0.05,groundplane,3.401842
1.5746,0.0254,0.05,groundplane,3.401845
1.5746,0.0508,0.05,groundplane,3.401845
1.5746,0.0762,0.05,groundplane,3.401845
1.5746,0.1016,0.05,groundplane,3.401845
