x,y,z,mattype,Wm2Front
1.5746,4.823378e-17,0.05,groundplane,67.23493
1.5746,0.0254,0.05,groundplane,67.23602
1.5746,0.0508,0.05,groundplane,67.236
1.5746,0.0762,0.05,groundplane,67.23598
1.5746,0.1016,0.05,groundplane,67.23596
