x,y,z,mattype,Wm2Front
1.5746,4.679767e-17,0.05,groundplane,391.1414
1.5746,0.0254,0.05,groundplane,391.14810000000006
1.5746,0.0508,0.05,groundplane,391.1464
1.5746,0.0762,0.05,groundplane,391.1447
1.5746,0.1016,0.05,groundplane,391.1431
