x,y,z,rearMat,Wm2Back
0.7980922,4.886905e-17,1.555226,sky,6.70091
0.5985867,3.665287e-17,1.54117,sky,6.70091
0.3990812,2.443668e-17,1.527114,sky,6.70091
0.1995758,1.222049e-17,1.513058,sky,6.70091
7.027879e-05,4.303335e-21,1.499002,sky,6.70091
-0.1994352,-1.221188e-17,1.484947,sky,6.70091
-0.3989407,-2.442807e-17,1.470891,sky,6.70091
-0.5984462,-3.664426e-17,1.456835,sky,6.70091
-0.7979516,-4.886045e-17,1.442779,sky,6.70091
