x,y,z,mattype,Wm2Front
0.3746,3.117376e-17,0.05,groundplane,388.4935
0.3746,0.0254,0.05,groundplane,388.4991
0.3746,0.0508,0.05,groundplane,388.49860000000007
0.3746,0.0762,0.05,groundplane,388.498
0.3746,0.1016,0.05,groundplane,388.4975
