x,y,z,rearMat,Wm2Back
0.617048,3.778329e-17,2.009169,sky,158.8189
0.4629454,2.834723e-17,1.881684,sky,158.8189
0.3088427,1.891116e-17,1.754199,sky,158.8189
0.1547401,9.475097e-18,1.626714,sky,158.8189
0.000637424,3.903096e-20,1.499229,sky,158.8189
-0.1534652,-9.397035e-18,1.371745,sky,158.8189
-0.3075679,-1.88331e-17,1.24426,sky,158.8189
-0.4616705,-2.826917e-17,1.116775,sky,158.8189
-0.6157732,-3.770523e-17,0.9892903,sky,158.8189
