x,y,z,mattype,Wm2Front
0.3746,3.050247e-17,0.05,groundplane,498.69969999999995
0.3746,0.0254,0.05,groundplane,498.70160000000004
0.3746,0.0508,0.05,groundplane,498.70149999999995
0.3746,0.0762,0.05,groundplane,498.7014
0.3746,0.1016,0.05,groundplane,498.7012
