x,y,z,mattype,Wm2Front
0.3746,4.764006e-17,0.05,groundplane,90.17186
0.3746,0.0254,0.05,groundplane,90.1725
0.3746,0.0508,0.05,groundplane,90.17252
0.3746,0.0762,0.05,groundplane,90.17252
0.3746,0.1016,0.05,groundplane,90.17253
