x,y,z,rearMat,Wm2Back
0.6677375,4.088713e-17,1.940599,sky,94.96011
0.5009411,3.067379e-17,1.830241,sky,94.96011
0.3341446,2.046046e-17,1.719883,sky,94.96011
0.1673482,1.024712e-17,1.609524,sky,94.96011
0.0005517914,3.378748e-20,1.499166,sky,94.96011
-0.1662446,-1.017955e-17,1.388808,sky,94.96011
-0.3330411,-2.039288e-17,1.278449,sky,94.96011
-0.4998375,-3.060622e-17,1.168091,sky,94.96011
-0.6666339,-4.081955e-17,1.057733,sky,94.96011
