x,y,z,mattype,Wm2Front
1.5746,4.859611e-17,0.05,groundplane,52.16165
1.5746,0.0254,0.05,groundplane,52.161390000000004
1.5746,0.0508,0.05,groundplane,52.16138
1.5746,0.0762,0.05,groundplane,52.16137
1.5746,0.1016,0.05,groundplane,52.16135
