x,y,z,mattype,Wm2Front
1.5746,3.878973e-17,0.05,groundplane,78.72075
1.5746,0.0254,0.05,groundplane,78.72086
1.5746,0.0508,0.05,groundplane,78.72084
1.5746,0.0762,0.05,groundplane,78.72083
1.5746,0.1016,0.05,groundplane,78.72081
