x,y,z,mattype,Wm2Front
1.5746,4.726227e-17,0.05,groundplane,43.03009
1.5746,0.0254,0.05,groundplane,43.02856
1.5746,0.0508,0.05,groundplane,43.02851999999999
1.5746,0.0762,0.05,groundplane,43.02847
1.5746,0.1016,0.05,groundplane,43.02842999999999
