x,y,z,mattype,Wm2Front
0.3746,3.446604e-17,0.05,groundplane,223.31270000000004
0.3746,0.0254,0.05,groundplane,223.319
0.3746,0.0508,0.05,groundplane,223.3179
0.3746,0.0762,0.05,groundplane,223.3169
0.3746,0.1016,0.05,groundplane,223.31589999999997
