x,y,z,mattype,Wm2Front
0.3746,3.715977e-17,0.05,groundplane,95.82784
0.3746,0.0254,0.05,groundplane,95.82854000000002
0.3746,0.0508,0.05,groundplane,95.82848
0.3746,0.0762,0.05,groundplane,95.82842999999998
0.3746,0.1016,0.05,groundplane,95.82836000000002
