x,y,z,mattype,Wm2Front
0.3746,4.286029e-17,0.05,groundplane,98.45204
0.3746,0.0254,0.05,groundplane,98.4507
0.3746,0.0508,0.05,groundplane,98.45061
0.3746,0.0762,0.05,groundplane,98.45053
0.3746,0.1016,0.05,groundplane,98.45045
