x,y,z,mattype,Wm2Front
1.5746,4.003067e-17,0.05,groundplane,234.14
1.5746,0.0254,0.05,groundplane,234.1448
1.5746,0.0508,0.05,groundplane,234.144
1.5746,0.0762,0.05,groundplane,234.14330000000004
1.5746,0.1016,0.05,groundplane,234.1425
