x,y,z,rearMat,Wm2Back
0.6892215,4.220265e-17,1.093829,sky,15.55309
0.5167895,3.164423e-17,1.195156,sky,15.55309
0.3443574,2.108581e-17,1.296484,sky,15.55309
0.1719254,1.052739e-17,1.397811,sky,15.55309
-0.0005066358,-3.102249e-20,1.499138,sky,15.55309
-0.1729387,-1.058944e-17,1.600465,sky,15.55309
-0.3453707,-2.114786e-17,1.701792,sky,15.55309
-0.5178027,-3.170627e-17,1.803119,sky,15.55309
-0.6902348,-4.226469e-17,1.904446,sky,15.55309
