x,y,z,mattype,Wm2Front
1.5746,4.469768e-17,0.05,groundplane,849.7282
1.5746,0.0254,0.05,groundplane,849.7284
1.5746,0.0508,0.05,groundplane,849.7280999999999
1.5746,0.0762,0.05,groundplane,849.7277
1.5746,0.1016,0.05,groundplane,849.7274000000001
