x,y,z,mattype,Wm2Front
1.5746,3.050247e-17,0.05,groundplane,98.79608
1.5746,0.0254,0.05,groundplane,98.79694
1.5746,0.0508,0.05,groundplane,98.79690999999998
1.5746,0.0762,0.05,groundplane,98.79689
1.5746,0.1016,0.05,groundplane,98.79688
