x,y,z,mattype,Wm2Front
1.5746,3.765147e-17,0.05,groundplane,207.6093
1.5746,0.0254,0.05,groundplane,207.61250000000004
1.5746,0.0508,0.05,groundplane,207.6124
1.5746,0.0762,0.05,groundplane,207.6123
1.5746,0.1016,0.05,groundplane,207.6122
