x,y,z,mattype,Wm2Front
1.5746,4.450998e-17,0.05,groundplane,785.3422999999999
1.5746,0.0254,0.05,groundplane,785.3422
1.5746,0.0508,0.05,groundplane,785.3419
1.5746,0.0762,0.05,groundplane,785.3415
1.5746,0.1016,0.05,groundplane,785.3411
