x,y,z,rearMat,Wm2Back
0.6315968,3.867415e-17,1.008994,sky,24.39229
0.4735444,2.899623e-17,1.131548,sky,24.39229
0.315492,1.931831e-17,1.254102,sky,24.39229
0.1574396,9.640397e-18,1.376656,sky,24.39229
-0.0006127691,-3.752129e-20,1.49921,sky,24.39229
-0.1586652,-9.715439e-18,1.621764,sky,24.39229
-0.3167176,-1.939336e-17,1.744317,sky,24.39229
-0.47477,-2.907128e-17,1.866871,sky,24.39229
-0.6328223,-3.874919e-17,1.989425,sky,24.39229
