x,y,z,rearMat,Wm2Back
0.591972,3.624783e-17,0.9618827,sky,11.83481
0.443811,2.717559e-17,1.096227,sky,11.83481
0.2956501,1.810335e-17,1.230571,sky,11.83481
0.1474892,9.031109e-18,1.364915,sky,11.83481
-0.0006717206,-4.113102e-20,1.499259,sky,11.83481
-0.1488326,-9.113371e-18,1.633603,sky,11.83481
-0.2969936,-1.818561e-17,1.767947,sky,11.83481
-0.4451545,-2.725785e-17,1.902292,sky,11.83481
-0.5933154,-3.633009e-17,2.036636,sky,11.83481
