x,y,z,mattype,Wm2Front
1.5746,4.469768e-17,0.05,groundplane,68.80489
1.5746,0.0254,0.05,groundplane,68.80466
1.5746,0.0508,0.05,groundplane,68.80461
1.5746,0.0762,0.05,groundplane,68.80456
1.5746,0.1016,0.05,groundplane,68.8045
