x,y,z,rearMat,Wm2Back
0.7207918,4.413577e-17,1.152926,sky,25.02597
0.5404857,3.30952e-17,1.239469,sky,25.02597
0.3601795,2.205464e-17,1.326012,sky,25.02597
0.1798734,1.101407e-17,1.412555,sky,25.02597
-0.0004327152,-2.649617e-20,1.499098,sky,25.02597
-0.1807388,-1.106706e-17,1.585642,sky,25.02597
-0.361045,-2.210763e-17,1.672185,sky,25.02597
-0.5413511,-3.31482e-17,1.758728,sky,25.02597
-0.7216572,-4.418876e-17,1.845271,sky,25.02597
