x,y,z,mattype,Wm2Front
0.3746,4.607563e-17,0.05,groundplane,811.4176000000001
0.3746,0.0254,0.05,groundplane,811.4238
0.3746,0.0508,0.05,groundplane,811.4222
0.3746,0.0762,0.05,groundplane,811.4207
0.3746,0.1016,0.05,groundplane,811.4191
