x,y,z,rearMat,Wm2Back
0.5274601,3.229761e-17,0.8985128,sky,19.45565
0.3954073,2.421171e-17,1.04872,sky,19.45565
0.2633545,1.612581e-17,1.198926,sky,19.45565
0.1313017,8.039913e-18,1.349133,sky,19.45565
-0.0007510337,-4.598755e-20,1.49934,sky,19.45565
-0.1328038,-8.131888e-18,1.649546,sky,19.45565
-0.2648566,-1.621779e-17,1.799753,sky,19.45565
-0.3969094,-2.430369e-17,1.94996,sky,19.45565
-0.5289621,-3.238959e-17,2.100167,sky,19.45565
