x,y,z,mattype,Wm2Front
1.5746,4.879353e-17,0.05,groundplane,29.57387
1.5746,0.0254,0.05,groundplane,29.573449999999998
1.5746,0.0508,0.05,groundplane,29.57344
1.5746,0.0762,0.05,groundplane,29.57342
1.5746,0.1016,0.05,groundplane,29.57341
