x,y,z,mattype,Wm2Front
1.5746,3.945909e-17,0.05,groundplane,755.2643000000002
1.5746,0.0254,0.05,groundplane,755.2641
1.5746,0.0508,0.05,groundplane,755.2639
1.5746,0.0762,0.05,groundplane,755.2635999999999
1.5746,0.1016,0.05,groundplane,755.2634000000002
