x,y,z,mattype,Wm2Front
1.5746,4.850707e-17,0.05,groundplane,42.53146
1.5746,0.0254,0.05,groundplane,42.53068
1.5746,0.0508,0.05,groundplane,42.53069
1.5746,0.0762,0.05,groundplane,42.53069
1.5746,0.1016,0.05,groundplane,42.5307
