x,y,z,mattype,Wm2Front
1.5746,4.653956e-17,0.05,groundplane,847.7903
1.5746,0.0254,0.05,groundplane,847.7926000000001
1.5746,0.0508,0.05,groundplane,847.7921
1.5746,0.0762,0.05,groundplane,847.7914
1.5746,0.1016,0.05,groundplane,847.7909
