x,y,z,rearMat,Wm2Back
0.7838054,4.799424e-17,1.660156,sky,116.3661
0.5879044,3.599876e-17,1.619872,sky,116.3661
0.3920034,2.400329e-17,1.579588,sky,116.3661
0.1961024,1.200781e-17,1.539304,sky,116.3661
0.0002014198,1.233341e-20,1.49902,sky,116.3661
-0.1956996,-1.198314e-17,1.458737,sky,116.3661
-0.3916006,-2.397862e-17,1.418453,sky,116.3661
-0.5875016,-3.59741e-17,1.378169,sky,116.3661
-0.7834026,-4.796957e-17,1.337885,sky,116.3661
