x,y,z,mattype,Wm2Front
0.3746,4.711944e-17,0.05,groundplane,111.2185
0.3746,0.0254,0.05,groundplane,111.21729999999998
0.3746,0.0508,0.05,groundplane,111.21729999999998
0.3746,0.0762,0.05,groundplane,111.21729999999998
0.3746,0.1016,0.05,groundplane,111.21729999999998
