x,y,z,mattype,Wm2Front
0.3746,3.247255e-17,0.05,groundplane,377.6511
0.3746,0.0254,0.05,groundplane,377.64720000000005
0.3746,0.0508,0.05,groundplane,377.6465
0.3746,0.0762,0.05,groundplane,377.6458
0.3746,0.1016,0.05,groundplane,377.6451
