x,y,z,mattype,Wm2Front
1.5746,3.535856e-17,0.05,groundplane,684.188
1.5746,0.0254,0.05,groundplane,684.1875999999999
1.5746,0.0508,0.05,groundplane,684.1874000000001
1.5746,0.0762,0.05,groundplane,684.1872
1.5746,0.1016,0.05,groundplane,684.187
