x,y,z,rearMat,Wm2Back
0.6064316,3.713323e-17,2.021768,sky,4.652171
0.454987,2.785992e-17,1.891137,sky,4.652171
0.3035424,1.858661e-17,1.760505,sky,4.652171
0.1520978,9.313303e-18,1.629874,sky,4.652171
0.0006531563,3.999429e-20,1.499243,sky,4.652171
-0.1507915,-9.233314e-18,1.368612,sky,4.652171
-0.3022361,-1.850662e-17,1.23798,sky,4.652171
-0.4536807,-2.777993e-17,1.107349,sky,4.652171
-0.6051253,-3.705324e-17,0.9767177,sky,4.652171
