x,y,z,rearMat,Wm2Back
0.7647514,4.682752e-17,1.265146,sky,93.26653
0.5734905,3.511616e-17,1.323621,sky,93.26653
0.3822295,2.340481e-17,1.382095,sky,93.26653
0.1909686,1.169345e-17,1.440569,sky,93.26653
-0.0002923717,-1.79026e-20,1.499044,sky,93.26653
-0.1915533,-1.172926e-17,1.557518,sky,93.26653
-0.3828143,-2.344061e-17,1.615992,sky,93.26653
-0.5740752,-3.515197e-17,1.674467,sky,93.26653
-0.7653362,-4.686332e-17,1.732941,sky,93.26653
