x,y,z,mattype,Wm2Front
1.5746,4.799734e-17,0.05,groundplane,993.848
1.5746,0.0254,0.05,groundplane,993.8488000000001
1.5746,0.0508,0.05,groundplane,993.8467999999999
1.5746,0.0762,0.05,groundplane,993.8448
1.5746,0.1016,0.05,groundplane,993.8429
