x,y,z,mattype,Wm2Front
1.5746,4.898032e-17,0.05,groundplane,219.5901
1.5746,0.0254,0.05,groundplane,219.59129999999996
1.5746,0.0508,0.05,groundplane,219.591
1.5746,0.0762,0.05,groundplane,219.5906
1.5746,0.1016,0.05,groundplane,219.5902
