x,y,z,mattype,Wm2Front
1.5746,4.416402e-17,0.05,groundplane,744.3323999999999
1.5746,0.0254,0.05,groundplane,744.3328
1.5746,0.0508,0.05,groundplane,744.332
1.5746,0.0762,0.05,groundplane,744.3312
1.5746,0.1016,0.05,groundplane,744.3304000000002
