x,y,z,rearMat,Wm2Back
0.7288449,4.462888e-17,1.829827,sky,51.77979
0.5467371,3.347799e-17,1.747143,sky,51.77979
0.3646292,2.23271e-17,1.664458,sky,51.77979
0.1825213,1.117621e-17,1.581774,sky,51.77979
0.0004134223,2.531481e-20,1.499089,sky,51.77979
-0.1816945,-1.112558e-17,1.416405,sky,51.77979
-0.3638023,-2.227647e-17,1.333721,sky,51.77979
-0.5459102,-3.342736e-17,1.251036,sky,51.77979
-0.7280181,-4.457825e-17,1.168352,sky,51.77979
