x,y,z,rearMat,Wm2Back
0.7654855,4.687247e-17,1.26755,sky,3.945858
0.5740418,3.514992e-17,1.325423,sky,3.945858
0.3825981,2.342737e-17,1.383296,sky,3.945858
0.1911543,1.170483e-17,1.44117,sky,3.945858
-0.0002893659,-1.771855e-20,1.499043,sky,3.945858
-0.1917331,-1.174026e-17,1.556916,sky,3.945858
-0.3831768,-2.346281e-17,1.614789,sky,3.945858
-0.5746205,-3.518536e-17,1.672662,sky,3.945858
-0.7660642,-4.69079e-17,1.730536,sky,3.945858
