x,y,z,mattype,Wm2Front
1.5746,4.79909e-17,0.05,groundplane,70.95764
1.5746,0.0254,0.05,groundplane,70.95905
1.5746,0.0508,0.05,groundplane,70.95901
1.5746,0.0762,0.05,groundplane,70.95898
1.5746,0.1016,0.05,groundplane,70.95895
