x,y,z,mattype,Wm2Front
0.3746,4.287382e-17,0.05,groundplane,64.13932
0.3746,0.0254,0.05,groundplane,64.13969
0.3746,0.0508,0.05,groundplane,64.13966
0.3746,0.0762,0.05,groundplane,64.13965
0.3746,0.1016,0.05,groundplane,64.13963
