x,y,z,mattype,Wm2Front
0.3746,4.692453e-17,0.05,groundplane,30.11391
0.3746,0.0254,0.05,groundplane,30.11391
0.3746,0.0508,0.05,groundplane,30.1139
0.3746,0.0762,0.05,groundplane,30.1139
0.3746,0.1016,0.05,groundplane,30.11389
