x,y,z,rearMat,Wm2Back
0.7017066,4.296714e-17,1.115801,sky,81.92515
0.5261602,3.221802e-17,1.211631,sky,81.92515
0.3506137,2.14689e-17,1.307462,sky,81.92515
0.1750673,1.071978e-17,1.403292,sky,81.92515
-0.0004791515,-2.933957e-20,1.499122,sky,81.92515
-0.1760256,-1.077846e-17,1.594953,sky,81.92515
-0.351572,-2.152758e-17,1.690783,sky,81.92515
-0.5271185,-3.22767e-17,1.786613,sky,81.92515
-0.7026649,-4.302582e-17,1.882443,sky,81.92515
