x,y,z,mattype,Wm2Front
1.5746,4.865537e-17,0.05,groundplane,364.7824
1.5746,0.0254,0.05,groundplane,364.7838
1.5746,0.0508,0.05,groundplane,364.78309999999993
1.5746,0.0762,0.05,groundplane,364.7825
1.5746,0.1016,0.05,groundplane,364.7819
