x,y,z,rearMat,Wm2Back
0.6351791,3.88935e-17,1.013637,sky,13.056599999999998
0.4762326,2.916083e-17,1.135029,sky,13.056599999999998
0.3172861,1.942817e-17,1.256421,sky,13.056599999999998
0.1583395,9.695501e-18,1.377813,sky,13.056599999999998
-0.0006069598,-3.716557e-20,1.499205,sky,13.056599999999998
-0.1595535,-9.769832e-18,1.620597,sky,13.056599999999998
-0.3185,-1.95025e-17,1.741989,sky,13.056599999999998
-0.4774465,-2.923517e-17,1.863381,sky,13.056599999999998
-0.636393,-3.896783e-17,1.984773,sky,13.056599999999998
