x,y,z,mattype,Wm2Front
0.3746,4.352361e-17,0.05,groundplane,99.68414
0.3746,0.0254,0.05,groundplane,99.68550999999998
0.3746,0.0508,0.05,groundplane,99.68548
0.3746,0.0762,0.05,groundplane,99.68545
0.3746,0.1016,0.05,groundplane,99.68541
