x,y,z,mattype,Wm2Front
0.3746,3.949962e-17,0.05,groundplane,746.2604
0.3746,0.0254,0.05,groundplane,746.2604
0.3746,0.0508,0.05,groundplane,746.2601
0.3746,0.0762,0.05,groundplane,746.2598000000002
0.3746,0.1016,0.05,groundplane,746.2595
