x,y,z,mattype,Wm2Front
0.3746,4.802519e-17,0.05,groundplane,20.74743
0.3746,0.0254,0.05,groundplane,20.74756
0.3746,0.0508,0.05,groundplane,20.74757
0.3746,0.0762,0.05,groundplane,20.74757
0.3746,0.1016,0.05,groundplane,20.74757
