x,y,z,mattype,Wm2Front
1.5746,3.247255e-17,0.05,groundplane,450.4768000000001
1.5746,0.0254,0.05,groundplane,450.4759000000001
1.5746,0.0508,0.05,groundplane,450.4741000000001
1.5746,0.0762,0.05,groundplane,450.4723000000001
1.5746,0.1016,0.05,groundplane,450.4705000000001
