x,y,z,rearMat,Wm2Back
0.7183097,4.398378e-17,1.852182,sky,8.882309
0.5388426,3.299459e-17,1.763912,sky,8.882309
0.3593755,2.20054e-17,1.675642,sky,8.882309
0.1799084,1.101621e-17,1.587373,sky,8.882309
0.0004413492,2.702485e-20,1.499103,sky,8.882309
-0.1790257,-1.096216e-17,1.410833,sky,8.882309
-0.3584928,-2.195135e-17,1.322563,sky,8.882309
-0.5379599,-3.294054e-17,1.234293,sky,8.882309
-0.717427,-4.392973e-17,1.146023,sky,8.882309
