x,y,z,mattype,Wm2Front
1.5746,4.636733e-17,0.05,groundplane,126.8805
1.5746,0.0254,0.05,groundplane,126.8793
1.5746,0.0508,0.05,groundplane,126.8793
1.5746,0.0762,0.05,groundplane,126.87920000000001
1.5746,0.1016,0.05,groundplane,126.8791
