x,y,z,rearMat,Wm2Back
0.7997009,4.896756e-17,1.521896,sky,76.87385
0.5997828,3.672611e-17,1.516172,sky,76.87385
0.3998648,2.448466e-17,1.510448,sky,76.87385
0.1999467,1.22432e-17,1.504724,sky,76.87385
2.861949e-05,1.752438e-21,1.499,sky,76.87385
-0.1998895,-1.22397e-17,1.493277,sky,76.87385
-0.3998075,-2.448115e-17,1.487553,sky,76.87385
-0.5997256,-3.67226e-17,1.481829,sky,76.87385
-0.7996437,-4.896405e-17,1.476105,sky,76.87385
