x,y,z,mattype,Wm2Front
0.3746,4.864719e-17,0.05,groundplane,28.615529999999996
0.3746,0.0254,0.05,groundplane,28.614860000000004
0.3746,0.0508,0.05,groundplane,28.61485
0.3746,0.0762,0.05,groundplane,28.61485
0.3746,0.1016,0.05,groundplane,28.61484
