x,y,z,mattype,Wm2Front
1.5746,4.890852e-17,0.05,groundplane,17.96385
1.5746,0.0254,0.05,groundplane,17.96408
1.5746,0.0508,0.05,groundplane,17.96407
1.5746,0.0762,0.05,groundplane,17.96406
1.5746,0.1016,0.05,groundplane,17.96405
