x,y,z,rearMat,Wm2Back
0.5921902,3.626119e-17,2.037877,sky,27.601119999999998
0.4443109,2.72062e-17,1.903223,sky,27.601119999999998
0.2964317,1.815121e-17,1.768569,sky,27.601119999999998
0.1485525,9.096217e-18,1.633915,sky,27.601119999999998
0.0006732707,4.122594e-20,1.499261,sky,27.601119999999998
-0.147206,-9.013765e-18,1.364606,sky,27.601119999999998
-0.2950852,-1.806876e-17,1.229952,sky,27.601119999999998
-0.4429644,-2.712375e-17,1.095298,sky,27.601119999999998
-0.5908436,-3.617874e-17,0.9606441,sky,27.601119999999998
