x,y,z,mattype,Wm2Front
1.5746,3.247255e-17,0.05,groundplane,249.9367
1.5746,0.0254,0.05,groundplane,249.9353
1.5746,0.0508,0.05,groundplane,249.9344
1.5746,0.0762,0.05,groundplane,249.93359999999998
1.5746,0.1016,0.05,groundplane,249.93269999999998
