x,y,z,rearMat,Wm2Back
0.720428,4.411349e-17,1.152172,sky,22.44342
0.5402126,3.307848e-17,1.238903,sky,22.44342
0.3599971,2.204347e-17,1.325635,sky,22.44342
0.1797817,1.100846e-17,1.412367,sky,22.44342
-0.0004336591,-2.655396e-20,1.499099,sky,22.44342
-0.1806491,-1.106156e-17,1.585831,sky,22.44342
-0.3608645,-2.209658e-17,1.672563,sky,22.44342
-0.5410799,-3.313159e-17,1.759294,sky,22.44342
-0.7212953,-4.41666e-17,1.846026,sky,22.44342
