x,y,z,mattype,Wm2Front
0.3746,4.897026e-17,0.05,groundplane,885.9644
0.3746,0.0254,0.05,groundplane,885.9658
0.3746,0.0508,0.05,groundplane,885.9651
0.3746,0.0762,0.05,groundplane,885.9645
0.3746,0.1016,0.05,groundplane,885.9639000000001
