x,y,z,rearMat,Wm2Back
0.7642579,4.67973e-17,1.263545,sky,9.111463
0.5731198,3.509347e-17,1.32242,sky,9.111463
0.3819818,2.338964e-17,1.381295,sky,9.111463
0.1908437,1.168581e-17,1.44017,sky,9.111463
-0.0002943739,-1.802521e-20,1.499044,sky,9.111463
-0.1914324,-1.172186e-17,1.557919,sky,9.111463
-0.3825705,-2.342569e-17,1.616794,sky,9.111463
-0.5737086,-3.512952e-17,1.675669,sky,9.111463
-0.7648466,-4.683335e-17,1.734543,sky,9.111463
