x,y,z,mattype,Wm2Front
1.5746,4.401572e-17,0.05,groundplane,806.9566
1.5746,0.0254,0.05,groundplane,806.9582999999999
1.5746,0.0508,0.05,groundplane,806.9579
1.5746,0.0762,0.05,groundplane,806.9575
1.5746,0.1016,0.05,groundplane,806.9571
