x,y,z,mattype,Wm2Front
0.3746,3.247255e-17,0.05,groundplane,427.90080000000006
0.3746,0.0254,0.05,groundplane,427.89979999999997
0.3746,0.0508,0.05,groundplane,427.8997
0.3746,0.0762,0.05,groundplane,427.8996
0.3746,0.1016,0.05,groundplane,427.8995
