x,y,z,rearMat,Wm2Back
0.7534983,4.613847e-17,1.231223,sky,5.142592
0.5650401,3.459872e-17,1.298181,sky,5.142592
0.3765818,2.305898e-17,1.36514,sky,5.142592
0.1881235,1.151924e-17,1.432099,sky,5.142592
-0.0003347938,-2.050021e-20,1.499058,sky,5.142592
-0.1887931,-1.156024e-17,1.566016,sky,5.142592
-0.3772514,-2.309998e-17,1.632975,sky,5.142592
-0.5657096,-3.463973e-17,1.699934,sky,5.142592
-0.7541679,-4.617947e-17,1.766893,sky,5.142592
