x,y,z,mattype,Wm2Front
0.3746,4.886182e-17,0.05,groundplane,71.92507
0.3746,0.0254,0.05,groundplane,71.92509
0.3746,0.0508,0.05,groundplane,71.92509
0.3746,0.0762,0.05,groundplane,71.92509
0.3746,0.1016,0.05,groundplane,71.92508
