x,y,z,rearMat,Wm2Back
0.7224388,4.423662e-17,1.843632,sky,95.12682
0.5419367,3.318406e-17,1.757499,sky,95.12682
0.3614347,2.213149e-17,1.671365,sky,95.12682
0.1809327,1.107893e-17,1.585231,sky,95.12682
0.0004306686,2.637085e-20,1.499097,sky,95.12682
-0.1800714,-1.102619e-17,1.412964,sky,95.12682
-0.3605734,-2.207875e-17,1.32683,sky,95.12682
-0.5410754,-3.313131e-17,1.240696,sky,95.12682
-0.7215774,-4.418387e-17,1.154563,sky,95.12682
