x,y,z,mattype,Wm2Front
0.3746,4.815332e-17,0.05,groundplane,890.0747
0.3746,0.0254,0.05,groundplane,890.0763000000001
0.3746,0.0508,0.05,groundplane,890.0759000000002
0.3746,0.0762,0.05,groundplane,890.0755
0.3746,0.1016,0.05,groundplane,890.0751
