x,y,z,mattype,Wm2Front
1.5746,4.894113e-17,0.05,groundplane,5.685985
1.5746,0.0254,0.05,groundplane,5.6861500000000005
1.5746,0.0508,0.05,groundplane,5.686153999999999
1.5746,0.0762,0.05,groundplane,5.686159
1.5746,0.1016,0.05,groundplane,5.686163
