x,y,z,rearMat,Wm2Back
0.7669706,4.69634e-17,1.272498,sky,4.312365
0.5751572,3.521822e-17,1.329134,sky,4.312365
0.3833437,2.347303e-17,1.38577,sky,4.312365
0.1915303,1.172785e-17,1.442405,sky,4.312365
-0.0002831785,-1.733968e-20,1.499041,sky,4.312365
-0.1920966,-1.176253e-17,1.555677,sky,4.312365
-0.3839101,-2.350771e-17,1.612312,sky,4.312365
-0.5757235,-3.52529e-17,1.668948,sky,4.312365
-0.767537,-4.699808e-17,1.725584,sky,4.312365
