x,y,z,rearMat,Wm2Back
0.6926,4.240952e-17,1.099617,sky,14.05034
0.5193252,3.179949e-17,1.199496,sky,14.05034
0.3460503,2.118947e-17,1.299376,sky,14.05034
0.1727755,1.057945e-17,1.399255,sky,14.05034
-0.0004993953,-3.057914e-20,1.499134,sky,14.05034
-0.1737742,-1.06406e-17,1.599013,sky,14.05034
-0.3470491,-2.125063e-17,1.698892,sky,14.05034
-0.520324,-3.186065e-17,1.798771,sky,14.05034
-0.6935988,-4.247068e-17,1.89865,sky,14.05034
