x,y,z,mattype,Wm2Front
0.3746,4.716844e-17,0.05,groundplane,692.1484
0.3746,0.0254,0.05,groundplane,692.1487000000001
0.3746,0.0508,0.05,groundplane,692.1484
0.3746,0.0762,0.05,groundplane,692.1481
0.3746,0.1016,0.05,groundplane,692.1478000000001
