x,y,z,mattype,Wm2Front
1.5746,4.891718e-17,0.05,groundplane,20.13123
1.5746,0.0254,0.05,groundplane,20.13062
1.5746,0.0508,0.05,groundplane,20.13062
1.5746,0.0762,0.05,groundplane,20.13063
1.5746,0.1016,0.05,groundplane,20.13064
