x,y,z,mattype,Wm2Front
0.3746,4.77552e-17,0.05,groundplane,13.43213
0.3746,0.0254,0.05,groundplane,13.43211
0.3746,0.0508,0.05,groundplane,13.43211
0.3746,0.0762,0.05,groundplane,13.43211
0.3746,0.1016,0.05,groundplane,13.43211
