x,y,z,mattype,Wm2Front
0.3746,3.258938e-17,0.05,groundplane,111.39820000000002
0.3746,0.0254,0.05,groundplane,111.3984
0.3746,0.0508,0.05,groundplane,111.3983
0.3746,0.0762,0.05,groundplane,111.3983
0.3746,0.1016,0.05,groundplane,111.3983
