x,y,z,mattype,Wm2Front
1.5746,3.050247e-17,0.05,groundplane,61.88619
1.5746,0.0254,0.05,groundplane,61.88624000000001
1.5746,0.0508,0.05,groundplane,61.88622999999999
1.5746,0.0762,0.05,groundplane,61.88622
1.5746,0.1016,0.05,groundplane,61.88622
