x,y,z,rearMat,Wm2Back
0.7998563,4.897707e-17,1.515196,sky,67.65334
0.5998973,3.673311e-17,1.511147,sky,67.65334
0.3999383,2.448916e-17,1.507098,sky,67.65334
0.1999793,1.22452e-17,1.503049,sky,67.65334
2.024444e-05,1.239614e-21,1.499,sky,67.65334
-0.1999388,-1.224272e-17,1.494951,sky,67.65334
-0.3998978,-2.448668e-17,1.490902,sky,67.65334
-0.5998568,-3.673064e-17,1.486854,sky,67.65334
-0.7998158,-4.897459e-17,1.482805,sky,67.65334
