x,y,z,rearMat,Wm2Back
0.6125522,3.7508e-17,0.9854314,sky,14.6421
0.4592536,2.812117e-17,1.113882,sky,14.6421
0.305955,1.873434e-17,1.242332,sky,14.6421
0.1526563,9.347505e-18,1.370783,sky,14.6421
-0.0006422527,-3.932663e-20,1.499234,sky,14.6421
-0.1539409,-9.426159e-18,1.627684,sky,14.6421
-0.3072395,-1.881299e-17,1.756135,sky,14.6421
-0.4605381,-2.819982e-17,1.884585,sky,14.6421
-0.6138367,-3.758665e-17,2.013036,sky,14.6421
