x,y,z,mattype,Wm2Front
1.5746,3.890962e-17,0.05,groundplane,700.4188
1.5746,0.0254,0.05,groundplane,700.4182999999999
1.5746,0.0508,0.05,groundplane,700.418
1.5746,0.0762,0.05,groundplane,700.4178
1.5746,0.1016,0.05,groundplane,700.4175
