x,y,z,mattype,Wm2Front
1.5746,3.247255e-17,0.05,groundplane,415.021
1.5746,0.0254,0.05,groundplane,415.0179
1.5746,0.0508,0.05,groundplane,415.01770000000005
1.5746,0.0762,0.05,groundplane,415.0175
1.5746,0.1016,0.05,groundplane,415.0173
