x,y,z,mattype,Wm2Front
1.5746,4.297285e-17,0.05,groundplane,67.31796
1.5746,0.0254,0.05,groundplane,67.3185
1.5746,0.0508,0.05,groundplane,67.31846
1.5746,0.0762,0.05,groundplane,67.31841
1.5746,0.1016,0.05,groundplane,67.31837
