x,y,z,mattype,Wm2Front
1.5746,3.050247e-17,0.05,groundplane,446.2041
1.5746,0.0254,0.05,groundplane,446.20610000000005
1.5746,0.0508,0.05,groundplane,446.20599999999996
1.5746,0.0762,0.05,groundplane,446.2059
1.5746,0.1016,0.05,groundplane,446.2058
