x,y,z,rearMat,Wm2Back
0.7252142,4.440656e-17,1.162264,sky,8.570068
0.5438054,3.329848e-17,1.246471,sky,8.570068
0.3623966,2.219039e-17,1.330679,sky,8.570068
0.1809878,1.10823e-17,1.414886,sky,8.570068
-0.0004210358,-2.578101e-20,1.499093,sky,8.570068
-0.1818298,-1.113387e-17,1.5833,sky,8.570068
-0.3632386,-2.224195e-17,1.667507,sky,8.570068
-0.5446474,-3.335004e-17,1.751714,sky,8.570068
-0.7260562,-4.445812e-17,1.835922,sky,8.570068
