x,y,z,mattype,Wm2Front
0.3746,4.892982e-17,0.05,groundplane,930.9896
0.3746,0.0254,0.05,groundplane,930.9905
0.3746,0.0508,0.05,groundplane,930.9901
0.3746,0.0762,0.05,groundplane,930.9897
0.3746,0.1016,0.05,groundplane,930.9892999999998
