x,y,z,mattype,Wm2Front
0.3746,4.562315e-17,0.05,groundplane,842.1456
0.3746,0.0254,0.05,groundplane,842.1471
0.3746,0.0508,0.05,groundplane,842.1466999999999
0.3746,0.0762,0.05,groundplane,842.1464
0.3746,0.1016,0.05,groundplane,842.1460000000001
