x,y,z,mattype,Wm2Front
0.3746,3.050247e-17,0.05,groundplane,210.26470000000003
0.3746,0.0254,0.05,groundplane,210.26830000000004
0.3746,0.0508,0.05,groundplane,210.268
0.3746,0.0762,0.05,groundplane,210.2678
0.3746,0.1016,0.05,groundplane,210.2676
