x,y,z,mattype,Wm2Front
1.5746,4.722823e-17,0.05,groundplane,746.3307
1.5746,0.0254,0.05,groundplane,746.3313000000002
1.5746,0.0508,0.05,groundplane,746.3309
1.5746,0.0762,0.05,groundplane,746.3305999999999
1.5746,0.1016,0.05,groundplane,746.3303
