x,y,z,rearMat,Wm2Back
0.79783,4.8853e-17,1.441108,sky,1.188151
0.5983544,3.663864e-17,1.455582,sky,1.188151
0.3988788,2.442428e-17,1.470055,sky,1.188151
0.1994032,1.220993e-17,1.484529,sky,1.188151
-7.236785e-05,-4.431253e-21,1.499003,sky,1.188151
-0.199548,-1.221879e-17,1.513476,sky,1.188151
-0.3990236,-2.443315e-17,1.52795,sky,1.188151
-0.5984992,-3.66475e-17,1.542423,sky,1.188151
-0.7979748,-4.886186e-17,1.556897,sky,1.188151
