x,y,z,rearMat,Wm2Back
0.5411066,3.313322e-17,2.089241,sky,46.03116
0.4060143,2.486121e-17,1.941762,sky,46.03116
0.270922,1.658919e-17,1.794283,sky,46.03116
0.1358297,8.31717e-18,1.646804,sky,46.03116
0.0007373952,4.515244e-20,1.499325,sky,46.03116
-0.1343549,-8.226865e-18,1.351845,sky,46.03116
-0.2694472,-1.649888e-17,1.204366,sky,46.03116
-0.4045395,-2.47709e-17,1.056887,sky,46.03116
-0.5396318,-3.304292e-17,0.9094083,sky,46.03116
