x,y,z,mattype,Wm2Front
1.5746,4.076978e-17,0.05,groundplane,717.9378
1.5746,0.0254,0.05,groundplane,717.9375999999999
1.5746,0.0508,0.05,groundplane,717.9373
1.5746,0.0762,0.05,groundplane,717.937
1.5746,0.1016,0.05,groundplane,717.9366999999999
