x,y,z,mattype,Wm2Front
1.5746,4.336935e-17,0.05,groundplane,786.2715
1.5746,0.0254,0.05,groundplane,786.2732
1.5746,0.0508,0.05,groundplane,786.2728000000001
1.5746,0.0762,0.05,groundplane,786.2724
1.5746,0.1016,0.05,groundplane,786.272
