x,y,z,mattype,Wm2Front
0.3746,3.379552e-17,0.05,groundplane,57.28413
0.3746,0.0254,0.05,groundplane,57.28405999999999
0.3746,0.0508,0.05,groundplane,57.28404
0.3746,0.0762,0.05,groundplane,57.28402
0.3746,0.1016,0.05,groundplane,57.284
