x,y,z,mattype,Wm2Front
0.3746,3.050247e-17,0.05,groundplane,56.97495
0.3746,0.0254,0.05,groundplane,56.97499
0.3746,0.0508,0.05,groundplane,56.97499
0.3746,0.0762,0.05,groundplane,56.974979999999995
0.3746,0.1016,0.05,groundplane,56.974979999999995
