x,y,z,mattype,Wm2Front
1.5746,4.814335e-17,0.05,groundplane,819.0198999999999
1.5746,0.0254,0.05,groundplane,819.0205
1.5746,0.0508,0.05,groundplane,819.0201000000001
1.5746,0.0762,0.05,groundplane,819.0197
1.5746,0.1016,0.05,groundplane,819.0193
