x,y,z,rearMat,Wm2Back
0.5739024,3.514139e-17,0.9426518,sky,13.286790000000002
0.4302529,2.634539e-17,1.081809,sky,13.286790000000002
0.2866033,1.754939e-17,1.220967,sky,13.286790000000002
0.1429538,8.753393e-18,1.360124,sky,13.286790000000002
-0.0006957874,-4.260469e-20,1.499282,sky,13.286790000000002
-0.1443453,-8.838603e-18,1.638439,sky,13.286790000000002
-0.2879949,-1.76346e-17,1.777597,sky,13.286790000000002
-0.4316444,-2.64306e-17,1.916754,sky,13.286790000000002
-0.575294,-3.52266e-17,2.055912,sky,13.286790000000002
