x,y,z,rearMat,Wm2Back
0.5203188,3.186034e-17,2.107675,sky,18.35115
0.3904292,2.39069e-17,1.955594,sky,18.35115
0.2605396,1.595345e-17,1.803513,sky,18.35115
0.13065,8.000006e-18,1.651432,sky,18.35115
0.000760406,4.656144e-20,1.499351,sky,18.35115
-0.1291292,-7.906883e-18,1.347269,sky,18.35115
-0.2590188,-1.586033e-17,1.195188,sky,18.35115
-0.3889084,-2.381377e-17,1.043107,sky,18.35115
-0.518798,-3.176722e-17,0.8910258,sky,18.35115
