x,y,z,rearMat,Wm2Back
0.692063,4.237664e-17,1.90131,sky,18.99129
0.5191729,3.179017e-17,1.800766,sky,18.99129
0.3462829,2.120371e-17,1.700223,sky,18.99129
0.1733928,1.061725e-17,1.599679,sky,18.99129
0.0005027182,3.078261e-20,1.499136,sky,18.99129
-0.1723873,-1.055568e-17,1.398592,sky,18.99129
-0.3452774,-2.114214e-17,1.298048,sky,18.99129
-0.5181675,-3.172861e-17,1.197505,sky,18.99129
-0.6910576,-4.231507e-17,1.096961,sky,18.99129
