x,y,z,mattype,Wm2Front
0.3746,4.717539e-17,0.05,groundplane,840.3494
0.3746,0.0254,0.05,groundplane,840.3498
0.3746,0.0508,0.05,groundplane,840.3494
0.3746,0.0762,0.05,groundplane,840.3491
0.3746,0.1016,0.05,groundplane,840.3488000000001
