x,y,z,mattype,Wm2Front
0.3746,4.895989e-17,0.05,groundplane,14.833800000000002
0.3746,0.0254,0.05,groundplane,14.833440000000001
0.3746,0.0508,0.05,groundplane,14.833440000000001
0.3746,0.0762,0.05,groundplane,14.83343
0.3746,0.1016,0.05,groundplane,14.833419999999998
