x,y,z,rearMat,Wm2Back
0.5831908,3.571014e-17,2.047622,sky,15.661229999999998
0.4375645,2.67931e-17,1.910534,sky,15.661229999999998
0.2919381,1.787606e-17,1.773447,sky,15.661229999999998
0.1463118,8.959013e-18,1.636359,sky,15.661229999999998
0.0006854372,4.197092e-20,1.499272,sky,15.661229999999998
-0.1449409,-8.875071e-18,1.362184,sky,15.661229999999998
-0.2905673,-1.779211e-17,1.225097,sky,15.661229999999998
-0.4361936,-2.670916e-17,1.08801,sky,15.661229999999998
-0.58182,-3.56262e-17,0.9509221,sky,15.661229999999998
