x,y,z,rearMat,Wm2Back
0.7534197,4.613365e-17,1.768998,sky,17.92723
0.5651491,3.46054e-17,1.701513,sky,17.92723
0.3768786,2.307716e-17,1.634028,sky,17.92723
0.188608,1.154891e-17,1.566543,sky,17.92723
0.0003374239,2.066125e-20,1.499059,sky,17.92723
-0.1879331,-1.150759e-17,1.431574,sky,17.92723
-0.3762037,-2.303583e-17,1.364089,sky,17.92723
-0.5644743,-3.456408e-17,1.296604,sky,17.92723
-0.7527448,-4.609233e-17,1.22912,sky,17.92723
