x,y,z,mattype,Wm2Front
0.3746,3.247255e-17,0.05,groundplane,413.4459
0.3746,0.0254,0.05,groundplane,413.44440000000003
0.3746,0.0508,0.05,groundplane,413.44429999999994
0.3746,0.0762,0.05,groundplane,413.4441
0.3746,0.1016,0.05,groundplane,413.444
