x,y,z,rearMat,Wm2Back
0.7134488,4.368614e-17,1.861928,sky,16.42447
0.5352,3.277155e-17,1.771223,sky,16.42447
0.3569512,2.185696e-17,1.680518,sky,16.42447
0.1787023,1.094236e-17,1.589814,sky,16.42447
0.0004535239,2.777033e-20,1.499109,sky,16.42447
-0.1777953,-1.088682e-17,1.408404,sky,16.42447
-0.3560441,-2.180141e-17,1.317699,sky,16.42447
-0.5342929,-3.271601e-17,1.226994,sky,16.42447
-0.7125418,-4.36306e-17,1.13629,sky,16.42447
