x,y,z,mattype,Wm2Front
1.5746,3.677239e-17,0.05,groundplane,715.5439
1.5746,0.0254,0.05,groundplane,715.5463
1.5746,0.0508,0.05,groundplane,715.5459
1.5746,0.0762,0.05,groundplane,715.5454999999998
1.5746,0.1016,0.05,groundplane,715.5452
