x,y,z,mattype,Wm2Front
1.5746,4.423419e-17,0.05,groundplane,714.0639
1.5746,0.0254,0.05,groundplane,714.0642000000001
1.5746,0.0508,0.05,groundplane,714.0638
1.5746,0.0762,0.05,groundplane,714.0634999999999
1.5746,0.1016,0.05,groundplane,714.0632
