x,y,z,mattype,Wm2Front
1.5746,3.72988e-17,0.05,groundplane,692.7941
1.5746,0.0254,0.05,groundplane,692.7977
1.5746,0.0508,0.05,groundplane,692.7972
1.5746,0.0762,0.05,groundplane,692.7967
1.5746,0.1016,0.05,groundplane,692.7962000000001
