x,y,z,rearMat,Wm2Back
0.7679686,4.702452e-17,1.72411,sky,90.1331
0.5760468,3.527269e-17,1.667842,sky,90.1331
0.384125,2.352087e-17,1.611575,sky,90.1331
0.1922032,1.176905e-17,1.555308,sky,90.1331
0.0002813367,1.722691e-20,1.49904,sky,90.1331
-0.1916405,-1.17346e-17,1.442773,sky,90.1331
-0.3835623,-2.348642e-17,1.386506,sky,90.1331
-0.5754841,-3.523824e-17,1.330238,sky,90.1331
-0.767406,-4.699006e-17,1.273971,sky,90.1331
