x,y,z,rearMat,Wm2Back
0.7226591,4.425011e-17,1.156831,sky,8.056514
0.5418874,3.318103e-17,1.242397,sky,8.056514
0.3611156,2.211196e-17,1.327964,sky,8.056514
0.1803439,1.104288e-17,1.41353,sky,8.056514
-0.0004278312,-2.61971e-20,1.499096,sky,8.056514
-0.1811996,-1.109527e-17,1.584662,sky,8.056514
-0.3619713,-2.216435e-17,1.670229,sky,8.056514
-0.542743,-3.323343e-17,1.755795,sky,8.056514
-0.7235148,-4.43025e-17,1.841361,sky,8.056514
