x,y,z,mattype,Wm2Front
1.5746,4.779753e-17,0.05,groundplane,76.09479
1.5746,0.0254,0.05,groundplane,76.09645
1.5746,0.0508,0.05,groundplane,76.09637
1.5746,0.0762,0.05,groundplane,76.0963
1.5746,0.1016,0.05,groundplane,76.09623
