x,y,z,mattype,Wm2Front
0.3746,4.879923e-17,0.05,groundplane,860.8302
0.3746,0.0254,0.05,groundplane,860.8341
0.3746,0.0508,0.05,groundplane,860.8323999999999
0.3746,0.0762,0.05,groundplane,860.8307
0.3746,0.1016,0.05,groundplane,860.8290000000001
