x,y,z,mattype,Wm2Front
0.3746,3.247255e-17,0.05,groundplane,472.82750000000004
0.3746,0.0254,0.05,groundplane,472.8269
0.3746,0.0508,0.05,groundplane,472.8267
0.3746,0.0762,0.05,groundplane,472.82649999999995
0.3746,0.1016,0.05,groundplane,472.8263
