x,y,z,rearMat,Wm2Back
0.799981,4.898471e-17,1.494392,sky,18.77744
0.5999843,3.673844e-17,1.495544,sky,18.77744
0.3999876,2.449218e-17,1.496696,sky,18.77744
0.1999909,1.224591e-17,1.497848,sky,18.77744
-5.759555e-06,-3.52671e-22,1.499,sky,18.77744
-0.2000024,-1.224662e-17,1.500152,sky,18.77744
-0.3999991,-2.449288e-17,1.501304,sky,18.77744
-0.5999958,-3.673915e-17,1.502456,sky,18.77744
-0.7999925,-4.898541e-17,1.503608,sky,18.77744
