x,y,z,rearMat,Wm2Back
0.5635257,3.4506e-17,2.067838,sky,16.64279
0.4228219,2.589038e-17,1.925702,sky,16.64279
0.2821182,1.727476e-17,1.783567,sky,16.64279
0.1414144,8.659136e-18,1.641432,sky,16.64279
0.0007106767,4.35164e-20,1.499296,sky,16.64279
-0.1399931,-8.572103e-18,1.357161,sky,16.64279
-0.2806968,-1.718772e-17,1.215026,sky,16.64279
-0.4214006,-2.580334e-17,1.07289,sky,16.64279
-0.5621043,-3.441896e-17,0.9307551,sky,16.64279
