x,y,z,mattype,Wm2Front
0.3746,4.45002e-17,0.05,groundplane,814.5095
0.3746,0.0254,0.05,groundplane,814.5149
0.3746,0.0508,0.05,groundplane,814.5138000000001
0.3746,0.0762,0.05,groundplane,814.5126999999999
0.3746,0.1016,0.05,groundplane,814.5116000000002
