x,y,z,mattype,Wm2Front
0.3746,4.09786e-17,0.05,groundplane,727.7280999999999
0.3746,0.0254,0.05,groundplane,727.7298999999999
0.3746,0.0508,0.05,groundplane,727.7295
0.3746,0.0762,0.05,groundplane,727.7291
0.3746,0.1016,0.05,groundplane,727.7286
