x,y,z,mattype,Wm2Front
1.5746,4.871115e-17,0.05,groundplane,2.873685
1.5746,0.0254,0.05,groundplane,2.87369
1.5746,0.0508,0.05,groundplane,2.87369
1.5746,0.0762,0.05,groundplane,2.87369
1.5746,0.1016,0.05,groundplane,2.87369
