x,y,z,rearMat,Wm2Back
0.6810774,4.170396e-17,1.080316,sky,8.673246
0.5106772,3.126996e-17,1.185024,sky,8.673246
0.3402769,2.083595e-17,1.289732,sky,8.673246
0.1698767,1.040195e-17,1.39444,sky,8.673246
-0.0005235399,-3.205757e-20,1.499148,sky,8.673246
-0.1709238,-1.046606e-17,1.603856,sky,8.673246
-0.341324,-2.090007e-17,1.708564,sky,8.673246
-0.5117242,-3.133407e-17,1.813272,sky,8.673246
-0.6821245,-4.176808e-17,1.91798,sky,8.673246
