x,y,z,rearMat,Wm2Back
0.621116,3.803238e-17,2.004198,sky,24.06209
0.4659948,2.853395e-17,1.877955,sky,24.06209
0.3108736,1.903552e-17,1.751711,sky,24.06209
0.1557524,9.537084e-18,1.625468,sky,24.06209
0.0006312174,3.865092e-20,1.499224,sky,24.06209
-0.15449,-9.459782e-18,1.372981,sky,24.06209
-0.3096112,-1.895822e-17,1.246737,sky,24.06209
-0.4647323,-2.845665e-17,1.120494,sky,24.06209
-0.6198535,-3.795508e-17,0.9942504,sky,24.06209
