x,y,z,rearMat,Wm2Back
0.6638419,4.064859e-17,1.053553,sky,21.903499999999998
0.4977422,3.047792e-17,1.164957,sky,21.903499999999998
0.3316425,2.030724e-17,1.276361,sky,21.903499999999998
0.1655427,1.013657e-17,1.387765,sky,21.903499999999998
-0.0005570206,-3.410767e-20,1.49917,sky,21.903499999999998
-0.1666568,-1.020478e-17,1.610574,sky,21.903499999999998
-0.3327565,-2.037546e-17,1.721978,sky,21.903499999999998
-0.4988562,-3.054613e-17,1.833382,sky,21.903499999999998
-0.664956,-4.071681e-17,1.944786,sky,21.903499999999998
