x,y,z,mattype,Wm2Front
1.5746,4.599277e-17,0.05,groundplane,810.2452
1.5746,0.0254,0.05,groundplane,810.2455
1.5746,0.0508,0.05,groundplane,810.245
1.5746,0.0762,0.05,groundplane,810.2445000000001
1.5746,0.1016,0.05,groundplane,810.244
