x,y,z,mattype,Wm2Front
1.5746,4.828968e-17,0.05,groundplane,80.16893
1.5746,0.0254,0.05,groundplane,80.1678
1.5746,0.0508,0.05,groundplane,80.16774
1.5746,0.0762,0.05,groundplane,80.16769
1.5746,0.1016,0.05,groundplane,80.16763
