x,y,z,mattype,Wm2Front
0.3746,4.873997e-17,0.05,groundplane,839.6370000000001
0.3746,0.0254,0.05,groundplane,839.6375000000002
0.3746,0.0508,0.05,groundplane,839.6371
0.3746,0.0762,0.05,groundplane,839.6367
0.3746,0.1016,0.05,groundplane,839.6363
