x,y,z,mattype,Wm2Front
0.3746,3.050247e-17,0.05,groundplane,370.74309999999997
0.3746,0.0254,0.05,groundplane,370.7452
0.3746,0.0508,0.05,groundplane,370.7450999999999
0.3746,0.0762,0.05,groundplane,370.74500000000006
0.3746,0.1016,0.05,groundplane,370.7448
