x,y,z,mattype,Wm2Front
0.3746,4.734929e-17,0.05,groundplane,26.69459
0.3746,0.0254,0.05,groundplane,26.69403
0.3746,0.0508,0.05,groundplane,26.694010000000002
0.3746,0.0762,0.05,groundplane,26.69399
0.3746,0.1016,0.05,groundplane,26.69398
