x,y,z,mattype,Wm2Front
1.5746,4.811603e-17,0.05,groundplane,832.7581999999999
1.5746,0.0254,0.05,groundplane,832.7586
1.5746,0.0508,0.05,groundplane,832.7581
1.5746,0.0762,0.05,groundplane,832.7576
1.5746,0.1016,0.05,groundplane,832.7571000000002
