x,y,z,rearMat,Wm2Back
0.6269412,3.838908e-17,1.003064,sky,13.87347
0.4700509,2.878231e-17,1.127102,sky,13.87347
0.3131605,1.917555e-17,1.25114,sky,13.87347
0.1562702,9.568788e-18,1.375178,sky,13.87347
-0.0006201899,-3.797568e-20,1.499216,sky,13.87347
-0.1575105,-9.644739e-18,1.623254,sky,13.87347
-0.3144009,-1.92515e-17,1.747291,sky,13.87347
-0.4712912,-2.885827e-17,1.871329,sky,13.87347
-0.6281816,-3.846503e-17,1.995367,sky,13.87347
