x,y,z,mattype,Wm2Front
1.5746,4.595211e-17,0.05,groundplane,777.0805999999999
1.5746,0.0254,0.05,groundplane,777.0823
1.5746,0.0508,0.05,groundplane,777.0818
1.5746,0.0762,0.05,groundplane,777.0813000000002
1.5746,0.1016,0.05,groundplane,777.0808000000001
