x,y,z,rearMat,Wm2Back
0.5646148,3.457269e-17,2.066755,sky,141.8893
0.4236384,2.594037e-17,1.92489,sky,141.8893
0.2826621,1.730806e-17,1.783025,sky,141.8893
0.1416857,8.675747e-18,1.64116,sky,141.8893
0.0007093247,4.343361e-20,1.499295,sky,141.8893
-0.140267,-8.588879e-18,1.35743,sky,141.8893
-0.2812434,-1.722119e-17,1.215565,sky,141.8893
-0.4222198,-2.585351e-17,1.0737,sky,141.8893
-0.5631962,-3.448582e-17,0.9318353,sky,141.8893
