x,y,z,mattype,Wm2Front
1.5746,3.867447e-17,0.05,groundplane,689.0904999999999
1.5746,0.0254,0.05,groundplane,689.0901
1.5746,0.0508,0.05,groundplane,689.0898000000001
1.5746,0.0762,0.05,groundplane,689.0895
1.5746,0.1016,0.05,groundplane,689.0893
