x,y,z,mattype,Wm2Front
1.5746,4.595132e-17,0.05,groundplane,767.4874
1.5746,0.0254,0.05,groundplane,767.4898
1.5746,0.0508,0.05,groundplane,767.4892999999998
1.5746,0.0762,0.05,groundplane,767.4889
1.5746,0.1016,0.05,groundplane,767.4885
