x,y,z,mattype,Wm2Front
0.3746,3.247255e-17,0.05,groundplane,239.51429999999996
0.3746,0.0254,0.05,groundplane,239.5099
0.3746,0.0508,0.05,groundplane,239.5096
0.3746,0.0762,0.05,groundplane,239.50930000000002
0.3746,0.1016,0.05,groundplane,239.5089
