x,y,z,rearMat,Wm2Back
0.6475555,3.965134e-17,1.969758,sky,82.38195
0.4858137,2.974751e-17,1.852117,sky,82.38195
0.3240719,1.984368e-17,1.734475,sky,82.38195
0.16233,9.939848e-18,1.616833,sky,82.38195
0.0005882088,3.60174e-20,1.499191,sky,82.38195
-0.1611536,-9.867813e-18,1.38155,sky,82.38195
-0.3228954,-1.977164e-17,1.263908,sky,82.38195
-0.4846373,-2.967547e-17,1.146266,sky,82.38195
-0.6463791,-3.95793e-17,1.028624,sky,82.38195
