x,y,z,rearMat,Wm2Back
0.6688887,4.095762e-17,1.93885,sky,12.60221
0.5018039,3.072663e-17,1.828928,sky,12.60221
0.3347192,2.049564e-17,1.719007,sky,12.60221
0.1676344,1.026465e-17,1.609086,sky,12.60221
0.0005496062,3.365367e-20,1.499165,sky,12.60221
-0.1665352,-1.019734e-17,1.389243,sky,12.60221
-0.3336199,-2.042833e-17,1.279322,sky,12.60221
-0.5007047,-3.065932e-17,1.169401,sky,12.60221
-0.6677895,-4.089031e-17,1.05948,sky,12.60221
