x,y,z,mattype,Wm2Front
1.5746,4.088801e-17,0.05,groundplane,242.7223
1.5746,0.0254,0.05,groundplane,242.72120000000004
1.5746,0.0508,0.05,groundplane,242.72120000000004
1.5746,0.0762,0.05,groundplane,242.7211
1.5746,0.1016,0.05,groundplane,242.7211
