x,y,z,mattype,Wm2Front
0.3746,4.84615e-17,0.05,groundplane,2.463082
0.3746,0.0254,0.05,groundplane,2.463081
0.3746,0.0508,0.05,groundplane,2.463081
0.3746,0.0762,0.05,groundplane,2.463081
0.3746,0.1016,0.05,groundplane,2.463081
