x,y,z,rearMat,Wm2Back
0.5480616,3.355909e-17,2.082777,sky,68.76564
0.4112285,2.518048e-17,1.936912,sky,68.76564
0.2743955,1.680188e-17,1.791047,sky,68.76564
0.1375624,8.423267e-18,1.645181,sky,68.76564
0.000729327,4.46584e-20,1.499316,sky,68.76564
-0.1361037,-8.33395e-18,1.35345,sky,68.76564
-0.2729368,-1.671256e-17,1.207585,sky,68.76564
-0.4097699,-2.509117e-17,1.06172,sky,68.76564
-0.5466029,-3.346978e-17,0.9158543,sky,68.76564
