x,y,z,mattype,Wm2Front
0.3746,4.60024e-17,0.05,groundplane,198.8773
0.3746,0.0254,0.05,groundplane,198.8809
0.3746,0.0508,0.05,groundplane,198.88070000000002
0.3746,0.0762,0.05,groundplane,198.8806
0.3746,0.1016,0.05,groundplane,198.8804
