x,y,z,mattype,Wm2Front
1.5746,3.719729e-17,0.05,groundplane,685.2885
1.5746,0.0254,0.05,groundplane,685.2878999999999
1.5746,0.0508,0.05,groundplane,685.2876
1.5746,0.0762,0.05,groundplane,685.2874
1.5746,0.1016,0.05,groundplane,685.2871
