x,y,z,mattype,Wm2Front
0.3746,3.393152e-17,0.05,groundplane,381.2453
0.3746,0.0254,0.05,groundplane,381.2455
0.3746,0.0508,0.05,groundplane,381.2439
0.3746,0.0762,0.05,groundplane,381.2423999999999
0.3746,0.1016,0.05,groundplane,381.2409
