x,y,z,rearMat,Wm2Back
0.798178,4.88743e-17,1.553972,sky,59.20194999999999
0.5986506,3.665678e-17,1.540229,sky,59.20194999999999
0.3991233,2.443926e-17,1.526487,sky,59.20194999999999
0.199596,1.222173e-17,1.512745,sky,59.20194999999999
6.871179e-05,4.207384e-21,1.499002,sky,59.20194999999999
-0.1994586,-1.221332e-17,1.48526,sky,59.20194999999999
-0.3989859,-2.443084e-17,1.471518,sky,59.20194999999999
-0.5985132,-3.664836e-17,1.457775,sky,59.20194999999999
-0.7980405,-4.886589e-17,1.444033,sky,59.20194999999999
