x,y,z,rearMat,Wm2Back
0.731526,4.479305e-17,1.823838,sky,50.73561
0.548746,3.3601e-17,1.74265,sky,50.73561
0.365966,2.240895e-17,1.661462,sky,50.73561
0.183186,1.12169e-17,1.580274,sky,50.73561
0.0004059393,2.485661e-20,1.499086,sky,50.73561
-0.1823741,-1.116719e-17,1.417898,sky,50.73561
-0.3651541,-2.235924e-17,1.33671,sky,50.73561
-0.5479341,-3.355129e-17,1.255523,sky,50.73561
-0.7307141,-4.474333e-17,1.174335,sky,50.73561
