x,y,z,mattype,Wm2Front
0.3746,4.619668e-17,0.05,groundplane,769.7950999999999
0.3746,0.0254,0.05,groundplane,769.7968
0.3746,0.0508,0.05,groundplane,769.7963
0.3746,0.0762,0.05,groundplane,769.7958
0.3746,0.1016,0.05,groundplane,769.7953000000001
