x,y,z,rearMat,Wm2Back
0.6695008,4.09951e-17,1.937915,sky,117.1932
0.5022627,3.075472e-17,1.828227,sky,117.1932
0.3350246,2.051434e-17,1.718539,sky,117.1932
0.1677865,1.027396e-17,1.608852,sky,117.1932
0.0005484392,3.358221e-20,1.499164,sky,117.1932
-0.1666897,-1.02068e-17,1.389476,sky,117.1932
-0.3339277,-2.044718e-17,1.279788,sky,117.1932
-0.5011658,-3.068756e-17,1.1701,sky,117.1932
-0.6684039,-4.092794e-17,1.060412,sky,117.1932
