x,y,z,rearMat,Wm2Back
0.5593481,3.425019e-17,2.071953,sky,33.05268
0.41969,2.56986e-17,1.92879,sky,33.05268
0.280032,1.714701e-17,1.785628,sky,33.05268
0.1403739,8.595422e-18,1.642465,sky,33.05268
0.0007158146,4.3831e-20,1.499302,sky,33.05268
-0.1389423,-8.50776e-18,1.356139,sky,33.05268
-0.2786003,-1.705935e-17,1.212976,sky,33.05268
-0.4182584,-2.561094e-17,1.069813,sky,33.05268
-0.5579165,-3.416253e-17,0.92665,sky,33.05268
