x,y,z,mattype,Wm2Front
0.3746,3.941983e-17,0.05,groundplane,249.9055
0.3746,0.0254,0.05,groundplane,249.9076
0.3746,0.0508,0.05,groundplane,249.9075
0.3746,0.0762,0.05,groundplane,249.9075
0.3746,0.1016,0.05,groundplane,249.90739999999997
