x,y,z,mattype,Wm2Front
1.5746,4.48299e-17,0.05,groundplane,45.99052
1.5746,0.0254,0.05,groundplane,45.990379999999995
1.5746,0.0508,0.05,groundplane,45.990370000000006
1.5746,0.0762,0.05,groundplane,45.99036
1.5746,0.1016,0.05,groundplane,45.99034
