x,y,z,mattype,Wm2Front
1.5746,3.247255e-17,0.05,groundplane,443.30480000000006
1.5746,0.0254,0.05,groundplane,443.30379999999997
1.5746,0.0508,0.05,groundplane,443.3036
1.5746,0.0762,0.05,groundplane,443.3034
1.5746,0.1016,0.05,groundplane,443.3032
