x,y,z,mattype,Wm2Front
1.5746,4.057547e-17,0.05,groundplane,802.5577
1.5746,0.0254,0.05,groundplane,802.5593
1.5746,0.0508,0.05,groundplane,802.5589999999999
1.5746,0.0762,0.05,groundplane,802.5587
1.5746,0.1016,0.05,groundplane,802.5585
