x,y,z,rearMat,Wm2Back
0.6326515,3.873873e-17,1.989646,sky,96.32998000000002
0.4746419,2.906343e-17,1.867037,sky,96.32998000000002
0.3166323,1.938813e-17,1.744428,sky,96.32998000000002
0.1586227,9.712836e-18,1.621819,sky,96.32998000000002
0.000613045,3.753818e-20,1.49921,sky,96.32998000000002
-0.1573966,-9.63776e-18,1.376601,sky,96.32998000000002
-0.3154062,-1.931306e-17,1.253992,sky,96.32998000000002
-0.4734158,-2.898836e-17,1.131383,sky,96.32998000000002
-0.6314254,-3.866365e-17,1.008774,sky,96.32998000000002
