x,y,z,mattype,Wm2Front
1.5746,4.893676e-17,0.05,groundplane,13.449059999999998
1.5746,0.0254,0.05,groundplane,13.44918
1.5746,0.0508,0.05,groundplane,13.44918
1.5746,0.0762,0.05,groundplane,13.44917
1.5746,0.1016,0.05,groundplane,13.44917
