x,y,z,mattype,Wm2Front
0.3746,4.542055e-17,0.05,groundplane,448.17530000000005
0.3746,0.0254,0.05,groundplane,448.1816999999999
0.3746,0.0508,0.05,groundplane,448.1802
0.3746,0.0762,0.05,groundplane,448.1787
0.3746,0.1016,0.05,groundplane,448.17710000000005
