x,y,z,mattype,Wm2Front
1.5746,4.804503e-17,0.05,groundplane,412.7372
1.5746,0.0254,0.05,groundplane,412.7385
1.5746,0.0508,0.05,groundplane,412.73769999999996
1.5746,0.0762,0.05,groundplane,412.73690000000005
1.5746,0.1016,0.05,groundplane,412.73600000000005
