x,y,z,mattype,Wm2Front
0.3746,3.750876e-17,0.05,groundplane,745.1111999999999
0.3746,0.0254,0.05,groundplane,745.1124
0.3746,0.0508,0.05,groundplane,745.1120999999999
0.3746,0.0762,0.05,groundplane,745.1119
0.3746,0.1016,0.05,groundplane,745.1115999999998
