x,y,z,mattype,Wm2Front
1.5746,4.719615e-17,0.05,groundplane,810.1276000000001
1.5746,0.0254,0.05,groundplane,810.1283
1.5746,0.0508,0.05,groundplane,810.1279
1.5746,0.0762,0.05,groundplane,810.1274
1.5746,0.1016,0.05,groundplane,810.127
