x,y,z,mattype,Wm2Front
0.3746,3.050247e-17,0.05,groundplane,466.82649999999995
0.3746,0.0254,0.05,groundplane,466.82919999999996
0.3746,0.0508,0.05,groundplane,466.8291
0.3746,0.0762,0.05,groundplane,466.829
0.3746,0.1016,0.05,groundplane,466.8289
