x,y,z,mattype,Wm2Front
0.3746,4.505575e-17,0.05,groundplane,805.73
0.3746,0.0254,0.05,groundplane,805.7314
0.3746,0.0508,0.05,groundplane,805.7310000000001
0.3746,0.0762,0.05,groundplane,805.7306
0.3746,0.1016,0.05,groundplane,805.7302
