x,y,z,rearMat,Wm2Back
0.6862256,4.20192e-17,1.088788,sky,15.59832
0.514541,3.150655e-17,1.191376,sky,15.59832
0.3428563,2.09939e-17,1.293965,sky,15.59832
0.1711717,1.048124e-17,1.396553,sky,15.59832
-0.0005129421,-3.140864e-20,1.499142,sky,15.59832
-0.1721976,-1.054406e-17,1.60173,sky,15.59832
-0.3438822,-2.105671e-17,1.704318,sky,15.59832
-0.5155669,-3.156937e-17,1.806907,sky,15.59832
-0.6872515,-4.208202e-17,1.909495,sky,15.59832
