x,y,z,mattype,Wm2Front
0.3746,4.167574e-17,0.05,groundplane,221.1993
0.3746,0.0254,0.05,groundplane,221.19809999999998
0.3746,0.0508,0.05,groundplane,221.198
0.3746,0.0762,0.05,groundplane,221.198
0.3746,0.1016,0.05,groundplane,221.1979
