x,y,z,mattype,Wm2Front
1.5746,4.113268e-17,0.05,groundplane,65.58462
1.5746,0.0254,0.05,groundplane,65.58516
1.5746,0.0508,0.05,groundplane,65.58514
1.5746,0.0762,0.05,groundplane,65.58514
1.5746,0.1016,0.05,groundplane,65.58512
