x,y,z,rearMat,Wm2Back
0.7414419,4.540022e-17,1.800441,sky,9.531728
0.5561756,3.405593e-17,1.725099,sky,9.531728
0.3709093,2.271165e-17,1.649757,sky,9.531728
0.185643,1.136736e-17,1.574416,sky,9.531728
0.0003767093,2.306679e-20,1.499074,sky,9.531728
-0.1848896,-1.132122e-17,1.423732,sky,9.531728
-0.3701559,-2.266551e-17,1.34839,sky,9.531728
-0.5554222,-3.40098e-17,1.273048,sky,9.531728
-0.7406885,-4.535409e-17,1.197706,sky,9.531728
