x,y,z,mattype,Wm2Front
0.3746,4.887589e-17,0.05,groundplane,19.7567
0.3746,0.0254,0.05,groundplane,19.75693
0.3746,0.0508,0.05,groundplane,19.75692
0.3746,0.0762,0.05,groundplane,19.75692
0.3746,0.1016,0.05,groundplane,19.75691
