x,y,z,rearMat,Wm2Back
0.6303092,3.859531e-17,1.007343,sky,12.445079999999999
0.4725782,2.893707e-17,1.13031,sky,12.445079999999999
0.3148472,1.927883e-17,1.253277,sky,12.445079999999999
0.1571162,9.620591e-18,1.376244,sky,12.445079999999999
-0.0006148359,-3.764784e-20,1.499211,sky,12.445079999999999
-0.1583458,-9.695887e-18,1.622179,sky,12.445079999999999
-0.3160769,-1.935413e-17,1.745146,sky,12.445079999999999
-0.4738079,-2.901236e-17,1.868113,sky,12.445079999999999
-0.6315389,-3.86706e-17,1.99108,sky,12.445079999999999
