x,y,z,rearMat,Wm2Back
0.7314695,4.478959e-17,1.823965,sky,82.3073
0.5487036,3.359841e-17,1.742745,sky,82.3073
0.3659378,2.240723e-17,1.661526,sky,82.3073
0.1831719,1.121605e-17,1.580306,sky,82.3073
0.0004060988,2.486638e-20,1.499086,sky,82.3073
-0.1823597,-1.116631e-17,1.417866,sky,82.3073
-0.3651256,-2.235749e-17,1.336647,sky,82.3073
-0.5478914,-3.354867e-17,1.255427,sky,82.3073
-0.7306573,-4.473985e-17,1.174207,sky,82.3073
