x,y,z,mattype,Wm2Front
1.5746,4.897647e-17,0.05,groundplane,14.962160000000003
1.5746,0.0254,0.05,groundplane,14.961980000000002
1.5746,0.0508,0.05,groundplane,14.96197
1.5746,0.0762,0.05,groundplane,14.96196
1.5746,0.1016,0.05,groundplane,14.96196
