x,y,z,mattype,Wm2Front
1.5746,4.287382e-17,0.05,groundplane,64.17596
1.5746,0.0254,0.05,groundplane,64.17636
1.5746,0.0508,0.05,groundplane,64.17635
1.5746,0.0762,0.05,groundplane,64.17632
1.5746,0.1016,0.05,groundplane,64.17629
