x,y,z,rearMat,Wm2Back
0.7777386,4.762275e-17,1.687413,sky,17.49234
0.5833628,3.572067e-17,1.640317,sky,17.49234
0.388987,2.381859e-17,1.593221,sky,17.49234
0.1946113,1.19165e-17,1.546124,sky,17.49234
0.0002354814,1.441908e-20,1.499028,sky,17.49234
-0.1941403,-1.188766e-17,1.451932,sky,17.49234
-0.3885161,-2.378975e-17,1.404836,sky,17.49234
-0.5828918,-3.569183e-17,1.357739,sky,17.49234
-0.7772676,-4.759391e-17,1.310643,sky,17.49234
