x,y,z,rearMat,Wm2Back
0.7624195,4.668473e-17,1.257683,sky,109.5428
0.5717392,3.500893e-17,1.318024,sky,109.5428
0.3810589,2.333313e-17,1.378365,sky,109.5428
0.1903786,1.165733e-17,1.438706,sky,109.5428
-0.0003017044,-1.847406e-20,1.499047,sky,109.5428
-0.190982,-1.169428e-17,1.559387,sky,109.5428
-0.3816623,-2.337008e-17,1.619728,sky,109.5428
-0.5723426,-3.504588e-17,1.680069,sky,109.5428
-0.7630229,-4.672168e-17,1.74041,sky,109.5428
