x,y,z,mattype,Wm2Front
1.5746,3.247255e-17,0.05,groundplane,183.60939999999997
1.5746,0.0254,0.05,groundplane,183.6052
1.5746,0.0508,0.05,groundplane,183.6051
1.5746,0.0762,0.05,groundplane,183.605
1.5746,0.1016,0.05,groundplane,183.60489999999996
