x,y,z,mattype,Wm2Front
1.5746,3.050247e-17,0.05,groundplane,379.1422
1.5746,0.0254,0.05,groundplane,379.14630000000005
1.5746,0.0508,0.05,groundplane,379.14619999999996
1.5746,0.0762,0.05,groundplane,379.1461
1.5746,0.1016,0.05,groundplane,379.1461
