x,y,z,mattype,Wm2Front
0.3746,3.247255e-17,0.05,groundplane,490.1606
0.3746,0.0254,0.05,groundplane,490.1603
0.3746,0.0508,0.05,groundplane,490.1602
0.3746,0.0762,0.05,groundplane,490.16
0.3746,0.1016,0.05,groundplane,490.15989999999994
