x,y,z,rearMat,Wm2Back
0.7998446,4.897636e-17,1.484201,sky,11.059959999999998
0.5998788,3.673198e-17,1.487901,sky,11.059959999999998
0.399913,2.448761e-17,1.4916,sky,11.059959999999998
0.1999473,1.224324e-17,1.4953,sky,11.059959999999998
-1.849943e-05,-1.132764e-21,1.499,sky,11.059959999999998
-0.1999843,-1.224551e-17,1.5027,sky,11.059959999999998
-0.39995,-2.448988e-17,1.5064,sky,11.059959999999998
-0.5999158,-3.673425e-17,1.5101,sky,11.059959999999998
-0.7998816,-4.897862e-17,1.5138,sky,11.059959999999998
