x,y,z,mattype,Wm2Front
1.5746,4.873997e-17,0.05,groundplane,839.629
1.5746,0.0254,0.05,groundplane,839.6297
1.5746,0.0508,0.05,groundplane,839.6293
1.5746,0.0762,0.05,groundplane,839.6288
1.5746,0.1016,0.05,groundplane,839.6285000000001
