x,y,z,mattype,Wm2Front
0.3746,4.893304e-17,0.05,groundplane,16.80899
0.3746,0.0254,0.05,groundplane,16.80861
0.3746,0.0508,0.05,groundplane,16.80861
0.3746,0.0762,0.05,groundplane,16.80862
0.3746,0.1016,0.05,groundplane,16.80862
