x,y,z,rearMat,Wm2Back
0.5212727,3.191875e-17,2.106857,sky,131.0901
0.3911444,2.395069e-17,1.95498,sky,131.0901
0.2610161,1.598262e-17,1.803103,sky,131.0901
0.1308877,8.014562e-18,1.651226,sky,131.0901
0.0007593849,4.649891e-20,1.499349,sky,131.0901
-0.129369,-7.921564e-18,1.347472,sky,131.0901
-0.2594973,-1.588963e-17,1.195595,sky,131.0901
-0.3896256,-2.385769e-17,1.043718,sky,131.0901
-0.519754,-3.182575e-17,0.8918415,sky,131.0901
