x,y,z,rearMat,Wm2Back
0.5575161,3.413801e-17,0.9262607,sky,37.01968
0.417958,2.559254e-17,1.069521,sky,37.01968
0.2783999,1.704708e-17,1.212781,sky,37.01968
0.1388418,8.501608e-18,1.356042,sky,37.01968
-0.0007163019,-4.386084e-20,1.499302,sky,37.01968
-0.1402744,-8.589329e-18,1.642563,sky,37.01968
-0.2798325,-1.71348e-17,1.785823,sky,37.01968
-0.4193906,-2.568027e-17,1.929083,sky,37.01968
-0.5589487,-3.422573e-17,2.072344,sky,37.01968
