x,y,z,rearMat,Wm2Back
0.7949237,4.867504e-17,1.589985,sky,74.61542
0.5962212,3.650802e-17,1.567241,sky,74.61542
0.3975187,2.4341e-17,1.544496,sky,74.61542
0.1988162,1.217398e-17,1.521751,sky,74.61542
0.0001137234,6.963552e-21,1.499006,sky,74.61542
-0.1985888,-1.216005e-17,1.476262,sky,74.61542
-0.3972913,-2.432707e-17,1.453517,sky,74.61542
-0.5959937,-3.649409e-17,1.430772,sky,74.61542
-0.7946962,-4.866111e-17,1.408028,sky,74.61542
