x,y,z,rearMat,Wm2Back
0.7806376,4.780027e-17,1.325054,sky,104.18
0.5854238,3.584687e-17,1.368547,sky,104.18
0.3902101,2.389348e-17,1.412039,sky,104.18
0.1949963,1.194008e-17,1.455532,sky,104.18
-0.0002174619,-1.33157e-20,1.499024,sky,104.18
-0.1954312,-1.196671e-17,1.542516,sky,104.18
-0.390645,-2.392011e-17,1.586009,sky,104.18
-0.5858588,-3.58735e-17,1.629501,sky,104.18
-0.7810725,-4.78269e-17,1.672993,sky,104.18
