x,y,z,mattype,Wm2Front
1.5746,4.885677e-17,0.05,groundplane,10.13166
1.5746,0.0254,0.05,groundplane,10.13169
1.5746,0.0508,0.05,groundplane,10.13169
1.5746,0.0762,0.05,groundplane,10.13169
1.5746,0.1016,0.05,groundplane,10.13169
