x,y,z,mattype,Wm2Front
0.3746,3.247255e-17,0.05,groundplane,350.89090000000004
0.3746,0.0254,0.05,groundplane,350.8902
0.3746,0.0508,0.05,groundplane,350.8901
0.3746,0.0762,0.05,groundplane,350.89000000000004
0.3746,0.1016,0.05,groundplane,350.88989999999995
