x,y,z,mattype,Wm2Front
0.3746,3.247255e-17,0.05,groundplane,371.5142
0.3746,0.0254,0.05,groundplane,371.5125
0.3746,0.0508,0.05,groundplane,371.5124
0.3746,0.0762,0.05,groundplane,371.51230000000004
0.3746,0.1016,0.05,groundplane,371.51219999999995
