x,y,z,rearMat,Wm2Back
0.6283265,3.84739e-17,1.004816,sky,15.18306
0.4710904,2.884596e-17,1.128416,sky,15.18306
0.3138542,1.921803e-17,1.252015,sky,15.18306
0.1566181,9.590094e-18,1.375614,sky,15.18306
-0.0006179968,-3.784139e-20,1.499214,sky,15.18306
-0.1578541,-9.665777e-18,1.622813,sky,15.18306
-0.3150902,-1.929371e-17,1.746413,sky,15.18306
-0.4723263,-2.892165e-17,1.870012,sky,15.18306
-0.6295625,-3.854958e-17,1.993611,sky,15.18306
