x,y,z,mattype,Wm2Front
0.3746,3.761312e-17,0.05,groundplane,752.8547
0.3746,0.0254,0.05,groundplane,752.8593999999999
0.3746,0.0508,0.05,groundplane,752.8584999999999
0.3746,0.0762,0.05,groundplane,752.8575
0.3746,0.1016,0.05,groundplane,752.8566
