x,y,z,mattype,Wm2Front
0.3746,4.200194e-17,0.05,groundplane,210.9511
0.3746,0.0254,0.05,groundplane,210.95269999999996
0.3746,0.0508,0.05,groundplane,210.9526
0.3746,0.0762,0.05,groundplane,210.9526
0.3746,0.1016,0.05,groundplane,210.9525
