x,y,z,rearMat,Wm2Back
0.6722391,4.116277e-17,1.9337,sky,17.97073
0.5043151,3.088039e-17,1.825065,sky,17.97073
0.3363911,2.059802e-17,1.71643,sky,17.97073
0.1684671,1.031564e-17,1.607795,sky,17.97073
0.0005431744,3.325984e-20,1.49916,sky,17.97073
-0.1673808,-1.024912e-17,1.390525,sky,17.97073
-0.3353048,-2.05315e-17,1.281891,sky,17.97073
-0.5032287,-3.081387e-17,1.173256,sky,17.97073
-0.6711527,-4.109625e-17,1.064621,sky,17.97073
