x,y,z,mattype,Wm2Front
0.3746,4.799435e-17,0.05,groundplane,75.45494
0.3746,0.0254,0.05,groundplane,75.45569
0.3746,0.0508,0.05,groundplane,75.45567
0.3746,0.0762,0.05,groundplane,75.45565
0.3746,0.1016,0.05,groundplane,75.45563
