x,y,z,rearMat,Wm2Back
0.7428845,4.548856e-17,1.203144,sky,42.90802
0.5570709,3.411076e-17,1.277126,sky,42.90802
0.3712573,2.273295e-17,1.351107,sky,42.90802
0.1854437,1.135515e-17,1.425089,sky,42.90802
-0.0003699089,-2.265039e-20,1.499071,sky,42.90802
-0.1861835,-1.140045e-17,1.573053,sky,42.90802
-0.3719971,-2.277825e-17,1.647034,sky,42.90802
-0.5578107,-3.415606e-17,1.721016,sky,42.90802
-0.7436243,-4.553386e-17,1.794998,sky,42.90802
