x,y,z,mattype,Wm2Front
1.5746,4.615948e-17,0.05,groundplane,866.0273000000001
1.5746,0.0254,0.05,groundplane,866.0284
1.5746,0.0508,0.05,groundplane,866.0281
1.5746,0.0762,0.05,groundplane,866.0278
1.5746,0.1016,0.05,groundplane,866.0274
