x,y,z,mattype,Wm2Front
1.5746,3.879112e-17,0.05,groundplane,807.7863000000001
1.5746,0.0254,0.05,groundplane,807.7926000000001
1.5746,0.0508,0.05,groundplane,807.7917000000001
1.5746,0.0762,0.05,groundplane,807.7907
1.5746,0.1016,0.05,groundplane,807.7898
