x,y,z,mattype,Wm2Front
0.3746,4.825029e-17,0.05,groundplane,18.54831
0.3746,0.0254,0.05,groundplane,18.54907
0.3746,0.0508,0.05,groundplane,18.54904
0.3746,0.0762,0.05,groundplane,18.54902
0.3746,0.1016,0.05,groundplane,18.54899
