x,y,z,mattype,Wm2Front
1.5746,3.050247e-17,0.05,groundplane,84.8759
1.5746,0.0254,0.05,groundplane,84.87622
1.5746,0.0508,0.05,groundplane,84.87621
1.5746,0.0762,0.05,groundplane,84.87618
1.5746,0.1016,0.05,groundplane,84.87616
