x,y,z,mattype,Wm2Front
0.3746,4.326431e-17,0.05,groundplane,981.8986
0.3746,0.0254,0.05,groundplane,981.8973
0.3746,0.0508,0.05,groundplane,981.8962
0.3746,0.0762,0.05,groundplane,981.895
0.3746,0.1016,0.05,groundplane,981.8938000000002
