x,y,z,mattype,Wm2Front
1.5746,4.145378e-17,0.05,groundplane,782.2469
1.5746,0.0254,0.05,groundplane,782.2457
1.5746,0.0508,0.05,groundplane,782.2452
1.5746,0.0762,0.05,groundplane,782.2449
1.5746,0.1016,0.05,groundplane,782.2445000000001
