x,y,z,rearMat,Wm2Back
0.7981275,4.887121e-17,1.445287,sky,37.14384
0.5985788,3.665238e-17,1.458715,sky,37.14384
0.3990302,2.443355e-17,1.472144,sky,37.14384
0.1994815,1.221472e-17,1.485573,sky,37.14384
-6.714462e-05,-4.111422e-21,1.499002,sky,37.14384
-0.1996158,-1.222294e-17,1.512431,sky,37.14384
-0.3991644,-2.444177e-17,1.52586,sky,37.14384
-0.5987131,-3.66606e-17,1.539289,sky,37.14384
-0.7982617,-4.887943e-17,1.552718,sky,37.14384
