x,y,z,rearMat,Wm2Back
0.6577824,4.027755e-17,1.044672,sky,16.58461
0.4931947,3.019947e-17,1.158298,sky,16.58461
0.3286071,2.012138e-17,1.271925,sky,16.58461
0.1640195,1.00433e-17,1.385551,sky,16.58461
-0.000568131,-3.478799e-20,1.499177,sky,16.58461
-0.1651558,-1.011287e-17,1.612803,sky,16.58461
-0.3297434,-2.019096e-17,1.726429,sky,16.58461
-0.494331,-3.026904e-17,1.840056,sky,16.58461
-0.6589186,-4.034713e-17,1.953682,sky,16.58461
