x,y,z,mattype,Wm2Front
0.3746,4.858505e-17,0.05,groundplane,41.21385
0.3746,0.0254,0.05,groundplane,41.213
0.3746,0.0508,0.05,groundplane,41.21301
0.3746,0.0762,0.05,groundplane,41.21302
0.3746,0.1016,0.05,groundplane,41.21304
