x,y,z,rearMat,Wm2Back
0.72061,4.412464e-17,1.152549,sky,19.02344
0.5403492,3.308685e-17,1.239186,sky,19.02344
0.3600884,2.204906e-17,1.325824,sky,19.02344
0.1798276,1.101127e-17,1.412461,sky,19.02344
-0.0004331872,-2.652507e-20,1.499099,sky,19.02344
-0.180694,-1.106432e-17,1.585736,sky,19.02344
-0.3609548,-2.210211e-17,1.672374,sky,19.02344
-0.5412156,-3.31399e-17,1.759011,sky,19.02344
-0.7214764,-4.417769e-17,1.845648,sky,19.02344
