x,y,z,rearMat,Wm2Back
0.7547715,4.621643e-17,1.765181,sky,8.764233
0.5661618,3.466741e-17,1.69865,sky,8.764233
0.3775521,2.31184e-17,1.632119,sky,8.764233
0.1889424,1.156938e-17,1.565588,sky,8.764233
0.000332655,2.036924e-20,1.499057,sky,8.764233
-0.1882771,-1.152865e-17,1.432526,sky,8.764233
-0.3768868,-2.307766e-17,1.365995,sky,8.764233
-0.5654965,-3.462667e-17,1.299464,sky,8.764233
-0.7541062,-4.617569e-17,1.232933,sky,8.764233
