x,y,z,mattype,Wm2Front
1.5746,3.050247e-17,0.05,groundplane,343.8905
1.5746,0.0254,0.05,groundplane,343.8928
1.5746,0.0508,0.05,groundplane,343.89270000000005
1.5746,0.0762,0.05,groundplane,343.89259999999996
1.5746,0.1016,0.05,groundplane,343.8925
