x,y,z,rearMat,Wm2Back
0.5169168,3.165203e-17,2.110572,sky,46.97876
0.3878786,2.375072e-17,1.957768,sky,46.97876
0.2588404,1.584941e-17,1.804963,sky,46.97876
0.1298022,7.948094e-18,1.652159,sky,46.97876
0.0007640213,4.678281e-20,1.499355,sky,46.97876
-0.1282742,-7.854529e-18,1.346551,sky,46.97876
-0.2573124,-1.575584e-17,1.193746,sky,46.97876
-0.3863506,-2.365715e-17,1.040942,sky,46.97876
-0.5153888,-3.155846e-17,0.8881378,sky,46.97876
