x,y,z,mattype,Wm2Front
0.3746,4.782192e-17,0.05,groundplane,75.7863
0.3746,0.0254,0.05,groundplane,75.7877
0.3746,0.0508,0.05,groundplane,75.78769
0.3746,0.0762,0.05,groundplane,75.78767
0.3746,0.1016,0.05,groundplane,75.78764
