x,y,z,rearMat,Wm2Back
0.7954982,4.871022e-17,1.415244,sky,11.87218
0.5965975,3.653106e-17,1.436184,sky,11.87218
0.3976968,2.43519e-17,1.457125,sky,11.87218
0.198796,1.217275e-17,1.478065,sky,11.87218
-0.000104702,-6.411151e-21,1.499005,sky,11.87218
-0.1990054,-1.218557e-17,1.519946,sky,11.87218
-0.3979062,-2.436473e-17,1.540886,sky,11.87218
-0.5968069,-3.654388e-17,1.561827,sky,11.87218
-0.7957076,-4.872304e-17,1.582767,sky,11.87218
