x,y,z,rearMat,Wm2Back
0.7514755,4.60146e-17,1.774382,sky,9.71161
0.5636927,3.451622e-17,1.705552,sky,9.71161
0.3759098,2.301784e-17,1.636722,sky,9.71161
0.188127,1.151946e-17,1.567891,sky,9.71161
0.0003441514,2.107319e-20,1.499061,sky,9.71161
-0.1874387,-1.147731e-17,1.430231,sky,9.71161
-0.3752215,-2.297569e-17,1.361401,sky,9.71161
-0.5630044,-3.447407e-17,1.29257,sky,9.71161
-0.7507872,-4.597246e-17,1.22374,sky,9.71161
