x,y,z,rearMat,Wm2Back
0.7995889,4.89607e-17,1.525664,sky,3.027358
0.5997,3.672103e-17,1.518998,sky,3.027358
0.3998111,2.448137e-17,1.512332,sky,3.027358
0.1999222,1.22417e-17,1.505666,sky,3.027358
3.332961e-05,2.04085e-21,1.499001,sky,3.027358
-0.1998556,-1.223762e-17,1.492335,sky,3.027358
-0.3997444,-2.447729e-17,1.485669,sky,3.027358
-0.5996333,-3.671695e-17,1.479003,sky,3.027358
-0.7995222,-4.895662e-17,1.472337,sky,3.027358
