x,y,z,mattype,Wm2Front
1.5746,3.050247e-17,0.05,groundplane,355.2697
1.5746,0.0254,0.05,groundplane,355.2729
1.5746,0.0508,0.05,groundplane,355.2727
1.5746,0.0762,0.05,groundplane,355.2724
1.5746,0.1016,0.05,groundplane,355.27220000000005
