x,y,z,rearMat,Wm2Back
0.6346694,3.886229e-17,1.012973,sky,10.889159999999999
0.4758501,2.913742e-17,1.134531,sky,10.889159999999999
0.3170308,1.941254e-17,1.256089,sky,10.889159999999999
0.1582115,9.687661e-18,1.377648,sky,10.889159999999999
-0.0006077917,-3.721651e-20,1.499206,sky,10.889159999999999
-0.1594271,-9.762094e-18,1.620764,sky,10.889159999999999
-0.3182464,-1.948697e-17,1.742323,sky,10.889159999999999
-0.4770657,-2.921185e-17,1.863881,sky,10.889159999999999
-0.635885,-3.893673e-17,1.985439,sky,10.889159999999999
