x,y,z,rearMat,Wm2Back
0.6623049,4.055448e-17,1.948724,sky,30.694820000000004
0.4968691,3.042446e-17,1.836336,sky,30.694820000000004
0.3314334,2.029444e-17,1.723948,sky,30.694820000000004
0.1659977,1.016443e-17,1.611561,sky,30.694820000000004
0.000561939,3.440884e-20,1.499173,sky,30.694820000000004
-0.1648738,-1.009561e-17,1.386785,sky,30.694820000000004
-0.3303095,-2.022563e-17,1.274397,sky,30.694820000000004
-0.4957453,-3.035564e-17,1.162009,sky,30.694820000000004
-0.661181,-4.048566e-17,1.049622,sky,30.694820000000004
