x,y,z,mattype,Wm2Front
1.5746,4.210292e-17,0.05,groundplane,49.68307000000001
1.5746,0.0254,0.05,groundplane,49.68313
1.5746,0.0508,0.05,groundplane,49.68314
1.5746,0.0762,0.05,groundplane,49.68314
1.5746,0.1016,0.05,groundplane,49.68314
