x,y,z,mattype,Wm2Front
0.3746,4.615948e-17,0.05,groundplane,865.9539
0.3746,0.0254,0.05,groundplane,865.9546999999999
0.3746,0.0508,0.05,groundplane,865.9543
0.3746,0.0762,0.05,groundplane,865.9540000000001
0.3746,0.1016,0.05,groundplane,865.9536000000002
