x,y,z,rearMat,Wm2Back
0.781958,4.788112e-17,1.331054,sky,12.90166
0.586416,3.590763e-17,1.373046,sky,12.90166
0.390874,2.393413e-17,1.415038,sky,12.90166
0.195332,1.196064e-17,1.45703,sky,12.90166
-0.0002099599,-1.285633e-20,1.499022,sky,12.90166
-0.195752,-1.198635e-17,1.541014,sky,12.90166
-0.391294,-2.395984e-17,1.583006,sky,12.90166
-0.586836,-3.593334e-17,1.624998,sky,12.90166
-0.782378,-4.790683e-17,1.66699,sky,12.90166
