x,y,z,mattype,Wm2Front
0.3746,4.470819e-17,0.05,groundplane,850.3987000000001
0.3746,0.0254,0.05,groundplane,850.3988
0.3746,0.0508,0.05,groundplane,850.3984999999999
0.3746,0.0762,0.05,groundplane,850.3983
0.3746,0.1016,0.05,groundplane,850.3979
