x,y,z,mattype,Wm2Front
0.3746,4.682297e-17,0.05,groundplane,725.6464
0.3746,0.0254,0.05,groundplane,725.6479
0.3746,0.0508,0.05,groundplane,725.6475
0.3746,0.0762,0.05,groundplane,725.6471
0.3746,0.1016,0.05,groundplane,725.6466999999999
