x,y,z,rearMat,Wm2Back
0.7649152,4.683755e-17,1.26568,sky,10.23811
0.5736135,3.51237e-17,1.324021,sky,10.23811
0.3823118,2.340984e-17,1.382362,sky,10.23811
0.19101,1.169599e-17,1.440703,sky,10.23811
-0.000291704,-1.786172e-20,1.499043,sky,10.23811
-0.1915934,-1.173171e-17,1.557384,sky,10.23811
-0.3828952,-2.344557e-17,1.615725,sky,10.23811
-0.5741969,-3.515942e-17,1.674066,sky,10.23811
-0.7654986,-4.687327e-17,1.732407,sky,10.23811
