x,y,z,mattype,Wm2Front
0.3746,4.77762e-17,0.05,groundplane,90.70065
0.3746,0.0254,0.05,groundplane,90.70029
0.3746,0.0508,0.05,groundplane,90.70027
0.3746,0.0762,0.05,groundplane,90.70024
0.3746,0.1016,0.05,groundplane,90.70022
