x,y,z,mattype,Wm2Front
1.5746,3.784235e-17,0.05,groundplane,246.5244
1.5746,0.0254,0.05,groundplane,246.52740000000003
1.5746,0.0508,0.05,groundplane,246.5273
1.5746,0.0762,0.05,groundplane,246.5272
1.5746,0.1016,0.05,groundplane,246.52699999999996
