x,y,z,mattype,Wm2Front
0.3746,3.050247e-17,0.05,groundplane,385.5207
0.3746,0.0254,0.05,groundplane,385.5235
0.3746,0.0508,0.05,groundplane,385.5233
0.3746,0.0762,0.05,groundplane,385.52310000000006
0.3746,0.1016,0.05,groundplane,385.5229
