x,y,z,mattype,Wm2Front
1.5746,4.898108e-17,0.05,groundplane,55.50908999999999
1.5746,0.0254,0.05,groundplane,55.50916
1.5746,0.0508,0.05,groundplane,55.509170000000005
1.5746,0.0762,0.05,groundplane,55.509170000000005
1.5746,0.1016,0.05,groundplane,55.509170000000005
