x,y,z,rearMat,Wm2Back
0.7377526,4.517432e-17,1.19061,sky,9.06186
0.5532181,3.387484e-17,1.267727,sky,9.06186
0.3686835,2.257535e-17,1.344844,sky,9.06186
0.184149,1.127587e-17,1.421961,sky,9.06186
-0.000385584,-2.361021e-20,1.499077,sky,9.06186
-0.1849201,-1.132309e-17,1.576194,sky,9.06186
-0.3694547,-2.262257e-17,1.653311,sky,9.06186
-0.5539892,-3.392206e-17,1.730428,sky,9.06186
-0.7385238,-4.522154e-17,1.807545,sky,9.06186
