x,y,z,mattype,Wm2Front
1.5746,3.247255e-17,0.05,groundplane,63.428419999999996
1.5746,0.0254,0.05,groundplane,63.42835
1.5746,0.0508,0.05,groundplane,63.42834
1.5746,0.0762,0.05,groundplane,63.42834
1.5746,0.1016,0.05,groundplane,63.428329999999995
