x,y,z,mattype,Wm2Front
0.3746,4.872587e-17,0.05,groundplane,23.28997
0.3746,0.0254,0.05,groundplane,23.29052
0.3746,0.0508,0.05,groundplane,23.29051
0.3746,0.0762,0.05,groundplane,23.290489999999995
0.3746,0.1016,0.05,groundplane,23.29048
