x,y,z,mattype,Wm2Front
1.5746,3.247255e-17,0.05,groundplane,474.7888
1.5746,0.0254,0.05,groundplane,474.7881
1.5746,0.0508,0.05,groundplane,474.788
1.5746,0.0762,0.05,groundplane,474.7878
1.5746,0.1016,0.05,groundplane,474.78759999999994
