x,y,z,mattype,Wm2Front
0.3746,4.043105e-17,0.05,groundplane,221.419
0.3746,0.0254,0.05,groundplane,221.42230000000004
0.3746,0.0508,0.05,groundplane,221.4222
0.3746,0.0762,0.05,groundplane,221.4221
0.3746,0.1016,0.05,groundplane,221.422
