x,y,z,mattype,Wm2Front
0.3746,3.247255e-17,0.05,groundplane,73.58957
0.3746,0.0254,0.05,groundplane,73.58939
0.3746,0.0508,0.05,groundplane,73.58938
0.3746,0.0762,0.05,groundplane,73.58937
0.3746,0.1016,0.05,groundplane,73.58936
