x,y,z,rearMat,Wm2Back
0.7987047,4.890656e-17,1.454484,sky,0.9480339
0.5990146,3.667907e-17,1.465613,sky,0.9480339
0.3993245,2.445158e-17,1.476743,sky,0.9480339
0.1996345,1.222408e-17,1.487872,sky,0.9480339
-5.564724e-05,-3.407411e-21,1.499002,sky,0.9480339
-0.1997457,-1.22309e-17,1.510131,sky,0.9480339
-0.3994358,-2.445839e-17,1.52126,sky,0.9480339
-0.5991259,-3.668588e-17,1.53239,sky,0.9480339
-0.798816,-4.891338e-17,1.543519,sky,0.9480339
