x,y,z,rearMat,Wm2Back
0.5953716,3.645599e-17,2.034354,sky,12.61898
0.4466959,2.735223e-17,1.900579,sky,12.61898
0.2980202,1.824847e-17,1.766805,sky,12.61898
0.1493445,9.144716e-18,1.633031,sky,12.61898
0.0006688712,4.095655e-20,1.499257,sky,12.61898
-0.1480068,-9.062803e-18,1.365482,sky,12.61898
-0.2966825,-1.816656e-17,1.231708,sky,12.61898
-0.4453581,-2.727032e-17,1.097934,sky,12.61898
-0.5940338,-3.637408e-17,0.9641597,sky,12.61898
