x,y,z,mattype,Wm2Front
1.5746,4.872313e-17,0.05,groundplane,892.1754999999999
1.5746,0.0254,0.05,groundplane,892.1766000000001
1.5746,0.0508,0.05,groundplane,892.1761
1.5746,0.0762,0.05,groundplane,892.1758
1.5746,0.1016,0.05,groundplane,892.1754
