x,y,z,mattype,Wm2Front
0.3746,4.410083e-17,0.05,groundplane,189.42999999999998
0.3746,0.0254,0.05,groundplane,189.4295
0.3746,0.0508,0.05,groundplane,189.4295
0.3746,0.0762,0.05,groundplane,189.4294
0.3746,0.1016,0.05,groundplane,189.4294
