x,y,z,mattype,Wm2Front
0.3746,4.820135e-17,0.05,groundplane,221.6643
0.3746,0.0254,0.05,groundplane,221.6649
0.3746,0.0508,0.05,groundplane,221.66459999999998
0.3746,0.0762,0.05,groundplane,221.66420000000002
0.3746,0.1016,0.05,groundplane,221.6638
