x,y,z,mattype,Wm2Front
0.3746,4.900181e-17,0.05,groundplane,766.0344
0.3746,0.0254,0.05,groundplane,766.0354000000001
0.3746,0.0508,0.05,groundplane,766.035
0.3746,0.0762,0.05,groundplane,766.0347
0.3746,0.1016,0.05,groundplane,766.0342999999999
