x,y,z,mattype,Wm2Front
1.5746,3.598749e-17,0.05,groundplane,693.3268000000002
1.5746,0.0254,0.05,groundplane,693.3289
1.5746,0.0508,0.05,groundplane,693.3286000000002
1.5746,0.0762,0.05,groundplane,693.3282
1.5746,0.1016,0.05,groundplane,693.3278999999999
