x,y,z,rearMat,Wm2Back
0.5572156,3.411961e-17,0.9259688,sky,19.04356
0.4177325,2.557874e-17,1.069302,sky,19.04356
0.2782495,1.703787e-17,1.212636,sky,19.04356
0.1387664,8.496991e-18,1.355969,sky,19.04356
-0.0007166672,-4.388321e-20,1.499303,sky,19.04356
-0.1401997,-8.584757e-18,1.642636,sky,19.04356
-0.2796828,-1.712563e-17,1.785969,sky,19.04356
-0.4191659,-2.566651e-17,1.929303,sky,19.04356
-0.5586489,-3.420738e-17,2.072636,sky,19.04356
