x,y,z,mattype,Wm2Front
0.3746,4.893676e-17,0.05,groundplane,13.447359999999998
0.3746,0.0254,0.05,groundplane,13.44753
0.3746,0.0508,0.05,groundplane,13.44753
0.3746,0.0762,0.05,groundplane,13.44753
0.3746,0.1016,0.05,groundplane,13.447520000000003
