x,y,z,rearMat,Wm2Back
0.687037,4.206888e-17,1.909855,sky,22.37084
0.5154061,3.155952e-17,1.807177,sky,22.37084
0.3437752,2.105016e-17,1.704498,sky,22.37084
0.1721443,1.05408e-17,1.60182,sky,22.37084
0.0005133915,3.143616e-20,1.499142,sky,22.37084
-0.1711175,-1.047793e-17,1.396464,sky,22.37084
-0.3427484,-2.098729e-17,1.293785,sky,22.37084
-0.5143793,-3.149665e-17,1.191107,sky,22.37084
-0.6860102,-4.200601e-17,1.088429,sky,22.37084
