x,y,z,rearMat,Wm2Back
0.6540512,4.004909e-17,1.960671,sky,81.43665
0.4906826,3.004565e-17,1.845299,sky,81.43665
0.327314,2.00422e-17,1.729927,sky,81.43665
0.1639455,1.003876e-17,1.614555,sky,81.43665
0.0005768601,3.532249e-20,1.499183,sky,81.43665
-0.1627917,-9.968119e-18,1.383811,sky,81.43665
-0.3261603,-1.997156e-17,1.268439,sky,81.43665
-0.4895289,-2.9975e-17,1.153067,sky,81.43665
-0.6528975,-3.997844e-17,1.037695,sky,81.43665
