x,y,z,mattype,Wm2Front
0.3746,3.247255e-17,0.05,groundplane,363.67429999999996
0.3746,0.0254,0.05,groundplane,363.6739
0.3746,0.0508,0.05,groundplane,363.6737
0.3746,0.0762,0.05,groundplane,363.67350000000005
0.3746,0.1016,0.05,groundplane,363.6733
