x,y,z,rearMat,Wm2Back
0.7692467,4.710277e-17,1.719683,sky,12.867960000000002
0.5770039,3.53313e-17,1.664522,sky,12.867960000000002
0.3847612,2.355983e-17,1.609361,sky,12.867960000000002
0.1925185,1.178836e-17,1.5542,sky,12.867960000000002
0.0002758051,1.688819e-20,1.499039,sky,12.867960000000002
-0.1919669,-1.175458e-17,1.443878,sky,12.867960000000002
-0.3842096,-2.352605e-17,1.388717,sky,12.867960000000002
-0.5764523,-3.529753e-17,1.333556,sky,12.867960000000002
-0.7686951,-4.7069e-17,1.278395,sky,12.867960000000002
