x,y,z,mattype,Wm2Front
0.3746,3.050247e-17,0.05,groundplane,435.2432999999999
0.3746,0.0254,0.05,groundplane,435.2459999999999
0.3746,0.0508,0.05,groundplane,435.24590000000006
0.3746,0.0762,0.05,groundplane,435.2458
0.3746,0.1016,0.05,groundplane,435.2457
