x,y,z,mattype,Wm2Front
1.5746,4.284369e-17,0.05,groundplane,873.7264
1.5746,0.0254,0.05,groundplane,873.7267
1.5746,0.0508,0.05,groundplane,873.7256000000001
1.5746,0.0762,0.05,groundplane,873.7246
1.5746,0.1016,0.05,groundplane,873.7235
