x,y,z,rearMat,Wm2Back
0.5916266,3.622668e-17,2.038497,sky,47.07083
0.4438884,2.718033e-17,1.903688,sky,47.07083
0.2961503,1.813398e-17,1.768879,sky,47.07083
0.1484122,9.087625e-18,1.63407,sky,47.07083
0.0006740446,4.127333e-20,1.499261,sky,47.07083
-0.1470641,-9.005078e-18,1.364452,sky,47.07083
-0.2948022,-1.805143e-17,1.229643,sky,47.07083
-0.4425404,-2.709778e-17,1.094835,sky,47.07083
-0.5902785,-3.614413e-17,0.9600256,sky,47.07083
