x,y,z,mattype,Wm2Front
0.3746,4.128878e-17,0.05,groundplane,60.47259
0.3746,0.0254,0.05,groundplane,60.4725
0.3746,0.0508,0.05,groundplane,60.47248
0.3746,0.0762,0.05,groundplane,60.47245
0.3746,0.1016,0.05,groundplane,60.47244
