x,y,z,rearMat,Wm2Back
0.7286535,4.461716e-17,1.16975,sky,19.36359
0.5463872,3.345657e-17,1.252085,sky,19.36359
0.3641209,2.229597e-17,1.334419,sky,19.36359
0.1818546,1.113538e-17,1.416754,sky,19.36359
-0.0004116734,-2.520773e-20,1.499089,sky,19.36359
-0.182678,-1.11858e-17,1.581423,sky,19.36359
-0.3649442,-2.234639e-17,1.663758,sky,19.36359
-0.5472105,-3.350698e-17,1.746093,sky,19.36359
-0.7294768,-4.466757e-17,1.828427,sky,19.36359
