x,y,z,rearMat,Wm2Back
0.6490281,3.974151e-17,1.967722,sky,12.65563
0.4869175,2.98151e-17,1.850589,sky,12.65563
0.3248069,1.988869e-17,1.733456,sky,12.65563
0.1626963,9.962273e-18,1.616322,sky,12.65563
0.0005856652,3.586165e-20,1.499189,sky,12.65563
-0.1615249,-9.89055e-18,1.382056,sky,12.65563
-0.3236356,-1.981696e-17,1.264923,sky,12.65563
-0.4857462,-2.974337e-17,1.14779,sky,12.65563
-0.6478568,-3.966979e-17,1.030657,sky,12.65563
