x,y,z,rearMat,Wm2Back
0.7814533,4.785022e-17,1.328735,sky,12.9467
0.5860368,3.58844e-17,1.371307,sky,12.9467
0.3906202,2.391859e-17,1.413879,sky,12.9467
0.1952037,1.195278e-17,1.456451,sky,12.9467
-0.0002128599,-1.303391e-20,1.499023,sky,12.9467
-0.1956294,-1.197885e-17,1.541595,sky,12.9467
-0.391046,-2.394466e-17,1.584167,sky,12.9467
-0.5864625,-3.591047e-17,1.626739,sky,12.9467
-0.7818791,-4.787628e-17,1.669311,sky,12.9467
