x,y,z,rearMat,Wm2Back
0.612642,3.75135e-17,0.9855383,sky,14.70029
0.4593209,2.81253e-17,1.113962,sky,14.70029
0.3059999,1.873709e-17,1.242386,sky,14.70029
0.1526789,9.348886e-18,1.37081,sky,14.70029
-0.0006421189,-3.931844e-20,1.499233,sky,14.70029
-0.1539631,-9.427523e-18,1.627657,sky,14.70029
-0.3072842,-1.881573e-17,1.756081,sky,14.70029
-0.4606052,-2.820393e-17,1.884505,sky,14.70029
-0.6139262,-3.759214e-17,2.012928,sky,14.70029
