x,y,z,mattype,Wm2Front
1.5746,3.821452e-17,0.05,groundplane,745.3925
1.5746,0.0254,0.05,groundplane,745.3975999999999
1.5746,0.0508,0.05,groundplane,745.3968
1.5746,0.0762,0.05,groundplane,745.3959
1.5746,0.1016,0.05,groundplane,745.3951000000001
