x,y,z,rearMat,Wm2Back
0.7802695,4.777773e-17,1.32342,sky,33.98834
0.5851472,3.582993e-17,1.367321,sky,33.98834
0.390025,2.388214e-17,1.411222,sky,33.98834
0.1949027,1.193435e-17,1.455123,sky,33.98834
-0.0002195057,-1.344085e-20,1.499024,sky,33.98834
-0.1953418,-1.196123e-17,1.542926,sky,33.98834
-0.390464,-2.390902e-17,1.586827,sky,33.98834
-0.5855862,-3.585682e-17,1.630728,sky,33.98834
-0.7807085,-4.780461e-17,1.674629,sky,33.98834
