x,y,z,mattype,Wm2Front
0.3746,4.72168e-17,0.05,groundplane,723.2671999999999
0.3746,0.0254,0.05,groundplane,723.2678
0.3746,0.0508,0.05,groundplane,723.2674000000001
0.3746,0.0762,0.05,groundplane,723.2670000000002
0.3746,0.1016,0.05,groundplane,723.2666
