x,y,z,rearMat,Wm2Back
0.7966082,4.877818e-17,1.573596,sky,59.67284
0.5974795,3.658507e-17,1.554948,sky,59.67284
0.3983507,2.439195e-17,1.5363,sky,59.67284
0.199222,1.219883e-17,1.517652,sky,59.67284
9.323949e-05,5.709272e-21,1.499004,sky,59.67284
-0.1990355,-1.218741e-17,1.480356,sky,59.67284
-0.3981642,-2.438053e-17,1.461709,sky,59.67284
-0.597293,-3.657365e-17,1.443061,sky,59.67284
-0.7964217,-4.876677e-17,1.424413,sky,59.67284
