x,y,z,rearMat,Wm2Back
0.6232817,3.816499e-17,0.9984813,sky,10.02789
0.4673048,2.861416e-17,1.123666,sky,10.02789
0.3113279,1.906333e-17,1.248851,sky,10.02789
0.155351,9.512504e-18,1.374035,sky,10.02789
-0.0006259235,-3.832676e-20,1.49922,sky,10.02789
-0.1566028,-9.589157e-18,1.624405,sky,10.02789
-0.3125797,-1.913999e-17,1.74959,sky,10.02789
-0.4685566,-2.869082e-17,1.874774,sky,10.02789
-0.6245335,-3.824165e-17,1.999959,sky,10.02789
