x,y,z,rearMat,Wm2Back
0.6461589,3.956582e-17,1.971678,sky,32.09496
0.4847668,2.968341e-17,1.853556,sky,32.09496
0.3233747,1.980099e-17,1.735435,sky,32.09496
0.1619827,9.918578e-18,1.617314,sky,32.09496
0.0005906057,3.616417e-20,1.499193,sky,32.09496
-0.1608015,-9.846249e-18,1.381072,sky,32.09496
-0.3221935,-1.972866e-17,1.262951,sky,32.09496
-0.4835856,-2.961108e-17,1.14483,sky,32.09496
-0.6449776,-3.949349e-17,1.026709,sky,32.09496
