x,y,z,rearMat,Wm2Back
0.7972201,4.881565e-17,1.566642,sky,3.279584
0.5979362,3.661303e-17,1.549732,sky,3.279584
0.3986523,2.441042e-17,1.532823,sky,3.279584
0.1993684,1.22078e-17,1.515913,sky,3.279584
8.454742e-05,5.177036e-21,1.499004,sky,3.279584
-0.1991993,-1.219744e-17,1.482094,sky,3.279584
-0.3984832,-2.440006e-17,1.465185,sky,3.279584
-0.5977671,-3.660268e-17,1.448275,sky,3.279584
-0.797051,-4.88053e-17,1.431366,sky,3.279584
