x,y,z,mattype,Wm2Front
0.3746,3.129238e-17,0.05,groundplane,84.0628
0.3746,0.0254,0.05,groundplane,84.06311
0.3746,0.0508,0.05,groundplane,84.06308
0.3746,0.0762,0.05,groundplane,84.06305
0.3746,0.1016,0.05,groundplane,84.06302
