x,y,z,rearMat,Wm2Back
0.7939206,4.861362e-17,1.598443,sky,13.477470000000002
0.5954715,3.646212e-17,1.573584,sky,13.477470000000002
0.3970225,2.431061e-17,1.548725,sky,13.477470000000002
0.1985734,1.215911e-17,1.523867,sky,13.477470000000002
0.0001242942,7.610826e-21,1.499008,sky,13.477470000000002
-0.1983248,-1.214389e-17,1.474149,sky,13.477470000000002
-0.3967739,-2.429539e-17,1.44929,sky,13.477470000000002
-0.5952229,-3.644689e-17,1.424431,sky,13.477470000000002
-0.793672,-4.85984e-17,1.399572,sky,13.477470000000002
