x,y,z,mattype,Wm2Front
0.3746,3.872169e-17,0.05,groundplane,701.2957
0.3746,0.0254,0.05,groundplane,701.2953000000001
0.3746,0.0508,0.05,groundplane,701.295
0.3746,0.0762,0.05,groundplane,701.2947
0.3746,0.1016,0.05,groundplane,701.2944000000001
