x,y,z,rearMat,Wm2Back
0.798975,4.892311e-17,1.459503,sky,0.8272368
0.5992189,3.669157e-17,1.469378,sky,0.8272368
0.3994628,2.446004e-17,1.479252,sky,0.8272368
0.1997067,1.222851e-17,1.489127,sky,0.8272368
-4.937274e-05,-3.023208e-21,1.499001,sky,0.8272368
-0.1998055,-1.223456e-17,1.508876,sky,0.8272368
-0.3995615,-2.446609e-17,1.51875,sky,0.8272368
-0.5993176,-3.669762e-17,1.528625,sky,0.8272368
-0.7990737,-4.892915e-17,1.538499,sky,0.8272368
