x,y,z,mattype,Wm2Front
1.5746,4.338526e-17,0.05,groundplane,227.30190000000002
1.5746,0.0254,0.05,groundplane,227.3056
1.5746,0.0508,0.05,groundplane,227.3056
1.5746,0.0762,0.05,groundplane,227.3056
1.5746,0.1016,0.05,groundplane,227.3056
