x,y,z,mattype,Wm2Front
0.3746,4.067463e-17,0.05,groundplane,231.832
0.3746,0.0254,0.05,groundplane,231.8314
0.3746,0.0508,0.05,groundplane,231.83129999999997
0.3746,0.0762,0.05,groundplane,231.8312
0.3746,0.1016,0.05,groundplane,231.8312
