x,y,z,mattype,Wm2Front
1.5746,4.598391e-17,0.05,groundplane,837.6133
1.5746,0.0254,0.05,groundplane,837.6133999999998
1.5746,0.0508,0.05,groundplane,837.6129999999999
1.5746,0.0762,0.05,groundplane,837.6127
1.5746,0.1016,0.05,groundplane,837.6124
