x,y,z,mattype,Wm2Front
1.5746,3.247255e-17,0.05,groundplane,389.2706
1.5746,0.0254,0.05,groundplane,389.269
1.5746,0.0508,0.05,groundplane,389.2689
1.5746,0.0762,0.05,groundplane,389.2687
1.5746,0.1016,0.05,groundplane,389.26860000000005
