x,y,z,rearMat,Wm2Back
0.7349695,4.50039e-17,1.184056,sky,89.46499999999999
0.5511287,3.37469e-17,1.262812,sky,89.46499999999999
0.3672879,2.248989e-17,1.341568,sky,89.46499999999999
0.183447,1.123289e-17,1.420324,sky,89.46499999999999
-0.0003937815,-2.411216e-20,1.499081,sky,89.46499999999999
-0.1842346,-1.128112e-17,1.577837,sky,89.46499999999999
-0.3680754,-2.253812e-17,1.656593,sky,89.46499999999999
-0.5519162,-3.379512e-17,1.73535,sky,89.46499999999999
-0.735757,-4.505213e-17,1.814106,sky,89.46499999999999
