x,y,z,rearMat,Wm2Back
0.7296487,4.46781e-17,1.828045,sky,8.851722
0.5473393,3.351487e-17,1.745806,sky,8.851722
0.3650299,2.235164e-17,1.663567,sky,8.851722
0.1827206,1.118841e-17,1.581328,sky,8.851722
0.0004111962,2.517851e-20,1.499088,sky,8.851722
-0.1818982,-1.113805e-17,1.416849,sky,8.851722
-0.3642076,-2.230128e-17,1.33461,sky,8.851722
-0.5465169,-3.346451e-17,1.252371,sky,8.851722
-0.7288263,-4.462774e-17,1.170131,sky,8.851722
