x,y,z,mattype,Wm2Front
1.5746,4.610391e-17,0.05,groundplane,65.36919
1.5746,0.0254,0.05,groundplane,65.36796
1.5746,0.0508,0.05,groundplane,65.36791
1.5746,0.0762,0.05,groundplane,65.36786
1.5746,0.1016,0.05,groundplane,65.36781
