x,y,z,rearMat,Wm2Back
0.7354649,4.503423e-17,1.18521,sky,11.1912
0.5515006,3.376967e-17,1.263678,sky,11.1912
0.3675363,2.250511e-17,1.342145,sky,11.1912
0.183572,1.124054e-17,1.420613,sky,11.1912
-0.0003923371,-2.402372e-20,1.49908,sky,11.1912
-0.1843566,-1.128859e-17,1.577548,sky,11.1912
-0.3683209,-2.255315e-17,1.656015,sky,11.1912
-0.5522852,-3.381772e-17,1.734482,sky,11.1912
-0.7362495,-4.508228e-17,1.81295,sky,11.1912
