x,y,z,mattype,Wm2Front
0.3746,3.050247e-17,0.05,groundplane,398.36539999999997
0.3746,0.0254,0.05,groundplane,398.3702
0.3746,0.0508,0.05,groundplane,398.3699
0.3746,0.0762,0.05,groundplane,398.3695
0.3746,0.1016,0.05,groundplane,398.36910000000006
