x,y,z,rearMat,Wm2Back
0.7993664,4.894708e-17,1.468151,sky,1.19088
0.5995152,3.670972e-17,1.475863,sky,1.19088
0.3996639,2.447236e-17,1.483576,sky,1.19088
0.1998127,1.2235e-17,1.491288,sky,1.19088
-3.856221e-05,-2.361255e-21,1.499001,sky,1.19088
-0.1998898,-1.223972e-17,1.506713,sky,1.19088
-0.399741,-2.447708e-17,1.514426,sky,1.19088
-0.5995923,-3.671444e-17,1.522138,sky,1.19088
-0.7994435,-4.89518e-17,1.529851,sky,1.19088
