x,y,z,rearMat,Wm2Back
0.6040577,3.698787e-17,2.024514,sky,66.94503
0.4532074,2.775095e-17,1.893197,sky,66.94503
0.3023571,1.851404e-17,1.76188,sky,66.94503
0.1515069,9.27712e-18,1.630563,sky,66.94503
0.0006565858,4.020428e-20,1.499246,sky,66.94503
-0.1501937,-9.196711e-18,1.367929,sky,66.94503
-0.301044,-1.843363e-17,1.236611,sky,66.94503
-0.4518942,-2.767054e-17,1.105294,sky,66.94503
-0.6027445,-3.690746e-17,0.9739771,sky,66.94503
