x,y,z,mattype,Wm2Front
1.5746,4.898209e-17,0.05,groundplane,12.39258
1.5746,0.0254,0.05,groundplane,12.393
1.5746,0.0508,0.05,groundplane,12.39299
1.5746,0.0762,0.05,groundplane,12.39299
1.5746,0.1016,0.05,groundplane,12.39299
