x,y,z,mattype,Wm2Front
0.3746,4.822581e-17,0.05,groundplane,751.7891
0.3746,0.0254,0.05,groundplane,751.7896999999999
0.3746,0.0508,0.05,groundplane,751.7892
0.3746,0.0762,0.05,groundplane,751.7887
0.3746,0.1016,0.05,groundplane,751.7881000000001
