x,y,z,mattype,Wm2Front
0.3746,4.9002e-17,0.05,groundplane,7.898279
0.3746,0.0254,0.05,groundplane,7.898025
0.3746,0.0508,0.05,groundplane,7.898017
0.3746,0.0762,0.05,groundplane,7.898008999999999
0.3746,0.1016,0.05,groundplane,7.898002000000001
