x,y,z,mattype,Wm2Front
1.5746,4.863054e-17,0.05,groundplane,894.8278
1.5746,0.0254,0.05,groundplane,894.8284
1.5746,0.0508,0.05,groundplane,894.8281000000001
1.5746,0.0762,0.05,groundplane,894.8278
1.5746,0.1016,0.05,groundplane,894.8274
