x,y,z,rearMat,Wm2Back
0.7986566,4.890362e-17,1.453647,sky,0.7586638
0.5989783,3.667684e-17,1.464986,sky,0.7586638
0.3993,2.445007e-17,1.476324,sky,0.7586638
0.1996216,1.22233e-17,1.487663,sky,0.7586638
-5.669279e-05,-3.471432e-21,1.499002,sky,0.7586638
-0.199735,-1.223024e-17,1.51034,sky,0.7586638
-0.3994134,-2.445701e-17,1.521679,sky,0.7586638
-0.5990917,-3.668379e-17,1.533017,sky,0.7586638
-0.79877,-4.891056e-17,1.544356,sky,0.7586638
