x,y,z,mattype,Wm2Front
0.3746,4.881729e-17,0.05,groundplane,763.7184000000001
0.3746,0.0254,0.05,groundplane,763.7193000000001
0.3746,0.0508,0.05,groundplane,763.7189
0.3746,0.0762,0.05,groundplane,763.7186
0.3746,0.1016,0.05,groundplane,763.7181999999999
