x,y,z,mattype,Wm2Front
1.5746,4.807508e-17,0.05,groundplane,76.73858
1.5746,0.0254,0.05,groundplane,76.73762
1.5746,0.0508,0.05,groundplane,76.7376
1.5746,0.0762,0.05,groundplane,76.73759
1.5746,0.1016,0.05,groundplane,76.73758
