x,y,z,mattype,Wm2Front
0.3746,4.821516e-17,0.05,groundplane,471.4911
0.3746,0.0254,0.05,groundplane,471.4962
0.3746,0.0508,0.05,groundplane,471.4937
0.3746,0.0762,0.05,groundplane,471.49129999999997
0.3746,0.1016,0.05,groundplane,471.4888
