x,y,z,rearMat,Wm2Back
0.6720876,4.11535e-17,1.933935,sky,10.53319
0.5042016,3.087344e-17,1.825241,sky,10.53319
0.3363156,2.059339e-17,1.716548,sky,10.53319
0.1684295,1.031333e-17,1.607854,sky,10.53319
0.0005434675,3.327779e-20,1.499161,sky,10.53319
-0.1673426,-1.024678e-17,1.390467,sky,10.53319
-0.3352286,-2.052683e-17,1.281774,sky,10.53319
-0.5031147,-3.080689e-17,1.17308,sky,10.53319
-0.6710007,-4.108694e-17,1.064387,sky,10.53319
