x,y,z,mattype,Wm2Front
1.5746,4.139896e-17,0.05,groundplane,779.8278
1.5746,0.0254,0.05,groundplane,779.8274
1.5746,0.0508,0.05,groundplane,779.8271
1.5746,0.0762,0.05,groundplane,779.8268000000002
1.5746,0.1016,0.05,groundplane,779.8265
