x,y,z,mattype,Wm2Front
1.5746,4.434859e-17,0.05,groundplane,833.9473000000002
1.5746,0.0254,0.05,groundplane,833.9492
1.5746,0.0508,0.05,groundplane,833.9487
1.5746,0.0762,0.05,groundplane,833.9482000000002
1.5746,0.1016,0.05,groundplane,833.9478
