x,y,z,mattype,Wm2Front
0.3746,4.589462e-17,0.05,groundplane,732.7078
0.3746,0.0254,0.05,groundplane,732.7081
0.3746,0.0508,0.05,groundplane,732.7078
0.3746,0.0762,0.05,groundplane,732.7073999999999
0.3746,0.1016,0.05,groundplane,732.7071
