x,y,z,rearMat,Wm2Back
0.7486103,4.583916e-17,1.782106,sky,80.12115
0.5615462,3.438479e-17,1.711345,sky,80.12115
0.374482,2.293041e-17,1.640585,sky,80.12115
0.1874179,1.147604e-17,1.569825,sky,80.12115
0.0003538014,2.166408e-20,1.499065,sky,80.12115
-0.1867103,-1.143271e-17,1.428304,sky,80.12115
-0.3737744,-2.288708e-17,1.357544,sky,80.12115
-0.5608386,-3.434146e-17,1.286784,sky,80.12115
-0.7479027,-4.579583e-17,1.216024,sky,80.12115
