x,y,z,mattype,Wm2Front
0.3746,4.053579e-17,0.05,groundplane,690.4050000000001
0.3746,0.0254,0.05,groundplane,690.4052
0.3746,0.0508,0.05,groundplane,690.4047
0.3746,0.0762,0.05,groundplane,690.4042
0.3746,0.1016,0.05,groundplane,690.4037
