x,y,z,mattype,Wm2Front
0.3746,4.895244e-17,0.05,groundplane,901.8704000000001
0.3746,0.0254,0.05,groundplane,901.8705999999999
0.3746,0.0508,0.05,groundplane,901.8703
0.3746,0.0762,0.05,groundplane,901.8699
0.3746,0.1016,0.05,groundplane,901.8696
