x,y,z,rearMat,Wm2Back
0.7570118,4.63536e-17,1.758716,sky,26.9572
0.56784,3.477017e-17,1.693801,sky,26.9572
0.3786682,2.318674e-17,1.628885,sky,26.9572
0.1894964,1.160331e-17,1.56397,sky,26.9572
0.0003245778,1.987466e-20,1.499054,sky,26.9572
-0.1888472,-1.156356e-17,1.434139,sky,26.9572
-0.378019,-2.314699e-17,1.369223,sky,26.9572
-0.5671908,-3.473042e-17,1.304307,sky,26.9572
-0.7563626,-4.631385e-17,1.239392,sky,26.9572
