x,y,z,rearMat,Wm2Back
0.6253769,3.829329e-17,1.001097,sky,47.37474
0.468877,2.871044e-17,1.125627,sky,47.37474
0.3123771,1.912758e-17,1.250157,sky,47.37474
0.1558772,9.544729e-18,1.374687,sky,47.37474
-0.0006226512,-3.812639e-20,1.499218,sky,47.37474
-0.1571226,-9.620981e-18,1.623748,sky,47.37474
-0.3136224,-1.920384e-17,1.748278,sky,47.37474
-0.4701223,-2.878669e-17,1.872808,sky,47.37474
-0.6266222,-3.836955e-17,1.997338,sky,47.37474
