x,y,z,mattype,Wm2Front
1.5746,3.528743e-17,0.05,groundplane,113.29270000000001
1.5746,0.0254,0.05,groundplane,113.2922
1.5746,0.0508,0.05,groundplane,113.2921
1.5746,0.0762,0.05,groundplane,113.2919
1.5746,0.1016,0.05,groundplane,113.29180000000001
