x,y,z,rearMat,Wm2Back
0.797228,4.881613e-17,1.433453,sky,30.60451
0.5979005,3.661085e-17,1.44984,sky,30.60451
0.398573,2.440556e-17,1.466228,sky,30.60451
0.1992455,1.220027e-17,1.482616,sky,30.60451
-8.193851e-05,-5.017287e-21,1.499003,sky,30.60451
-0.1994094,-1.221031e-17,1.515391,sky,30.60451
-0.3987369,-2.441559e-17,1.531779,sky,30.60451
-0.5980644,-3.662088e-17,1.548166,sky,30.60451
-0.7973918,-4.882617e-17,1.564554,sky,30.60451
