x,y,z,mattype,Wm2Front
1.5746,4.714285e-17,0.05,groundplane,860.291
1.5746,0.0254,0.05,groundplane,860.2911
1.5746,0.0508,0.05,groundplane,860.2908000000001
1.5746,0.0762,0.05,groundplane,860.2904
1.5746,0.1016,0.05,groundplane,860.29
