x,y,z,mattype,Wm2Front
0.3746,4.597504e-17,0.05,groundplane,800.0436
0.3746,0.0254,0.05,groundplane,800.0432
0.3746,0.0508,0.05,groundplane,800.0428
0.3746,0.0762,0.05,groundplane,800.0423999999999
0.3746,0.1016,0.05,groundplane,800.0421
