x,y,z,mattype,Wm2Front
0.3746,4.874635e-17,0.05,groundplane,21.47481
0.3746,0.0254,0.05,groundplane,21.47538
0.3746,0.0508,0.05,groundplane,21.47537
0.3746,0.0762,0.05,groundplane,21.47537
0.3746,0.1016,0.05,groundplane,21.47536
