x,y,z,mattype,Wm2Front
0.3746,4.410829e-17,0.05,groundplane,691.0667
0.3746,0.0254,0.05,groundplane,691.0670999999999
0.3746,0.0508,0.05,groundplane,691.0667
0.3746,0.0762,0.05,groundplane,691.0663
0.3746,0.1016,0.05,groundplane,691.0659
