x,y,z,rearMat,Wm2Back
0.7787092,4.768219e-17,1.683338,sky,5.637076
0.5840895,3.576517e-17,1.637261,sky,5.637076
0.3894698,2.384815e-17,1.591183,sky,5.637076
0.1948501,1.193113e-17,1.545105,sky,5.637076
0.0002303894,1.410728e-20,1.499027,sky,5.637076
-0.1943893,-1.190291e-17,1.452949,sky,5.637076
-0.389009,-2.381993e-17,1.406871,sky,5.637076
-0.5836287,-3.573695e-17,1.360793,sky,5.637076
-0.7782484,-4.765397e-17,1.314715,sky,5.637076
