x,y,z,mattype,Wm2Front
0.3746,3.43991e-17,0.05,groundplane,243.085
0.3746,0.0254,0.05,groundplane,243.09029999999998
0.3746,0.0508,0.05,groundplane,243.09
0.3746,0.0762,0.05,groundplane,243.0897
0.3746,0.1016,0.05,groundplane,243.08939999999998
