x,y,z,rearMat,Wm2Back
0.6549085,4.010158e-17,1.040548,sky,18.09875
0.491038,3.006741e-17,1.155206,sky,18.09875
0.3271676,2.003324e-17,1.269864,sky,18.09875
0.1632972,9.999067e-18,1.384523,sky,18.09875
-0.0005732905,-3.510392e-20,1.499181,sky,18.09875
-0.1644437,-1.006927e-17,1.613839,sky,18.09875
-0.3283142,-2.010345e-17,1.728497,sky,18.09875
-0.4921846,-3.013762e-17,1.843155,sky,18.09875
-0.6560551,-4.017179e-17,1.957813,sky,18.09875
