x,y,z,mattype,Wm2Front
0.3746,4.855095e-17,0.05,groundplane,51.17406
0.3746,0.0254,0.05,groundplane,51.173660000000005
0.3746,0.0508,0.05,groundplane,51.17365
0.3746,0.0762,0.05,groundplane,51.17363
0.3746,0.1016,0.05,groundplane,51.17361
