x,y,z,rearMat,Wm2Back
0.5202845,3.185824e-17,0.8922953,sky,54.40529999999999
0.3900237,2.388206e-17,1.044059,sky,54.40529999999999
0.2597628,1.590589e-17,1.195822,sky,54.40529999999999
0.129502,7.929711e-18,1.347585,sky,54.40529999999999
-0.0007588168,-4.646413e-20,1.499349,sky,54.40529999999999
-0.1310196,-8.022639e-18,1.651112,sky,54.40529999999999
-0.2612805,-1.599881e-17,1.802875,sky,54.40529999999999
-0.3915413,-2.397499e-17,1.954639,sky,54.40529999999999
-0.5218021,-3.195116e-17,2.106402,sky,54.40529999999999
