x,y,z,mattype,Wm2Front
0.3746,4.679767e-17,0.05,groundplane,390.8361
0.3746,0.0254,0.05,groundplane,390.8445
0.3746,0.0508,0.05,groundplane,390.84280000000007
0.3746,0.0762,0.05,groundplane,390.8410999999999
0.3746,0.1016,0.05,groundplane,390.8394
