x,y,z,mattype,Wm2Front
0.3746,4.42047e-17,0.05,groundplane,182.7066
0.3746,0.0254,0.05,groundplane,182.70539999999997
0.3746,0.0508,0.05,groundplane,182.70539999999997
0.3746,0.0762,0.05,groundplane,182.70539999999997
0.3746,0.1016,0.05,groundplane,182.70539999999997
