x,y,z,mattype,Wm2Front
1.5746,4.410083e-17,0.05,groundplane,189.3854
1.5746,0.0254,0.05,groundplane,189.38430000000002
1.5746,0.0508,0.05,groundplane,189.38430000000002
1.5746,0.0762,0.05,groundplane,189.3842
1.5746,0.1016,0.05,groundplane,189.3842
