x,y,z,mattype,Wm2Front
1.5746,4.808499e-17,0.05,groundplane,68.74573
1.5746,0.0254,0.05,groundplane,68.74521
1.5746,0.0508,0.05,groundplane,68.74518
1.5746,0.0762,0.05,groundplane,68.74514
1.5746,0.1016,0.05,groundplane,68.7451
