x,y,z,mattype,Wm2Front
1.5746,3.050247e-17,0.05,groundplane,73.24831
1.5746,0.0254,0.05,groundplane,73.24838
1.5746,0.0508,0.05,groundplane,73.24837
1.5746,0.0762,0.05,groundplane,73.24834
1.5746,0.1016,0.05,groundplane,73.24833
