x,y,z,rearMat,Wm2Back
0.7426252,4.547268e-17,1.202496,sky,15.978339999999998
0.5568762,3.409883e-17,1.27664,sky,15.978339999999998
0.3711272,2.272499e-17,1.350783,sky,15.978339999999998
0.1853783,1.135114e-17,1.424927,sky,15.978339999999998
-0.0003707195,-2.270002e-20,1.499071,sky,15.978339999999998
-0.1861197,-1.139654e-17,1.573215,sky,15.978339999999998
-0.3718687,-2.277039e-17,1.647359,sky,15.978339999999998
-0.5576176,-3.414423e-17,1.721503,sky,15.978339999999998
-0.7433666,-4.551808e-17,1.795647,sky,15.978339999999998
