x,y,z,mattype,Wm2Front
1.5746,4.35618e-17,0.05,groundplane,211.1105
1.5746,0.0254,0.05,groundplane,211.111
1.5746,0.0508,0.05,groundplane,211.1106
1.5746,0.0762,0.05,groundplane,211.11029999999997
1.5746,0.1016,0.05,groundplane,211.1099
