x,y,z,mattype,Wm2Front
1.5746,3.676674e-17,0.05,groundplane,54.02856
1.5746,0.0254,0.05,groundplane,54.02877
1.5746,0.0508,0.05,groundplane,54.02877
1.5746,0.0762,0.05,groundplane,54.02877
1.5746,0.1016,0.05,groundplane,54.02876
