x,y,z,rearMat,Wm2Back
0.6355185,3.891428e-17,1.014081,sky,24.6249
0.4764872,2.917643e-17,1.135362,sky,24.6249
0.317456,1.943858e-17,1.256643,sky,24.6249
0.1584248,9.700722e-18,1.377924,sky,24.6249
-0.0006064048,-3.713159e-20,1.499205,sky,24.6249
-0.1596376,-9.774985e-18,1.620486,sky,24.6249
-0.3186688,-1.951284e-17,1.741767,sky,24.6249
-0.4777001,-2.925069e-17,1.863048,sky,24.6249
-0.6367313,-3.898855e-17,1.984329,sky,24.6249
