x,y,z,rearMat,Wm2Back
0.7892392,4.832696e-17,1.630776,sky,16.14605
0.5919706,3.624774e-17,1.597836,sky,16.14605
0.394702,2.416852e-17,1.564895,sky,16.14605
0.1974333,1.208931e-17,1.531954,sky,16.14605
0.0001647033,1.008517e-20,1.499014,sky,16.14605
-0.1971039,-1.206913e-17,1.466073,sky,16.14605
-0.3943726,-2.414835e-17,1.433132,sky,16.14605
-0.5916412,-3.622757e-17,1.400192,sky,16.14605
-0.7889098,-4.830679e-17,1.367251,sky,16.14605
