x,y,z,rearMat,Wm2Back
0.7048346,4.315867e-17,1.12157,sky,13.57999
0.5285079,3.236178e-17,1.215957,sky,13.57999
0.3521813,2.156489e-17,1.310344,sky,13.57999
0.1758547,1.076799e-17,1.404731,sky,13.57999
-0.0004719354,-2.889771e-20,1.499118,sky,13.57999
-0.1767986,-1.082579e-17,1.593505,sky,13.57999
-0.3531252,-2.162268e-17,1.687893,sky,13.57999
-0.5294518,-3.241957e-17,1.78228,sky,13.57999
-0.7057784,-4.321647e-17,1.876667,sky,13.57999
