x,y,z,mattype,Wm2Front
1.5746,4.207226e-17,0.05,groundplane,827.5588000000001
1.5746,0.0254,0.05,groundplane,827.5633000000001
1.5746,0.0508,0.05,groundplane,827.5624000000001
1.5746,0.0762,0.05,groundplane,827.5616
1.5746,0.1016,0.05,groundplane,827.5607
