x,y,z,rearMat,Wm2Back
0.6667111,4.082428e-17,1.057849,sky,25.61693
0.4998954,3.060977e-17,1.168178,sky,25.61693
0.3330797,2.039525e-17,1.278508,sky,25.61693
0.166264,1.018074e-17,1.388837,sky,25.61693
-0.0005516459,-3.377857e-20,1.499166,sky,25.61693
-0.1673673,-1.024829e-17,1.609495,sky,25.61693
-0.334183,-2.046281e-17,1.719824,sky,25.61693
-0.5009987,-3.067732e-17,1.830153,sky,25.61693
-0.6678144,-4.089184e-17,1.940483,sky,25.61693
