x,y,z,mattype,Wm2Front
1.5746,4.839993e-17,0.05,groundplane,59.05982
1.5746,0.0254,0.05,groundplane,59.05939
1.5746,0.0508,0.05,groundplane,59.05937
1.5746,0.0762,0.05,groundplane,59.05935
1.5746,0.1016,0.05,groundplane,59.05933000000001
