x,y,z,rearMat,Wm2Back
0.6445912,3.946983e-17,1.973818,sky,29.278180000000003
0.4835917,2.961145e-17,1.855162,sky,29.278180000000003
0.3225922,1.975308e-17,1.736506,sky,29.278180000000003
0.1615927,9.894702e-18,1.617851,sky,29.278180000000003
0.0005932784,3.632782e-20,1.499195,sky,29.278180000000003
-0.1604062,-9.822047e-18,1.380539,sky,29.278180000000003
-0.3214057,-1.968042e-17,1.261884,sky,29.278180000000003
-0.4824051,-2.95388e-17,1.143228,sky,29.278180000000003
-0.6434046,-3.939717e-17,1.024572,sky,29.278180000000003
