x,y,z,rearMat,Wm2Back
0.7777058,4.762075e-17,1.687549,sky,42.69958
0.5833383,3.571917e-17,1.640419,sky,42.69958
0.3889707,2.381759e-17,1.593289,sky,42.69958
0.1946032,1.191601e-17,1.546158,sky,42.69958
0.000235651,1.442946e-20,1.499028,sky,42.69958
-0.1941319,-1.188715e-17,1.451898,sky,42.69958
-0.3884994,-2.378873e-17,1.404768,sky,42.69958
-0.582867,-3.569031e-17,1.357638,sky,42.69958
-0.7772345,-4.759189e-17,1.310507,sky,42.69958
