x,y,z,rearMat,Wm2Back
0.5395621,3.303865e-17,2.090655,sky,53.94962
0.4048564,2.47903e-17,1.942823,sky,53.94962
0.2701506,1.654196e-17,1.794991,sky,53.94962
0.1354449,8.293608e-18,1.647159,sky,53.94962
0.0007391611,4.526056e-20,1.499326,sky,53.94962
-0.1339666,-8.203087e-18,1.351494,sky,53.94962
-0.2686723,-1.645143e-17,1.203662,sky,53.94962
-0.4033781,-2.469978e-17,1.05583,sky,53.94962
-0.5380838,-3.294813e-17,0.9079976,sky,53.94962
