x,y,z,rearMat,Wm2Back
0.7189034,4.402014e-17,1.149032,sky,54.763929999999995
0.5390682,3.300841e-17,1.236549,sky,54.763929999999995
0.3592329,2.199667e-17,1.324066,sky,54.763929999999995
0.1793977,1.098494e-17,1.411583,sky,54.763929999999995
-0.0004375866,-2.679445e-20,1.499101,sky,54.763929999999995
-0.1802728,-1.103853e-17,1.586618,sky,54.763929999999995
-0.3601081,-2.205026e-17,1.674135,sky,54.763929999999995
-0.5399433,-3.306199e-17,1.761653,sky,54.763929999999995
-0.7197786,-4.407373e-17,1.84917,sky,54.763929999999995
