x,y,z,mattype,Wm2Front
1.5746,4.537548e-17,0.05,groundplane,873.2875
1.5746,0.0254,0.05,groundplane,873.2887999999999
1.5746,0.0508,0.05,groundplane,873.2885
1.5746,0.0762,0.05,groundplane,873.2881000000001
1.5746,0.1016,0.05,groundplane,873.2878
