x,y,z,rearMat,Wm2Back
0.6729705,4.120756e-17,1.067436,sky,10.72728
0.504593,3.089741e-17,1.175366,sky,10.72728
0.3362154,2.058726e-17,1.283297,sky,10.72728
0.1678379,1.027711e-17,1.391228,sky,10.72728
-0.0005396527,-3.30442e-20,1.499158,sky,10.72728
-0.1689172,-1.03432e-17,1.607089,sky,10.72728
-0.3372947,-2.065335e-17,1.715019,sky,10.72728
-0.5056723,-3.09635e-17,1.82295,sky,10.72728
-0.6740498,-4.127365e-17,1.93088,sky,10.72728
