x,y,z,mattype,Wm2Front
1.5746,4.35354e-17,0.05,groundplane,195.5992
1.5746,0.0254,0.05,groundplane,195.6013
1.5746,0.0508,0.05,groundplane,195.60119999999998
1.5746,0.0762,0.05,groundplane,195.60119999999998
1.5746,0.1016,0.05,groundplane,195.6011
