x,y,z,mattype,Wm2Front
1.5746,4.636253e-17,0.05,groundplane,125.3311
1.5746,0.0254,0.05,groundplane,125.3324
1.5746,0.0508,0.05,groundplane,125.33229999999999
1.5746,0.0762,0.05,groundplane,125.33229999999999
1.5746,0.1016,0.05,groundplane,125.3322
