x,y,z,mattype,Wm2Front
1.5746,3.422651e-17,0.05,groundplane,89.46639
1.5746,0.0254,0.05,groundplane,89.46603
1.5746,0.0508,0.05,groundplane,89.46598
1.5746,0.0762,0.05,groundplane,89.46593
1.5746,0.1016,0.05,groundplane,89.46587
