x,y,z,rearMat,Wm2Back
0.5734158,3.511159e-17,0.9421512,sky,25.41557
0.4298878,2.632303e-17,1.081434,sky,25.41557
0.2863597,1.753447e-17,1.220717,sky,25.41557
0.1428316,8.745916e-18,1.36,sky,25.41557
-0.000696414,-4.264306e-20,1.499282,sky,25.41557
-0.1442245,-8.831202e-18,1.638565,sky,25.41557
-0.2877525,-1.761976e-17,1.777848,sky,25.41557
-0.4312806,-2.640832e-17,1.917131,sky,25.41557
-0.5748086,-3.519688e-17,2.056414,sky,25.41557
