x,y,z,mattype,Wm2Front
0.3746,4.813696e-17,0.05,groundplane,832.5153
0.3746,0.0254,0.05,groundplane,832.5156000000001
0.3746,0.0508,0.05,groundplane,832.5153
0.3746,0.0762,0.05,groundplane,832.5148
0.3746,0.1016,0.05,groundplane,832.5144999999999
