x,y,z,mattype,Wm2Front
1.5746,4.818276e-17,0.05,groundplane,821.071
1.5746,0.0254,0.05,groundplane,821.0724999999999
1.5746,0.0508,0.05,groundplane,821.0715
1.5746,0.0762,0.05,groundplane,821.0706
1.5746,0.1016,0.05,groundplane,821.0696000000002
