x,y,z,mattype,Wm2Front
1.5746,4.872587e-17,0.05,groundplane,23.29494
1.5746,0.0254,0.05,groundplane,23.29577
1.5746,0.0508,0.05,groundplane,23.29576
1.5746,0.0762,0.05,groundplane,23.29574
1.5746,0.1016,0.05,groundplane,23.295730000000002
