x,y,z,mattype,Wm2Front
1.5746,4.872106e-17,0.05,groundplane,40.19872
1.5746,0.0254,0.05,groundplane,40.19814
1.5746,0.0508,0.05,groundplane,40.19814
1.5746,0.0762,0.05,groundplane,40.19815
1.5746,0.1016,0.05,groundplane,40.19815
