x,y,z,rearMat,Wm2Back
0.6953783,4.257964e-17,1.104462,sky,22.07108
0.5214104,3.192718e-17,1.203129,sky,22.07108
0.3474425,2.127472e-17,1.301796,sky,22.07108
0.1734746,1.062225e-17,1.400463,sky,22.07108
-0.0004933347,-3.020804e-20,1.49913,sky,22.07108
-0.1744612,-1.068267e-17,1.597797,sky,22.07108
-0.3484292,-2.133513e-17,1.696464,sky,22.07108
-0.5223971,-3.198759e-17,1.795131,sky,22.07108
-0.696365,-4.264006e-17,1.893798,sky,22.07108
