x,y,z,mattype,Wm2Front
0.3746,4.877908e-17,0.05,groundplane,34.29308
0.3746,0.0254,0.05,groundplane,34.29259
0.3746,0.0508,0.05,groundplane,34.29259
0.3746,0.0762,0.05,groundplane,34.2926
0.3746,0.1016,0.05,groundplane,34.2926
