x,y,z,rearMat,Wm2Back
0.7826104,4.792106e-17,1.665898,sky,4.800149
0.5870099,3.594399e-17,1.624179,sky,4.800149
0.3914095,2.396692e-17,1.58246,sky,4.800149
0.195809,1.198985e-17,1.540741,sky,4.800149
0.0002085945,1.277273e-20,1.499022,sky,4.800149
-0.1953918,-1.19643e-17,1.457303,sky,4.800149
-0.3909923,-2.394137e-17,1.415584,sky,4.800149
-0.5865927,-3.591845e-17,1.373865,sky,4.800149
-0.7821932,-4.789552e-17,1.332146,sky,4.800149
