x,y,z,mattype,Wm2Front
0.3746,4.717307e-17,0.05,groundplane,126.9097
0.3746,0.0254,0.05,groundplane,126.9078
0.3746,0.0508,0.05,groundplane,126.9078
0.3746,0.0762,0.05,groundplane,126.90770000000002
0.3746,0.1016,0.05,groundplane,126.90770000000002
