x,y,z,rearMat,Wm2Back
0.747023,4.574197e-17,1.786282,sky,54.64007999999999
0.560357,3.431197e-17,1.714478,sky,54.64007999999999
0.373691,2.288198e-17,1.642675,sky,54.64007999999999
0.187025,1.145198e-17,1.570871,sky,54.64007999999999
0.0003590196,2.198361e-20,1.499067,sky,54.64007999999999
-0.186307,-1.140801e-17,1.427263,sky,54.64007999999999
-0.372973,-2.283801e-17,1.355459,sky,54.64007999999999
-0.559639,-3.4268e-17,1.283655,sky,54.64007999999999
-0.746305,-4.5698e-17,1.211851,sky,54.64007999999999
