x,y,z,mattype,Wm2Front
0.3746,4.899982e-17,0.05,groundplane,810.9182
0.3746,0.0254,0.05,groundplane,810.9191999999999
0.3746,0.0508,0.05,groundplane,810.9186999999998
0.3746,0.0762,0.05,groundplane,810.9182
0.3746,0.1016,0.05,groundplane,810.9177
