x,y,z,mattype,Wm2Front
0.3746,4.862342e-17,0.05,groundplane,26.622110000000003
0.3746,0.0254,0.05,groundplane,26.62277
0.3746,0.0508,0.05,groundplane,26.622779999999995
0.3746,0.0762,0.05,groundplane,26.6228
0.3746,0.1016,0.05,groundplane,26.62281
