x,y,z,mattype,Wm2Front
1.5746,3.050247e-17,0.05,groundplane,357.0566999999999
1.5746,0.0254,0.05,groundplane,357.0601
1.5746,0.0508,0.05,groundplane,357.06
1.5746,0.0762,0.05,groundplane,357.0598
1.5746,0.1016,0.05,groundplane,357.0597
