x,y,z,mattype,Wm2Front
0.3746,4.790214e-17,0.05,groundplane,86.13361000000002
0.3746,0.0254,0.05,groundplane,86.13327
0.3746,0.0508,0.05,groundplane,86.13326
0.3746,0.0762,0.05,groundplane,86.13324
0.3746,0.1016,0.05,groundplane,86.13322
