x,y,z,mattype,Wm2Front
0.3746,3.137129e-17,0.05,groundplane,399.5276999999999
0.3746,0.0254,0.05,groundplane,399.5345
0.3746,0.0508,0.05,groundplane,399.53399999999993
0.3746,0.0762,0.05,groundplane,399.5336
0.3746,0.1016,0.05,groundplane,399.53309999999993
