x,y,z,rearMat,Wm2Back
0.5690486,3.484418e-17,2.062303,sky,27.608590000000003
0.4269624,2.614391e-17,1.92155,sky,27.608590000000003
0.2848762,1.744364e-17,1.780796,sky,27.608590000000003
0.14279,8.743365e-18,1.640043,sky,27.608590000000003
0.0007037668,4.309329e-20,1.49929,sky,27.608590000000003
-0.1413824,-8.657178e-18,1.358536,sky,27.608590000000003
-0.2834687,-1.735745e-17,1.217783,sky,27.608590000000003
-0.4255549,-2.605772e-17,1.07703,sky,27.608590000000003
-0.5676411,-3.475799e-17,0.9362761,sky,27.608590000000003
