x,y,z,mattype,Wm2Front
1.5746,4.897308e-17,0.05,groundplane,891.3102
1.5746,0.0254,0.05,groundplane,891.3109
1.5746,0.0508,0.05,groundplane,891.3105
1.5746,0.0762,0.05,groundplane,891.3101
1.5746,0.1016,0.05,groundplane,891.3097000000001
