x,y,z,rearMat,Wm2Back
0.7911132,4.844171e-17,1.618916,sky,132.0266
0.5933724,3.633358e-17,1.58894,sky,132.0266
0.3956315,2.422544e-17,1.558963,sky,132.0266
0.1978907,1.211731e-17,1.528987,sky,132.0266
0.0001498805,9.177532e-21,1.499011,sky,132.0266
-0.1975909,-1.209896e-17,1.469035,sky,132.0266
-0.3953318,-2.420709e-17,1.439059,sky,132.0266
-0.5930726,-3.631522e-17,1.409083,sky,132.0266
-0.7908134,-4.842336e-17,1.379107,sky,132.0266
