x,y,z,mattype,Wm2Front
1.5746,4.750471e-17,0.05,groundplane,796.1036
1.5746,0.0254,0.05,groundplane,796.1048999999999
1.5746,0.0508,0.05,groundplane,796.1045
1.5746,0.0762,0.05,groundplane,796.1041
1.5746,0.1016,0.05,groundplane,796.1036
