x,y,z,mattype,Wm2Front
0.3746,3.247255e-17,0.05,groundplane,406.4959999999999
0.3746,0.0254,0.05,groundplane,406.4952
0.3746,0.0508,0.05,groundplane,406.4950999999999
0.3746,0.0762,0.05,groundplane,406.4949
0.3746,0.1016,0.05,groundplane,406.4948
