x,y,z,mattype,Wm2Front
0.3746,3.247255e-17,0.05,groundplane,176.0728
0.3746,0.0254,0.05,groundplane,176.07039999999998
0.3746,0.0508,0.05,groundplane,176.0699
0.3746,0.0762,0.05,groundplane,176.06949999999998
0.3746,0.1016,0.05,groundplane,176.06910000000002
