x,y,z,mattype,Wm2Front
0.3746,4.824691e-17,0.05,groundplane,67.17046
0.3746,0.0254,0.05,groundplane,67.16969
0.3746,0.0508,0.05,groundplane,67.16969
0.3746,0.0762,0.05,groundplane,67.16967
0.3746,0.1016,0.05,groundplane,67.16965
