x,y,z,rearMat,Wm2Back
0.5932851,3.632823e-17,0.9633308,sky,27.05387
0.4447963,2.723592e-17,1.097312,sky,27.05387
0.2963076,1.814361e-17,1.231294,sky,27.05387
0.1478188,9.051293e-18,1.365276,sky,27.05387
-0.0006699085,-4.102006e-20,1.499258,sky,27.05387
-0.1491586,-9.133333e-18,1.633239,sky,27.05387
-0.2976474,-1.822565e-17,1.767221,sky,27.05387
-0.4461361,-2.731796e-17,1.901203,sky,27.05387
-0.5946249,-3.641027e-17,2.035184,sky,27.05387
