x,y,z,rearMat,Wm2Back
0.7646694,4.68225e-17,1.264879,sky,11.10127
0.5734289,3.511239e-17,1.32342,sky,11.10127
0.3821884,2.340229e-17,1.381962,sky,11.10127
0.1909478,1.169218e-17,1.440503,sky,11.10127
-0.0002927055,-1.792304e-20,1.499044,sky,11.10127
-0.1915332,-1.172803e-17,1.557585,sky,11.10127
-0.3827738,-2.343813e-17,1.616126,sky,11.10127
-0.5740143,-3.514824e-17,1.674667,sky,11.10127
-0.7652548,-4.685834e-17,1.733208,sky,11.10127
