x,y,z,mattype,Wm2Front
1.5746,4.830702e-17,0.05,groundplane,54.87444
1.5746,0.0254,0.05,groundplane,54.87341
1.5746,0.0508,0.05,groundplane,54.87342
1.5746,0.0762,0.05,groundplane,54.87342
1.5746,0.1016,0.05,groundplane,54.87342
