x,y,z,mattype,Wm2Front
0.3746,3.050247e-17,0.05,groundplane,383.392
0.3746,0.0254,0.05,groundplane,383.3986
0.3746,0.0508,0.05,groundplane,383.3983
0.3746,0.0762,0.05,groundplane,383.39810000000006
0.3746,0.1016,0.05,groundplane,383.3978
