x,y,z,mattype,Wm2Front
1.5746,4.864126e-17,0.05,groundplane,708.172
1.5746,0.0254,0.05,groundplane,708.1730000000001
1.5746,0.0508,0.05,groundplane,708.1726
1.5746,0.0762,0.05,groundplane,708.1722
1.5746,0.1016,0.05,groundplane,708.1718999999999
