x,y,z,mattype,Wm2Front
0.3746,3.247255e-17,0.05,groundplane,209.0657
0.3746,0.0254,0.05,groundplane,209.068
0.3746,0.0508,0.05,groundplane,209.06720000000004
0.3746,0.0762,0.05,groundplane,209.0665
0.3746,0.1016,0.05,groundplane,209.0657
