x,y,z,mattype,Wm2Front
1.5746,3.257491e-17,0.05,groundplane,72.86314
1.5746,0.0254,0.05,groundplane,72.86317
1.5746,0.0508,0.05,groundplane,72.86316
1.5746,0.0762,0.05,groundplane,72.86316
1.5746,0.1016,0.05,groundplane,72.86315
