x,y,z,mattype,Wm2Front
1.5746,3.247255e-17,0.05,groundplane,394.9313
1.5746,0.0254,0.05,groundplane,394.9311
1.5746,0.0508,0.05,groundplane,394.9309
1.5746,0.0762,0.05,groundplane,394.9307999999999
1.5746,0.1016,0.05,groundplane,394.93070000000006
