x,y,z,mattype,Wm2Front
1.5746,4.051175e-17,0.05,groundplane,236.7024
1.5746,0.0254,0.05,groundplane,236.70089999999996
1.5746,0.0508,0.05,groundplane,236.70089999999996
1.5746,0.0762,0.05,groundplane,236.7008
1.5746,0.1016,0.05,groundplane,236.7008
