x,y,z,rearMat,Wm2Back
0.7995286,4.895701e-17,1.527478,sky,3.737664
0.5996553,3.67183e-17,1.520359,sky,3.737664
0.3997821,2.447959e-17,1.51324,sky,3.737664
0.1999088,1.224089e-17,1.50612,sky,3.737664
3.559719e-05,2.1797e-21,1.499001,sky,3.737664
-0.1998376,-1.223653e-17,1.491881,sky,3.737664
-0.3997109,-2.447523e-17,1.484762,sky,3.737664
-0.5995841,-3.671394e-17,1.477642,sky,3.737664
-0.7994574,-4.895265e-17,1.470523,sky,3.737664
