x,y,z,rearMat,Wm2Back
0.770424,4.717486e-17,1.715518,sky,5.710588
0.5778856,3.538529e-17,1.661398,sky,5.710588
0.3853473,2.359572e-17,1.607277,sky,5.710588
0.1928089,1.180614e-17,1.553157,sky,5.710588
0.0002706004,1.65695e-20,1.499037,sky,5.710588
-0.1922677,-1.1773e-17,1.444917,sky,5.710588
-0.3848061,-2.356258e-17,1.390797,sky,5.710588
-0.5773444,-3.535215e-17,1.336677,sky,5.710588
-0.7698828,-4.714173e-17,1.282557,sky,5.710588
