x,y,z,mattype,Wm2Front
1.5746,4.597504e-17,0.05,groundplane,799.8505
1.5746,0.0254,0.05,groundplane,799.8505
1.5746,0.0508,0.05,groundplane,799.85
1.5746,0.0762,0.05,groundplane,799.8497000000001
1.5746,0.1016,0.05,groundplane,799.8493
