x,y,z,mattype,Wm2Front
1.5746,4.12254e-17,0.05,groundplane,714.9226
1.5746,0.0254,0.05,groundplane,714.9252
1.5746,0.0508,0.05,groundplane,714.9245999999999
1.5746,0.0762,0.05,groundplane,714.9240999999998
1.5746,0.1016,0.05,groundplane,714.9236
