x,y,z,rearMat,Wm2Back
0.6835558,4.185572e-17,1.084365,sky,20.28847
0.5125373,3.138386e-17,1.18806,sky,20.28847
0.3415187,2.091199e-17,1.291755,sky,20.28847
0.1705001,1.044012e-17,1.39545,sky,20.28847
-0.0005184748,-3.174743e-20,1.499145,sky,20.28847
-0.1715371,-1.050362e-17,1.60284,sky,20.28847
-0.3425556,-2.097548e-17,1.706535,sky,20.28847
-0.5135742,-3.144735e-17,1.81023,sky,20.28847
-0.6845928,-4.191922e-17,1.913925,sky,20.28847
