x,y,z,mattype,Wm2Front
1.5746,4.893441e-17,0.05,groundplane,25.01971
1.5746,0.0254,0.05,groundplane,25.01925
1.5746,0.0508,0.05,groundplane,25.01924
1.5746,0.0762,0.05,groundplane,25.019230000000004
1.5746,0.1016,0.05,groundplane,25.01921
