x,y,z,mattype,Wm2Front
1.5746,4.863397e-17,0.05,groundplane,36.56108
1.5746,0.0254,0.05,groundplane,36.5621
1.5746,0.0508,0.05,groundplane,36.56208
1.5746,0.0762,0.05,groundplane,36.56207
1.5746,0.1016,0.05,groundplane,36.56207
