x,y,z,rearMat,Wm2Back
0.5323763,3.259865e-17,0.9028597,sky,54.00084999999999
0.3990958,2.443757e-17,1.051978,sky,54.00084999999999
0.2658153,1.62765e-17,1.201097,sky,54.00084999999999
0.1325349,8.115421e-18,1.350215,sky,54.00084999999999
-0.0007455923,-4.565436e-20,1.499334,sky,54.00084999999999
-0.1340261,-8.206729e-18,1.648452,sky,54.00084999999999
-0.2673065,-1.63678e-17,1.797571,sky,54.00084999999999
-0.400587,-2.452888e-17,1.946689,sky,54.00084999999999
-0.5338675,-3.268995e-17,2.095807,sky,54.00084999999999
