x,y,z,rearMat,Wm2Back
0.6102401,3.736643e-17,2.017308,sky,24.275320000000004
0.4578419,2.803473e-17,1.887791,sky,24.275320000000004
0.3054438,1.870304e-17,1.758273,sky,24.275320000000004
0.1530457,9.371347e-18,1.628756,sky,24.275320000000004
0.0006475881,3.965333e-20,1.499238,sky,24.275320000000004
-0.1517505,-9.29204e-18,1.36972,sky,24.275320000000004
-0.3041486,-1.862373e-17,1.240203,sky,24.275320000000004
-0.4565468,-2.795543e-17,1.110685,sky,24.275320000000004
-0.6089449,-3.728712e-17,0.9811675,sky,24.275320000000004
