x,y,z,rearMat,Wm2Back
0.7831755,4.795567e-17,1.336791,sky,16.37268
0.5873309,3.596365e-17,1.377348,sky,16.37268
0.3914863,2.397162e-17,1.417906,sky,16.37268
0.1956418,1.19796e-17,1.458463,sky,16.37268
-0.0002027873,-1.241714e-20,1.499021,sky,16.37268
-0.1960473,-1.200444e-17,1.539578,sky,16.37268
-0.3918919,-2.399646e-17,1.580136,sky,16.37268
-0.5877365,-3.598848e-17,1.620693,sky,16.37268
-0.783581,-4.79805e-17,1.661251,sky,16.37268
