x,y,z,rearMat,Wm2Back
0.7905585,4.840775e-17,1.377451,sky,58.47244
0.5928809,3.630348e-17,1.407841,sky,58.47244
0.3952033,2.419922e-17,1.438231,sky,58.47244
0.1975257,1.209496e-17,1.468621,sky,58.47244
-0.0001519509,-9.304308e-21,1.499012,sky,58.47244
-0.1978296,-1.211357e-17,1.529402,sky,58.47244
-0.3955072,-2.421783e-17,1.559792,sky,58.47244
-0.5931848,-3.632209e-17,1.590182,sky,58.47244
-0.7908624,-4.842635e-17,1.620572,sky,58.47244
