x,y,z,mattype,Wm2Front
1.5746,4.87719e-17,0.05,groundplane,767.2608999999999
1.5746,0.0254,0.05,groundplane,767.2620000000001
1.5746,0.0508,0.05,groundplane,767.2616000000002
1.5746,0.0762,0.05,groundplane,767.2612
1.5746,0.1016,0.05,groundplane,767.2608999999999
