x,y,z,mattype,Wm2Front
0.3746,4.722823e-17,0.05,groundplane,763.0994999999999
0.3746,0.0254,0.05,groundplane,763.1025
0.3746,0.0508,0.05,groundplane,763.1002
0.3746,0.0762,0.05,groundplane,763.0979000000001
0.3746,0.1016,0.05,groundplane,763.0956
