x,y,z,rearMat,Wm2Back
0.6618876,4.052893e-17,1.050661,sky,20.32309
0.4962756,3.038811e-17,1.162789,sky,20.32309
0.3306635,2.02473e-17,1.274916,sky,20.32309
0.1650514,1.010649e-17,1.387044,sky,20.32309
-0.000560639,-3.432924e-20,1.499172,sky,20.32309
-0.1661727,-1.017514e-17,1.6113,sky,20.32309
-0.3317848,-2.031596e-17,1.723428,sky,20.32309
-0.4973968,-3.045677e-17,1.835555,sky,20.32309
-0.6630089,-4.059759e-17,1.947683,sky,20.32309
