x,y,z,rearMat,Wm2Back
0.7267582,4.450111e-17,1.8344,sky,27.89582
0.5451734,3.338225e-17,1.750573,sky,27.89582
0.3635887,2.226339e-17,1.666746,sky,27.89582
0.1820039,1.114452e-17,1.582919,sky,27.89582
0.0004191352,2.566463e-20,1.499092,sky,27.89582
-0.1811656,-1.10932e-17,1.415265,sky,27.89582
-0.3627504,-2.221206e-17,1.331438,sky,27.89582
-0.5443352,-3.333092e-17,1.247611,sky,27.89582
-0.7259199,-4.444978e-17,1.163784,sky,27.89582
