x,y,z,rearMat,Wm2Back
0.7462207,4.569284e-17,1.788367,sky,16.50121
0.5597559,3.427516e-17,1.716042,sky,16.50121
0.3732911,2.285749e-17,1.643718,sky,16.50121
0.1868264,1.143982e-17,1.571393,sky,16.50121
0.0003616246,2.214312e-20,1.499068,sky,16.50121
-0.1861031,-1.139553e-17,1.426743,sky,16.50121
-0.3725679,-2.28132e-17,1.354418,sky,16.50121
-0.5590327,-3.423088e-17,1.282093,sky,16.50121
-0.7454974,-4.564855e-17,1.209768,sky,16.50121
