x,y,z,mattype,Wm2Front
0.3746,3.050247e-17,0.05,groundplane,477.1733
0.3746,0.0254,0.05,groundplane,477.1783
0.3746,0.0508,0.05,groundplane,477.1776
0.3746,0.0762,0.05,groundplane,477.17699999999996
0.3746,0.1016,0.05,groundplane,477.1764
