x,y,z,mattype,Wm2Front
0.3746,4.89961e-17,0.05,groundplane,500.8226
0.3746,0.0254,0.05,groundplane,500.82570000000004
0.3746,0.0508,0.05,groundplane,500.8241
0.3746,0.0762,0.05,groundplane,500.8224
0.3746,0.1016,0.05,groundplane,500.8208
