x,y,z,rearMat,Wm2Back
0.7988981,4.89184e-17,1.541986,sky,3.750373
0.599187,3.668962e-17,1.53124,sky,3.750373
0.3994759,2.446085e-17,1.520494,sky,3.750373
0.1997648,1.223207e-17,1.509747,sky,3.750373
5.373025e-05,3.290029e-21,1.499001,sky,3.750373
-0.1996574,-1.222549e-17,1.488255,sky,3.750373
-0.3993685,-2.445427e-17,1.477509,sky,3.750373
-0.5990796,-3.668304e-17,1.466763,sky,3.750373
-0.7987907,-4.891182e-17,1.456017,sky,3.750373
