x,y,z,rearMat,Wm2Back
0.7611542,4.660725e-17,1.746263,sky,6.101768
0.5709429,3.496017e-17,1.684459,sky,6.101768
0.3807316,2.331309e-17,1.622656,sky,6.101768
0.1905203,1.166601e-17,1.560852,sky,6.101768
0.000309017,1.892183e-20,1.499049,sky,6.101768
-0.1899023,-1.162816e-17,1.437246,sky,6.101768
-0.3801136,-2.327524e-17,1.375442,sky,6.101768
-0.5703249,-3.492233e-17,1.313639,sky,6.101768
-0.7605362,-4.656941e-17,1.251835,sky,6.101768
