x,y,z,mattype,Wm2Front
0.3746,3.719729e-17,0.05,groundplane,685.5284
0.3746,0.0254,0.05,groundplane,685.5278
0.3746,0.0508,0.05,groundplane,685.5275
0.3746,0.0762,0.05,groundplane,685.5273000000001
0.3746,0.1016,0.05,groundplane,685.527
