x,y,z,mattype,Wm2Front
1.5746,4.876246e-17,0.05,groundplane,34.8732
1.5746,0.0254,0.05,groundplane,34.87275
1.5746,0.0508,0.05,groundplane,34.87274
1.5746,0.0762,0.05,groundplane,34.87273
1.5746,0.1016,0.05,groundplane,34.87272
