x,y,z,rearMat,Wm2Back
0.7640512,4.678465e-17,1.262878,sky,36.37188
0.5729646,3.508397e-17,1.32192,sky,36.37188
0.381878,2.338328e-17,1.380961,sky,36.37188
0.1907914,1.16826e-17,1.440003,sky,36.37188
-0.0002952078,-1.807627e-20,1.499045,sky,36.37188
-0.1913818,-1.171876e-17,1.558086,sky,36.37188
-0.3824684,-2.341944e-17,1.617128,sky,36.37188
-0.573555,-3.512012e-17,1.676169,sky,36.37188
-0.7646417,-4.68208e-17,1.735211,sky,36.37188
