x,y,z,mattype,Wm2Front
1.5746,4.866271e-17,0.05,groundplane,720.2784
1.5746,0.0254,0.05,groundplane,720.2791000000001
1.5746,0.0508,0.05,groundplane,720.2787
1.5746,0.0762,0.05,groundplane,720.2784
1.5746,0.1016,0.05,groundplane,720.2779999999999
