x,y,z,mattype,Wm2Front
0.3746,4.893121e-17,0.05,groundplane,28.00438
0.3746,0.0254,0.05,groundplane,28.00375
0.3746,0.0508,0.05,groundplane,28.003740000000004
0.3746,0.0762,0.05,groundplane,28.00373
0.3746,0.1016,0.05,groundplane,28.00371
