x,y,z,mattype,Wm2Front
1.5746,4.899193e-17,0.05,groundplane,931.8193
1.5746,0.0254,0.05,groundplane,931.8199
1.5746,0.0508,0.05,groundplane,931.8195
1.5746,0.0762,0.05,groundplane,931.8191
1.5746,0.1016,0.05,groundplane,931.8187000000001
