x,y,z,mattype,Wm2Front
1.5746,4.856391e-17,0.05,groundplane,35.56918
1.5746,0.0254,0.05,groundplane,35.57028
1.5746,0.0508,0.05,groundplane,35.57026
1.5746,0.0762,0.05,groundplane,35.57023
1.5746,0.1016,0.05,groundplane,35.57021
