x,y,z,rearMat,Wm2Back
0.7982892,4.888112e-17,1.5523,sky,17.34224
0.5987336,3.666186e-17,1.538976,sky,17.34224
0.3991779,2.44426e-17,1.525651,sky,17.34224
0.1996223,1.222334e-17,1.512327,sky,17.34224
6.662219e-05,4.079433e-21,1.499002,sky,17.34224
-0.199489,-1.221518e-17,1.485678,sky,17.34224
-0.3990447,-2.443444e-17,1.472353,sky,17.34224
-0.5986003,-3.66537e-17,1.459029,sky,17.34224
-0.798156,-4.887296e-17,1.445704,sky,17.34224
