x,y,z,rearMat,Wm2Back
0.6047895,3.703267e-17,2.02367,sky,21.99911
0.453756,2.778454e-17,1.892564,sky,21.99911
0.3027225,1.853641e-17,1.761458,sky,21.99911
0.151689,9.288273e-18,1.630351,sky,21.99911
0.000655532,4.013976e-20,1.499245,sky,21.99911
-0.150378,-9.207994e-18,1.368138,sky,21.99911
-0.3014114,-1.845613e-17,1.237032,sky,21.99911
-0.4524449,-2.770426e-17,1.105926,sky,21.99911
-0.6034784,-3.695239e-17,0.9748192,sky,21.99911
