x,y,z,mattype,Wm2Front
1.5746,3.050247e-17,0.05,groundplane,229.47989999999996
1.5746,0.0254,0.05,groundplane,229.4854
1.5746,0.0508,0.05,groundplane,229.48529999999997
1.5746,0.0762,0.05,groundplane,229.4852
1.5746,0.1016,0.05,groundplane,229.4851
