x,y,z,mattype,Wm2Front
1.5746,3.765001e-17,0.05,groundplane,245.19770000000003
1.5746,0.0254,0.05,groundplane,245.197
1.5746,0.0508,0.05,groundplane,245.1969
1.5746,0.0762,0.05,groundplane,245.19680000000002
1.5746,0.1016,0.05,groundplane,245.1967
