x,y,z,rearMat,Wm2Back
0.7919572,4.849339e-17,1.386842,sky,56.8312
0.5939329,3.63679e-17,1.414884,sky,56.8312
0.3959085,2.42424e-17,1.442926,sky,56.8312
0.1978841,1.211691e-17,1.470968,sky,56.8312
-0.00014021,-8.585388e-21,1.49901,sky,56.8312
-0.1981646,-1.213408e-17,1.527052,sky,56.8312
-0.3961889,-2.425957e-17,1.555094,sky,56.8312
-0.5942133,-3.638507e-17,1.583136,sky,56.8312
-0.7922376,-4.851056e-17,1.611178,sky,56.8312
