x,y,z,rearMat,Wm2Back
0.5780038,3.539253e-17,2.053094,sky,20.77334
0.4336759,2.655499e-17,1.91464,sky,20.77334
0.289348,1.771746e-17,1.776186,sky,20.77334
0.1450202,8.879923e-18,1.637732,sky,20.77334
0.0006922691,4.238926e-20,1.499278,sky,20.77334
-0.1436356,-8.795145e-18,1.360825,sky,20.77334
-0.2879635,-1.763268e-17,1.222371,sky,20.77334
-0.4322914,-2.647021e-17,1.083917,sky,20.77334
-0.5766193,-3.530775e-17,0.9454631,sky,20.77334
