x,y,z,mattype,Wm2Front
0.3746,4.723794e-17,0.05,groundplane,874.2500999999999
0.3746,0.0254,0.05,groundplane,874.2513
0.3746,0.0508,0.05,groundplane,874.2509
0.3746,0.0762,0.05,groundplane,874.2505
0.3746,0.1016,0.05,groundplane,874.2500999999999
