x,y,z,rearMat,Wm2Back
0.7400179,4.531303e-17,1.803932,sky,17.40031
0.5551087,3.39906e-17,1.727718,sky,17.40031
0.3701995,2.266818e-17,1.651504,sky,17.40031
0.1852903,1.134576e-17,1.57529,sky,17.40031
0.0003810704,2.333383e-20,1.499075,sky,17.40031
-0.1845281,-1.129909e-17,1.422861,sky,17.40031
-0.3694373,-2.262151e-17,1.346647,sky,17.40031
-0.5543465,-3.394394e-17,1.270433,sky,17.40031
-0.7392558,-4.526636e-17,1.194219,sky,17.40031
