x,y,z,mattype,Wm2Front
0.3746,4.899881e-17,0.05,groundplane,809.3499
0.3746,0.0254,0.05,groundplane,809.351
0.3746,0.0508,0.05,groundplane,809.3505
0.3746,0.0762,0.05,groundplane,809.3501
0.3746,0.1016,0.05,groundplane,809.3497000000001
