x,y,z,rearMat,Wm2Back
0.7931353,4.856553e-17,1.395418,sky,12.71478
0.5948191,3.642217e-17,1.421316,sky,12.71478
0.3965029,2.42788e-17,1.447213,sky,12.71478
0.1981867,1.213544e-17,1.473111,sky,12.71478
-0.0001294879,-7.928846e-21,1.499008,sky,12.71478
-0.1984457,-1.215129e-17,1.524906,sky,12.71478
-0.3967619,-2.429466e-17,1.550804,sky,12.71478
-0.5950781,-3.643802e-17,1.576701,sky,12.71478
-0.7933943,-4.858139e-17,1.602599,sky,12.71478
