x,y,z,rearMat,Wm2Back
0.791299,4.845309e-17,1.617673,sky,4.933342
0.5935113,3.634209e-17,1.588007,sky,4.933342
0.3957237,2.423109e-17,1.558342,sky,4.933342
0.197936,1.212008e-17,1.528677,sky,4.933342
0.0001483272,9.082424e-21,1.499011,sky,4.933342
-0.1976393,-1.210192e-17,1.469346,sky,4.933342
-0.395427,-2.421292e-17,1.43968,sky,4.933342
-0.5932147,-3.632392e-17,1.410015,sky,4.933342
-0.7910023,-4.843492e-17,1.380349,sky,4.933342
