x,y,z,rearMat,Wm2Back
0.7338066,4.493269e-17,1.181364,sky,27.68747
0.5502556,3.369344e-17,1.260794,sky,27.68747
0.3667047,2.245419e-17,1.340223,sky,27.68747
0.1831538,1.121493e-17,1.419653,sky,27.68747
-0.0003971479,-2.431829e-20,1.499082,sky,27.68747
-0.1839481,-1.126357e-17,1.578512,sky,27.68747
-0.367499,-2.250282e-17,1.657941,sky,27.68747
-0.5510499,-3.374208e-17,1.737371,sky,27.68747
-0.7346008,-4.498133e-17,1.816801,sky,27.68747
