x,y,z,rearMat,Wm2Back
0.5940641,3.637594e-17,2.035807,sky,45.74114
0.4457157,2.729222e-17,1.90167,sky,45.74114
0.2973674,1.82085e-17,1.767532,sky,45.74114
0.149019,9.124785e-18,1.633395,sky,45.74114
0.0006706856,4.106765e-20,1.499258,sky,45.74114
-0.1476777,-9.042649e-18,1.365121,sky,45.74114
-0.296026,-1.812637e-17,1.230984,sky,45.74114
-0.4443744,-2.721008e-17,1.096847,sky,45.74114
-0.5927227,-3.62938e-17,0.9627098,sky,45.74114
