x,y,z,mattype,Wm2Front
0.3746,3.785177e-17,0.05,groundplane,727.4708
0.3746,0.0254,0.05,groundplane,727.4702000000001
0.3746,0.0508,0.05,groundplane,727.4699999999999
0.3746,0.0762,0.05,groundplane,727.4697
0.3746,0.1016,0.05,groundplane,727.4695
