x,y,z,mattype,Wm2Front
1.5746,4.684561e-17,0.05,groundplane,840.4161
1.5746,0.0254,0.05,groundplane,840.4175
1.5746,0.0508,0.05,groundplane,840.4171
1.5746,0.0762,0.05,groundplane,840.4167000000001
1.5746,0.1016,0.05,groundplane,840.4164
