x,y,z,mattype,Wm2Front
0.3746,3.247255e-17,0.05,groundplane,173.3823
0.3746,0.0254,0.05,groundplane,173.3814
0.3746,0.0508,0.05,groundplane,173.3809
0.3746,0.0762,0.05,groundplane,173.3803
0.3746,0.1016,0.05,groundplane,173.37980000000002
