x,y,z,mattype,Wm2Front
1.5746,4.820135e-17,0.05,groundplane,221.71259999999998
1.5746,0.0254,0.05,groundplane,221.7136
1.5746,0.0508,0.05,groundplane,221.7132
1.5746,0.0762,0.05,groundplane,221.7128
1.5746,0.1016,0.05,groundplane,221.7125
