x,y,z,mattype,Wm2Front
0.3746,4.9e-17,0.05,groundplane,8.255088
0.3746,0.0254,0.05,groundplane,8.254622
0.3746,0.0508,0.05,groundplane,8.254617
0.3746,0.0762,0.05,groundplane,8.254613
0.3746,0.1016,0.05,groundplane,8.254608
