x,y,z,rearMat,Wm2Back
0.7318647,4.481379e-17,1.823071,sky,87.74404
0.5489998,3.361654e-17,1.742075,sky,87.74404
0.3661348,2.241929e-17,1.661078,sky,87.74404
0.1832699,1.122205e-17,1.580082,sky,87.74404
0.000404982,2.4798e-20,1.499086,sky,87.74404
-0.1824599,-1.117245e-17,1.418089,sky,87.74404
-0.3653249,-2.23697e-17,1.337093,sky,87.74404
-0.5481898,-3.356694e-17,1.256096,sky,87.74404
-0.7310547,-4.476419e-17,1.1751,sky,87.74404
