x,y,z,rearMat,Wm2Back
0.5508702,3.373107e-17,0.9198767,sky,22.513590000000004
0.4129716,2.528722e-17,1.064735,sky,22.513590000000004
0.275073,1.684336e-17,1.209594,sky,22.513590000000004
0.1371743,8.399506e-18,1.354452,sky,22.513590000000004
-0.0007242922,-4.435011e-20,1.499311,sky,22.513590000000004
-0.1386229,-8.488206e-18,1.644169,sky,22.513590000000004
-0.2765215,-1.693206e-17,1.789027,sky,22.513590000000004
-0.4144202,-2.537592e-17,1.933886,sky,22.513590000000004
-0.5523188,-3.381977e-17,2.078744,sky,22.513590000000004
