x,y,z,rearMat,Wm2Back
0.7957318,4.872452e-17,1.417466,sky,97.86404
0.5967734,3.654183e-17,1.437851,sky,97.86404
0.3978149,2.435914e-17,1.458235,sky,97.86404
0.1988565,1.217645e-17,1.47862,sky,97.86404
-0.0001019245,-6.241073e-21,1.499005,sky,97.86404
-0.1990604,-1.218893e-17,1.51939,sky,97.86404
-0.3980188,-2.437162e-17,1.539775,sky,97.86404
-0.5969772,-3.655431e-17,1.56016,sky,97.86404
-0.7959356,-4.8737e-17,1.580545,sky,97.86404
