x,y,z,rearMat,Wm2Back
0.7832892,4.796263e-17,1.337338,sky,12.029469999999998
0.5874164,3.596888e-17,1.377758,sky,12.029469999999998
0.3915436,2.397513e-17,1.418179,sky,12.029469999999998
0.1956707,1.198138e-17,1.4586,sky,12.029469999999998
-0.0002021036,-1.237528e-20,1.499021,sky,12.029469999999998
-0.1960749,-1.200613e-17,1.539441,sky,12.029469999999998
-0.3919478,-2.399988e-17,1.579862,sky,12.029469999999998
-0.5878206,-3.599363e-17,1.620283,sky,12.029469999999998
-0.7836934,-4.798738e-17,1.660704,sky,12.029469999999998
