x,y,z,mattype,Wm2Front
0.3746,3.676674e-17,0.05,groundplane,54.00028
0.3746,0.0254,0.05,groundplane,54.00043
0.3746,0.0508,0.05,groundplane,54.00042
0.3746,0.0762,0.05,groundplane,54.00042
0.3746,0.1016,0.05,groundplane,54.00042
