x,y,z,mattype,Wm2Front
1.5746,3.050247e-17,0.05,groundplane,373.73780000000005
1.5746,0.0254,0.05,groundplane,373.7409
1.5746,0.0508,0.05,groundplane,373.7407
1.5746,0.0762,0.05,groundplane,373.74050000000005
1.5746,0.1016,0.05,groundplane,373.74039999999997
