x,y,z,mattype,Wm2Front
1.5746,4.805845e-17,0.05,groundplane,868.8325
1.5746,0.0254,0.05,groundplane,868.8332999999999
1.5746,0.0508,0.05,groundplane,868.8325
1.5746,0.0762,0.05,groundplane,868.8317000000001
1.5746,0.1016,0.05,groundplane,868.8309
