x,y,z,rearMat,Wm2Back
0.5160638,3.15998e-17,2.111293,sky,53.23275
0.3872391,2.371156e-17,1.958309,sky,53.23275
0.2584144,1.582332e-17,1.805324,sky,53.23275
0.1295896,7.935077e-18,1.65234,sky,53.23275
0.0007649214,4.683793e-20,1.499356,sky,53.23275
-0.1280598,-7.841401e-18,1.346372,sky,53.23275
-0.2568845,-1.572964e-17,1.193387,sky,53.23275
-0.3857093,-2.361788e-17,1.040403,sky,53.23275
-0.514534,-3.150612e-17,0.8874188,sky,53.23275
