x,y,z,rearMat,Wm2Back
0.6309384,3.863384e-17,1.991851,sky,44.32389
0.4733578,2.89848e-17,1.868691,sky,44.32389
0.3157771,1.933577e-17,1.745532,sky,44.32389
0.1581965,9.686739e-18,1.622372,sky,44.32389
0.000615799,3.770681e-20,1.499212,sky,44.32389
-0.1569649,-9.611326e-18,1.376052,sky,44.32389
-0.3145455,-1.926036e-17,1.252892,sky,44.32389
-0.4721262,-2.890939e-17,1.129733,sky,44.32389
-0.6297068,-3.855842e-17,1.006573,sky,44.32389
