x,y,z,rearMat,Wm2Back
0.7007202,4.290674e-17,1.885995,sky,17.7583
0.5256611,3.218746e-17,1.789277,sky,17.7583
0.3506019,2.146817e-17,1.69256,sky,17.7583
0.1755427,1.074889e-17,1.595842,sky,17.7583
0.0004835879,2.961122e-20,1.499125,sky,17.7583
-0.1745756,-1.068967e-17,1.402407,sky,17.7583
-0.3496347,-2.140895e-17,1.30569,sky,17.7583
-0.5246939,-3.212823e-17,1.208972,sky,17.7583
-0.699753,-4.284752e-17,1.112254,sky,17.7583
