x,y,z,rearMat,Wm2Back
0.7944416,4.864552e-17,1.594146,sky,87.32079
0.5958609,3.648596e-17,1.570361,sky,87.32079
0.3972803,2.43264e-17,1.546577,sky,87.32079
0.1986996,1.216684e-17,1.522792,sky,87.32079
0.0001189239,7.281987e-21,1.499007,sky,87.32079
-0.1984618,-1.215228e-17,1.475222,sky,87.32079
-0.3970424,-2.431184e-17,1.451438,sky,87.32079
-0.5956231,-3.64714e-17,1.427653,sky,87.32079
-0.7942038,-4.863096e-17,1.403868,sky,87.32079
