x,y,z,rearMat,Wm2Back
0.7986593,4.890378e-17,1.546307,sky,10.34185
0.5990092,3.667874e-17,1.534481,sky,10.34185
0.3993592,2.44537e-17,1.522655,sky,10.34185
0.1997092,1.222866e-17,1.510828,sky,10.34185
5.913215e-05,3.6208e-21,1.499002,sky,10.34185
-0.1995909,-1.222142e-17,1.487175,sky,10.34185
-0.3992409,-2.444646e-17,1.475349,sky,10.34185
-0.598891,-3.66715e-17,1.463522,sky,10.34185
-0.798541,-4.889653e-17,1.451696,sky,10.34185
