x,y,z,rearMat,Wm2Back
0.7147502,4.376583e-17,1.140649,sky,21.99986
0.5359507,3.281751e-17,1.230263,sky,21.99986
0.3571511,2.18692e-17,1.319878,sky,21.99986
0.1783515,1.092088e-17,1.409492,sky,21.99986
-0.0004480712,-2.743645e-20,1.499106,sky,21.99986
-0.1792476,-1.097575e-17,1.58872,sky,21.99986
-0.3580472,-2.192407e-17,1.678334,sky,21.99986
-0.5368468,-3.287239e-17,1.767949,sky,21.99986
-0.7156464,-4.38207e-17,1.857563,sky,21.99986
