x,y,z,rearMat,Wm2Back
0.799964,4.898367e-17,1.507657,sky,0.5370626
0.5999757,3.673792e-17,1.505493,sky,0.5370626
0.3999874,2.449216e-17,1.503328,sky,0.5370626
0.1999991,1.224641e-17,1.501164,sky,0.5370626
1.082083e-05,6.625848e-22,1.499,sky,0.5370626
-0.1999775,-1.224509e-17,1.496836,sky,0.5370626
-0.3999658,-2.449084e-17,1.494672,sky,0.5370626
-0.5999541,-3.673659e-17,1.492508,sky,0.5370626
-0.7999423,-4.898234e-17,1.490343,sky,0.5370626
