x,y,z,mattype,Wm2Front
0.3746,4.596615e-17,0.05,groundplane,789.5724
0.3746,0.0254,0.05,groundplane,789.5732000000002
0.3746,0.0508,0.05,groundplane,789.5728
0.3746,0.0762,0.05,groundplane,789.5724
0.3746,0.1016,0.05,groundplane,789.572
