x,y,z,mattype,Wm2Front
0.3746,3.247255e-17,0.05,groundplane,231.98349999999996
0.3746,0.0254,0.05,groundplane,231.9806
0.3746,0.0508,0.05,groundplane,231.98030000000003
0.3746,0.0762,0.05,groundplane,231.9801
0.3746,0.1016,0.05,groundplane,231.97989999999996
