x,y,z,rearMat,Wm2Back
0.7134283,4.368489e-17,1.138032,sky,27.45124
0.5349584,3.275676e-17,1.228301,sky,27.45124
0.3564885,2.182863e-17,1.31857,sky,27.45124
0.1780186,1.090049e-17,1.408839,sky,27.45124
-0.0004513448,-2.76369e-20,1.499108,sky,27.45124
-0.1789213,-1.095577e-17,1.589377,sky,27.45124
-0.3573912,-2.18839e-17,1.679646,sky,27.45124
-0.5358611,-3.281203e-17,1.769915,sky,27.45124
-0.714331,-4.374016e-17,1.860184,sky,27.45124
