x,y,z,mattype,Wm2Front
1.5746,3.050247e-17,0.05,groundplane,504.3495
1.5746,0.0254,0.05,groundplane,504.3515
1.5746,0.0508,0.05,groundplane,504.3513
1.5746,0.0762,0.05,groundplane,504.35110000000003
1.5746,0.1016,0.05,groundplane,504.3509000000001
