x,y,z,rearMat,Wm2Back
0.5688205,3.483021e-17,0.9374662,sky,30.285299999999996
0.4264398,2.611191e-17,1.077922,sky,30.285299999999996
0.2840591,1.73936e-17,1.218377,sky,30.285299999999996
0.1416784,8.675301e-18,1.358833,sky,30.285299999999996
-0.0007022773,-4.300208e-20,1.499288,sky,30.285299999999996
-0.143083,-8.761305e-18,1.639744,sky,30.285299999999996
-0.2854637,-1.747961e-17,1.780199,sky,30.285299999999996
-0.4278444,-2.619791e-17,1.920654,sky,30.285299999999996
-0.5702251,-3.491622e-17,2.06111,sky,30.285299999999996
