x,y,z,mattype,Wm2Front
1.5746,4.114197e-17,0.05,groundplane,90.53365000000001
1.5746,0.0254,0.05,groundplane,90.53375
1.5746,0.0508,0.05,groundplane,90.53374000000001
1.5746,0.0762,0.05,groundplane,90.53374000000001
1.5746,0.1016,0.05,groundplane,90.53373
