x,y,z,mattype,Wm2Front
0.3746,4.610391e-17,0.05,groundplane,65.38331
0.3746,0.0254,0.05,groundplane,65.38249
0.3746,0.0508,0.05,groundplane,65.38245
0.3746,0.0762,0.05,groundplane,65.3824
0.3746,0.1016,0.05,groundplane,65.38235
