x,y,z,rearMat,Wm2Back
0.65252,3.995533e-17,1.962838,sky,38.26833
0.4895349,2.997537e-17,1.846924,sky,38.26833
0.3265498,1.999541e-17,1.731011,sky,38.26833
0.1635647,1.001545e-17,1.615098,sky,38.26833
0.0005795657,3.548816e-20,1.499185,sky,38.26833
-0.1624055,-9.944471e-18,1.383272,sky,38.26833
-0.3253906,-1.992443e-17,1.267359,sky,38.26833
-0.4883758,-2.990439e-17,1.151446,sky,38.26833
-0.6513609,-3.988435e-17,1.035533,sky,38.26833
