x,y,z,mattype,Wm2Front
0.3746,4.859611e-17,0.05,groundplane,52.13219
0.3746,0.0254,0.05,groundplane,52.1317
0.3746,0.0508,0.05,groundplane,52.13169
0.3746,0.0762,0.05,groundplane,52.131679999999996
0.3746,0.1016,0.05,groundplane,52.13165999999999
