x,y,z,rearMat,Wm2Back
0.5951548,3.644272e-17,0.965405,sky,18.51167
0.4461992,2.732182e-17,1.098868,sky,18.51167
0.2972437,1.820093e-17,1.23233,sky,18.51167
0.1482882,9.080034e-18,1.365793,sky,18.51167
-0.0006673128,-4.086112e-20,1.499255,sky,18.51167
-0.1496228,-9.161756e-18,1.632718,sky,18.51167
-0.2985784,-1.828265e-17,1.76618,sky,18.51167
-0.4475339,-2.740355e-17,1.899643,sky,18.51167
-0.5964894,-3.652444e-17,2.033105,sky,18.51167
