x,y,z,rearMat,Wm2Back
0.7907288,4.841818e-17,1.378555,sky,3.1894830000000005
0.593009,3.631133e-17,1.408669,sky,3.1894830000000005
0.3952891,2.420448e-17,1.438783,sky,3.1894830000000005
0.1975693,1.209763e-17,1.468897,sky,3.1894830000000005
-0.0001505707,-9.219795e-21,1.499011,sky,3.1894830000000005
-0.1978704,-1.211607e-17,1.529126,sky,3.1894830000000005
-0.3955903,-2.422292e-17,1.55924,sky,3.1894830000000005
-0.5933101,-3.632977e-17,1.589354,sky,3.1894830000000005
-0.79103,-4.843662e-17,1.619468,sky,3.1894830000000005
