x,y,z,rearMat,Wm2Back
0.7269915,4.451539e-17,1.833893,sky,22.48357
0.5453482,3.339295e-17,1.750193,sky,22.48357
0.363705,2.227051e-17,1.666492,sky,22.48357
0.1820617,1.114807e-17,1.582792,sky,22.48357
0.0004185012,2.562581e-20,1.499092,sky,22.48357
-0.1812247,-1.109682e-17,1.415392,sky,22.48357
-0.362868,-2.221926e-17,1.331691,sky,22.48357
-0.5445112,-3.33417e-17,1.247991,sky,22.48357
-0.7261545,-4.446414e-17,1.164291,sky,22.48357
