x,y,z,mattype,Wm2Front
0.3746,3.247255e-17,0.05,groundplane,474.3289
0.3746,0.0254,0.05,groundplane,474.3285
0.3746,0.0508,0.05,groundplane,474.32829999999996
0.3746,0.0762,0.05,groundplane,474.3281
0.3746,0.1016,0.05,groundplane,474.3279
