x,y,z,mattype,Wm2Front
0.3746,3.050247e-17,0.05,groundplane,204.9446
0.3746,0.0254,0.05,groundplane,204.9507
0.3746,0.0508,0.05,groundplane,204.9501
0.3746,0.0762,0.05,groundplane,204.9496
0.3746,0.1016,0.05,groundplane,204.94899999999998
