x,y,z,rearMat,Wm2Back
0.6754508,4.135943e-17,1.071319,sky,6.366829
0.5064544,3.101139e-17,1.178278,sky,6.366829
0.337458,2.066334e-17,1.285237,sky,6.366829
0.1684616,1.03153e-17,1.392196,sky,6.366829
-0.0005347949,-3.274674e-20,1.499155,sky,6.366829
-0.1695312,-1.038079e-17,1.606114,sky,6.366829
-0.3385276,-2.072884e-17,1.713073,sky,6.366829
-0.507524,-3.107688e-17,1.820032,sky,6.366829
-0.6765203,-4.142492e-17,1.926991,sky,6.366829
