x,y,z,mattype,Wm2Front
0.3746,4.252133e-17,0.05,groundplane,205.30589999999998
0.3746,0.0254,0.05,groundplane,205.3083
0.3746,0.0508,0.05,groundplane,205.30820000000003
0.3746,0.0762,0.05,groundplane,205.30820000000003
0.3746,0.1016,0.05,groundplane,205.30820000000003
