x,y,z,mattype,Wm2Front
1.5746,4.222928e-17,0.05,groundplane,703.2232
1.5746,0.0254,0.05,groundplane,703.2251
1.5746,0.0508,0.05,groundplane,703.2247000000001
1.5746,0.0762,0.05,groundplane,703.2243
1.5746,0.1016,0.05,groundplane,703.2239
