x,y,z,mattype,Wm2Front
0.3746,4.888964e-17,0.05,groundplane,845.178
0.3746,0.0254,0.05,groundplane,845.1788
0.3746,0.0508,0.05,groundplane,845.1784000000001
0.3746,0.0762,0.05,groundplane,845.178
0.3746,0.1016,0.05,groundplane,845.1776
