x,y,z,mattype,Wm2Front
0.3746,3.247255e-17,0.05,groundplane,431.5108
0.3746,0.0254,0.05,groundplane,431.5106
0.3746,0.0508,0.05,groundplane,431.51050000000004
0.3746,0.0762,0.05,groundplane,431.5103
0.3746,0.1016,0.05,groundplane,431.5101
