x,y,z,rearMat,Wm2Back
0.7996022,4.896151e-17,1.525246,sky,21.85066
0.5997098,3.672164e-17,1.518684,sky,21.85066
0.3998175,2.448176e-17,1.512123,sky,21.85066
0.1999252,1.224188e-17,1.505562,sky,21.85066
3.28063e-05,2.008807e-21,1.499001,sky,21.85066
-0.1998595,-1.223787e-17,1.492439,sky,21.85066
-0.3997519,-2.447774e-17,1.485878,sky,21.85066
-0.5996442,-3.671762e-17,1.479317,sky,21.85066
-0.7995366,-4.89575e-17,1.472755,sky,21.85066
