x,y,z,mattype,Wm2Front
1.5746,4.200634e-17,0.05,groundplane,701.5665
1.5746,0.0254,0.05,groundplane,701.5681
1.5746,0.0508,0.05,groundplane,701.5678000000001
1.5746,0.0762,0.05,groundplane,701.5674
1.5746,0.1016,0.05,groundplane,701.5670999999999
