x,y,z,mattype,Wm2Front
1.5746,3.050247e-17,0.05,groundplane,188.8925
1.5746,0.0254,0.05,groundplane,188.8995
1.5746,0.0508,0.05,groundplane,188.8987
1.5746,0.0762,0.05,groundplane,188.8978
1.5746,0.1016,0.05,groundplane,188.89700000000002
