x,y,z,mattype,Wm2Front
1.5746,3.186785e-17,0.05,groundplane,710.5261
1.5746,0.0254,0.05,groundplane,710.532
1.5746,0.0508,0.05,groundplane,710.5314
1.5746,0.0762,0.05,groundplane,710.5309000000001
1.5746,0.1016,0.05,groundplane,710.5303
