x,y,z,mattype,Wm2Front
0.3746,4.772679e-17,0.05,groundplane,38.01422
0.3746,0.0254,0.05,groundplane,38.01572
0.3746,0.0508,0.05,groundplane,38.01571
0.3746,0.0762,0.05,groundplane,38.0157
0.3746,0.1016,0.05,groundplane,38.01569
