x,y,z,mattype,Wm2Front
1.5746,4.821821e-17,0.05,groundplane,757.4311000000001
1.5746,0.0254,0.05,groundplane,757.4317
1.5746,0.0508,0.05,groundplane,757.4314
1.5746,0.0762,0.05,groundplane,757.431
1.5746,0.1016,0.05,groundplane,757.4307
