x,y,z,mattype,Wm2Front
0.3746,4.719385e-17,0.05,groundplane,702.3308000000001
0.3746,0.0254,0.05,groundplane,702.3314999999999
0.3746,0.0508,0.05,groundplane,702.3311
0.3746,0.0762,0.05,groundplane,702.3308000000001
0.3746,0.1016,0.05,groundplane,702.3304000000002
