x,y,z,mattype,Wm2Front
1.5746,4.298408e-17,0.05,groundplane,770.9735999999999
1.5746,0.0254,0.05,groundplane,770.9735
1.5746,0.0508,0.05,groundplane,770.9731
1.5746,0.0762,0.05,groundplane,770.9726999999999
1.5746,0.1016,0.05,groundplane,770.9722
