x,y,z,mattype,Wm2Front
0.3746,4.684561e-17,0.05,groundplane,840.4121
0.3746,0.0254,0.05,groundplane,840.4135
0.3746,0.0508,0.05,groundplane,840.4131000000001
0.3746,0.0762,0.05,groundplane,840.4127
0.3746,0.1016,0.05,groundplane,840.4124
