x,y,z,rearMat,Wm2Back
0.7855454,4.810079e-17,1.651391,sky,8.68697
0.5892067,3.607851e-17,1.613298,sky,8.68697
0.392868,2.405622e-17,1.575205,sky,8.68697
0.1965292,1.203394e-17,1.537112,sky,8.68697
0.0001904663,1.16627e-20,1.499018,sky,8.68697
-0.1961483,-1.201062e-17,1.460925,sky,8.68697
-0.392487,-2.40329e-17,1.422832,sky,8.68697
-0.5888258,-3.605518e-17,1.384739,sky,8.68697
-0.7851645,-4.807746e-17,1.346645,sky,8.68697
