x,y,z,mattype,Wm2Front
0.3746,3.9846e-17,0.05,groundplane,870.4714
0.3746,0.0254,0.05,groundplane,870.4694
0.3746,0.0508,0.05,groundplane,870.4684000000001
0.3746,0.0762,0.05,groundplane,870.4675000000001
0.3746,0.1016,0.05,groundplane,870.4667
