x,y,z,mattype,Wm2Front
0.3746,4.796783e-17,0.05,groundplane,826.2365999999998
0.3746,0.0254,0.05,groundplane,826.2374
0.3746,0.0508,0.05,groundplane,826.2365
0.3746,0.0762,0.05,groundplane,826.2354
0.3746,0.1016,0.05,groundplane,826.2343999999999
