x,y,z,rearMat,Wm2Back
0.7033098,4.30653e-17,1.118744,sky,43.60218
0.5273635,3.22917e-17,1.213838,sky,43.60218
0.3514172,2.151809e-17,1.308932,sky,43.60218
0.1754708,1.074449e-17,1.404026,sky,43.60218
-0.0004754707,-2.911418e-20,1.49912,sky,43.60218
-0.1764218,-1.080272e-17,1.594214,sky,43.60218
-0.3523681,-2.157632e-17,1.689309,sky,43.60218
-0.5283144,-3.234993e-17,1.784403,sky,43.60218
-0.7042607,-4.312353e-17,1.879497,sky,43.60218
