x,y,z,rearMat,Wm2Back
0.7889405,4.830867e-17,1.632567,sky,3.83248
0.5917471,3.623406e-17,1.599179,sky,3.83248
0.3945537,2.415945e-17,1.56579,sky,3.83248
0.1973603,1.208483e-17,1.532402,sky,3.83248
0.0001669408,1.022218e-20,1.499014,sky,3.83248
-0.1970264,-1.206439e-17,1.465626,sky,3.83248
-0.3942198,-2.4139e-17,1.432238,sky,3.83248
-0.5914132,-3.621361e-17,1.39885,sky,3.83248
-0.7886066,-4.828823e-17,1.365461,sky,3.83248
