x,y,z,mattype,Wm2Front
1.5746,3.750876e-17,0.05,groundplane,744.9731
1.5746,0.0254,0.05,groundplane,744.9748
1.5746,0.0508,0.05,groundplane,744.9744999999999
1.5746,0.0762,0.05,groundplane,744.9742
1.5746,0.1016,0.05,groundplane,744.974
