x,y,z,rearMat,Wm2Back
0.7936545,4.859732e-17,1.399434,sky,12.60513
0.5952098,3.644609e-17,1.424327,sky,12.60513
0.396765,2.429485e-17,1.449221,sky,12.60513
0.1983203,1.214361e-17,1.474114,sky,12.60513
-0.0001244674,-7.62143e-21,1.499008,sky,12.60513
-0.1985692,-1.215886e-17,1.523901,sky,12.60513
-0.3970139,-2.431009e-17,1.548795,sky,12.60513
-0.5954587,-3.646133e-17,1.573688,sky,12.60513
-0.7939034,-4.861256e-17,1.598582,sky,12.60513
