x,y,z,mattype,Wm2Front
1.5746,3.457369e-17,0.05,groundplane,60.502649999999996
1.5746,0.0254,0.05,groundplane,60.50264000000001
1.5746,0.0508,0.05,groundplane,60.50261
1.5746,0.0762,0.05,groundplane,60.50259
1.5746,0.1016,0.05,groundplane,60.502559999999995
