x,y,z,mattype,Wm2Front
0.3746,4.894026e-17,0.05,groundplane,881.4653
0.3746,0.0254,0.05,groundplane,881.4662
0.3746,0.0508,0.05,groundplane,881.4659
0.3746,0.0762,0.05,groundplane,881.4654999999999
0.3746,0.1016,0.05,groundplane,881.4651
