x,y,z,mattype,Wm2Front
1.5746,4.584346e-17,0.05,groundplane,81.08702
1.5746,0.0254,0.05,groundplane,81.08568
1.5746,0.0508,0.05,groundplane,81.08562
1.5746,0.0762,0.05,groundplane,81.08556
1.5746,0.1016,0.05,groundplane,81.0855
