x,y,z,mattype,Wm2Front
1.5746,3.137129e-17,0.05,groundplane,399.3985
1.5746,0.0254,0.05,groundplane,399.4058
1.5746,0.0508,0.05,groundplane,399.40530000000007
1.5746,0.0762,0.05,groundplane,399.4048
1.5746,0.1016,0.05,groundplane,399.40440000000007
