x,y,z,mattype,Wm2Front
1.5746,4.876099e-17,0.05,groundplane,764.2327
1.5746,0.0254,0.05,groundplane,764.2338
1.5746,0.0508,0.05,groundplane,764.2334
1.5746,0.0762,0.05,groundplane,764.2329999999998
1.5746,0.1016,0.05,groundplane,764.2325999999999
