x,y,z,rearMat,Wm2Back
0.6285273,3.84862e-17,1.994929,sky,21.64478
0.4715504,2.887413e-17,1.871,sky,21.64478
0.3145735,1.926207e-17,1.747072,sky,21.64478
0.1575965,9.650005e-18,1.623144,sky,21.64478
0.0006196421,3.794213e-20,1.499215,sky,21.64478
-0.1563573,-9.574121e-18,1.375287,sky,21.64478
-0.3133342,-1.918618e-17,1.251358,sky,21.64478
-0.4703111,-2.879825e-17,1.12743,sky,21.64478
-0.627288,-3.841031e-17,1.003501,sky,21.64478
