x,y,z,rearMat,Wm2Back
0.7876805,4.823152e-17,1.639859,sky,4.086897
0.5908044,3.617633e-17,1.604648,sky,4.086897
0.3939283,2.412115e-17,1.569437,sky,4.086897
0.1970522,1.206596e-17,1.534226,sky,4.086897
0.000176054,1.07802e-20,1.499016,sky,4.086897
-0.1967,-1.20444e-17,1.463805,sky,4.086897
-0.3935762,-2.409959e-17,1.428594,sky,4.086897
-0.5904523,-3.615477e-17,1.393383,sky,4.086897
-0.7873284,-4.820996e-17,1.358172,sky,4.086897
