x,y,z,mattype,Wm2Front
1.5746,3.247255e-17,0.05,groundplane,200.2829
1.5746,0.0254,0.05,groundplane,200.28059999999996
1.5746,0.0508,0.05,groundplane,200.28
1.5746,0.0762,0.05,groundplane,200.2793
1.5746,0.1016,0.05,groundplane,200.2786
