x,y,z,rearMat,Wm2Back
0.5735132,3.511755e-17,0.9422513,sky,114.7054
0.4299608,2.632751e-17,1.081509,sky,114.7054
0.2864084,1.753746e-17,1.220767,sky,114.7054
0.1428561,8.747412e-18,1.360024,sky,114.7054
-0.0006962887,-4.263539e-20,1.499282,sky,114.7054
-0.1442487,-8.832683e-18,1.63854,sky,114.7054
-0.287801,-1.762273e-17,1.777798,sky,114.7054
-0.4313534,-2.641278e-17,1.917055,sky,114.7054
-0.5749057,-3.520282e-17,2.056313,sky,114.7054
