x,y,z,mattype,Wm2Front
1.5746,4.043105e-17,0.05,groundplane,771.63
1.5746,0.0254,0.05,groundplane,771.6316
1.5746,0.0508,0.05,groundplane,771.6312000000001
1.5746,0.0762,0.05,groundplane,771.6309
1.5746,0.1016,0.05,groundplane,771.6306
