x,y,z,rearMat,Wm2Back
0.7836843,4.798683e-17,1.339252,sky,3.393183
0.5877133,3.598706e-17,1.379194,sky,3.393183
0.3917423,2.39873e-17,1.419136,sky,3.393183
0.1957713,1.198753e-17,1.459078,sky,3.393183
-0.00019971,-1.222871e-20,1.49902,sky,3.393183
-0.1961707,-1.201199e-17,1.538962,sky,3.393183
-0.3921417,-2.401176e-17,1.578904,sky,3.393183
-0.5881127,-3.601152e-17,1.618846,sky,3.393183
-0.7840838,-4.801128e-17,1.658788,sky,3.393183
