x,y,z,rearMat,Wm2Back
0.6185273,3.787388e-17,0.9926294,sky,13.03629
0.4637372,2.839571e-17,1.119279,sky,13.03629
0.3089471,1.891755e-17,1.245928,sky,13.03629
0.1541569,9.439388e-18,1.372577,sky,13.03629
-0.0006332458,-3.877512e-20,1.499226,sky,13.03629
-0.1554234,-9.516938e-18,1.625875,sky,13.03629
-0.3102135,-1.89951e-17,1.752524,sky,13.03629
-0.4650037,-2.847326e-17,1.879174,sky,13.03629
-0.6197938,-3.795143e-17,2.005823,sky,13.03629
