x,y,z,mattype,Wm2Front
1.5746,4.844618e-17,0.05,groundplane,844.0562
1.5746,0.0254,0.05,groundplane,844.0576
1.5746,0.0508,0.05,groundplane,844.0571999999999
1.5746,0.0762,0.05,groundplane,844.0568
1.5746,0.1016,0.05,groundplane,844.0562999999999
