x,y,z,mattype,Wm2Front
1.5746,4.55573e-17,0.05,groundplane,826.8457
1.5746,0.0254,0.05,groundplane,826.8472
1.5746,0.0508,0.05,groundplane,826.8467999999999
1.5746,0.0762,0.05,groundplane,826.8464
1.5746,0.1016,0.05,groundplane,826.8461000000001
