x,y,z,mattype,Wm2Front
0.3746,4.885394e-17,0.05,groundplane,706.8887
0.3746,0.0254,0.05,groundplane,706.8896
0.3746,0.0508,0.05,groundplane,706.8893000000002
0.3746,0.0762,0.05,groundplane,706.889
0.3746,0.1016,0.05,groundplane,706.8885999999999
