x,y,z,mattype,Wm2Front
1.5746,4.825029e-17,0.05,groundplane,18.56899
1.5746,0.0254,0.05,groundplane,18.56986
1.5746,0.0508,0.05,groundplane,18.56983
1.5746,0.0762,0.05,groundplane,18.56981
1.5746,0.1016,0.05,groundplane,18.56978
