x,y,z,rearMat,Wm2Back
0.785519,4.809917e-17,1.651528,sky,50.54653
0.5891869,3.607729e-17,1.613401,sky,50.54653
0.3928548,2.405542e-17,1.575273,sky,50.54653
0.1965227,1.203355e-17,1.537146,sky,50.54653
0.0001906377,1.167319e-20,1.499018,sky,50.54653
-0.1961415,-1.20102e-17,1.460891,sky,50.54653
-0.3924736,-2.403207e-17,1.422763,sky,50.54653
-0.5888056,-3.605395e-17,1.384636,sky,50.54653
-0.7851377,-4.807582e-17,1.346508,sky,50.54653
