x,y,z,mattype,Wm2Front
0.3746,4.720993e-17,0.05,groundplane,788.1506
0.3746,0.0254,0.05,groundplane,788.1511999999999
0.3746,0.0508,0.05,groundplane,788.1508
0.3746,0.0762,0.05,groundplane,788.1502
0.3746,0.1016,0.05,groundplane,788.1497
