x,y,z,mattype,Wm2Front
0.3746,4.543017e-17,0.05,groundplane,175.7047
0.3746,0.0254,0.05,groundplane,175.705
0.3746,0.0508,0.05,groundplane,175.705
0.3746,0.0762,0.05,groundplane,175.70490000000004
0.3746,0.1016,0.05,groundplane,175.7048
