x,y,z,mattype,Wm2Front
1.5746,4.900272e-17,0.05,groundplane,760.3701
1.5746,0.0254,0.05,groundplane,760.3713000000001
1.5746,0.0508,0.05,groundplane,760.3708
1.5746,0.0762,0.05,groundplane,760.3704000000001
1.5746,0.1016,0.05,groundplane,760.3699
