x,y,z,rearMat,Wm2Back
0.7817807,4.787026e-17,1.330236,sky,7.592622000000001
0.5862828,3.589947e-17,1.372432,sky,7.592622000000001
0.3907849,2.392867e-17,1.414629,sky,7.592622000000001
0.1952869,1.195788e-17,1.456826,sky,7.592622000000001
-0.0002109836,-1.291902e-20,1.499023,sky,7.592622000000001
-0.1957089,-1.198371e-17,1.541219,sky,7.592622000000001
-0.3912068,-2.395451e-17,1.583416,sky,7.592622000000001
-0.5867047,-3.59253e-17,1.625613,sky,7.592622000000001
-0.7822027,-4.78961e-17,1.667809,sky,7.592622000000001
