x,y,z,rearMat,Wm2Back
0.7881639,4.826112e-17,1.637108,sky,73.53482
0.5911661,3.619848e-17,1.602585,sky,73.53482
0.3941682,2.413584e-17,1.568062,sky,73.53482
0.1971704,1.207321e-17,1.533538,sky,73.53482
0.0001726168,1.056973e-20,1.499015,sky,73.53482
-0.1968252,-1.205207e-17,1.464492,sky,73.53482
-0.393823,-2.41147e-17,1.429968,sky,73.53482
-0.5908208,-3.617734e-17,1.395445,sky,73.53482
-0.7878186,-4.823998e-17,1.360922,sky,73.53482
