x,y,z,rearMat,Wm2Back
0.7515712,4.602047e-17,1.77412,sky,15.29352
0.5637644,3.452061e-17,1.705355,sky,15.29352
0.3759575,2.302076e-17,1.63659,sky,15.29352
0.1881507,1.152091e-17,1.567826,sky,15.29352
0.0003438236,2.105312e-20,1.499061,sky,15.29352
-0.187463,-1.14788e-17,1.430296,sky,15.29352
-0.3752699,-2.297865e-17,1.361532,sky,15.29352
-0.5630767,-3.447851e-17,1.292767,sky,15.29352
-0.7508836,-4.597836e-17,1.224002,sky,15.29352
