x,y,z,mattype,Wm2Front
1.5746,4.100203e-17,0.05,groundplane,223.48799999999997
1.5746,0.0254,0.05,groundplane,223.48979999999997
1.5746,0.0508,0.05,groundplane,223.48979999999997
1.5746,0.0762,0.05,groundplane,223.4897
1.5746,0.1016,0.05,groundplane,223.4896
