x,y,z,mattype,Wm2Front
0.3746,4.133018e-17,0.05,groundplane,197.94590000000002
0.3746,0.0254,0.05,groundplane,197.9462
0.3746,0.0508,0.05,groundplane,197.94590000000002
0.3746,0.0762,0.05,groundplane,197.9456
0.3746,0.1016,0.05,groundplane,197.9453
