x,y,z,rearMat,Wm2Back
0.7895564,4.834639e-17,1.628847,sky,10.06122
0.5922079,3.626227e-17,1.596389,sky,10.06122
0.3948594,2.417816e-17,1.56393,sky,10.06122
0.1975108,1.209405e-17,1.531472,sky,10.06122
0.0001622927,9.937564e-21,1.499013,sky,10.06122
-0.1971862,-1.207417e-17,1.466555,sky,10.06122
-0.3945348,-2.415829e-17,1.434096,sky,10.06122
-0.5918833,-3.62424e-17,1.401638,sky,10.06122
-0.7892318,-4.832651e-17,1.369179,sky,10.06122
