x,y,z,mattype,Wm2Front
0.3746,4.845225e-17,0.05,groundplane,63.59034
0.3746,0.0254,0.05,groundplane,63.58991
0.3746,0.0508,0.05,groundplane,63.58989
0.3746,0.0762,0.05,groundplane,63.58987
0.3746,0.1016,0.05,groundplane,63.58984
