x,y,z,mattype,Wm2Front
0.3746,4.693994e-17,0.05,groundplane,372.10369999999995
0.3746,0.0254,0.05,groundplane,372.1057
0.3746,0.0508,0.05,groundplane,372.1051
0.3746,0.0762,0.05,groundplane,372.1044
0.3746,0.1016,0.05,groundplane,372.10369999999995
