x,y,z,rearMat,Wm2Back
0.7180021,4.396495e-17,1.852809,sky,15.20169
0.5386121,3.298048e-17,1.764382,sky,15.20169
0.3592221,2.199601e-17,1.675956,sky,15.20169
0.1798321,1.101154e-17,1.587529,sky,15.20169
0.0004421321,2.707279e-20,1.499103,sky,15.20169
-0.1789479,-1.09574e-17,1.410677,sky,15.20169
-0.3583378,-2.194186e-17,1.32225,sky,15.20169
-0.5377278,-3.292633e-17,1.233824,sky,15.20169
-0.7171178,-4.39108e-17,1.145397,sky,15.20169
