x,y,z,mattype,Wm2Front
0.3746,3.764599e-17,0.05,groundplane,742.7767
0.3746,0.0254,0.05,groundplane,742.7791000000001
0.3746,0.0508,0.05,groundplane,742.7788
0.3746,0.0762,0.05,groundplane,742.7786
0.3746,0.1016,0.05,groundplane,742.7783
