x,y,z,mattype,Wm2Front
1.5746,3.9846e-17,0.05,groundplane,870.3392
1.5746,0.0254,0.05,groundplane,870.337
1.5746,0.0508,0.05,groundplane,870.3361
1.5746,0.0762,0.05,groundplane,870.3350999999999
1.5746,0.1016,0.05,groundplane,870.3341999999999
