x,y,z,mattype,Wm2Front
0.3746,4.482391e-17,0.05,groundplane,768.0832999999999
0.3746,0.0254,0.05,groundplane,768.0850999999999
0.3746,0.0508,0.05,groundplane,768.0847
0.3746,0.0762,0.05,groundplane,768.0843
0.3746,0.1016,0.05,groundplane,768.0839
