x,y,z,mattype,Wm2Front
1.5746,3.446604e-17,0.05,groundplane,222.9924
1.5746,0.0254,0.05,groundplane,222.9992
1.5746,0.0508,0.05,groundplane,222.9981
1.5746,0.0762,0.05,groundplane,222.99709999999996
1.5746,0.1016,0.05,groundplane,222.99609999999998
