x,y,z,rearMat,Wm2Back
0.7177356,4.394863e-17,1.146649,sky,14.65753
0.5381916,3.295473e-17,1.234763,sky,14.65753
0.3586475,2.196083e-17,1.322876,sky,14.65753
0.1791035,1.096693e-17,1.410989,sky,14.65753
-0.000440566,-2.697689e-20,1.499102,sky,14.65753
-0.1799846,-1.102088e-17,1.587215,sky,14.65753
-0.3595287,-2.201478e-17,1.675329,sky,14.65753
-0.5390727,-3.300868e-17,1.763442,sky,14.65753
-0.7186167,-4.400258e-17,1.851555,sky,14.65753
