x,y,z,mattype,Wm2Front
0.3746,4.873015e-17,0.05,groundplane,37.4809
0.3746,0.0254,0.05,groundplane,37.48038
0.3746,0.0508,0.05,groundplane,37.48038
0.3746,0.0762,0.05,groundplane,37.48037
0.3746,0.1016,0.05,groundplane,37.48035
