x,y,z,mattype,Wm2Front
1.5746,4.899378e-17,0.05,groundplane,8.521694
1.5746,0.0254,0.05,groundplane,8.521392
1.5746,0.0508,0.05,groundplane,8.521396
1.5746,0.0762,0.05,groundplane,8.5214
1.5746,0.1016,0.05,groundplane,8.521404
