x,y,z,mattype,Wm2Front
0.3746,3.247255e-17,0.05,groundplane,55.01669999999999
0.3746,0.0254,0.05,groundplane,55.01662000000001
0.3746,0.0508,0.05,groundplane,55.01660999999999
0.3746,0.0762,0.05,groundplane,55.01660999999999
0.3746,0.1016,0.05,groundplane,55.01660999999999
