x,y,z,mattype,Wm2Front
0.3746,4.704659e-17,0.05,groundplane,750.8588999999998
0.3746,0.0254,0.05,groundplane,750.8599
0.3746,0.0508,0.05,groundplane,750.8596000000001
0.3746,0.0762,0.05,groundplane,750.8592
0.3746,0.1016,0.05,groundplane,750.8588
