x,y,z,rearMat,Wm2Back
0.7155013,4.381182e-17,1.142147,sky,16.59879
0.5365144,3.285203e-17,1.231386,sky,16.59879
0.3575275,2.189225e-17,1.320626,sky,16.59879
0.1785407,1.093246e-17,1.409866,sky,16.59879
-0.0004461978,-2.732174e-20,1.499105,sky,16.59879
-0.1794331,-1.098711e-17,1.588345,sky,16.59879
-0.3584199,-2.194689e-17,1.677584,sky,16.59879
-0.5374068,-3.290668e-17,1.766824,sky,16.59879
-0.7163937,-4.386646e-17,1.856063,sky,16.59879
