x,y,z,mattype,Wm2Front
1.5746,3.89058e-17,0.05,groundplane,741.4461
1.5746,0.0254,0.05,groundplane,741.4485
1.5746,0.0508,0.05,groundplane,741.4481
1.5746,0.0762,0.05,groundplane,741.4477
1.5746,0.1016,0.05,groundplane,741.4473000000002
