x,y,z,rearMat,Wm2Back
0.7363587,4.508897e-17,1.812693,sky,49.9549
0.5523671,3.382273e-17,1.73429,sky,49.9549
0.3683754,2.255649e-17,1.655886,sky,49.9549
0.1843837,1.129025e-17,1.577483,sky,49.9549
0.000392016,2.400406e-20,1.49908,sky,49.9549
-0.1835997,-1.124224e-17,1.420677,sky,49.9549
-0.3675913,-2.250848e-17,1.342274,sky,49.9549
-0.551583,-3.377472e-17,1.26387,sky,49.9549
-0.7355747,-4.504096e-17,1.185467,sky,49.9549
