x,y,z,mattype,Wm2Front
0.3746,4.794722e-17,0.05,groundplane,478.9585
0.3746,0.0254,0.05,groundplane,478.9646
0.3746,0.0508,0.05,groundplane,478.9626
0.3746,0.0762,0.05,groundplane,478.9608
0.3746,0.1016,0.05,groundplane,478.95880000000005
