x,y,z,mattype,Wm2Front
1.5746,4.662714e-17,0.05,groundplane,64.66473
1.5746,0.0254,0.05,groundplane,64.66676
1.5746,0.0508,0.05,groundplane,64.66672
1.5746,0.0762,0.05,groundplane,64.66667
1.5746,0.1016,0.05,groundplane,64.66663
