x,y,z,mattype,Wm2Front
0.3746,3.050247e-17,0.05,groundplane,84.88927
0.3746,0.0254,0.05,groundplane,84.88979
0.3746,0.0508,0.05,groundplane,84.88978
0.3746,0.0762,0.05,groundplane,84.88976
0.3746,0.1016,0.05,groundplane,84.88974
