x,y,z,mattype,Wm2Front
0.3746,4.872106e-17,0.05,groundplane,872.4711000000001
0.3746,0.0254,0.05,groundplane,872.4713
0.3746,0.0508,0.05,groundplane,872.4706
0.3746,0.0762,0.05,groundplane,872.4699
0.3746,0.1016,0.05,groundplane,872.4692
