x,y,z,rearMat,Wm2Back
0.5471455,3.3503e-17,2.083638,sky,144.7571
0.4105417,2.513843e-17,1.937557,sky,144.7571
0.2739379,1.677386e-17,1.791477,sky,144.7571
0.1373342,8.409293e-18,1.645397,sky,144.7571
0.0007304007,4.472415e-20,1.499317,sky,144.7571
-0.1358734,-8.319844e-18,1.353237,sky,144.7571
-0.2724771,-1.668441e-17,1.207157,sky,144.7571
-0.4090809,-2.504898e-17,1.061077,sky,144.7571
-0.5456847,-3.341355e-17,0.9149964,sky,144.7571
