x,y,z,rearMat,Wm2Back
0.5486387,3.359443e-17,0.9177658,sky,47.23143000000001
0.4112973,2.518469e-17,1.063153,sky,47.23143000000001
0.2739559,1.677496e-17,1.20854,sky,47.23143000000001
0.1366145,8.365223e-18,1.353926,sky,47.23143000000001
-0.0007269343,-4.451189e-20,1.499313,sky,47.23143000000001
-0.1380683,-8.454247e-18,1.6447,sky,47.23143000000001
-0.2754097,-1.686398e-17,1.790087,sky,47.23143000000001
-0.4127511,-2.527372e-17,1.935474,sky,47.23143000000001
-0.5500925,-3.368345e-17,2.080861,sky,47.23143000000001
