x,y,z,mattype,Wm2Front
1.5746,4.757728e-17,0.05,groundplane,905.1331
1.5746,0.0254,0.05,groundplane,905.1342
1.5746,0.0508,0.05,groundplane,905.1339000000002
1.5746,0.0762,0.05,groundplane,905.1335
1.5746,0.1016,0.05,groundplane,905.1331
