x,y,z,rearMat,Wm2Back
0.5540009,3.392277e-17,0.9228657,sky,14.78225
0.4153205,2.543105e-17,1.066976,sky,14.78225
0.2766402,1.693933e-17,1.211086,sky,14.78225
0.1379598,8.447602e-18,1.355196,sky,14.78225
-0.0007205511,-4.412103e-20,1.499307,sky,14.78225
-0.1394009,-8.535844e-18,1.643417,sky,14.78225
-0.2780813,-1.702757e-17,1.787527,sky,14.78225
-0.4167616,-2.551929e-17,1.931637,sky,14.78225
-0.555442,-3.401101e-17,2.075747,sky,14.78225
