x,y,z,mattype,Wm2Front
1.5746,4.451808e-17,0.05,groundplane,61.67941
1.5746,0.0254,0.05,groundplane,61.68
1.5746,0.0508,0.05,groundplane,61.68
1.5746,0.0762,0.05,groundplane,61.67999
1.5746,0.1016,0.05,groundplane,61.67999
