x,y,z,mattype,Wm2Front
1.5746,4.598391e-17,0.05,groundplane,826.3831999999999
1.5746,0.0254,0.05,groundplane,826.3835
1.5746,0.0508,0.05,groundplane,826.3831
1.5746,0.0762,0.05,groundplane,826.3828
1.5746,0.1016,0.05,groundplane,826.3824
