x,y,z,rearMat,Wm2Back
0.7755624,4.74895e-17,1.696224,sky,5.925563
0.5817334,3.56209e-17,1.646926,sky,5.925563
0.3879045,2.37523e-17,1.597627,sky,5.925563
0.1940755,1.18837e-17,1.548329,sky,5.925563
0.0002464916,1.509326e-20,1.499031,sky,5.925563
-0.1935825,-1.185351e-17,1.449733,sky,5.925563
-0.3874115,-2.372211e-17,1.400434,sky,5.925563
-0.5812405,-3.559071e-17,1.351136,sky,5.925563
-0.7750694,-4.745932e-17,1.301838,sky,5.925563
