x,y,z,mattype,Wm2Front
0.3746,3.937915e-17,0.05,groundplane,213.8744
0.3746,0.0254,0.05,groundplane,213.87700000000004
0.3746,0.0508,0.05,groundplane,213.8769
0.3746,0.0762,0.05,groundplane,213.8767
0.3746,0.1016,0.05,groundplane,213.87659999999997
