x,y,z,rearMat,Wm2Back
0.5801883,3.552628e-17,0.9491982,sky,20.31856
0.4349693,2.663419e-17,1.086717,sky,20.31856
0.2897503,1.774209e-17,1.224236,sky,20.31856
0.1445314,8.849994e-18,1.361755,sky,20.31856
-0.0006875946,-4.210303e-20,1.499274,sky,20.31856
-0.1459066,-8.9342e-18,1.636793,sky,20.31856
-0.2911255,-1.78263e-17,1.774312,sky,20.31856
-0.4363445,-2.671839e-17,1.911831,sky,20.31856
-0.5815634,-3.561049e-17,2.04935,sky,20.31856
