x,y,z,rearMat,Wm2Back
0.677686,4.14963e-17,1.074862,sky,33.2747
0.5081319,3.111411e-17,1.180934,sky,33.2747
0.3385778,2.073191e-17,1.287007,sky,33.2747
0.1690237,1.034972e-17,1.39308,sky,33.2747
-0.0005303632,-3.247538e-20,1.499152,sky,33.2747
-0.1700845,-1.041467e-17,1.605225,sky,33.2747
-0.3396386,-2.079686e-17,1.711298,sky,33.2747
-0.5091927,-3.117906e-17,1.81737,sky,33.2747
-0.6787468,-4.156125e-17,1.923443,sky,33.2747
