x,y,z,mattype,Wm2Front
1.5746,3.707601e-17,0.05,groundplane,87.65380999999998
1.5746,0.0254,0.05,groundplane,87.65392000000001
1.5746,0.0508,0.05,groundplane,87.65389999999998
1.5746,0.0762,0.05,groundplane,87.65389999999998
1.5746,0.1016,0.05,groundplane,87.65389
