x,y,z,mattype,Wm2Front
1.5746,4.865258e-17,0.05,groundplane,477.5910999999999
1.5746,0.0254,0.05,groundplane,477.5969
1.5746,0.0508,0.05,groundplane,477.5948
1.5746,0.0762,0.05,groundplane,477.59280000000007
1.5746,0.1016,0.05,groundplane,477.5909
