x,y,z,rearMat,Wm2Back
0.6295346,3.854787e-17,1.006353,sky,21.99669
0.4719969,2.890147e-17,1.129568,sky,21.99669
0.3144592,1.925508e-17,1.252783,sky,21.99669
0.1569216,9.608676e-18,1.375998,sky,21.99669
-0.000616074,-3.772365e-20,1.499212,sky,21.99669
-0.1581537,-9.684123e-18,1.622427,sky,21.99669
-0.3156914,-1.933052e-17,1.745642,sky,21.99669
-0.473229,-2.897692e-17,1.868857,sky,21.99669
-0.6307667,-3.862332e-17,1.992072,sky,21.99669
