x,y,z,mattype,Wm2Front
1.5746,4.800766e-17,0.05,groundplane,876.7752999999999
1.5746,0.0254,0.05,groundplane,876.7757
1.5746,0.0508,0.05,groundplane,876.7752999999999
1.5746,0.0762,0.05,groundplane,876.7749
1.5746,0.1016,0.05,groundplane,876.7745
