x,y,z,mattype,Wm2Front
1.5746,4.774944e-17,0.05,groundplane,90.48586
1.5746,0.0254,0.05,groundplane,90.48503999999998
1.5746,0.0508,0.05,groundplane,90.48503
1.5746,0.0762,0.05,groundplane,90.48502
1.5746,0.1016,0.05,groundplane,90.48501
