x,y,z,mattype,Wm2Front
1.5746,3.749224e-17,0.05,groundplane,182.46760000000003
1.5746,0.0254,0.05,groundplane,182.4689
1.5746,0.0508,0.05,groundplane,182.4687
1.5746,0.0762,0.05,groundplane,182.46850000000003
1.5746,0.1016,0.05,groundplane,182.4682
