x,y,z,mattype,Wm2Front
1.5746,4.631246e-17,0.05,groundplane,53.10117
1.5746,0.0254,0.05,groundplane,53.10288
1.5746,0.0508,0.05,groundplane,53.10286
1.5746,0.0762,0.05,groundplane,53.10283999999999
1.5746,0.1016,0.05,groundplane,53.102830000000004
