x,y,z,rearMat,Wm2Back
0.5816593,3.561636e-17,2.049248,sky,107.27910000000001
0.4364164,2.672279e-17,1.911754,sky,107.27910000000001
0.2911734,1.782923e-17,1.774261,sky,107.27910000000001
0.1459304,8.935662e-18,1.636767,sky,107.27910000000001
0.0006874679,4.209527e-20,1.499274,sky,107.27910000000001
-0.1445555,-8.851471e-18,1.36178,sky,107.27910000000001
-0.2897985,-1.774504e-17,1.224287,sky,107.27910000000001
-0.4350414,-2.66386e-17,1.086793,sky,107.27910000000001
-0.5802844,-3.553217e-17,0.9492995,sky,107.27910000000001
