x,y,z,rearMat,Wm2Back
0.7730354,4.733477e-17,1.705954,sky,6.259472
0.5798412,3.550504e-17,1.654224,sky,6.259472
0.386647,2.36753e-17,1.602494,sky,6.259472
0.1934528,1.184557e-17,1.550764,sky,6.259472
0.0002586505,1.583777e-20,1.499034,sky,6.259472
-0.1929355,-1.181389e-17,1.447304,sky,6.259472
-0.3861297,-2.364363e-17,1.395574,sky,6.259472
-0.5793239,-3.547336e-17,1.343844,sky,6.259472
-0.7725181,-4.730309e-17,1.292114,sky,6.259472
