x,y,z,rearMat,Wm2Back
0.6207638,3.801082e-17,2.004632,sky,36.84082
0.4657308,2.851779e-17,1.87828,sky,36.84082
0.3106978,1.902475e-17,1.751928,sky,36.84082
0.1556648,9.531718e-18,1.625577,sky,36.84082
0.0006317588,3.868407e-20,1.499225,sky,36.84082
-0.1544013,-9.45435e-18,1.372873,sky,36.84082
-0.3094343,-1.894738e-17,1.246521,sky,36.84082
-0.4644673,-2.844042e-17,1.12017,sky,36.84082
-0.6195003,-3.793345e-17,0.9938178,sky,36.84082
