x,y,z,mattype,Wm2Front
0.3746,3.790061e-17,0.05,groundplane,728.2500999999999
0.3746,0.0254,0.05,groundplane,728.2498
0.3746,0.0508,0.05,groundplane,728.2495
0.3746,0.0762,0.05,groundplane,728.2493
0.3746,0.1016,0.05,groundplane,728.2491
