x,y,z,mattype,Wm2Front
1.5746,4.58253e-17,0.05,groundplane,708.6352
1.5746,0.0254,0.05,groundplane,708.636
1.5746,0.0508,0.05,groundplane,708.6356
1.5746,0.0762,0.05,groundplane,708.6352
1.5746,0.1016,0.05,groundplane,708.6348000000002
