x,y,z,mattype,Wm2Front
1.5746,4.348819e-17,0.05,groundplane,212.44950000000003
1.5746,0.0254,0.05,groundplane,212.44999999999996
1.5746,0.0508,0.05,groundplane,212.44989999999999
1.5746,0.0762,0.05,groundplane,212.4498
1.5746,0.1016,0.05,groundplane,212.4497
