x,y,z,mattype,Wm2Front
1.5746,4.808048e-17,0.05,groundplane,879.3678999999998
1.5746,0.0254,0.05,groundplane,879.3691
1.5746,0.0508,0.05,groundplane,879.3687
1.5746,0.0762,0.05,groundplane,879.3682
1.5746,0.1016,0.05,groundplane,879.3677000000001
