x,y,z,mattype,Wm2Front
0.3746,3.16072e-17,0.05,groundplane,26.90619
0.3746,0.0254,0.05,groundplane,26.9062
0.3746,0.0508,0.05,groundplane,26.9062
0.3746,0.0762,0.05,groundplane,26.9062
0.3746,0.1016,0.05,groundplane,26.90621
