x,y,z,mattype,Wm2Front
1.5746,4.821861e-17,0.05,groundplane,694.4825999999999
1.5746,0.0254,0.05,groundplane,694.4869
1.5746,0.0508,0.05,groundplane,694.485
1.5746,0.0762,0.05,groundplane,694.4832
1.5746,0.1016,0.05,groundplane,694.4811999999998
