x,y,z,mattype,Wm2Front
0.3746,3.247255e-17,0.05,groundplane,473.05210000000005
0.3746,0.0254,0.05,groundplane,473.0513
0.3746,0.0508,0.05,groundplane,473.05109999999996
0.3746,0.0762,0.05,groundplane,473.0508
0.3746,0.1016,0.05,groundplane,473.0506
