x,y,z,mattype,Wm2Front
1.5746,3.698078e-17,0.05,groundplane,485.3907
1.5746,0.0254,0.05,groundplane,485.3995
1.5746,0.0508,0.05,groundplane,485.39810000000006
1.5746,0.0762,0.05,groundplane,485.3967
1.5746,0.1016,0.05,groundplane,485.39529999999996
