x,y,z,mattype,Wm2Front
1.5746,3.050247e-17,0.05,groundplane,366.183
1.5746,0.0254,0.05,groundplane,366.1847
1.5746,0.0508,0.05,groundplane,366.1846
1.5746,0.0762,0.05,groundplane,366.1843999999999
1.5746,0.1016,0.05,groundplane,366.18430000000006
