x,y,z,rearMat,Wm2Back
0.7000911,4.286822e-17,1.112865,sky,9.104297
0.5249476,3.214377e-17,1.20943,sky,9.104297
0.3498042,2.141933e-17,1.305995,sky,9.104297
0.1746607,1.069488e-17,1.402559,sky,9.104297
-0.0004828239,-2.956444e-20,1.499124,sky,9.104297
-0.1756263,-1.075401e-17,1.595689,sky,9.104297
-0.3507698,-2.147846e-17,1.692254,sky,9.104297
-0.5259133,-3.22029e-17,1.788819,sky,9.104297
-0.7010568,-4.292735e-17,1.885383,sky,9.104297
