x,y,z,mattype,Wm2Front
0.3746,3.247255e-17,0.05,groundplane,441.1182999999999
0.3746,0.0254,0.05,groundplane,441.1178
0.3746,0.0508,0.05,groundplane,441.1176
0.3746,0.0762,0.05,groundplane,441.1175
0.3746,0.1016,0.05,groundplane,441.11730000000006
