x,y,z,rearMat,Wm2Back
0.7647924,4.683003e-17,1.26528,sky,27.46292
0.5735213,3.511805e-17,1.323721,sky,27.46292
0.3822501,2.340607e-17,1.382162,sky,27.46292
0.1909789,1.169409e-17,1.440603,sky,27.46292
-0.0002922048,-1.789238e-20,1.499044,sky,27.46292
-0.1915634,-1.172987e-17,1.557485,sky,27.46292
-0.3828345,-2.344185e-17,1.615926,sky,27.46292
-0.5741057,-3.515383e-17,1.674367,sky,27.46292
-0.7653768,-4.686581e-17,1.732807,sky,27.46292
