x,y,z,rearMat,Wm2Back
0.7831184,4.795217e-17,1.336518,sky,13.59324
0.587288,3.596102e-17,1.377143,sky,13.59324
0.3914577,2.396987e-17,1.417769,sky,13.59324
0.1956273,1.197872e-17,1.458395,sky,13.59324
-0.0002031291,-1.243807e-20,1.499021,sky,13.59324
-0.1960335,-1.200359e-17,1.539647,sky,13.59324
-0.3918639,-2.399474e-17,1.580272,sky,13.59324
-0.5876943,-3.59859e-17,1.620898,sky,13.59324
-0.7835247,-4.797705e-17,1.661524,sky,13.59324
