x,y,z,rearMat,Wm2Back
0.672844,4.119981e-17,1.932761,sky,48.59927
0.5047685,3.090816e-17,1.824361,sky,48.59927
0.336693,2.06165e-17,1.71596,sky,48.59927
0.1686175,1.032484e-17,1.60756,sky,48.59927
0.0005420016,3.318803e-20,1.49916,sky,48.59927
-0.1675335,-1.025847e-17,1.390759,sky,48.59927
-0.335609,-2.055012e-17,1.282359,sky,48.59927
-0.5036845,-3.084178e-17,1.173959,sky,48.59927
-0.67176,-4.113343e-17,1.065558,sky,48.59927
