x,y,z,rearMat,Wm2Back
0.7677728,4.701252e-17,1.72478,sky,162.2724
0.5759001,3.526371e-17,1.668345,sky,162.2724
0.3840275,2.35149e-17,1.61191,sky,162.2724
0.1921548,1.176609e-17,1.555475,sky,162.2724
0.000282174,1.727818e-20,1.499041,sky,162.2724
-0.1915905,-1.173153e-17,1.442606,sky,162.2724
-0.3834631,-2.348034e-17,1.386171,sky,162.2724
-0.5753358,-3.522916e-17,1.329736,sky,162.2724
-0.7672084,-4.697797e-17,1.273301,sky,162.2724
