x,y,z,mattype,Wm2Front
0.3746,4.900195e-17,0.05,groundplane,874.4990000000001
0.3746,0.0254,0.05,groundplane,874.5023
0.3746,0.0508,0.05,groundplane,874.5011
0.3746,0.0762,0.05,groundplane,874.4999000000001
0.3746,0.1016,0.05,groundplane,874.4987
