x,y,z,rearMat,Wm2Back
0.7400538,4.531522e-17,1.196156,sky,11.76093
0.5549457,3.398062e-17,1.271885,sky,11.76093
0.3698376,2.264602e-17,1.347615,sky,11.76093
0.1847295,1.131142e-17,1.423345,sky,11.76093
-0.0003786486,-2.318554e-20,1.499074,sky,11.76093
-0.1854867,-1.135779e-17,1.574804,sky,11.76093
-0.3705949,-2.269239e-17,1.650534,sky,11.76093
-0.555703,-3.402699e-17,1.726264,sky,11.76093
-0.7408111,-4.536159e-17,1.801993,sky,11.76093
