x,y,z,rearMat,Wm2Back
0.7818399,4.787389e-17,1.330509,sky,13.53581
0.5863273,3.590219e-17,1.372637,sky,13.53581
0.3908146,2.393049e-17,1.414765,sky,13.53581
0.195302,1.19588e-17,1.456894,sky,13.53581
-0.0002106424,-1.289813e-20,1.499022,sky,13.53581
-0.1957233,-1.198459e-17,1.541151,sky,13.53581
-0.3912359,-2.395629e-17,1.583279,sky,13.53581
-0.5867486,-3.592799e-17,1.625408,sky,13.53581
-0.7822612,-4.789968e-17,1.667536,sky,13.53581
