x,y,z,mattype,Wm2Front
0.3746,4.900274e-17,0.05,groundplane,760.6406000000001
0.3746,0.0254,0.05,groundplane,760.6430999999999
0.3746,0.0508,0.05,groundplane,760.6420000000002
0.3746,0.0762,0.05,groundplane,760.6409
0.3746,0.1016,0.05,groundplane,760.6398
