x,y,z,rearMat,Wm2Back
0.7991136,4.893159e-17,1.537663,sky,13.391889999999998
0.5993473,3.669944e-17,1.527997,sky,13.391889999999998
0.399581,2.446728e-17,1.518332,sky,13.391889999999998
0.1998146,1.223512e-17,1.508667,sky,13.391889999999998
4.832679e-05,2.959162e-21,1.499001,sky,13.391889999999998
-0.199718,-1.22292e-17,1.489336,sky,13.391889999999998
-0.3994843,-2.446136e-17,1.47967,sky,13.391889999999998
-0.5992506,-3.669352e-17,1.470005,sky,13.391889999999998
-0.7990169,-4.892568e-17,1.46034,sky,13.391889999999998
