x,y,z,rearMat,Wm2Back
0.5887044,3.604775e-17,2.04169,sky,72.45465
0.4416978,2.704619e-17,1.906084,sky,72.45465
0.2946912,1.804463e-17,1.770478,sky,72.45465
0.1476846,9.043075e-18,1.634871,sky,72.45465
0.0006780314,4.151745e-20,1.499265,sky,72.45465
-0.1463286,-8.96004e-18,1.363659,sky,72.45465
-0.2933351,-1.79616e-17,1.228052,sky,72.45465
-0.4403417,-2.696315e-17,1.092446,sky,72.45465
-0.5873483,-3.596471e-17,0.9568399,sky,72.45465
