x,y,z,mattype,Wm2Front
0.3746,4.178454e-17,0.05,groundplane,691.5153999999999
0.3746,0.0254,0.05,groundplane,691.5174000000001
0.3746,0.0508,0.05,groundplane,691.5170000000002
0.3746,0.0762,0.05,groundplane,691.5165000000001
0.3746,0.1016,0.05,groundplane,691.5161000000002
