x,y,z,mattype,Wm2Front
1.5746,3.937779e-17,0.05,groundplane,740.5927
1.5746,0.0254,0.05,groundplane,740.5922
1.5746,0.0508,0.05,groundplane,740.5919
1.5746,0.0762,0.05,groundplane,740.5917
1.5746,0.1016,0.05,groundplane,740.5913999999999
