x,y,z,mattype,Wm2Front
1.5746,3.869547e-17,0.05,groundplane,241.8722
1.5746,0.0254,0.05,groundplane,241.87250000000003
1.5746,0.0508,0.05,groundplane,241.8719
1.5746,0.0762,0.05,groundplane,241.8713
1.5746,0.1016,0.05,groundplane,241.8708
