x,y,z,mattype,Wm2Front
1.5746,4.898632e-17,0.05,groundplane,931.4432
1.5746,0.0254,0.05,groundplane,931.4465999999999
1.5746,0.0508,0.05,groundplane,931.4443
1.5746,0.0762,0.05,groundplane,931.442
1.5746,0.1016,0.05,groundplane,931.4397
