x,y,z,rearMat,Wm2Back
0.7999838,4.898488e-17,1.494811,sky,0.5125877
0.5999865,3.673858e-17,1.495858,sky,0.5125877
0.3999893,2.449228e-17,1.496906,sky,0.5125877
0.199992,1.224598e-17,1.497953,sky,0.5125877
-5.235964e-06,-3.206103e-22,1.499,sky,0.5125877
-0.2000025,-1.224662e-17,1.500047,sky,0.5125877
-0.3999998,-2.449292e-17,1.501094,sky,0.5125877
-0.599997,-3.673922e-17,1.502142,sky,0.5125877
-0.7999943,-4.898552e-17,1.503189,sky,0.5125877
