x,y,z,rearMat,Wm2Back
0.7736076,4.73698e-17,1.703795,sky,13.34125
0.5802697,3.553127e-17,1.652604,sky,13.34125
0.3869318,2.369274e-17,1.601414,sky,13.34125
0.1935939,1.18542e-17,1.550224,sky,13.34125
0.000255952,1.567254e-20,1.499033,sky,13.34125
-0.1930819,-1.182286e-17,1.447843,sky,13.34125
-0.3864199,-2.366139e-17,1.396653,sky,13.34125
-0.5797578,-3.549992e-17,1.345462,sky,13.34125
-0.7730957,-4.733846e-17,1.294272,sky,13.34125
