x,y,z,mattype,Wm2Front
1.5746,3.247255e-17,0.05,groundplane,398.05289999999997
1.5746,0.0254,0.05,groundplane,398.0524
1.5746,0.0508,0.05,groundplane,398.0523
1.5746,0.0762,0.05,groundplane,398.05210000000005
1.5746,0.1016,0.05,groundplane,398.05199999999996
