x,y,z,rearMat,Wm2Back
0.5746801,3.5189e-17,0.9434537,sky,36.72816
0.4308363,2.638112e-17,1.08241,sky,36.72816
0.2869926,1.757323e-17,1.221367,sky,36.72816
0.1431489,8.765344e-18,1.360324,sky,36.72816
-0.0006947839,-4.254324e-20,1.499281,sky,36.72816
-0.1445385,-8.85043e-18,1.638238,sky,36.72816
-0.2883822,-1.765832e-17,1.777194,sky,36.72816
-0.4322259,-2.64662e-17,1.916151,sky,36.72816
-0.5760696,-3.527409e-17,2.055108,sky,36.72816
