x,y,z,mattype,Wm2Front
1.5746,4.601634e-17,0.05,groundplane,870.265
1.5746,0.0254,0.05,groundplane,870.2653999999999
1.5746,0.0508,0.05,groundplane,870.265
1.5746,0.0762,0.05,groundplane,870.2646
1.5746,0.1016,0.05,groundplane,870.2643000000002
