x,y,z,rearMat,Wm2Back
0.7773113,4.759659e-17,1.689177,sky,15.09434
0.5830429,3.570108e-17,1.64164,sky,15.09434
0.3887745,2.380557e-17,1.594103,sky,15.09434
0.1945061,1.191006e-17,1.546566,sky,15.09434
0.0002376859,1.455406e-20,1.499029,sky,15.09434
-0.1940307,-1.188096e-17,1.451491,sky,15.09434
-0.3882991,-2.377647e-17,1.403954,sky,15.09434
-0.5825676,-3.567197e-17,1.356417,sky,15.09434
-0.776836,-4.756748e-17,1.30888,sky,15.09434
