x,y,z,mattype,Wm2Front
0.3746,4.557219e-17,0.05,groundplane,48.9973
0.3746,0.0254,0.05,groundplane,48.99647000000001
0.3746,0.0508,0.05,groundplane,48.99643
0.3746,0.0762,0.05,groundplane,48.99639
0.3746,0.1016,0.05,groundplane,48.99635
