x,y,z,mattype,Wm2Front
1.5746,3.050247e-17,0.05,groundplane,370.3136
1.5746,0.0254,0.05,groundplane,370.31839999999994
1.5746,0.0508,0.05,groundplane,370.3181
1.5746,0.0762,0.05,groundplane,370.3178
1.5746,0.1016,0.05,groundplane,370.3176
