x,y,z,mattype,Wm2Front
0.3746,3.247255e-17,0.05,groundplane,360.26590000000004
0.3746,0.0254,0.05,groundplane,360.2646
0.3746,0.0508,0.05,groundplane,360.2644
0.3746,0.0762,0.05,groundplane,360.2642
0.3746,0.1016,0.05,groundplane,360.2639
