x,y,z,rearMat,Wm2Back
0.5899319,3.612291e-17,2.040353,sky,16.61913
0.442618,2.710254e-17,1.905081,sky,16.61913
0.2953041,1.808216e-17,1.769808,sky,16.61913
0.1479903,9.061789e-18,1.634536,sky,16.61913
0.0006763619,4.141522e-20,1.499263,sky,16.61913
-0.1466375,-8.978959e-18,1.363991,sky,16.61913
-0.2939514,-1.799933e-17,1.228719,sky,16.61913
-0.4412653,-2.701971e-17,1.093446,sky,16.61913
-0.5885792,-3.604008e-17,0.9581739,sky,16.61913
