x,y,z,mattype,Wm2Front
0.3746,4.889522e-17,0.05,groundplane,22.509069999999998
0.3746,0.0254,0.05,groundplane,22.508390000000002
0.3746,0.0508,0.05,groundplane,22.50838
0.3746,0.0762,0.05,groundplane,22.50838
0.3746,0.1016,0.05,groundplane,22.50837
