x,y,z,mattype,Wm2Front
0.3746,3.247255e-17,0.05,groundplane,439.1347
0.3746,0.0254,0.05,groundplane,439.1341
0.3746,0.0508,0.05,groundplane,439.1339
0.3746,0.0762,0.05,groundplane,439.13370000000003
0.3746,0.1016,0.05,groundplane,439.13359999999994
