x,y,z,rearMat,Wm2Back
0.7574925,4.638304e-17,1.242695,sky,5.622099000000001
0.5680393,3.478237e-17,1.306784,sky,5.622099000000001
0.378586,2.318171e-17,1.370874,sky,5.622099000000001
0.1891328,1.158104e-17,1.434963,sky,5.622099000000001
-0.0003204477,-1.962176e-20,1.499053,sky,5.622099000000001
-0.1897737,-1.162029e-17,1.563142,sky,5.622099000000001
-0.3792269,-2.322095e-17,1.627232,sky,5.622099000000001
-0.5686802,-3.482162e-17,1.691321,sky,5.622099000000001
-0.7581334,-4.642228e-17,1.755411,sky,5.622099000000001
