x,y,z,mattype,Wm2Front
1.5746,4.899984e-17,0.05,groundplane,200.87029999999996
1.5746,0.0254,0.05,groundplane,200.8706
1.5746,0.0508,0.05,groundplane,200.8704
1.5746,0.0762,0.05,groundplane,200.87019999999998
1.5746,0.1016,0.05,groundplane,200.87
