x,y,z,mattype,Wm2Front
1.5746,4.72168e-17,0.05,groundplane,722.9438999999999
1.5746,0.0254,0.05,groundplane,722.9447999999999
1.5746,0.0508,0.05,groundplane,722.9445
1.5746,0.0762,0.05,groundplane,722.944
1.5746,0.1016,0.05,groundplane,722.9437000000001
