x,y,z,rearMat,Wm2Back
0.7758697,4.750832e-17,1.695006,sky,13.14698
0.5819635,3.563499e-17,1.646012,sky,13.14698
0.3880573,2.376166e-17,1.597018,sky,13.14698
0.1941512,1.188833e-17,1.548024,sky,13.14698
0.000244969,1.500002e-20,1.49903,sky,13.14698
-0.1936612,-1.185833e-17,1.450037,sky,13.14698
-0.3875674,-2.373166e-17,1.401043,sky,13.14698
-0.5814736,-3.560499e-17,1.352049,sky,13.14698
-0.7753798,-4.747832e-17,1.303055,sky,13.14698
