x,y,z,mattype,Wm2Front
0.3746,4.770146e-17,0.05,groundplane,67.13837
0.3746,0.0254,0.05,groundplane,67.13995
0.3746,0.0508,0.05,groundplane,67.13994
0.3746,0.0762,0.05,groundplane,67.13992
0.3746,0.1016,0.05,groundplane,67.1399
