x,y,z,mattype,Wm2Front
1.5746,4.794722e-17,0.05,groundplane,479.59280000000007
1.5746,0.0254,0.05,groundplane,479.5991000000001
1.5746,0.0508,0.05,groundplane,479.5971
1.5746,0.0762,0.05,groundplane,479.5952
1.5746,0.1016,0.05,groundplane,479.5933
