x,y,z,rearMat,Wm2Back
0.761326,4.661777e-17,1.745731,sky,24.49318
0.5710716,3.496805e-17,1.684061,sky,24.49318
0.3808172,2.331833e-17,1.62239,sky,24.49318
0.1905628,1.16686e-17,1.560719,sky,24.49318
0.000308353,1.888117e-20,1.499049,sky,24.49318
-0.1899461,-1.163084e-17,1.437378,sky,24.49318
-0.3802005,-2.328056e-17,1.375708,sky,24.49318
-0.5704549,-3.493029e-17,1.314037,sky,24.49318
-0.7607093,-4.658001e-17,1.252366,sky,24.49318
