x,y,z,mattype,Wm2Front
1.5746,4.810139e-17,0.05,groundplane,87.93056
1.5746,0.0254,0.05,groundplane,87.93073
1.5746,0.0508,0.05,groundplane,87.93073
1.5746,0.0762,0.05,groundplane,87.93073
1.5746,0.1016,0.05,groundplane,87.93072
