x,y,z,mattype,Wm2Front
1.5746,4.720075e-17,0.05,groundplane,696.3842
1.5746,0.0254,0.05,groundplane,696.3848000000002
1.5746,0.0508,0.05,groundplane,696.3844
1.5746,0.0762,0.05,groundplane,696.3840999999999
1.5746,0.1016,0.05,groundplane,696.3837
