x,y,z,mattype,Wm2Front
1.5746,4.808378e-17,0.05,groundplane,72.20035
1.5746,0.0254,0.05,groundplane,72.20134
1.5746,0.0508,0.05,groundplane,72.20131
1.5746,0.0762,0.05,groundplane,72.20128
1.5746,0.1016,0.05,groundplane,72.20125
