x,y,z,rearMat,Wm2Back
0.6454729,3.952382e-17,1.027384,sky,16.04613
0.4839572,2.963383e-17,1.145336,sky,16.04613
0.3224416,1.974385e-17,1.263288,sky,16.04613
0.1609259,9.85387e-18,1.38124,sky,16.04613
-0.0005897603,-3.61124e-20,1.499192,sky,16.04613
-0.1621054,-9.926095e-18,1.617144,sky,16.04613
-0.3236211,-1.981608e-17,1.735097,sky,16.04613
-0.4851368,-2.970606e-17,1.853049,sky,16.04613
-0.6466524,-3.959604e-17,1.971001,sky,16.04613
