x,y,z,rearMat,Wm2Back
0.7992763,4.894156e-17,1.534036,sky,12.91989
0.5994681,3.670684e-17,1.525277,sky,12.91989
0.39966,2.447212e-17,1.516518,sky,12.91989
0.1998519,1.22374e-17,1.50776,sky,12.91989
4.379375e-05,2.681594e-21,1.499001,sky,12.91989
-0.1997643,-1.223204e-17,1.490242,sky,12.91989
-0.3995724,-2.446676e-17,1.481483,sky,12.91989
-0.5993806,-3.670147e-17,1.472725,sky,12.91989
-0.7991887,-4.893619e-17,1.463966,sky,12.91989
