x,y,z,mattype,Wm2Front
1.5746,4.594537e-17,0.05,groundplane,458.7468999999999
1.5746,0.0254,0.05,groundplane,458.7492
1.5746,0.0508,0.05,groundplane,458.7472
1.5746,0.0762,0.05,groundplane,458.7452
1.5746,0.1016,0.05,groundplane,458.74320000000006
