x,y,z,mattype,Wm2Front
0.3746,4.894325e-17,0.05,groundplane,15.37441
0.3746,0.0254,0.05,groundplane,15.37494
0.3746,0.0508,0.05,groundplane,15.37493
0.3746,0.0762,0.05,groundplane,15.37493
0.3746,0.1016,0.05,groundplane,15.37493
