x,y,z,rearMat,Wm2Back
0.6204114,3.798924e-17,2.005065,sky,21.74858
0.4654666,2.850161e-17,1.878605,sky,21.74858
0.3105218,1.901398e-17,1.752145,sky,21.74858
0.1555771,9.526348e-18,1.625685,sky,21.74858
0.0006322998,3.871719e-20,1.499225,sky,21.74858
-0.1543125,-9.448913e-18,1.372765,sky,21.74858
-0.3092572,-1.893654e-17,1.246305,sky,21.74858
-0.464202,-2.842417e-17,1.119845,sky,21.74858
-0.6191468,-3.79118e-17,0.9933855,sky,21.74858
