x,y,z,mattype,Wm2Front
1.5746,4.635699e-17,0.05,groundplane,63.51791
1.5746,0.0254,0.05,groundplane,63.52024
1.5746,0.0508,0.05,groundplane,63.52012
1.5746,0.0762,0.05,groundplane,63.52
1.5746,0.1016,0.05,groundplane,63.51988
