x,y,z,rearMat,Wm2Back
0.5876326,3.598212e-17,0.9571475,sky,34.44279
0.4405551,2.697622e-17,1.092677,sky,34.44279
0.2934775,1.797031e-17,1.228206,sky,34.44279
0.1463999,8.96441e-18,1.363735,sky,34.44279
-0.0006776464,-4.149388e-20,1.499265,sky,34.44279
-0.1477552,-9.047398e-18,1.634794,sky,34.44279
-0.2948328,-1.80533e-17,1.770323,sky,34.44279
-0.4419104,-2.705921e-17,1.905852,sky,34.44279
-0.5889879,-3.606511e-17,2.041382,sky,34.44279
