x,y,z,rearMat,Wm2Back
0.7427976,4.548324e-17,1.797074,sky,15.21387
0.5571914,3.411813e-17,1.722573,sky,15.21387
0.3715851,2.275302e-17,1.648073,sky,15.21387
0.1859788,1.138792e-17,1.573572,sky,15.21387
0.0003725019,2.280916e-20,1.499072,sky,15.21387
-0.1852338,-1.13423e-17,1.424572,sky,15.21387
-0.3708401,-2.270741e-17,1.350071,sky,15.21387
-0.5564464,-3.407251e-17,1.275571,sky,15.21387
-0.7420526,-4.543762e-17,1.20107,sky,15.21387
