x,y,z,rearMat,Wm2Back
0.7907145,4.84173e-17,1.621538,sky,13.32917
0.5930742,3.631532e-17,1.590907,sky,13.32917
0.3954338,2.421334e-17,1.560275,sky,13.32917
0.1977935,1.211136e-17,1.529643,sky,13.32917
0.0001531583,9.378242e-21,1.499012,sky,13.32917
-0.1974872,-1.20926e-17,1.46838,sky,13.32917
-0.3951275,-2.419458e-17,1.437748,sky,13.32917
-0.5927678,-3.629656e-17,1.407117,sky,13.32917
-0.7904082,-4.839854e-17,1.376485,sky,13.32917
