x,y,z,mattype,Wm2Front
1.5746,4.59906e-17,0.05,groundplane,195.2269
1.5746,0.0254,0.05,groundplane,195.2274
1.5746,0.0508,0.05,groundplane,195.2273
1.5746,0.0762,0.05,groundplane,195.2272
1.5746,0.1016,0.05,groundplane,195.22709999999998
