x,y,z,rearMat,Wm2Back
0.6999102,4.285714e-17,1.887462,sky,33.33434
0.525054,3.215029e-17,1.790378,sky,33.33434
0.3501978,2.144343e-17,1.693294,sky,33.33434
0.1753416,1.073658e-17,1.59621,sky,33.33434
0.0004854201,2.972341e-20,1.499126,sky,33.33434
-0.1743708,-1.067713e-17,1.402042,sky,33.33434
-0.349227,-2.138399e-17,1.304958,sky,33.33434
-0.5240832,-3.209084e-17,1.207874,sky,33.33434
-0.6989394,-4.27977e-17,1.11079,sky,33.33434
