x,y,z,rearMat,Wm2Back
0.5824904,3.566725e-17,0.9516333,sky,97.33808
0.4366966,2.673996e-17,1.088543,sky,97.33808
0.2909029,1.781267e-17,1.225452,sky,97.33808
0.1451092,8.885375e-18,1.362362,sky,97.33808
-0.0006845471,-4.191642e-20,1.499271,sky,97.33808
-0.1464783,-8.969207e-18,1.63618,sky,97.33808
-0.292272,-1.78965e-17,1.77309,sky,97.33808
-0.4380657,-2.682379e-17,1.909999,sky,97.33808
-0.5838594,-3.575108e-17,2.046909,sky,97.33808
