x,y,z,rearMat,Wm2Back
0.7903504,4.8395e-17,1.623884,sky,8.756443
0.5928018,3.629864e-17,1.592666,sky,8.756443
0.3952532,2.420228e-17,1.561448,sky,8.756443
0.1977047,1.210592e-17,1.53023,sky,8.756443
0.0001560897,9.557737e-21,1.499012,sky,8.756443
-0.1973925,-1.20868e-17,1.467794,sky,8.756443
-0.3949411,-2.418317e-17,1.436576,sky,8.756443
-0.5924896,-3.627953e-17,1.405358,sky,8.756443
-0.7900382,-4.837589e-17,1.374141,sky,8.756443
