x,y,z,rearMat,Wm2Back
0.7905868,4.840948e-17,1.622366,sky,27.88645
0.5929786,3.630947e-17,1.591528,sky,27.88645
0.3953705,2.420946e-17,1.560689,sky,27.88645
0.1977623,1.210945e-17,1.529851,sky,27.88645
0.0001541931,9.441603e-21,1.499012,sky,27.88645
-0.197454,-1.209057e-17,1.468173,sky,27.88645
-0.3950621,-2.419058e-17,1.437335,sky,27.88645
-0.5926702,-3.629059e-17,1.406496,sky,27.88645
-0.7902784,-4.83906e-17,1.375658,sky,27.88645
