x,y,z,mattype,Wm2Front
0.3746,3.050247e-17,0.05,groundplane,440.9276
0.3746,0.0254,0.05,groundplane,440.9298999999999
0.3746,0.0508,0.05,groundplane,440.9296
0.3746,0.0762,0.05,groundplane,440.9293
0.3746,0.1016,0.05,groundplane,440.9289999999999
