x,y,z,mattype,Wm2Front
0.3746,3.920026e-17,0.05,groundplane,15.44334
0.3746,0.0254,0.05,groundplane,15.443329999999998
0.3746,0.0508,0.05,groundplane,15.443329999999998
0.3746,0.0762,0.05,groundplane,15.44334
0.3746,0.1016,0.05,groundplane,15.443329999999998
