x,y,z,mattype,Wm2Front
1.5746,4.809201e-17,0.05,groundplane,42.24696
1.5746,0.0254,0.05,groundplane,42.24871
1.5746,0.0508,0.05,groundplane,42.24866
1.5746,0.0762,0.05,groundplane,42.24862
1.5746,0.1016,0.05,groundplane,42.24858
