x,y,z,rearMat,Wm2Back
0.7830613,4.794868e-17,1.336244,sky,10.83885
0.5872451,3.595839e-17,1.376938,sky,10.83885
0.3914289,2.396811e-17,1.417633,sky,10.83885
0.1956127,1.197783e-17,1.458327,sky,10.83885
-0.0002034709,-1.2459e-20,1.499021,sky,10.83885
-0.1960197,-1.200274e-17,1.539715,sky,10.83885
-0.3918359,-2.399303e-17,1.580409,sky,10.83885
-0.5876521,-3.598331e-17,1.621103,sky,10.83885
-0.7834683,-4.79736e-17,1.661798,sky,10.83885
