x,y,z,mattype,Wm2Front
0.3746,4.821363e-17,0.05,groundplane,758.5543000000001
0.3746,0.0254,0.05,groundplane,758.5548
0.3746,0.0508,0.05,groundplane,758.5544
0.3746,0.0762,0.05,groundplane,758.5541
0.3746,0.1016,0.05,groundplane,758.5537
