x,y,z,mattype,Wm2Front
0.3746,3.295816e-17,0.05,groundplane,505.94789999999995
0.3746,0.0254,0.05,groundplane,505.95610000000005
0.3746,0.0508,0.05,groundplane,505.955
0.3746,0.0762,0.05,groundplane,505.9539
0.3746,0.1016,0.05,groundplane,505.9527
