x,y,z,rearMat,Wm2Back
0.5290669,3.2396e-17,2.100074,sky,37.07855
0.3969879,2.43085e-17,1.949891,sky,37.07855
0.2649089,1.622099e-17,1.799707,sky,37.07855
0.1328299,8.133486e-18,1.649523,sky,37.07855
0.0007509185,4.598049e-20,1.49934,sky,37.07855
-0.1313281,-8.041525e-18,1.349156,sky,37.07855
-0.2634071,-1.612903e-17,1.198972,sky,37.07855
-0.395486,-2.421654e-17,1.048789,sky,37.07855
-0.527565,-3.230404e-17,0.8986048,sky,37.07855
