x,y,z,mattype,Wm2Front
0.3746,4.805845e-17,0.05,groundplane,868.9006
0.3746,0.0254,0.05,groundplane,868.9018
0.3746,0.0508,0.05,groundplane,868.901
0.3746,0.0762,0.05,groundplane,868.9002
0.3746,0.1016,0.05,groundplane,868.8993999999999
