x,y,z,mattype,Wm2Front
0.3746,4.225529e-17,0.05,groundplane,784.9937
0.3746,0.0254,0.05,groundplane,784.9954000000001
0.3746,0.0508,0.05,groundplane,784.9951
0.3746,0.0762,0.05,groundplane,784.9948
0.3746,0.1016,0.05,groundplane,784.9944
