x,y,z,rearMat,Wm2Back
0.7999992,4.898582e-17,1.501513,sky,16.63497
0.6000002,3.673942e-17,1.500885,sky,16.63497
0.4000012,2.449301e-17,1.500257,sky,16.63497
0.2000022,1.22466e-17,1.499628,sky,16.63497
3.141587e-06,1.923668e-22,1.499,sky,16.63497
-0.1999959,-1.224622e-17,1.498372,sky,16.63497
-0.3999949,-2.449262e-17,1.497743,sky,16.63497
-0.5999939,-3.673903e-17,1.497115,sky,16.63497
-0.7999929,-4.898544e-17,1.496487,sky,16.63497
