x,y,z,mattype,Wm2Front
0.3746,4.873374e-17,0.05,groundplane,840.7632
0.3746,0.0254,0.05,groundplane,840.7639
0.3746,0.0508,0.05,groundplane,840.7634000000002
0.3746,0.0762,0.05,groundplane,840.763
0.3746,0.1016,0.05,groundplane,840.7626
