x,y,z,rearMat,Wm2Back
0.7491836,4.587427e-17,1.21942,sky,5.687894
0.5618003,3.440035e-17,1.289331,sky,5.687894
0.374417,2.292643e-17,1.359242,sky,5.687894
0.1870337,1.145251e-17,1.429152,sky,5.687894
-0.0003495534,-2.140397e-20,1.499063,sky,5.687894
-0.1877328,-1.149532e-17,1.568974,sky,5.687894
-0.3751161,-2.296924e-17,1.638884,sky,5.687894
-0.5624994,-3.444316e-17,1.708795,sky,5.687894
-0.7498827,-4.591707e-17,1.778706,sky,5.687894
