x,y,z,rearMat,Wm2Back
0.6356033,3.891947e-17,1.014192,sky,11.38221
0.4765509,2.918033e-17,1.135445,sky,11.38221
0.3174985,1.944118e-17,1.256698,sky,11.38221
0.1584461,9.702026e-18,1.377952,sky,11.38221
-0.000606266,-3.712309e-20,1.499205,sky,11.38221
-0.1596586,-9.776273e-18,1.620458,sky,11.38221
-0.318711,-1.951542e-17,1.741711,sky,11.38221
-0.4777634,-2.925457e-17,1.862964,sky,11.38221
-0.6368158,-3.899372e-17,1.984218,sky,11.38221
