x,y,z,mattype,Wm2Front
1.5746,4.880521e-17,0.05,groundplane,3.56397
1.5746,0.0254,0.05,groundplane,3.5639799999999995
1.5746,0.0508,0.05,groundplane,3.5639799999999995
1.5746,0.0762,0.05,groundplane,3.5639799999999995
1.5746,0.1016,0.05,groundplane,3.5639799999999995
