x,y,z,mattype,Wm2Front
0.3746,4.702981e-17,0.05,groundplane,865.4874999999998
0.3746,0.0254,0.05,groundplane,865.4894
0.3746,0.0508,0.05,groundplane,865.4889
0.3746,0.0762,0.05,groundplane,865.4883999999998
0.3746,0.1016,0.05,groundplane,865.4879
