x,y,z,mattype,Wm2Front
0.3746,4.868129e-17,0.05,groundplane,31.06414
0.3746,0.0254,0.05,groundplane,31.063419999999997
0.3746,0.0508,0.05,groundplane,31.063419999999997
0.3746,0.0762,0.05,groundplane,31.06341
0.3746,0.1016,0.05,groundplane,31.06341
