x,y,z,rearMat,Wm2Back
0.5554095,3.400902e-17,0.9242211,sky,53.69534000000001
0.4163774,2.549576e-17,1.067992,sky,53.69534000000001
0.2773453,1.69825e-17,1.211763,sky,53.69534000000001
0.1383132,8.469242e-18,1.355534,sky,53.69534000000001
-0.0007188547,-4.401715e-20,1.499305,sky,53.69534000000001
-0.1397509,-8.557277e-18,1.643076,sky,53.69534000000001
-0.278783,-1.707054e-17,1.786847,sky,53.69534000000001
-0.4178151,-2.55838e-17,1.930618,sky,53.69534000000001
-0.5568472,-3.409706e-17,2.074389,sky,53.69534000000001
