x,y,z,mattype,Wm2Front
1.5746,4.88997e-17,0.05,groundplane,19.4599
1.5746,0.0254,0.05,groundplane,19.4591
1.5746,0.0508,0.05,groundplane,19.45911
1.5746,0.0762,0.05,groundplane,19.45911
1.5746,0.1016,0.05,groundplane,19.45912
