x,y,z,mattype,Wm2Front
0.3746,3.050247e-17,0.05,groundplane,82.54279
0.3746,0.0254,0.05,groundplane,82.54308
0.3746,0.0508,0.05,groundplane,82.54305
0.3746,0.0762,0.05,groundplane,82.54301
0.3746,0.1016,0.05,groundplane,82.54297
