x,y,z,mattype,Wm2Front
1.5746,3.050247e-17,0.05,groundplane,378.43340000000006
1.5746,0.0254,0.05,groundplane,378.4359
1.5746,0.0508,0.05,groundplane,378.4359
1.5746,0.0762,0.05,groundplane,378.4358
1.5746,0.1016,0.05,groundplane,378.4357
