x,y,z,mattype,Wm2Front
0.3746,4.814972e-17,0.05,groundplane,801.1983999999999
0.3746,0.0254,0.05,groundplane,801.1992999999999
0.3746,0.0508,0.05,groundplane,801.1987
0.3746,0.0762,0.05,groundplane,801.1982000000002
0.3746,0.1016,0.05,groundplane,801.1977
