x,y,z,rearMat,Wm2Back
0.7420695,4.543865e-17,1.798888,sky,10.28008
0.5566458,3.408473e-17,1.723934,sky,10.28008
0.3712222,2.27308e-17,1.64898,sky,10.28008
0.1857985,1.137687e-17,1.574027,sky,10.28008
0.0003747684,2.294795e-20,1.499073,sky,10.28008
-0.1850489,-1.133098e-17,1.424119,sky,10.28008
-0.3704726,-2.268491e-17,1.349166,sky,10.28008
-0.5558963,-3.403883e-17,1.274212,sky,10.28008
-0.74132,-4.539276e-17,1.199258,sky,10.28008
