x,y,z,rearMat,Wm2Back
0.6563745,4.019135e-17,1.957355,sky,13.23612
0.4924241,3.015228e-17,1.842811,sky,13.23612
0.3284736,2.011321e-17,1.728268,sky,13.23612
0.1645232,1.007414e-17,1.613724,sky,13.23612
0.0005727183,3.506888e-20,1.49918,sky,13.23612
-0.1633777,-1.0004e-17,1.384637,sky,13.23612
-0.3273282,-2.004307e-17,1.270093,sky,13.23612
-0.4912786,-3.008214e-17,1.155549,sky,13.23612
-0.6552291,-4.012121e-17,1.041006,sky,13.23612
