x,y,z,mattype,Wm2Front
1.5746,3.050247e-17,0.05,groundplane,507.6678
1.5746,0.0254,0.05,groundplane,507.6712
1.5746,0.0508,0.05,groundplane,507.671
1.5746,0.0762,0.05,groundplane,507.67069999999995
1.5746,0.1016,0.05,groundplane,507.6705
