x,y,z,mattype,Wm2Front
1.5746,4.882173e-17,0.05,groundplane,751.2952
1.5746,0.0254,0.05,groundplane,751.2959
1.5746,0.0508,0.05,groundplane,751.2954999999998
1.5746,0.0762,0.05,groundplane,751.295
1.5746,0.1016,0.05,groundplane,751.2945999999998
