x,y,z,rearMat,Wm2Back
0.7421569,4.544401e-17,1.201329,sky,94.62279
0.5565247,3.407731e-17,1.275765,sky,94.62279
0.3708924,2.271061e-17,1.350201,sky,94.62279
0.1852601,1.134391e-17,1.424636,sky,94.62279
-0.000372178,-2.278933e-20,1.499072,sky,94.62279
-0.1860045,-1.138949e-17,1.573507,sky,94.62279
-0.3716367,-2.275619e-17,1.647943,sky,94.62279
-0.557269,-3.412289e-17,1.722379,sky,94.62279
-0.7429013,-4.548958e-17,1.796814,sky,94.62279
