x,y,z,mattype,Wm2Front
1.5746,3.050247e-17,0.05,groundplane,40.71804
1.5746,0.0254,0.05,groundplane,40.71814
1.5746,0.0508,0.05,groundplane,40.71814
1.5746,0.0762,0.05,groundplane,40.71814
1.5746,0.1016,0.05,groundplane,40.71814
