x,y,z,mattype,Wm2Front
0.3746,3.431372e-17,0.05,groundplane,488.30930000000006
0.3746,0.0254,0.05,groundplane,488.3134
0.3746,0.0508,0.05,groundplane,488.3128
0.3746,0.0762,0.05,groundplane,488.3122
0.3746,0.1016,0.05,groundplane,488.3116
