x,y,z,rearMat,Wm2Back
0.5668534,3.470976e-17,0.9354841,sky,213.7823
0.4249639,2.602153e-17,1.076436,sky,213.7823
0.2830743,1.73333e-17,1.217387,sky,213.7823
0.1411848,8.645075e-18,1.358339,sky,213.7823
-0.000704758,-4.315398e-20,1.499291,sky,213.7823
-0.1425943,-8.731383e-18,1.640242,sky,213.7823
-0.2844839,-1.741961e-17,1.781194,sky,213.7823
-0.4263734,-2.610784e-17,1.922145,sky,213.7823
-0.568263,-3.479607e-17,2.063097,sky,213.7823
