x,y,z,rearMat,Wm2Back
0.6374639,3.903341e-17,1.016636,sky,129.818
0.4779471,2.926582e-17,1.137278,sky,129.818
0.3184304,1.949824e-17,1.257919,sky,129.818
0.1589136,9.73065e-18,1.378561,sky,129.818
-0.000603208,-3.693584e-20,1.499202,sky,129.818
-0.16012,-9.804522e-18,1.619844,sky,129.818
-0.3196368,-1.957211e-17,1.740486,sky,129.818
-0.4791536,-2.933969e-17,1.861127,sky,129.818
-0.6386704,-3.910728e-17,1.981769,sky,129.818
