x,y,z,rearMat,Wm2Back
0.7320338,4.482414e-17,1.822688,sky,8.685261
0.5491264,3.36243e-17,1.741787,sky,8.685261
0.3662191,2.242445e-17,1.660887,sky,8.685261
0.1833118,1.122461e-17,1.579986,sky,8.685261
0.0004045032,2.476868e-20,1.499085,sky,8.685261
-0.1825028,-1.117507e-17,1.418185,sky,8.685261
-0.3654101,-2.237492e-17,1.337284,sky,8.685261
-0.5483174,-3.357476e-17,1.256384,sky,8.685261
-0.7312248,-4.47746e-17,1.175483,sky,8.685261
