x,y,z,rearMat,Wm2Back
0.7992136,4.893772e-17,1.464524,sky,0.7714319
0.5993995,3.670263e-17,1.473143,sky,0.7714319
0.3995853,2.446754e-17,1.481762,sky,0.7714319
0.1997711,1.223245e-17,1.490382,sky,0.7714319
-4.309628e-05,-2.638886e-21,1.499001,sky,0.7714319
-0.1998573,-1.223773e-17,1.50762,sky,0.7714319
-0.3996715,-2.447282e-17,1.516239,sky,0.7714319
-0.5994857,-3.670791e-17,1.524859,sky,0.7714319
-0.7992998,-4.8943e-17,1.533478,sky,0.7714319
