x,y,z,mattype,Wm2Front
1.5746,4.454212e-17,0.05,groundplane,805.8606
1.5746,0.0254,0.05,groundplane,805.8606999999998
1.5746,0.0508,0.05,groundplane,805.8604
1.5746,0.0762,0.05,groundplane,805.86
1.5746,0.1016,0.05,groundplane,805.8597
