x,y,z,rearMat,Wm2Back
0.6160405,3.77216e-17,0.9896128,sky,9.71349
0.4618711,2.828145e-17,1.117017,sky,9.71349
0.3077017,1.88413e-17,1.244421,sky,9.71349
0.1535324,9.401146e-18,1.371825,sky,9.71349
-0.0006370205,-3.900625e-20,1.499229,sky,9.71349
-0.1548064,-9.479158e-18,1.626633,sky,9.71349
-0.3089758,-1.891931e-17,1.754037,sky,9.71349
-0.4631452,-2.835946e-17,1.881441,sky,9.71349
-0.6173145,-3.779961e-17,2.008846,sky,9.71349
