x,y,z,mattype,Wm2Front
0.3746,3.72988e-17,0.05,groundplane,692.8678999999998
0.3746,0.0254,0.05,groundplane,692.8712
0.3746,0.0508,0.05,groundplane,692.8707
0.3746,0.0762,0.05,groundplane,692.8702
0.3746,0.1016,0.05,groundplane,692.8696
