x,y,z,mattype,Wm2Front
1.5746,3.050247e-17,0.05,groundplane,362.28219999999993
1.5746,0.0254,0.05,groundplane,362.2851
1.5746,0.0508,0.05,groundplane,362.285
1.5746,0.0762,0.05,groundplane,362.28489999999994
1.5746,0.1016,0.05,groundplane,362.2847
