x,y,z,rearMat,Wm2Back
0.7749309,4.745083e-17,1.301297,sky,4.29783
0.5811364,3.558434e-17,1.35073,sky,4.29783
0.3873419,2.371785e-17,1.400164,sky,4.29783
0.1935474,1.185136e-17,1.449597,sky,4.29783
-0.0002471681,-1.513468e-20,1.499031,sky,4.29783
-0.1940417,-1.188163e-17,1.548465,sky,4.29783
-0.3878362,-2.374812e-17,1.597898,sky,4.29783
-0.5816307,-3.561461e-17,1.647332,sky,4.29783
-0.7754253,-4.74811e-17,1.696766,sky,4.29783
