x,y,z,mattype,Wm2Front
0.3746,3.247255e-17,0.05,groundplane,347.8043
0.3746,0.0254,0.05,groundplane,347.8035
0.3746,0.0508,0.05,groundplane,347.8033
0.3746,0.0762,0.05,groundplane,347.8033
0.3746,0.1016,0.05,groundplane,347.8030999999999
