x,y,z,mattype,Wm2Front
0.3746,4.870176e-17,0.05,groundplane,9.351968
0.3746,0.0254,0.05,groundplane,9.352009
0.3746,0.0508,0.05,groundplane,9.352009
0.3746,0.0762,0.05,groundplane,9.352009
0.3746,0.1016,0.05,groundplane,9.352009
