x,y,z,mattype,Wm2Front
0.3746,4.616235e-17,0.05,groundplane,68.36913
0.3746,0.0254,0.05,groundplane,68.36916
0.3746,0.0508,0.05,groundplane,68.36916
0.3746,0.0762,0.05,groundplane,68.36915
0.3746,0.1016,0.05,groundplane,68.36914
