x,y,z,rearMat,Wm2Back
0.6895757,4.222433e-17,1.094431,sky,16.48947
0.5170553,3.166051e-17,1.195607,sky,16.48947
0.3445349,2.109668e-17,1.296784,sky,16.48947
0.1720145,1.053285e-17,1.397961,sky,16.48947
-0.0005058832,-3.097641e-20,1.499137,sky,16.48947
-0.1730263,-1.05948e-17,1.600314,sky,16.48947
-0.3455467,-2.115863e-17,1.701491,sky,16.48947
-0.5180671,-3.172246e-17,1.802667,sky,16.48947
-0.6905875,-4.228629e-17,1.903844,sky,16.48947
