x,y,z,rearMat,Wm2Back
0.794808,4.866795e-17,1.408999,sky,3.7856329999999994
0.5960779,3.649924e-17,1.431501,sky,3.7856329999999994
0.3973477,2.433053e-17,1.454003,sky,3.7856329999999994
0.1986176,1.216182e-17,1.476504,sky,3.7856329999999994
-0.0001125095,-6.889223e-21,1.499006,sky,3.7856329999999994
-0.1988426,-1.21756e-17,1.521508,sky,3.7856329999999994
-0.3975728,-2.434431e-17,1.54401,sky,3.7856329999999994
-0.5963029,-3.651302e-17,1.566512,sky,3.7856329999999994
-0.795033,-4.868173e-17,1.589014,sky,3.7856329999999994
