x,y,z,mattype,Wm2Front
0.3746,3.050247e-17,0.05,groundplane,485.5969
0.3746,0.0254,0.05,groundplane,485.60110000000003
0.3746,0.0508,0.05,groundplane,485.6006
0.3746,0.0762,0.05,groundplane,485.60020000000003
0.3746,0.1016,0.05,groundplane,485.5996
