x,y,z,mattype,Wm2Front
0.3746,4.858058e-17,0.05,groundplane,24.48555
0.3746,0.0254,0.05,groundplane,24.485110000000002
0.3746,0.0508,0.05,groundplane,24.4851
0.3746,0.0762,0.05,groundplane,24.48508
0.3746,0.1016,0.05,groundplane,24.485069999999997
