x,y,z,mattype,Wm2Front
0.3746,3.247255e-17,0.05,groundplane,433.11629999999997
0.3746,0.0254,0.05,groundplane,433.1158
0.3746,0.0508,0.05,groundplane,433.1155999999999
0.3746,0.0762,0.05,groundplane,433.11539999999997
0.3746,0.1016,0.05,groundplane,433.1153
