x,y,z,mattype,Wm2Front
1.5746,4.900105e-17,0.05,groundplane,8.022546
1.5746,0.0254,0.05,groundplane,8.022332
1.5746,0.0508,0.05,groundplane,8.022332
1.5746,0.0762,0.05,groundplane,8.022331
1.5746,0.1016,0.05,groundplane,8.02233
