x,y,z,mattype,Wm2Front
0.3746,4.900266e-17,0.05,groundplane,5.975266
0.3746,0.0254,0.05,groundplane,5.975013999999999
0.3746,0.0508,0.05,groundplane,5.975017
0.3746,0.0762,0.05,groundplane,5.97502
0.3746,0.1016,0.05,groundplane,5.975024
