x,y,z,mattype,Wm2Front
1.5746,3.247255e-17,0.05,groundplane,493.29
1.5746,0.0254,0.05,groundplane,493.2889
1.5746,0.0508,0.05,groundplane,493.2888
1.5746,0.0762,0.05,groundplane,493.2887
1.5746,0.1016,0.05,groundplane,493.28849999999994
