x,y,z,rearMat,Wm2Back
0.7946209,4.86565e-17,1.592621,sky,4.523978
0.5959949,3.649416e-17,1.569217,sky,4.523978
0.397369,2.433183e-17,1.545814,sky,4.523978
0.198743,1.21695e-17,1.52241,sky,4.523978
0.0001170174,7.16525e-21,1.499007,sky,4.523978
-0.198509,-1.215517e-17,1.475603,sky,4.523978
-0.3971349,-2.43175e-17,1.4522,sky,4.523978
-0.5957609,-3.647983e-17,1.428796,sky,4.523978
-0.7943869,-4.864217e-17,1.405393,sky,4.523978
