x,y,z,rearMat,Wm2Back
0.6531395,3.999326e-17,1.038037,sky,16.65509
0.4897105,2.998612e-17,1.153323,sky,16.65509
0.3262815,1.997898e-17,1.26861,sky,16.65509
0.1628525,9.971843e-18,1.383896,sky,16.65509
-0.0005764323,-3.52963e-20,1.499183,sky,16.65509
-0.1640054,-1.004244e-17,1.614469,sky,16.65509
-0.3274344,-2.004957e-17,1.729756,sky,16.65509
-0.4908634,-3.005671e-17,1.845042,sky,16.65509
-0.6542924,-4.006385e-17,1.960329,sky,16.65509
