x,y,z,mattype,Wm2Front
1.5746,4.10709e-17,0.05,groundplane,761.6582
1.5746,0.0254,0.05,groundplane,761.658
1.5746,0.0508,0.05,groundplane,761.6577000000001
1.5746,0.0762,0.05,groundplane,761.6573
1.5746,0.1016,0.05,groundplane,761.6571
