x,y,z,mattype,Wm2Front
0.3746,3.97875e-17,0.05,groundplane,753.2383
0.3746,0.0254,0.05,groundplane,753.2416
0.3746,0.0508,0.05,groundplane,753.2408
0.3746,0.0762,0.05,groundplane,753.2401
0.3746,0.1016,0.05,groundplane,753.2392999999998
