x,y,z,mattype,Wm2Front
0.3746,3.531867e-17,0.05,groundplane,708.049
0.3746,0.0254,0.05,groundplane,708.0522
0.3746,0.0508,0.05,groundplane,708.0516000000001
0.3746,0.0762,0.05,groundplane,708.051
0.3746,0.1016,0.05,groundplane,708.0504999999999
