x,y,z,mattype,Wm2Front
1.5746,4.624497e-17,0.05,groundplane,705.1306
1.5746,0.0254,0.05,groundplane,705.1406000000001
1.5746,0.0508,0.05,groundplane,705.1379000000001
1.5746,0.0762,0.05,groundplane,705.1352
1.5746,0.1016,0.05,groundplane,705.1325
