x,y,z,rearMat,Wm2Back
0.7823102,4.790268e-17,1.332692,sky,29.1349
0.5866806,3.592383e-17,1.374275,sky,29.1349
0.3910511,2.394498e-17,1.415857,sky,29.1349
0.1954216,1.196612e-17,1.45744,sky,29.1349
-0.0002079117,-1.273092e-20,1.499022,sky,29.1349
-0.1958374,-1.199158e-17,1.540604,sky,29.1349
-0.391467,-2.397044e-17,1.582187,sky,29.1349
-0.5870965,-3.594929e-17,1.623769,sky,29.1349
-0.782726,-4.792814e-17,1.665351,sky,29.1349
