x,y,z,rearMat,Wm2Back
0.7645462,4.681495e-17,1.264479,sky,16.73586
0.5733363,3.510673e-17,1.32312,sky,16.73586
0.3821265,2.33985e-17,1.381762,sky,16.73586
0.1909166,1.169027e-17,1.440403,sky,16.73586
-0.0002932061,-1.79537e-20,1.499044,sky,16.73586
-0.1915031,-1.172618e-17,1.557685,sky,16.73586
-0.3827129,-2.343441e-17,1.616326,sky,16.73586
-0.5739228,-3.514263e-17,1.674968,sky,16.73586
-0.7651326,-4.685086e-17,1.733609,sky,16.73586
