x,y,z,rearMat,Wm2Back
0.6760728,4.139752e-17,1.927699,sky,75.32726
0.5071885,3.105634e-17,1.820563,sky,75.32726
0.3383043,2.071516e-17,1.713427,sky,75.32726
0.16942,1.037398e-17,1.606291,sky,75.32726
0.0005356794,3.28009e-20,1.499156,sky,75.32726
-0.1683486,-1.030838e-17,1.39202,sky,75.32726
-0.3372329,-2.064956e-17,1.284884,sky,75.32726
-0.5061172,-3.099074e-17,1.177748,sky,75.32726
-0.6750015,-4.133192e-17,1.070612,sky,75.32726
