x,y,z,rearMat,Wm2Back
0.7632324,4.673451e-17,1.739744,sky,46.806819999999995
0.5724995,3.505549e-17,1.67957,sky,46.806819999999995
0.3817667,2.337647e-17,1.619395,sky,46.806819999999995
0.1910338,1.169744e-17,1.559221,sky,46.806819999999995
0.0003008722,1.842311e-20,1.499046,sky,46.806819999999995
-0.190432,-1.16606e-17,1.438872,sky,46.806819999999995
-0.3811649,-2.333962e-17,1.378697,sky,46.806819999999995
-0.5718978,-3.501864e-17,1.318523,sky,46.806819999999995
-0.7626307,-4.669766e-17,1.258349,sky,46.806819999999995
