x,y,z,mattype,Wm2Front
0.3746,3.247255e-17,0.05,groundplane,186.8486
0.3746,0.0254,0.05,groundplane,186.8447
0.3746,0.0508,0.05,groundplane,186.8443
0.3746,0.0762,0.05,groundplane,186.8439
0.3746,0.1016,0.05,groundplane,186.84350000000003
