x,y,z,mattype,Wm2Front
1.5746,4.382227e-17,0.05,groundplane,178.7681
1.5746,0.0254,0.05,groundplane,178.7705
1.5746,0.0508,0.05,groundplane,178.7704
1.5746,0.0762,0.05,groundplane,178.7703
1.5746,0.1016,0.05,groundplane,178.77020000000002
