x,y,z,mattype,Wm2Front
1.5746,4.832594e-17,0.05,groundplane,56.03179
1.5746,0.0254,0.05,groundplane,56.03343
1.5746,0.0508,0.05,groundplane,56.03339
1.5746,0.0762,0.05,groundplane,56.033359999999995
1.5746,0.1016,0.05,groundplane,56.03332
