x,y,z,mattype,Wm2Front
1.5746,4.70579e-17,0.05,groundplane,65.25069
1.5746,0.0254,0.05,groundplane,65.25077
1.5746,0.0508,0.05,groundplane,65.25077
1.5746,0.0762,0.05,groundplane,65.25077
1.5746,0.1016,0.05,groundplane,65.25077
