x,y,z,rearMat,Wm2Back
0.6367039,3.898687e-17,1.015635,sky,12.546929999999998
0.4773768,2.92309e-17,1.136527,sky,12.546929999999998
0.3180497,1.947493e-17,1.257419,sky,12.546929999999998
0.1587226,9.718958e-18,1.378311,sky,12.546929999999998
-0.0006044601,-3.701251e-20,1.499203,sky,12.546929999999998
-0.1599315,-9.792983e-18,1.620095,sky,12.546929999999998
-0.3192586,-1.954895e-17,1.740987,sky,12.546929999999998
-0.4785857,-2.930492e-17,1.861879,sky,12.546929999999998
-0.6379128,-3.906089e-17,1.982771,sky,12.546929999999998
