x,y,z,rearMat,Wm2Back
0.6827074,4.180377e-17,1.917027,sky,13.00153
0.5121612,3.136083e-17,1.812557,sky,13.00153
0.3416149,2.091788e-17,1.708087,sky,13.00153
0.1710686,1.047493e-17,1.603617,sky,13.00153
0.0005223497,3.19847e-20,1.499147,sky,13.00153
-0.1700239,-1.041096e-17,1.394677,sky,13.00153
-0.3405702,-2.085391e-17,1.290207,sky,13.00153
-0.5111165,-3.129686e-17,1.185737,sky,13.00153
-0.6816627,-4.17398e-17,1.081267,sky,13.00153
