x,y,z,mattype,Wm2Front
0.3746,3.247255e-17,0.05,groundplane,424.35999999999996
0.3746,0.0254,0.05,groundplane,424.3587
0.3746,0.0508,0.05,groundplane,424.3586
0.3746,0.0762,0.05,groundplane,424.3586
0.3746,0.1016,0.05,groundplane,424.3585
