x,y,z,mattype,Wm2Front
1.5746,3.247255e-17,0.05,groundplane,497.2977
1.5746,0.0254,0.05,groundplane,497.2961
1.5746,0.0508,0.05,groundplane,497.296
1.5746,0.0762,0.05,groundplane,497.2959
1.5746,0.1016,0.05,groundplane,497.29580000000004
