x,y,z,rearMat,Wm2Back
0.7904512,4.840118e-17,1.376761,sky,112.0012
0.5928002,3.629855e-17,1.407324,sky,112.0012
0.3951492,2.419591e-17,1.437886,sky,112.0012
0.1974982,1.209328e-17,1.468449,sky,112.0012
-0.0001528134,-9.357119e-21,1.499012,sky,112.0012
-0.1978038,-1.211199e-17,1.529574,sky,112.0012
-0.3954548,-2.421463e-17,1.560137,sky,112.0012
-0.5931059,-3.631726e-17,1.5907,sky,112.0012
-0.7907569,-4.841989e-17,1.621262,sky,112.0012
