x,y,z,mattype,Wm2Front
0.3746,4.631525e-17,0.05,groundplane,783.7716999999999
0.3746,0.0254,0.05,groundplane,783.7734
0.3746,0.0508,0.05,groundplane,783.7729
0.3746,0.0762,0.05,groundplane,783.7725
0.3746,0.1016,0.05,groundplane,783.772
