x,y,z,mattype,Wm2Front
1.5746,4.385946e-17,0.05,groundplane,174.20539999999997
1.5746,0.0254,0.05,groundplane,174.2042
1.5746,0.0508,0.05,groundplane,174.2041
1.5746,0.0762,0.05,groundplane,174.20400000000004
1.5746,0.1016,0.05,groundplane,174.2039
