x,y,z,mattype,Wm2Front
0.3746,4.807342e-17,0.05,groundplane,95.48467
0.3746,0.0254,0.05,groundplane,95.48454
0.3746,0.0508,0.05,groundplane,95.48453
0.3746,0.0762,0.05,groundplane,95.48452000000002
0.3746,0.1016,0.05,groundplane,95.48452000000002
