x,y,z,rearMat,Wm2Back
0.5511055,3.374548e-17,2.0799,sky,84.28519
0.4135105,2.532022e-17,1.934753,sky,84.28519
0.2759156,1.689496e-17,1.789606,sky,84.28519
0.1383207,8.469698e-18,1.644459,sky,84.28519
0.0007257347,4.443843e-20,1.499312,sky,84.28519
-0.1368692,-8.380821e-18,1.354165,sky,84.28519
-0.2744641,-1.680608e-17,1.209018,sky,84.28519
-0.4120591,-2.523134e-17,1.063871,sky,84.28519
-0.549654,-3.36566e-17,0.9187243,sky,84.28519
