x,y,z,mattype,Wm2Front
0.3746,3.050247e-17,0.05,groundplane,462.8224
0.3746,0.0254,0.05,groundplane,462.8242
0.3746,0.0508,0.05,groundplane,462.824
0.3746,0.0762,0.05,groundplane,462.82379999999995
0.3746,0.1016,0.05,groundplane,462.8236
