x,y,z,rearMat,Wm2Back
0.7165179,4.387407e-17,1.855813,sky,16.23478
0.5374999,3.291238e-17,1.766636,sky,16.23478
0.3584819,2.195069e-17,1.677459,sky,16.23478
0.1794639,1.098899e-17,1.588282,sky,16.23478
0.0004458854,2.730261e-20,1.499105,sky,16.23478
-0.1785721,-1.093439e-17,1.409928,sky,16.23478
-0.3575901,-2.189608e-17,1.320751,sky,16.23478
-0.5366082,-3.285777e-17,1.231574,sky,16.23478
-0.7156262,-4.381946e-17,1.142397,sky,16.23478
