x,y,z,rearMat,Wm2Back
0.7940178,4.861956e-17,1.402343,sky,32.80221
0.5954831,3.646282e-17,1.426509,sky,32.80221
0.3969485,2.430608e-17,1.450675,sky,32.80221
0.1984138,1.214934e-17,1.474841,sky,32.80221
-0.0001208299,-7.398697e-21,1.499007,sky,32.80221
-0.1986555,-1.216414e-17,1.523173,sky,32.80221
-0.3971901,-2.432088e-17,1.547339,sky,32.80221
-0.5957248,-3.647762e-17,1.571505,sky,32.80221
-0.7942594,-4.863436e-17,1.595671,sky,32.80221
