x,y,z,mattype,Wm2Front
0.3746,4.600751e-17,0.05,groundplane,866.8418
0.3746,0.0254,0.05,groundplane,866.8417
0.3746,0.0508,0.05,groundplane,866.8413999999999
0.3746,0.0762,0.05,groundplane,866.8411
0.3746,0.1016,0.05,groundplane,866.8407000000001
