x,y,z,rearMat,Wm2Back
0.7956932,4.872215e-17,1.582906,sky,11.513309999999999
0.5967961,3.654322e-17,1.561931,sky,11.513309999999999
0.397899,2.436429e-17,1.540956,sky,11.513309999999999
0.1990019,1.218535e-17,1.519981,sky,11.513309999999999
0.0001048756,6.421779e-21,1.499006,sky,11.513309999999999
-0.1987922,-1.217251e-17,1.47803,sky,11.513309999999999
-0.3976893,-2.435144e-17,1.457055,sky,11.513309999999999
-0.5965863,-3.653038e-17,1.43608,sky,11.513309999999999
-0.7954834,-4.870931e-17,1.415105,sky,11.513309999999999
