x,y,z,rearMat,Wm2Back
0.6582588,4.030673e-17,1.045361,sky,17.72051
0.4935523,3.022136e-17,1.158815,sky,17.72051
0.3288458,2.0136e-17,1.272269,sky,17.72051
0.1641393,1.005063e-17,1.385723,sky,17.72051
-0.0005672689,-3.473521e-20,1.499176,sky,17.72051
-0.1652738,-1.01201e-17,1.61263,sky,17.72051
-0.3299803,-2.020547e-17,1.726084,sky,17.72051
-0.4946868,-3.029083e-17,1.839538,sky,17.72051
-0.6593933,-4.03762e-17,1.952992,sky,17.72051
