x,y,z,rearMat,Wm2Back
0.5607117,3.433369e-17,0.9293833,sky,28.651799999999998
0.4203557,2.573936e-17,1.071862,sky,28.651799999999998
0.2799997,1.714503e-17,1.214341,sky,28.651799999999998
0.1396436,8.550707e-18,1.35682,sky,28.651799999999998
-0.0007123936,-4.362153e-20,1.499298,sky,28.651799999999998
-0.1410684,-8.63795e-18,1.641777,sky,28.651799999999998
-0.2814244,-1.723228e-17,1.784256,sky,28.651799999999998
-0.4217805,-2.582661e-17,1.926734,sky,28.651799999999998
-0.5621365,-3.442093e-17,2.069213,sky,28.651799999999998
