x,y,z,rearMat,Wm2Back
0.733379,4.490651e-17,1.819619,sky,21.15523
0.5501344,3.368602e-17,1.739485,sky,21.15523
0.3668898,2.246552e-17,1.659351,sky,21.15523
0.1836453,1.124503e-17,1.579218,sky,21.15523
0.0004006689,2.453389e-20,1.499084,sky,21.15523
-0.1828439,-1.119596e-17,1.41895,sky,21.15523
-0.3660885,-2.241646e-17,1.338816,sky,21.15523
-0.5493331,-3.363695e-17,1.258682,sky,21.15523
-0.7325777,-4.485745e-17,1.178549,sky,21.15523
