x,y,z,mattype,Wm2Front
1.5746,3.050247e-17,0.05,groundplane,444.25960000000003
1.5746,0.0254,0.05,groundplane,444.2617
1.5746,0.0508,0.05,groundplane,444.26140000000004
1.5746,0.0762,0.05,groundplane,444.26129999999995
1.5746,0.1016,0.05,groundplane,444.2611
