x,y,z,mattype,Wm2Front
0.3746,3.519393e-17,0.05,groundplane,697.4368
0.3746,0.0254,0.05,groundplane,697.4391
0.3746,0.0508,0.05,groundplane,697.4388
0.3746,0.0762,0.05,groundplane,697.4384999999999
0.3746,0.1016,0.05,groundplane,697.4382
