x,y,z,rearMat,Wm2Back
0.7504648,4.595272e-17,1.777135,sky,7.355134
0.5629355,3.446986e-17,1.707617,sky,7.355134
0.3754062,2.2987e-17,1.638098,sky,7.355134
0.1878769,1.150414e-17,1.56858,sky,7.355134
0.0003475903,2.128377e-20,1.499062,sky,7.355134
-0.1871817,-1.146157e-17,1.429544,sky,7.355134
-0.374711,-2.294443e-17,1.360026,sky,7.355134
-0.5622403,-3.442729e-17,1.290508,sky,7.355134
-0.7497696,-4.591015e-17,1.22099,sky,7.355134
