x,y,z,mattype,Wm2Front
0.3746,4.812937e-17,0.05,groundplane,895.0112
0.3746,0.0254,0.05,groundplane,895.0117999999999
0.3746,0.0508,0.05,groundplane,895.0114
0.3746,0.0762,0.05,groundplane,895.0111
0.3746,0.1016,0.05,groundplane,895.0107000000002
