x,y,z,mattype,Wm2Front
1.5746,4.678938e-17,0.05,groundplane,127.26209999999999
1.5746,0.0254,0.05,groundplane,127.2609
1.5746,0.0508,0.05,groundplane,127.2608
1.5746,0.0762,0.05,groundplane,127.2608
1.5746,0.1016,0.05,groundplane,127.2608
