x,y,z,mattype,Wm2Front
0.3746,4.754846e-17,0.05,groundplane,931.1301
0.3746,0.0254,0.05,groundplane,931.1322999999999
0.3746,0.0508,0.05,groundplane,931.1317
0.3746,0.0762,0.05,groundplane,931.131
0.3746,0.1016,0.05,groundplane,931.1304
