x,y,z,mattype,Wm2Front
1.5746,3.917459e-17,0.05,groundplane,110.4513
1.5746,0.0254,0.05,groundplane,110.4515
1.5746,0.0508,0.05,groundplane,110.45139999999999
1.5746,0.0762,0.05,groundplane,110.45139999999999
1.5746,0.1016,0.05,groundplane,110.45139999999999
