x,y,z,mattype,Wm2Front
1.5746,3.050247e-17,0.05,groundplane,126.00010000000002
1.5746,0.0254,0.05,groundplane,126.0011
1.5746,0.0508,0.05,groundplane,126.00100000000002
1.5746,0.0762,0.05,groundplane,126.0009
1.5746,0.1016,0.05,groundplane,126.00079999999998
