x,y,z,mattype,Wm2Front
1.5746,4.297285e-17,0.05,groundplane,752.0726
1.5746,0.0254,0.05,groundplane,752.0745000000001
1.5746,0.0508,0.05,groundplane,752.074
1.5746,0.0762,0.05,groundplane,752.0736
1.5746,0.1016,0.05,groundplane,752.0732000000002
