x,y,z,mattype,Wm2Front
1.5746,4.898283e-17,0.05,groundplane,459.20599999999996
1.5746,0.0254,0.05,groundplane,459.21330000000006
1.5746,0.0508,0.05,groundplane,459.21060000000006
1.5746,0.0762,0.05,groundplane,459.20779999999996
1.5746,0.1016,0.05,groundplane,459.20509999999996
