x,y,z,mattype,Wm2Front
0.3746,3.75073e-17,0.05,groundplane,711.0385
0.3746,0.0254,0.05,groundplane,711.0378999999999
0.3746,0.0508,0.05,groundplane,711.0377
0.3746,0.0762,0.05,groundplane,711.0374
0.3746,0.1016,0.05,groundplane,711.0372000000001
