x,y,z,mattype,Wm2Front
0.3746,4.842934e-17,0.05,groundplane,47.27428
0.3746,0.0254,0.05,groundplane,47.27568
0.3746,0.0508,0.05,groundplane,47.275650000000006
0.3746,0.0762,0.05,groundplane,47.27562
0.3746,0.1016,0.05,groundplane,47.2756
