x,y,z,mattype,Wm2Front
0.3746,4.895138e-17,0.05,groundplane,14.078179999999998
0.3746,0.0254,0.05,groundplane,14.07852
0.3746,0.0508,0.05,groundplane,14.07852
0.3746,0.0762,0.05,groundplane,14.07853
0.3746,0.1016,0.05,groundplane,14.07853
