x,y,z,rearMat,Wm2Back
0.5160293,3.159768e-17,0.8886778,sky,100.0007
0.3868311,2.368657e-17,1.041347,sky,100.0007
0.257633,1.577547e-17,1.194016,sky,100.0007
0.1284348,7.864364e-18,1.346685,sky,100.0007
-0.0007633452,-4.674141e-20,1.499354,sky,100.0007
-0.1299615,-7.957847e-18,1.652023,sky,100.0007
-0.2591596,-1.586895e-17,1.804692,sky,100.0007
-0.3883578,-2.378006e-17,1.957361,sky,100.0007
-0.517556,-3.169116e-17,2.11003,sky,100.0007
