x,y,z,mattype,Wm2Front
0.3746,4.784421e-17,0.05,groundplane,24.905999999999995
0.3746,0.0254,0.05,groundplane,24.906230000000004
0.3746,0.0508,0.05,groundplane,24.906230000000004
0.3746,0.0762,0.05,groundplane,24.906230000000004
0.3746,0.1016,0.05,groundplane,24.906230000000004
