x,y,z,mattype,Wm2Front
1.5746,3.050247e-17,0.05,groundplane,368.3181
1.5746,0.0254,0.05,groundplane,368.3210000000001
1.5746,0.0508,0.05,groundplane,368.3209
1.5746,0.0762,0.05,groundplane,368.3207
1.5746,0.1016,0.05,groundplane,368.3205
