x,y,z,rearMat,Wm2Back
0.6183502,3.786303e-17,0.9924135,sky,14.688520000000002
0.4636043,2.838757e-17,1.119117,sky,14.688520000000002
0.3088583,1.891212e-17,1.24582,sky,14.688520000000002
0.1541124,9.436664e-18,1.372523,sky,14.688520000000002
-0.0006335159,-3.879166e-20,1.499226,sky,14.688520000000002
-0.1553794,-9.514247e-18,1.625929,sky,14.688520000000002
-0.3101254,-1.89897e-17,1.752633,sky,14.688520000000002
-0.4648713,-2.846516e-17,1.879336,sky,14.688520000000002
-0.6196172,-3.794061e-17,2.006039,sky,14.688520000000002
