x,y,z,mattype,Wm2Front
0.3746,3.937915e-17,0.05,groundplane,735.0219000000001
0.3746,0.0254,0.05,groundplane,735.0234999999999
0.3746,0.0508,0.05,groundplane,735.0232
0.3746,0.0762,0.05,groundplane,735.0229
0.3746,0.1016,0.05,groundplane,735.0225
