x,y,z,mattype,Wm2Front
1.5746,4.397429e-17,0.05,groundplane,184.14060000000003
1.5746,0.0254,0.05,groundplane,184.1422
1.5746,0.0508,0.05,groundplane,184.1422
1.5746,0.0762,0.05,groundplane,184.1422
1.5746,0.1016,0.05,groundplane,184.1422
