x,y,z,mattype,Wm2Front
1.5746,4.812894e-17,0.05,groundplane,841.4567000000001
1.5746,0.0254,0.05,groundplane,841.4575
1.5746,0.0508,0.05,groundplane,841.457
1.5746,0.0762,0.05,groundplane,841.4566
1.5746,0.1016,0.05,groundplane,841.4562
