x,y,z,rearMat,Wm2Back
0.7956304,4.871831e-17,1.416494,sky,22.85471
0.596697,3.653715e-17,1.437121,sky,22.85471
0.3977636,2.4356e-17,1.457749,sky,22.85471
0.1988302,1.217484e-17,1.478377,sky,22.85471
-0.0001031397,-6.315488e-21,1.499005,sky,22.85471
-0.1990365,-1.218747e-17,1.519633,sky,22.85471
-0.3979699,-2.436863e-17,1.540261,sky,22.85471
-0.5969033,-3.654978e-17,1.560889,sky,22.85471
-0.7958366,-4.873094e-17,1.581517,sky,22.85471
