x,y,z,rearMat,Wm2Back
0.7999727,4.89842e-17,1.506679,sky,2.410508
0.599982,3.67383e-17,1.50476,sky,2.410508
0.3999912,2.44924e-17,1.50284,sky,2.410508
0.2000004,1.224649e-17,1.50092,sky,2.410508
9.599163e-06,5.877792e-22,1.499,sky,2.410508
-0.1999812,-1.224532e-17,1.49708,sky,2.410508
-0.399972,-2.449122e-17,1.49516,sky,2.410508
-0.5999628,-3.673712e-17,1.493241,sky,2.410508
-0.7999535,-4.898303e-17,1.491321,sky,2.410508
