x,y,z,rearMat,Wm2Back
0.6808813,4.169196e-17,1.920002,sky,11.29613
0.5107925,3.127702e-17,1.814789,sky,11.29613
0.3407037,2.086208e-17,1.709576,sky,11.29613
0.1706149,1.044715e-17,1.604363,sky,11.29613
0.0005260655,3.221222e-20,1.49915,sky,11.29613
-0.1695627,-1.038272e-17,1.393936,sky,11.29613
-0.3396516,-2.079766e-17,1.288723,sky,11.29613
-0.5097404,-3.12126e-17,1.18351,sky,11.29613
-0.6798292,-4.162753e-17,1.078297,sky,11.29613
