x,y,z,mattype,Wm2Front
0.3746,3.982242e-17,0.05,groundplane,88.18787000000002
0.3746,0.0254,0.05,groundplane,88.18882
0.3746,0.0508,0.05,groundplane,88.18874
0.3746,0.0762,0.05,groundplane,88.18865
0.3746,0.1016,0.05,groundplane,88.18856999999998
