x,y,z,mattype,Wm2Front
1.5746,3.940967e-17,0.05,groundplane,420.249
1.5746,0.0254,0.05,groundplane,420.25690000000003
1.5746,0.0508,0.05,groundplane,420.2556
1.5746,0.0762,0.05,groundplane,420.2542
1.5746,0.1016,0.05,groundplane,420.2527
