x,y,z,mattype,Wm2Front
1.5746,4.315135e-17,0.05,groundplane,827.589
1.5746,0.0254,0.05,groundplane,827.5877999999999
1.5746,0.0508,0.05,groundplane,827.5872
1.5746,0.0762,0.05,groundplane,827.5867
1.5746,0.1016,0.05,groundplane,827.5862000000001
