x,y,z,mattype,Wm2Front
0.3746,4.696198e-17,0.05,groundplane,72.64891
0.3746,0.0254,0.05,groundplane,72.65079
0.3746,0.0508,0.05,groundplane,72.65081
0.3746,0.0762,0.05,groundplane,72.65083
0.3746,0.1016,0.05,groundplane,72.65085
