x,y,z,rearMat,Wm2Back
0.6664273,4.08069e-17,1.942578,sky,14.2784
0.499959,3.061366e-17,1.831726,sky,14.2784
0.3334908,2.042042e-17,1.720873,sky,14.2784
0.1670225,1.022718e-17,1.61002,sky,14.2784
0.0005542635,3.393885e-20,1.499168,sky,14.2784
-0.165914,-1.01593e-17,1.388315,sky,14.2784
-0.3323822,-2.035254e-17,1.277462,sky,14.2784
-0.4988505,-3.054578e-17,1.16661,sky,14.2784
-0.6653188,-4.073902e-17,1.055757,sky,14.2784
