x,y,z,rearMat,Wm2Back
0.7803926,4.778526e-17,1.323965,sky,13.26856
0.5852397,3.58356e-17,1.36773,sky,13.26856
0.3900869,2.388593e-17,1.411494,sky,13.26856
0.194934,1.193627e-17,1.455259,sky,13.26856
-0.0002188245,-1.339914e-20,1.499024,sky,13.26856
-0.1953717,-1.196306e-17,1.542789,sky,13.26856
-0.3905245,-2.391273e-17,1.586554,sky,13.26856
-0.5856774,-3.58624e-17,1.630319,sky,13.26856
-0.7808302,-4.781206e-17,1.674084,sky,13.26856
