x,y,z,rearMat,Wm2Back
0.5715628,3.499813e-17,0.9402527,sky,17.71612
0.4284974,2.62379e-17,1.080011,sky,17.71612
0.285432,1.747767e-17,1.219769,sky,17.71612
0.1423666,8.71744e-18,1.359527,sky,17.71612
-0.0006987899,-4.278854e-20,1.499285,sky,17.71612
-0.1437642,-8.803017e-18,1.639043,sky,17.71612
-0.2868296,-1.756325e-17,1.778801,sky,17.71612
-0.429895,-2.632347e-17,1.918559,sky,17.71612
-0.5729603,-3.50837e-17,2.058317,sky,17.71612
