x,y,z,rearMat,Wm2Back
0.6742002,4.128286e-17,1.930645,sky,181.29100000000003
0.505785,3.09704e-17,1.822773,sky,181.29100000000003
0.3373698,2.065794e-17,1.714901,sky,181.29100000000003
0.1689546,1.034548e-17,1.60703,sky,181.29100000000003
0.0005393588,3.30262e-20,1.499158,sky,181.29100000000003
-0.1678759,-1.027943e-17,1.391286,sky,181.29100000000003
-0.3362911,-2.059189e-17,1.283414,sky,181.29100000000003
-0.5047063,-3.090435e-17,1.175543,sky,181.29100000000003
-0.6731215,-4.12168e-17,1.067671,sky,181.29100000000003
