x,y,z,mattype,Wm2Front
0.3746,4.798698e-17,0.05,groundplane,910.1381
0.3746,0.0254,0.05,groundplane,910.1364
0.3746,0.0508,0.05,groundplane,910.1358999999999
0.3746,0.0762,0.05,groundplane,910.1354
0.3746,0.1016,0.05,groundplane,910.1349999999999
