x,y,z,mattype,Wm2Front
1.5746,4.793612e-17,0.05,groundplane,76.61949
1.5746,0.0254,0.05,groundplane,76.61891
1.5746,0.0508,0.05,groundplane,76.61887
1.5746,0.0762,0.05,groundplane,76.61884
1.5746,0.1016,0.05,groundplane,76.6188
