x,y,z,rearMat,Wm2Back
0.7964785,4.877025e-17,1.574986,sky,5.019093
0.5973827,3.657914e-17,1.555991,sky,5.019093
0.3982868,2.438803e-17,1.536995,sky,5.019093
0.1991909,1.219692e-17,1.518,sky,5.019093
9.497707e-05,5.815668e-21,1.499005,sky,5.019093
-0.1990009,-1.218529e-17,1.480009,sky,5.019093
-0.3980968,-2.43764e-17,1.461014,sky,5.019093
-0.5971927,-3.656751e-17,1.442018,sky,5.019093
-0.7962886,-4.875861e-17,1.423023,sky,5.019093
