x,y,z,mattype,Wm2Front
1.5746,3.734166e-17,0.05,groundplane,219.9111
1.5746,0.0254,0.05,groundplane,219.90960000000004
1.5746,0.0508,0.05,groundplane,219.9095
1.5746,0.0762,0.05,groundplane,219.9094
1.5746,0.1016,0.05,groundplane,219.9093
