x,y,z,rearMat,Wm2Back
0.5634936,3.450403e-17,0.9321303,sky,20.09208
0.4224429,2.586717e-17,1.073921,sky,20.09208
0.2813923,1.723031e-17,1.215713,sky,20.09208
0.1403417,8.593449e-18,1.357504,sky,20.09208
-0.0007089556,-4.341101e-20,1.499295,sky,20.09208
-0.1417596,-8.680271e-18,1.641086,sky,20.09208
-0.2828102,-1.731713e-17,1.782877,sky,20.09208
-0.4238609,-2.595399e-17,1.924668,sky,20.09208
-0.5649115,-3.459085e-17,2.066459,sky,20.09208
