x,y,z,mattype,Wm2Front
0.3746,3.991689e-17,0.05,groundplane,876.9591
0.3746,0.0254,0.05,groundplane,876.9635
0.3746,0.0508,0.05,groundplane,876.9627999999999
0.3746,0.0762,0.05,groundplane,876.962
0.3746,0.1016,0.05,groundplane,876.9613
