x,y,z,mattype,Wm2Front
1.5746,3.820916e-17,0.05,groundplane,727.2936
1.5746,0.0254,0.05,groundplane,727.2956
1.5746,0.0508,0.05,groundplane,727.2953000000001
1.5746,0.0762,0.05,groundplane,727.2949
1.5746,0.1016,0.05,groundplane,727.2945999999998
