x,y,z,mattype,Wm2Front
1.5746,3.145662e-17,0.05,groundplane,471.8077
1.5746,0.0254,0.05,groundplane,471.81200000000007
1.5746,0.0508,0.05,groundplane,471.8114
1.5746,0.0762,0.05,groundplane,471.8109
1.5746,0.1016,0.05,groundplane,471.8104
