x,y,z,mattype,Wm2Front
1.5746,4.789359e-17,0.05,groundplane,707.3624999999998
1.5746,0.0254,0.05,groundplane,707.3637
1.5746,0.0508,0.05,groundplane,707.3633999999998
1.5746,0.0762,0.05,groundplane,707.3629999999999
1.5746,0.1016,0.05,groundplane,707.3627
