x,y,z,rearMat,Wm2Back
0.7134915,4.368875e-17,1.138156,sky,13.96983
0.5350058,3.275966e-17,1.228394,sky,13.96983
0.3565202,2.183056e-17,1.318632,sky,13.96983
0.1780345,1.090147e-17,1.40887,sky,13.96983
-0.0004511891,-2.762736e-20,1.499108,sky,13.96983
-0.1789369,-1.095672e-17,1.589345,sky,13.96983
-0.3574225,-2.188582e-17,1.679583,sky,13.96983
-0.5359082,-3.281491e-17,1.769821,sky,13.96983
-0.7143939,-4.374401e-17,1.860059,sky,13.96983
