x,y,z,rearMat,Wm2Back
0.7444963,4.558725e-17,1.79279,sky,9.868507
0.558464,3.419606e-17,1.71936,sky,9.868507
0.3724317,2.280487e-17,1.64593,sky,9.868507
0.1863994,1.141367e-17,1.5725,sky,9.868507
0.0003671507,2.24815e-20,1.49907,sky,9.868507
-0.1856651,-1.136871e-17,1.42564,sky,9.868507
-0.3716974,-2.27599e-17,1.35221,sky,9.868507
-0.5577297,-3.41511e-17,1.278779,sky,9.868507
-0.743762,-4.554229e-17,1.205349,sky,9.868507
