x,y,z,rearMat,Wm2Back
0.692133,4.238092e-17,1.901189,sky,14.65638
0.5192254,3.179339e-17,1.800676,sky,14.65638
0.3463178,2.120585e-17,1.700162,sky,14.65638
0.1734102,1.061831e-17,1.599649,sky,14.65638
0.0005025673,3.077337e-20,1.499135,sky,14.65638
-0.172405,-1.055676e-17,1.398622,sky,14.65638
-0.3453127,-2.11443e-17,1.298109,sky,14.65638
-0.5182203,-3.173184e-17,1.197595,sky,14.65638
-0.6911279,-4.231938e-17,1.097082,sky,14.65638
