x,y,z,mattype,Wm2Front
0.3746,4.785343e-17,0.05,groundplane,852.4249999999998
0.3746,0.0254,0.05,groundplane,852.4262
0.3746,0.0508,0.05,groundplane,852.4258
0.3746,0.0762,0.05,groundplane,852.4254
0.3746,0.1016,0.05,groundplane,852.4249999999998
