x,y,z,rearMat,Wm2Back
0.6671738,4.085261e-17,1.058548,sky,24.03605
0.5002426,3.063103e-17,1.168702,sky,24.03605
0.3333115,2.040944e-17,1.278856,sky,24.03605
0.1663804,1.018786e-17,1.389011,sky,24.03605
-0.0005507721,-3.372507e-20,1.499165,sky,24.03605
-0.1674819,-1.025531e-17,1.60932,sky,24.03605
-0.334413,-2.047689e-17,1.719474,sky,24.03605
-0.5013442,-3.069848e-17,1.829629,sky,24.03605
-0.6682753,-4.092006e-17,1.939783,sky,24.03605
