x,y,z,mattype,Wm2Front
1.5746,3.129238e-17,0.05,groundplane,84.05334
1.5746,0.0254,0.05,groundplane,84.05344
1.5746,0.0508,0.05,groundplane,84.05342
1.5746,0.0762,0.05,groundplane,84.05339
1.5746,0.1016,0.05,groundplane,84.05337
