x,y,z,rearMat,Wm2Back
0.7969217,4.879738e-17,1.570119,sky,2.818662
0.5977135,3.65994e-17,1.552341,sky,2.818662
0.3985053,2.440141e-17,1.534562,sky,2.818662
0.1992971,1.220343e-17,1.516783,sky,2.818662
8.88943e-05,5.443206e-21,1.499004,sky,2.818662
-0.1991193,-1.219254e-17,1.481225,sky,2.818662
-0.3983275,-2.439053e-17,1.463446,sky,2.818662
-0.5975357,-3.658851e-17,1.445667,sky,2.818662
-0.796744,-4.87865e-17,1.427889,sky,2.818662
