x,y,z,mattype,Wm2Front
1.5746,4.079475e-17,0.05,groundplane,786.9575
1.5746,0.0254,0.05,groundplane,786.9597
1.5746,0.0508,0.05,groundplane,786.9591999999999
1.5746,0.0762,0.05,groundplane,786.9588
1.5746,0.1016,0.05,groundplane,786.9584
