x,y,z,mattype,Wm2Front
1.5746,3.050247e-17,0.05,groundplane,454.3965
1.5746,0.0254,0.05,groundplane,454.3983
1.5746,0.0508,0.05,groundplane,454.3981999999999
1.5746,0.0762,0.05,groundplane,454.39810000000006
1.5746,0.1016,0.05,groundplane,454.3979
