x,y,z,mattype,Wm2Front
0.3746,4.222928e-17,0.05,groundplane,703.5466
0.3746,0.0254,0.05,groundplane,703.5481999999998
0.3746,0.0508,0.05,groundplane,703.5479
0.3746,0.0762,0.05,groundplane,703.5474
0.3746,0.1016,0.05,groundplane,703.5471000000001
