x,y,z,mattype,Wm2Front
0.3746,3.247255e-17,0.05,groundplane,376.1164999999999
0.3746,0.0254,0.05,groundplane,376.11550000000005
0.3746,0.0508,0.05,groundplane,376.11539999999997
0.3746,0.0762,0.05,groundplane,376.11539999999997
0.3746,0.1016,0.05,groundplane,376.1153
