x,y,z,mattype,Wm2Front
0.3746,4.030857e-17,0.05,groundplane,87.66725000000001
0.3746,0.0254,0.05,groundplane,87.66717
0.3746,0.0508,0.05,groundplane,87.66716000000001
0.3746,0.0762,0.05,groundplane,87.66714
0.3746,0.1016,0.05,groundplane,87.66714
