x,y,z,mattype,Wm2Front
1.5746,4.71777e-17,0.05,groundplane,689.2872000000001
1.5746,0.0254,0.05,groundplane,689.2877
1.5746,0.0508,0.05,groundplane,689.2874
1.5746,0.0762,0.05,groundplane,689.2871
1.5746,0.1016,0.05,groundplane,689.2867
