x,y,z,mattype,Wm2Front
1.5746,3.050247e-17,0.05,groundplane,96.13018
1.5746,0.0254,0.05,groundplane,96.13083999999999
1.5746,0.0508,0.05,groundplane,96.13079999999998
1.5746,0.0762,0.05,groundplane,96.13076
1.5746,0.1016,0.05,groundplane,96.13070999999998
