x,y,z,rearMat,Wm2Back
0.704856,4.315998e-17,1.87839,sky,12.144529999999998
0.5287605,3.237724e-17,1.783572,sky,12.144529999999998
0.352665,2.15945e-17,1.688755,sky,12.144529999999998
0.1765696,1.081177e-17,1.593937,sky,12.144529999999998
0.0004740882,2.902953e-20,1.49912,sky,12.144529999999998
-0.1756214,-1.075371e-17,1.404302,sky,12.144529999999998
-0.3517169,-2.153645e-17,1.309484,sky,12.144529999999998
-0.5278123,-3.231918e-17,1.214667,sky,12.144529999999998
-0.7039078,-4.310192e-17,1.119849,sky,12.144529999999998
