x,y,z,mattype,Wm2Front
0.3746,3.247255e-17,0.05,groundplane,425.6843999999999
0.3746,0.0254,0.05,groundplane,425.6836
0.3746,0.0508,0.05,groundplane,425.68340000000006
0.3746,0.0762,0.05,groundplane,425.6833
0.3746,0.1016,0.05,groundplane,425.6831
