x,y,z,mattype,Wm2Front
0.3746,4.899175e-17,0.05,groundplane,5.513482
0.3746,0.0254,0.05,groundplane,5.513324999999999
0.3746,0.0508,0.05,groundplane,5.51332
0.3746,0.0762,0.05,groundplane,5.513316
0.3746,0.1016,0.05,groundplane,5.513310999999999
