x,y,z,mattype,Wm2Front
0.3746,4.722594e-17,0.05,groundplane,734.8818
0.3746,0.0254,0.05,groundplane,734.8821000000002
0.3746,0.0508,0.05,groundplane,734.8817
0.3746,0.0762,0.05,groundplane,734.8813
0.3746,0.1016,0.05,groundplane,734.8809
