x,y,z,mattype,Wm2Front
1.5746,4.835083e-17,0.05,groundplane,42.56665
1.5746,0.0254,0.05,groundplane,42.56564
1.5746,0.0508,0.05,groundplane,42.56562
1.5746,0.0762,0.05,groundplane,42.5656
1.5746,0.1016,0.05,groundplane,42.56558
