x,y,z,rearMat,Wm2Back
0.5436393,3.328831e-17,0.9130952,sky,13.0929
0.4075463,2.495501e-17,1.059651,sky,13.0929
0.2714533,1.662172e-17,1.206207,sky,13.0929
0.1353602,8.288424e-18,1.352763,sky,13.0929
-0.0007327805,-4.486986e-20,1.49932,sky,13.0929
-0.1368258,-8.378164e-18,1.645876,sky,13.0929
-0.2729188,-1.671146e-17,1.792432,sky,13.0929
-0.4090119,-2.504475e-17,1.938988,sky,13.0929
-0.5451049,-3.337805e-17,2.085544,sky,13.0929
