x,y,z,mattype,Wm2Front
1.5746,4.722366e-17,0.05,groundplane,866.7572999999999
1.5746,0.0254,0.05,groundplane,866.7602
1.5746,0.0508,0.05,groundplane,866.7581
1.5746,0.0762,0.05,groundplane,866.7559
1.5746,0.1016,0.05,groundplane,866.7536999999999
