x,y,z,rearMat,Wm2Back
0.79956,4.895893e-17,1.473453,sky,34.90305
0.5996621,3.671871e-17,1.47984,sky,34.90305
0.3997641,2.447849e-17,1.486227,sky,34.90305
0.1998661,1.223827e-17,1.492614,sky,34.90305
-3.19341e-05,-1.955399e-21,1.499001,sky,34.90305
-0.1999299,-1.224218e-17,1.505387,sky,34.90305
-0.3998279,-2.44824e-17,1.511774,sky,34.90305
-0.5997259,-3.672262e-17,1.518161,sky,34.90305
-0.7996239,-4.896284e-17,1.524548,sky,34.90305
