x,y,z,mattype,Wm2Front
1.5746,3.876881e-17,0.05,groundplane,717.4097
1.5746,0.0254,0.05,groundplane,717.4095000000001
1.5746,0.0508,0.05,groundplane,717.4091
1.5746,0.0762,0.05,groundplane,717.4087
1.5746,0.1016,0.05,groundplane,717.4083
