x,y,z,rearMat,Wm2Back
0.795513,4.871112e-17,1.415383,sky,1.959645
0.5966086,3.653174e-17,1.436288,sky,1.959645
0.3977042,2.435236e-17,1.457194,sky,1.959645
0.1987999,1.217298e-17,1.4781,sky,1.959645
-0.0001045285,-6.400522e-21,1.499005,sky,1.959645
-0.1990089,-1.218578e-17,1.519911,sky,1.959645
-0.3979133,-2.436516e-17,1.540817,sky,1.959645
-0.5968177,-3.654454e-17,1.561723,sky,1.959645
-0.795722,-4.872392e-17,1.582628,sky,1.959645
