x,y,z,rearMat,Wm2Back
0.7307893,4.474794e-17,1.825496,sky,8.359907
0.548194,3.35672e-17,1.743894,sky,8.359907
0.3655987,2.238646e-17,1.662292,sky,8.359907
0.1830033,1.120572e-17,1.580689,sky,8.359907
0.0004080118,2.498352e-20,1.499087,sky,8.359907
-0.1821873,-1.115576e-17,1.417485,sky,8.359907
-0.3647827,-2.23365e-17,1.335882,sky,8.359907
-0.547378,-3.351723e-17,1.25428,sky,8.359907
-0.7299733,-4.469797e-17,1.172678,sky,8.359907
