x,y,z,mattype,Wm2Front
1.5746,3.050247e-17,0.05,groundplane,440.9809
1.5746,0.0254,0.05,groundplane,440.9828
1.5746,0.0508,0.05,groundplane,440.9826
1.5746,0.0762,0.05,groundplane,440.98240000000004
1.5746,0.1016,0.05,groundplane,440.9822
