x,y,z,mattype,Wm2Front
0.3746,4.89555e-17,0.05,groundplane,890.3134999999999
0.3746,0.0254,0.05,groundplane,890.3145
0.3746,0.0508,0.05,groundplane,890.3141
0.3746,0.0762,0.05,groundplane,890.3137
0.3746,0.1016,0.05,groundplane,890.3132
