x,y,z,rearMat,Wm2Back
0.7247019,4.437519e-17,1.838833,sky,59.86246
0.5436326,3.32879e-17,1.753899,sky,59.86246
0.3625633,2.22006e-17,1.668964,sky,59.86246
0.181494,1.11133e-17,1.584029,sky,59.86246
0.0004246735,2.600375e-20,1.499095,sky,59.86246
-0.1806446,-1.106129e-17,1.41416,sky,59.86246
-0.361714,-2.214859e-17,1.329225,sky,59.86246
-0.5427833,-3.323589e-17,1.244291,sky,59.86246
-0.7238526,-4.432319e-17,1.159356,sky,59.86246
