x,y,z,rearMat,Wm2Back
0.7630093,4.672085e-17,1.259547,sky,149.6793
0.5721822,3.503605e-17,1.319422,sky,149.6793
0.381355,2.335126e-17,1.379296,sky,149.6793
0.1905278,1.166646e-17,1.439171,sky,149.6793
-0.0002993739,-1.833136e-20,1.499046,sky,149.6793
-0.1911266,-1.170313e-17,1.558921,sky,149.6793
-0.3819537,-2.338792e-17,1.618795,sky,149.6793
-0.5727809,-3.507272e-17,1.67867,sky,149.6793
-0.7636081,-4.675751e-17,1.738545,sky,149.6793
