x,y,z,mattype,Wm2Front
1.5746,4.164091e-17,0.05,groundplane,212.7352
1.5746,0.0254,0.05,groundplane,212.73709999999997
1.5746,0.0508,0.05,groundplane,212.737
1.5746,0.0762,0.05,groundplane,212.737
1.5746,0.1016,0.05,groundplane,212.7369
