x,y,z,rearMat,Wm2Back
0.5781003,3.539844e-17,2.052993,sky,62.076
0.4337483,2.655942e-17,1.914564,sky,62.076
0.2893962,1.772041e-17,1.776136,sky,62.076
0.1450442,8.881395e-18,1.637707,sky,62.076
0.0006921432,4.238155e-20,1.499278,sky,62.076
-0.1436599,-8.796632e-18,1.36085,sky,62.076
-0.2880119,-1.763565e-17,1.222421,sky,62.076
-0.432364,-2.647466e-17,1.083992,sky,62.076
-0.576716,-3.531367e-17,0.9455637,sky,62.076
