x,y,z,rearMat,Wm2Back
0.7999649,4.898372e-17,1.492438,sky,16.70462
0.5999716,3.673767e-17,1.494078,sky,16.70462
0.3999783,2.449161e-17,1.495719,sky,16.70462
0.1999851,1.224555e-17,1.497359,sky,16.70462
-8.202955e-06,-5.022862e-22,1.499,sky,16.70462
-0.2000015,-1.224656e-17,1.500641,sky,16.70462
-0.3999947,-2.449261e-17,1.502281,sky,16.70462
-0.599988,-3.673867e-17,1.503922,sky,16.70462
-0.7999813,-4.898473e-17,1.505562,sky,16.70462
