x,y,z,mattype,Wm2Front
1.5746,3.425262e-17,0.05,groundplane,100.33030000000001
1.5746,0.0254,0.05,groundplane,100.33030000000001
1.5746,0.0508,0.05,groundplane,100.33030000000001
1.5746,0.0762,0.05,groundplane,100.3302
1.5746,0.1016,0.05,groundplane,100.3302
