x,y,z,rearMat,Wm2Back
0.7992095,4.893746e-17,1.53557,sky,5.859502
0.5994185,3.67038e-17,1.526428,sky,5.859502
0.3996276,2.447013e-17,1.517286,sky,5.859502
0.1998366,1.223647e-17,1.508143,sky,5.859502
4.571169e-05,2.799034e-21,1.499001,sky,5.859502
-0.1997452,-1.223087e-17,1.489859,sky,5.859502
-0.3995362,-2.446453e-17,1.480716,sky,5.859502
-0.5993271,-3.66982e-17,1.471574,sky,5.859502
-0.799118,-4.893187e-17,1.462432,sky,5.859502
