x,y,z,mattype,Wm2Front
1.5746,3.247255e-17,0.05,groundplane,229.7556
1.5746,0.0254,0.05,groundplane,229.7505
1.5746,0.0508,0.05,groundplane,229.7504
1.5746,0.0762,0.05,groundplane,229.75020000000004
1.5746,0.1016,0.05,groundplane,229.75
