x,y,z,mattype,Wm2Front
0.3746,3.852166e-17,0.05,groundplane,689.1637999999999
0.3746,0.0254,0.05,groundplane,689.1635
0.3746,0.0508,0.05,groundplane,689.1631000000001
0.3746,0.0762,0.05,groundplane,689.1627
0.3746,0.1016,0.05,groundplane,689.1624
