x,y,z,mattype,Wm2Front
1.5746,3.257661e-17,0.05,groundplane,187.61530000000002
1.5746,0.0254,0.05,groundplane,187.617
1.5746,0.0508,0.05,groundplane,187.6168
1.5746,0.0762,0.05,groundplane,187.61659999999998
1.5746,0.1016,0.05,groundplane,187.6164
