x,y,z,mattype,Wm2Front
1.5746,4.890905e-17,0.05,groundplane,22.83342
1.5746,0.0254,0.05,groundplane,22.8342
1.5746,0.0508,0.05,groundplane,22.834189999999996
1.5746,0.0762,0.05,groundplane,22.83418
1.5746,0.1016,0.05,groundplane,22.83417
