x,y,z,mattype,Wm2Front
1.5746,4.708169e-17,0.05,groundplane,117.34499999999998
1.5746,0.0254,0.05,groundplane,117.3442
1.5746,0.0508,0.05,groundplane,117.3442
1.5746,0.0762,0.05,groundplane,117.3442
1.5746,0.1016,0.05,groundplane,117.3442
