x,y,z,rearMat,Wm2Back
0.7745593,4.742808e-17,1.700147,sky,10.43713
0.5809823,3.557491e-17,1.649868,sky,10.43713
0.3874054,2.372174e-17,1.59959,sky,10.43713
0.1938284,1.186857e-17,1.549311,sky,10.43713
0.0002513937,1.539343e-20,1.499032,sky,10.43713
-0.1933256,-1.183778e-17,1.448753,sky,10.43713
-0.3869026,-2.369095e-17,1.398475,sky,10.43713
-0.5804796,-3.554412e-17,1.348196,sky,10.43713
-0.7740565,-4.739729e-17,1.297917,sky,10.43713
