x,y,z,rearMat,Wm2Back
0.5565139,3.407665e-17,0.9252885,sky,29.40606
0.417206,2.55465e-17,1.068792,sky,29.40606
0.2778982,1.701636e-17,1.212296,sky,29.40606
0.1385903,8.48621e-18,1.3558,sky,29.40606
-0.0007175187,-4.393535e-20,1.499303,sky,29.40606
-0.1400254,-8.574081e-18,1.642807,sky,29.40606
-0.2793332,-1.710423e-17,1.786311,sky,29.40606
-0.418641,-2.563437e-17,1.929815,sky,29.40606
-0.5579489,-3.416452e-17,2.073318,sky,29.40606
