x,y,z,mattype,Wm2Front
1.5746,4.764006e-17,0.05,groundplane,90.18818
1.5746,0.0254,0.05,groundplane,90.1891
1.5746,0.0508,0.05,groundplane,90.1891
1.5746,0.0762,0.05,groundplane,90.18910999999999
1.5746,0.1016,0.05,groundplane,90.18912
