x,y,z,rearMat,Wm2Back
0.6533007,4.000313e-17,1.038265,sky,12.69453
0.4898315,2.999353e-17,1.153494,sky,12.69453
0.3263623,1.998393e-17,1.268724,sky,12.69453
0.1628931,9.974324e-18,1.383953,sky,12.69453
-0.000576147,-3.527883e-20,1.499183,sky,12.69453
-0.1640454,-1.004488e-17,1.614412,sky,12.69453
-0.3275146,-2.005448e-17,1.729641,sky,12.69453
-0.4909838,-3.006409e-17,1.844871,sky,12.69453
-0.654453,-4.007369e-17,1.9601,sky,12.69453
