x,y,z,mattype,Wm2Front
1.5746,3.932173e-17,0.05,groundplane,24.40655
1.5746,0.0254,0.05,groundplane,24.40652
1.5746,0.0508,0.05,groundplane,24.40653
1.5746,0.0762,0.05,groundplane,24.40653
1.5746,0.1016,0.05,groundplane,24.40653
