x,y,z,rearMat,Wm2Back
0.7144567,4.374786e-17,1.859934,sky,21.19727
0.5359553,3.28178e-17,1.769727,sky,21.19727
0.3574539,2.188774e-17,1.679521,sky,21.19727
0.1789525,1.095768e-17,1.589314,sky,21.19727
0.0004510333,2.761783e-20,1.499107,sky,21.19727
-0.1780504,-1.090244e-17,1.408901,sky,21.19727
-0.3565518,-2.18325e-17,1.318694,sky,21.19727
-0.5350532,-3.276256e-17,1.228488,sky,21.19727
-0.7135547,-4.369262e-17,1.138281,sky,21.19727
