x,y,z,mattype,Wm2Front
1.5746,4.43367e-17,0.05,groundplane,410.5359
1.5746,0.0254,0.05,groundplane,410.5375000000001
1.5746,0.0508,0.05,groundplane,410.53579999999994
1.5746,0.0762,0.05,groundplane,410.5342
1.5746,0.1016,0.05,groundplane,410.5325
