x,y,z,mattype,Wm2Front
1.5746,3.98659e-17,0.05,groundplane,189.0612
1.5746,0.0254,0.05,groundplane,189.0612
1.5746,0.0508,0.05,groundplane,189.0611
1.5746,0.0762,0.05,groundplane,189.061
1.5746,0.1016,0.05,groundplane,189.06090000000003
