x,y,z,mattype,Wm2Front
0.3746,3.145662e-17,0.05,groundplane,471.4413
0.3746,0.0254,0.05,groundplane,471.44530000000003
0.3746,0.0508,0.05,groundplane,471.4448
0.3746,0.0762,0.05,groundplane,471.4442000000001
0.3746,0.1016,0.05,groundplane,471.4437
