x,y,z,rearMat,Wm2Back
0.7824559,4.79116e-17,1.333375,sky,3.620815
0.5867901,3.593053e-17,1.374787,sky,3.620815
0.3911244,2.394946e-17,1.416198,sky,3.620815
0.1954587,1.196839e-17,1.45761,sky,3.620815
-0.000207058,-1.267865e-20,1.499022,sky,3.620815
-0.1958728,-1.199375e-17,1.540433,sky,3.620815
-0.3915385,-2.397482e-17,1.581845,sky,3.620815
-0.5872043,-3.595589e-17,1.623256,sky,3.620815
-0.78287,-4.793696e-17,1.664668,sky,3.620815
