x,y,z,mattype,Wm2Front
0.3746,3.050247e-17,0.05,groundplane,496.3894
0.3746,0.0254,0.05,groundplane,496.39180000000005
0.3746,0.0508,0.05,groundplane,496.3915
0.3746,0.0762,0.05,groundplane,496.3913
0.3746,0.1016,0.05,groundplane,496.3911
