x,y,z,mattype,Wm2Front
1.5746,4.897738e-17,0.05,groundplane,12.296349999999999
1.5746,0.0254,0.05,groundplane,12.296529999999999
1.5746,0.0508,0.05,groundplane,12.296529999999999
1.5746,0.0762,0.05,groundplane,12.29652
1.5746,0.1016,0.05,groundplane,12.29652
