x,y,z,mattype,Wm2Front
0.3746,4.220323e-17,0.05,groundplane,91.28312
0.3746,0.0254,0.05,groundplane,91.28393999999999
0.3746,0.0508,0.05,groundplane,91.28388
0.3746,0.0762,0.05,groundplane,91.28382
0.3746,0.1016,0.05,groundplane,91.28375999999999
