x,y,z,mattype,Wm2Front
1.5746,4.052746e-17,0.05,groundplane,221.5806
1.5746,0.0254,0.05,groundplane,221.58360000000002
1.5746,0.0508,0.05,groundplane,221.58360000000002
1.5746,0.0762,0.05,groundplane,221.5835
1.5746,0.1016,0.05,groundplane,221.5835
