x,y,z,rearMat,Wm2Back
0.7796898,4.774223e-17,1.679123,sky,5.158959
0.5848236,3.581012e-17,1.634098,sky,5.158959
0.3899574,2.387801e-17,1.589074,sky,5.158959
0.1950913,1.19459e-17,1.54405,sky,5.158959
0.0002251211,1.378469e-20,1.499026,sky,5.158959
-0.194641,-1.191833e-17,1.454001,sky,5.158959
-0.3895072,-2.385044e-17,1.408977,sky,5.158959
-0.5843734,-3.578255e-17,1.363953,sky,5.158959
-0.7792395,-4.771466e-17,1.318929,sky,5.158959
