x,y,z,rearMat,Wm2Back
0.5953413,3.645414e-17,0.9656128,sky,24.110830000000004
0.4463392,2.73304e-17,1.099023,sky,24.110830000000004
0.2973371,1.820665e-17,1.232434,sky,24.110830000000004
0.148335,9.082902e-18,1.365844,sky,24.110830000000004
-0.0006670527,-4.08452e-20,1.499255,sky,24.110830000000004
-0.1496692,-9.164592e-18,1.632666,sky,24.110830000000004
-0.2986712,-1.828834e-17,1.766076,sky,24.110830000000004
-0.4476733,-2.741209e-17,1.899487,sky,24.110830000000004
-0.5966754,-3.653583e-17,2.032897,sky,24.110830000000004
