x,y,z,mattype,Wm2Front
0.3746,4.899477e-17,0.05,groundplane,713.6992
0.3746,0.0254,0.05,groundplane,713.6998
0.3746,0.0508,0.05,groundplane,713.6995000000001
0.3746,0.0762,0.05,groundplane,713.6991000000002
0.3746,0.1016,0.05,groundplane,713.6988
