x,y,z,mattype,Wm2Front
0.3746,4.154021e-17,0.05,groundplane,797.0607
0.3746,0.0254,0.05,groundplane,797.0606000000001
0.3746,0.0508,0.05,groundplane,797.0604
0.3746,0.0762,0.05,groundplane,797.0601
0.3746,0.1016,0.05,groundplane,797.0598999999999
