x,y,z,mattype,Wm2Front
0.3746,4.820176e-17,0.05,groundplane,765.0381000000001
0.3746,0.0254,0.05,groundplane,765.0413
0.3746,0.0508,0.05,groundplane,765.0402
0.3746,0.0762,0.05,groundplane,765.0392
0.3746,0.1016,0.05,groundplane,765.0382
