x,y,z,mattype,Wm2Front
0.3746,4.899102e-17,0.05,groundplane,1.618708
0.3746,0.0254,0.05,groundplane,1.61871
0.3746,0.0508,0.05,groundplane,1.61871
0.3746,0.0762,0.05,groundplane,1.61871
0.3746,0.1016,0.05,groundplane,1.61871
