x,y,z,mattype,Wm2Front
0.3746,4.862208e-17,0.05,groundplane,44.35654
0.3746,0.0254,0.05,groundplane,44.35601
0.3746,0.0508,0.05,groundplane,44.35602
0.3746,0.0762,0.05,groundplane,44.35602
0.3746,0.1016,0.05,groundplane,44.35603
