x,y,z,mattype,Wm2Front
0.3746,4.427923e-17,0.05,groundplane,24.85239
0.3746,0.0254,0.05,groundplane,24.85247
0.3746,0.0508,0.05,groundplane,24.85247
0.3746,0.0762,0.05,groundplane,24.852459999999997
0.3746,0.1016,0.05,groundplane,24.852459999999997
