x,y,z,mattype,Wm2Front
0.3746,4.817652e-17,0.05,groundplane,431.334
0.3746,0.0254,0.05,groundplane,431.33830000000006
0.3746,0.0508,0.05,groundplane,431.3362
0.3746,0.0762,0.05,groundplane,431.3341
0.3746,0.1016,0.05,groundplane,431.33200000000005
