x,y,z,mattype,Wm2Front
1.5746,4.444177e-17,0.05,groundplane,753.6066
1.5746,0.0254,0.05,groundplane,753.6069000000001
1.5746,0.0508,0.05,groundplane,753.6064
1.5746,0.0762,0.05,groundplane,753.6060000000001
1.5746,0.1016,0.05,groundplane,753.6056
