x,y,z,rearMat,Wm2Back
0.5678378,3.477004e-17,0.9364743,sky,40.87206
0.4257025,2.606676e-17,1.077178,sky,40.87206
0.2835672,1.736348e-17,1.217882,sky,40.87206
0.1414318,8.660201e-18,1.358586,sky,40.87206
-0.0007035188,-4.30781e-20,1.499289,sky,40.87206
-0.1428389,-8.746358e-18,1.639993,sky,40.87206
-0.2849742,-1.744964e-17,1.780697,sky,40.87206
-0.4271095,-2.615292e-17,1.921401,sky,40.87206
-0.5692449,-3.48562e-17,2.062104,sky,40.87206
