x,y,z,mattype,Wm2Front
1.5746,3.247255e-17,0.05,groundplane,376.41540000000003
1.5746,0.0254,0.05,groundplane,376.414
1.5746,0.0508,0.05,groundplane,376.4139
1.5746,0.0762,0.05,groundplane,376.4138
1.5746,0.1016,0.05,groundplane,376.41360000000003
