x,y,z,mattype,Wm2Front
0.3746,3.247255e-17,0.05,groundplane,438.1308000000001
0.3746,0.0254,0.05,groundplane,438.1305
0.3746,0.0508,0.05,groundplane,438.1303
0.3746,0.0762,0.05,groundplane,438.1302
0.3746,0.1016,0.05,groundplane,438.12999999999994
