x,y,z,mattype,Wm2Front
1.5746,4.170391e-17,0.05,groundplane,72.67882
1.5746,0.0254,0.05,groundplane,72.68104
1.5746,0.0508,0.05,groundplane,72.68103
1.5746,0.0762,0.05,groundplane,72.68102
1.5746,0.1016,0.05,groundplane,72.68102
