x,y,z,mattype,Wm2Front
0.3746,4.581398e-17,0.05,groundplane,849.7999
0.3746,0.0254,0.05,groundplane,849.8019
0.3746,0.0508,0.05,groundplane,849.8015
0.3746,0.0762,0.05,groundplane,849.801
0.3746,0.1016,0.05,groundplane,849.8004999999999
