x,y,z,mattype,Wm2Front
0.3746,4.878234e-17,0.05,groundplane,833.4719
0.3746,0.0254,0.05,groundplane,833.4747000000001
0.3746,0.0508,0.05,groundplane,833.4735999999999
0.3746,0.0762,0.05,groundplane,833.4724
0.3746,0.1016,0.05,groundplane,833.4713
