x,y,z,rearMat,Wm2Back
0.7783776,4.766188e-17,1.315259,sky,3.642839
0.5837258,3.574289e-17,1.361201,sky,3.642839
0.3890739,2.382391e-17,1.407143,sky,3.642839
0.1944221,1.190492e-17,1.453085,sky,3.642839
-0.00022971,-1.406568e-20,1.499027,sky,3.642839
-0.1948815,-1.193305e-17,1.544969,sky,3.642839
-0.3895334,-2.385204e-17,1.590911,sky,3.642839
-0.5841852,-3.577103e-17,1.636853,sky,3.642839
-0.778837,-4.769001e-17,1.682795,sky,3.642839
