x,y,z,rearMat,Wm2Back
0.6677126,4.08856e-17,1.059363,sky,127.95980000000002
0.500647,3.065579e-17,1.169313,sky,127.95980000000002
0.3335814,2.042597e-17,1.279264,sky,127.95980000000002
0.1665158,1.019615e-17,1.389214,sky,127.95980000000002
-0.000549752,-3.36626e-20,1.499165,sky,127.95980000000002
-0.1676153,-1.026348e-17,1.609115,sky,127.95980000000002
-0.3346809,-2.04933e-17,1.719065,sky,127.95980000000002
-0.5017465,-3.072311e-17,1.829016,sky,127.95980000000002
-0.6688121,-4.095293e-17,1.938966,sky,127.95980000000002
