x,y,z,rearMat,Wm2Back
0.6064021,3.713142e-17,0.9781979,sky,14.16418
0.4546388,2.78386e-17,1.108459,sky,14.16418
0.3028754,1.854577e-17,1.23872,sky,14.16418
0.1511121,9.252945e-18,1.36898,sky,14.16418
-0.0006513041,-3.988088e-20,1.499241,sky,14.16418
-0.1524147,-9.332706e-18,1.629502,sky,14.16418
-0.304178,-1.862553e-17,1.759763,sky,14.16418
-0.4559414,-2.791836e-17,1.890024,sky,14.16418
-0.6077047,-3.721118e-17,2.020284,sky,14.16418
