x,y,z,rearMat,Wm2Back
0.7943426,4.863946e-17,1.594978,sky,3.924638
0.5957869,3.648143e-17,1.570985,sky,3.924638
0.3972313,2.43234e-17,1.546993,sky,3.924638
0.1986756,1.216537e-17,1.523,sky,3.924638
0.0001199636,7.34565e-21,1.499007,sky,3.924638
-0.1984357,-1.215068e-17,1.475015,sky,3.924638
-0.3969914,-2.430871e-17,1.451022,sky,3.924638
-0.595547,-3.646674e-17,1.427029,sky,3.924638
-0.7941027,-4.862476e-17,1.403036,sky,3.924638
