x,y,z,mattype,Wm2Front
0.3746,4.880233e-17,0.05,groundplane,761.2009000000002
0.3746,0.0254,0.05,groundplane,761.2037
0.3746,0.0508,0.05,groundplane,761.2026
0.3746,0.0762,0.05,groundplane,761.2017
0.3746,0.1016,0.05,groundplane,761.2006
