x,y,z,mattype,Wm2Front
0.3746,3.050247e-17,0.05,groundplane,362.04389999999995
0.3746,0.0254,0.05,groundplane,362.0468
0.3746,0.0508,0.05,groundplane,362.04670000000004
0.3746,0.0762,0.05,groundplane,362.04659999999996
0.3746,0.1016,0.05,groundplane,362.0464
