x,y,z,rearMat,Wm2Back
0.799991,4.898532e-17,1.496068,sky,68.10267
0.5999923,3.673893e-17,1.496801,sky,68.10267
0.3999936,2.449255e-17,1.497534,sky,68.10267
0.199995,1.224616e-17,1.498267,sky,68.10267
-3.665183e-06,-2.244277e-22,1.499,sky,68.10267
-0.2000023,-1.224661e-17,1.499733,sky,68.10267
-0.400001,-2.4493e-17,1.500466,sky,68.10267
-0.5999996,-3.673938e-17,1.501199,sky,68.10267
-0.7999983,-4.898577e-17,1.501932,sky,68.10267
