x,y,z,rearMat,Wm2Back
0.762981,4.671911e-17,1.740543,sky,5.998580999999999
0.5723112,3.504395e-17,1.680169,sky,5.998580999999999
0.3816414,2.33688e-17,1.619795,sky,5.998580999999999
0.1909716,1.169364e-17,1.559421,sky,5.998580999999999
0.0003018708,1.848425e-20,1.499047,sky,5.998580999999999
-0.1903679,-1.165667e-17,1.438672,sky,5.998580999999999
-0.3810377,-2.333183e-17,1.378298,sky,5.998580999999999
-0.5717074,-3.500698e-17,1.317924,sky,5.998580999999999
-0.7623772,-4.668214e-17,1.25755,sky,5.998580999999999
