x,y,z,rearMat,Wm2Back
0.544696,3.335301e-17,2.085924,sky,43.19075
0.4087053,2.502598e-17,1.939273,sky,43.19075
0.2727146,1.669895e-17,1.792622,sky,43.19075
0.1367239,8.371926e-18,1.645971,sky,43.19075
0.0007332553,4.489894e-20,1.49932,sky,43.19075
-0.1352574,-8.282128e-18,1.352669,sky,43.19075
-0.2712481,-1.660916e-17,1.206018,sky,43.19075
-0.4072388,-2.493618e-17,1.059367,sky,43.19075
-0.5432294,-3.326321e-17,0.9127158,sky,43.19075
