x,y,z,rearMat,Wm2Back
0.5442536,3.332592e-17,0.9136648,sky,21.13663
0.4080072,2.498324e-17,1.060078,sky,21.13663
0.2717608,1.664055e-17,1.206492,sky,21.13663
0.1355144,8.297861e-18,1.352905,sky,21.13663
-0.0007320675,-4.482621e-20,1.499319,sky,21.13663
-0.1369785,-8.387513e-18,1.645732,sky,21.13663
-0.2732249,-1.67302e-17,1.792146,sky,21.13663
-0.4094713,-2.507289e-17,1.938559,sky,21.13663
-0.5457178,-3.341558e-17,2.084973,sky,21.13663
