x,y,z,rearMat,Wm2Back
0.5450027,3.337179e-17,2.085639,sky,18.07113
0.4089352,2.504006e-17,1.939059,sky,18.07113
0.2728678,1.670833e-17,1.792479,sky,18.07113
0.1368003,8.376605e-18,1.6459,sky,18.07113
0.0007328992,4.487713e-20,1.49932,sky,18.07113
-0.1353345,-8.286851e-18,1.35274,sky,18.07113
-0.271402,-1.661858e-17,1.20616,sky,18.07113
-0.4074694,-2.495031e-17,1.05958,sky,18.07113
-0.5435369,-3.328203e-17,0.9130003,sky,18.07113
