x,y,z,rearMat,Wm2Back
0.7203869,4.411098e-17,1.847913,sky,37.42377
0.5403992,3.308991e-17,1.76071,sky,37.42377
0.3604115,2.206884e-17,1.673507,sky,37.42377
0.1804237,1.104777e-17,1.586303,sky,37.42377
0.0004360166,2.669832e-20,1.4991,sky,37.42377
-0.1795517,-1.099437e-17,1.411897,sky,37.42377
-0.3595394,-2.201544e-17,1.324693,sky,37.42377
-0.5395272,-3.303651e-17,1.23749,sky,37.42377
-0.7195149,-4.405758e-17,1.150287,sky,37.42377
