x,y,z,rearMat,Wm2Back
0.6921804,4.238382e-17,1.098892,sky,19.23254
0.5190102,3.178021e-17,1.198953,sky,19.23254
0.34584,2.117659e-17,1.299013,sky,19.23254
0.1726699,1.057298e-17,1.399074,sky,19.23254
-0.0005003023,-3.063468e-20,1.499134,sky,19.23254
-0.1736705,-1.063425e-17,1.599195,sky,19.23254
-0.3468406,-2.123786e-17,1.699255,sky,19.23254
-0.5200108,-3.184148e-17,1.799316,sky,19.23254
-0.693181,-4.244509e-17,1.899376,sky,19.23254
