x,y,z,mattype,Wm2Front
0.3746,4.827252e-17,0.05,groundplane,25.61923
0.3746,0.0254,0.05,groundplane,25.61944
0.3746,0.0508,0.05,groundplane,25.619430000000005
0.3746,0.0762,0.05,groundplane,25.619430000000005
0.3746,0.1016,0.05,groundplane,25.61942
