x,y,z,rearMat,Wm2Back
0.6998207,4.285166e-17,1.112376,sky,8.572138
0.5247447,3.213134e-17,1.209064,sky,8.572138
0.3496686,2.141103e-17,1.305751,sky,8.572138
0.1745926,1.069071e-17,1.402438,sky,8.572138
-0.0004834352,-2.960187e-20,1.499125,sky,8.572138
-0.1755595,-1.074992e-17,1.595812,sky,8.572138
-0.3506355,-2.147023e-17,1.692499,sky,8.572138
-0.5257115,-3.219055e-17,1.789186,sky,8.572138
-0.7007876,-4.291086e-17,1.885873,sky,8.572138
