x,y,z,mattype,Wm2Front
0.3746,4.234165e-17,0.05,groundplane,828.2008
0.3746,0.0254,0.05,groundplane,828.2028999999999
0.3746,0.0508,0.05,groundplane,828.2026
0.3746,0.0762,0.05,groundplane,828.2023
0.3746,0.1016,0.05,groundplane,828.2019
