x,y,z,rearMat,Wm2Back
0.6968456,4.266949e-17,1.892947,sky,12.472299999999999
0.5227572,3.200965e-17,1.794493,sky,12.472299999999999
0.3486689,2.134981e-17,1.696038,sky,12.472299999999999
0.1745806,1.068998e-17,1.597584,sky,12.472299999999999
0.0004922716,3.014294e-20,1.49913,sky,12.472299999999999
-0.1735961,-1.062969e-17,1.400675,sky,12.472299999999999
-0.3476844,-2.128953e-17,1.302221,sky,12.472299999999999
-0.5217727,-3.194936e-17,1.203767,sky,12.472299999999999
-0.695861,-4.26092e-17,1.105312,sky,12.472299999999999
