x,y,z,rearMat,Wm2Back
0.6498171,3.978982e-17,1.033375,sky,58.56181
0.4872172,2.983345e-17,1.149828,sky,58.56181
0.3246174,1.987708e-17,1.266281,sky,58.56181
0.1620176,9.920715e-18,1.382734,sky,58.56181
-0.0005822649,-3.565344e-20,1.499187,sky,58.56181
-0.1631821,-9.992021e-18,1.61564,sky,58.56181
-0.3257819,-1.994839e-17,1.732093,sky,58.56181
-0.4883818,-2.990476e-17,1.848546,sky,58.56181
-0.6509816,-3.986113e-17,1.964999,sky,58.56181
