x,y,z,rearMat,Wm2Back
0.7866341,4.816745e-17,1.645629,sky,12.09294
0.5900214,3.612839e-17,1.608976,sky,12.09294
0.3934087,2.408933e-17,1.572323,sky,12.09294
0.196796,1.205028e-17,1.53567,sky,12.09294
0.0001832651,1.122175e-20,1.499017,sky,12.09294
-0.1964294,-1.202783e-17,1.462364,sky,12.09294
-0.3930421,-2.406689e-17,1.425711,sky,12.09294
-0.5896549,-3.610595e-17,1.389058,sky,12.09294
-0.7862676,-4.8145e-17,1.352405,sky,12.09294
