x,y,z,mattype,Wm2Front
0.3746,3.42465e-17,0.05,groundplane,742.1405
0.3746,0.0254,0.05,groundplane,742.145
0.3746,0.0508,0.05,groundplane,742.1447
0.3746,0.0762,0.05,groundplane,742.1442000000001
0.3746,0.1016,0.05,groundplane,742.1439
