x,y,z,mattype,Wm2Front
0.3746,4.897591e-17,0.05,groundplane,250.5643
0.3746,0.0254,0.05,groundplane,250.56450000000004
0.3746,0.0508,0.05,groundplane,250.5643
0.3746,0.0762,0.05,groundplane,250.564
0.3746,0.1016,0.05,groundplane,250.5638
