x,y,z,mattype,Wm2Front
1.5746,3.775381e-17,0.05,groundplane,733.9558000000001
1.5746,0.0254,0.05,groundplane,733.9553
1.5746,0.0508,0.05,groundplane,733.9551
1.5746,0.0762,0.05,groundplane,733.9548
1.5746,0.1016,0.05,groundplane,733.9545000000002
