x,y,z,rearMat,Wm2Back
0.7984468,4.889077e-17,1.450163,sky,68.6784
0.5988198,3.666714e-17,1.462373,sky,68.6784
0.3991929,2.444351e-17,1.474582,sky,68.6784
0.1995659,1.221989e-17,1.486792,sky,68.6784
-6.104854e-05,-3.738145e-21,1.499002,sky,68.6784
-0.199688,-1.222736e-17,1.511212,sky,68.6784
-0.399315,-2.445099e-17,1.523421,sky,68.6784
-0.5989419,-3.667462e-17,1.535631,sky,68.6784
-0.7985689,-4.889824e-17,1.547841,sky,68.6784
