x,y,z,mattype,Wm2Front
1.5746,4.39856e-17,0.05,groundplane,722.1677
1.5746,0.0254,0.05,groundplane,722.1691999999999
1.5746,0.0508,0.05,groundplane,722.1688
1.5746,0.0762,0.05,groundplane,722.1685000000001
1.5746,0.1016,0.05,groundplane,722.1682
