x,y,z,mattype,Wm2Front
1.5746,3.977119e-17,0.05,groundplane,761.8161999999999
1.5746,0.0254,0.05,groundplane,761.8154
1.5746,0.0508,0.05,groundplane,761.8151000000001
1.5746,0.0762,0.05,groundplane,761.8149
1.5746,0.1016,0.05,groundplane,761.8146
