x,y,z,rearMat,Wm2Back
0.6881558,4.213739e-17,1.092026,sky,16.87866
0.5159896,3.159525e-17,1.193804,sky,16.87866
0.3438235,2.105311e-17,1.295583,sky,16.87866
0.1716573,1.051098e-17,1.397361,sky,16.87866
-0.0005088912,-3.11606e-20,1.499139,sky,16.87866
-0.1726751,-1.05733e-17,1.600917,sky,16.87866
-0.3448412,-2.111544e-17,1.702696,sky,16.87866
-0.5170074,-3.165757e-17,1.804474,sky,16.87866
-0.6891736,-4.219971e-17,1.906252,sky,16.87866
