x,y,z,rearMat,Wm2Back
0.7584893,4.644408e-17,1.754352,sky,65.84658
0.5689468,3.483794e-17,1.690527,sky,65.84658
0.3794042,2.323181e-17,1.626702,sky,65.84658
0.1898617,1.162567e-17,1.562877,sky,65.84658
0.0003191247,1.954075e-20,1.499052,sky,65.84658
-0.1892234,-1.158659e-17,1.435227,sky,65.84658
-0.378766,-2.319273e-17,1.371402,sky,65.84658
-0.5683085,-3.479886e-17,1.307577,sky,65.84658
-0.7578511,-4.640499e-17,1.243753,sky,65.84658
