x,y,z,rearMat,Wm2Back
0.7418438,4.542483e-17,1.200552,sky,73.27372
0.5562895,3.406291e-17,1.275182,sky,73.27372
0.3707353,2.270099e-17,1.349812,sky,73.27372
0.1851811,1.133907e-17,1.424442,sky,73.27372
-0.0003731497,-2.284883e-20,1.499072,sky,73.27372
-0.1859274,-1.138477e-17,1.573702,sky,73.27372
-0.3714816,-2.274669e-17,1.648332,sky,73.27372
-0.5570358,-3.410861e-17,1.722962,sky,73.27372
-0.7425901,-4.547053e-17,1.797592,sky,73.27372
