x,y,z,rearMat,Wm2Back
0.7200633,4.409116e-17,1.151417,sky,7.593585
0.5399388,3.306172e-17,1.238338,sky,7.593585
0.3598144,2.203228e-17,1.325258,sky,7.593585
0.1796899,1.100283e-17,1.412179,sky,7.593585
-0.0004346025,-2.661173e-20,1.499099,sky,7.593585
-0.1805591,-1.105606e-17,1.58602,sky,7.593585
-0.3606836,-2.20855e-17,1.67294,sky,7.593585
-0.540808,-3.311494e-17,1.759861,sky,7.593585
-0.7209325,-4.414439e-17,1.846781,sky,7.593585
