x,y,z,rearMat,Wm2Back
0.6948478,4.254716e-17,1.896469,sky,37.57781
0.52126,3.191797e-17,1.797135,sky,37.57781
0.3476722,2.128878e-17,1.6978,sky,37.57781
0.1740844,1.06596e-17,1.598466,sky,37.57781
0.000496671,3.041233e-20,1.499132,sky,37.57781
-0.1730911,-1.059877e-17,1.399798,sky,37.57781
-0.3466789,-2.122796e-17,1.300464,sky,37.57781
-0.5202667,-3.185714e-17,1.201129,sky,37.57781
-0.6938544,-4.248633e-17,1.101795,sky,37.57781
