x,y,z,mattype,Wm2Front
1.5746,4.765803e-17,0.05,groundplane,85.40042
1.5746,0.0254,0.05,groundplane,85.40141
1.5746,0.0508,0.05,groundplane,85.40139
1.5746,0.0762,0.05,groundplane,85.40137
1.5746,0.1016,0.05,groundplane,85.40135
