x,y,z,mattype,Wm2Front
0.3746,4.737183e-17,0.05,groundplane,40.39481
0.3746,0.0254,0.05,groundplane,40.3965
0.3746,0.0508,0.05,groundplane,40.39644
0.3746,0.0762,0.05,groundplane,40.39637
0.3746,0.1016,0.05,groundplane,40.39632
