x,y,z,rearMat,Wm2Back
0.7999081,4.898024e-17,1.48783,sky,130.0271
0.5999276,3.673497e-17,1.490623,sky,130.0271
0.399947,2.448969e-17,1.493415,sky,130.0271
0.1999665,1.224442e-17,1.496208,sky,130.0271
-1.396218e-05,-8.54937e-22,1.499,sky,130.0271
-0.1999945,-1.224613e-17,1.501793,sky,130.0271
-0.399975,-2.44914e-17,1.504585,sky,130.0271
-0.5999555,-3.673668e-17,1.507377,sky,130.0271
-0.799936,-4.898195e-17,1.51017,sky,130.0271
