x,y,z,rearMat,Wm2Back
0.7791232,4.770754e-17,1.681571,sky,6.704657999999999
0.5843994,3.578414e-17,1.635935,sky,6.704657999999999
0.3896757,2.386075e-17,1.590299,sky,6.704657999999999
0.1949519,1.193736e-17,1.544663,sky,6.704657999999999
0.0002281809,1.397205e-20,1.499026,sky,6.704657999999999
-0.1944956,-1.190942e-17,1.45339,sky,6.704657999999999
-0.3892193,-2.383281e-17,1.407754,sky,6.704657999999999
-0.5839431,-3.57562e-17,1.362118,sky,6.704657999999999
-0.7786668,-4.767959e-17,1.316482,sky,6.704657999999999
