x,y,z,rearMat,Wm2Back
0.6878226,4.211699e-17,1.908535,sky,10.26448
0.5159949,3.159557e-17,1.806187,sky,10.26448
0.3441672,2.107416e-17,1.703838,sky,10.26448
0.1723395,1.055275e-17,1.601489,sky,10.26448
0.000511743,3.133522e-20,1.499141,sky,10.26448
-0.171316,-1.049008e-17,1.396792,sky,10.26448
-0.3431437,-2.101149e-17,1.294444,sky,10.26448
-0.5149714,-3.15329e-17,1.192095,sky,10.26448
-0.6867991,-4.205432e-17,1.089746,sky,10.26448
