x,y,z,mattype,Wm2Front
0.3746,4.894687e-17,0.05,groundplane,9.8185
0.3746,0.0254,0.05,groundplane,9.818187
0.3746,0.0508,0.05,groundplane,9.818191
0.3746,0.0762,0.05,groundplane,9.818194
0.3746,0.1016,0.05,groundplane,9.818199
