x,y,z,rearMat,Wm2Back
0.7949863,4.867887e-17,1.58943,sky,3.523975
0.596268,3.651088e-17,1.566824,sky,3.523975
0.3975497,2.43429e-17,1.544218,sky,3.523975
0.1988313,1.217491e-17,1.521612,sky,3.523975
0.0001130298,6.921079e-21,1.499006,sky,3.523975
-0.1986053,-1.216107e-17,1.4764,sky,3.523975
-0.3973236,-2.432905e-17,1.453794,sky,3.523975
-0.5960419,-3.649704e-17,1.431189,sky,3.523975
-0.7947602,-4.866503e-17,1.408583,sky,3.523975
