x,y,z,mattype,Wm2Front
0.3746,3.678935e-17,0.05,groundplane,788.0471000000001
0.3746,0.0254,0.05,groundplane,788.0515
0.3746,0.0508,0.05,groundplane,788.0508
0.3746,0.0762,0.05,groundplane,788.0502
0.3746,0.1016,0.05,groundplane,788.0495999999999
