x,y,z,rearMat,Wm2Back
0.5355993,3.2796e-17,0.9057489,sky,19.86462
0.401514,2.458564e-17,1.054144,sky,19.86462
0.2674287,1.637528e-17,1.202539,sky,19.86462
0.1333433,8.164925e-18,1.350934,sky,19.86462
-0.0007419758,-4.543292e-20,1.49933,sky,19.86462
-0.1348273,-8.255791e-18,1.647725,sky,19.86462
-0.2689126,-1.646615e-17,1.79612,sky,19.86462
-0.4029979,-2.467651e-17,1.944515,sky,19.86462
-0.5370833,-3.288687e-17,2.09291,sky,19.86462
