x,y,z,rearMat,Wm2Back
0.7732507,4.734795e-17,1.705145,sky,12.32082
0.5800024,3.551491e-17,1.653617,sky,12.32082
0.3867542,2.368186e-17,1.602089,sky,12.32082
0.1935059,1.184882e-17,1.550562,sky,12.32082
0.0002576388,1.577582e-20,1.499034,sky,12.32082
-0.1929906,-1.181727e-17,1.447506,sky,12.32082
-0.3862389,-2.365031e-17,1.395978,sky,12.32082
-0.5794871,-3.548335e-17,1.344451,sky,12.32082
-0.7727354,-4.73164e-17,1.292923,sky,12.32082
