x,y,z,mattype,Wm2Front
0.3746,4.889859e-17,0.05,groundplane,5.796767
0.3746,0.0254,0.05,groundplane,5.796772999999999
0.3746,0.0508,0.05,groundplane,5.796772
0.3746,0.0762,0.05,groundplane,5.796772
0.3746,0.1016,0.05,groundplane,5.796771
