x,y,z,rearMat,Wm2Back
0.7865577,4.816277e-17,1.646041,sky,133.5239
0.5899642,3.612489e-17,1.609285,sky,133.5239
0.3933708,2.408701e-17,1.572529,sky,133.5239
0.1967773,1.204913e-17,1.535773,sky,133.5239
0.0001837798,1.125327e-20,1.499017,sky,133.5239
-0.1964097,-1.202663e-17,1.462261,sky,133.5239
-0.3930032,-2.406451e-17,1.425505,sky,133.5239
-0.5895967,-3.610238e-17,1.388749,sky,133.5239
-0.7861902,-4.814026e-17,1.351993,sky,133.5239
