x,y,z,mattype,Wm2Front
0.3746,3.050247e-17,0.05,groundplane,429.0045
0.3746,0.0254,0.05,groundplane,429.0116
0.3746,0.0508,0.05,groundplane,429.011
0.3746,0.0762,0.05,groundplane,429.01039999999995
0.3746,0.1016,0.05,groundplane,429.0098
