x,y,z,mattype,Wm2Front
1.5746,4.244774e-17,0.05,groundplane,210.74339999999998
1.5746,0.0254,0.05,groundplane,210.74120000000002
1.5746,0.0508,0.05,groundplane,210.74120000000002
1.5746,0.0762,0.05,groundplane,210.74120000000002
1.5746,0.1016,0.05,groundplane,210.7411
