x,y,z,rearMat,Wm2Back
0.7933225,4.857699e-17,1.603153,sky,5.606475
0.5950244,3.643474e-17,1.577117,sky,5.606475
0.3967263,2.429248e-17,1.551081,sky,5.606475
0.1984283,1.215023e-17,1.525045,sky,5.606475
0.0001301801,7.971232e-21,1.499009,sky,5.606475
-0.1981679,-1.213428e-17,1.472972,sky,5.606475
-0.396466,-2.427654e-17,1.446936,sky,5.606475
-0.594764,-3.641879e-17,1.4209,sky,5.606475
-0.7930621,-4.856105e-17,1.394864,sky,5.606475
