x,y,z,mattype,Wm2Front
1.5746,4.882611e-17,0.05,groundplane,758.8731000000001
1.5746,0.0254,0.05,groundplane,758.8741
1.5746,0.0508,0.05,groundplane,758.8735
1.5746,0.0762,0.05,groundplane,758.873
1.5746,0.1016,0.05,groundplane,758.8725
