x,y,z,rearMat,Wm2Back
0.7594461,4.650266e-17,1.248519,sky,10.66719
0.5695063,3.48722e-17,1.311152,sky,10.66719
0.3795665,2.324174e-17,1.373785,sky,10.66719
0.1896267,1.161128e-17,1.436418,sky,10.66719
-0.0003131638,-1.917575e-20,1.49905,sky,10.66719
-0.190253,-1.164964e-17,1.561683,sky,10.66719
-0.3801928,-2.32801e-17,1.624316,sky,10.66719
-0.5701326,-3.491056e-17,1.686949,sky,10.66719
-0.7600725,-4.654102e-17,1.749581,sky,10.66719
