x,y,z,rearMat,Wm2Back
0.6262749,3.834828e-17,1.997776,sky,24.64344
0.469862,2.877075e-17,1.873136,sky,24.64344
0.313449,1.919322e-17,1.748497,sky,24.64344
0.1570361,9.615689e-18,1.623857,sky,24.64344
0.0006231974,3.815983e-20,1.499218,sky,24.64344
-0.1557897,-9.539369e-18,1.374578,sky,24.64344
-0.3122026,-1.91169e-17,1.249939,sky,24.64344
-0.4686156,-2.869443e-17,1.1253,sky,24.64344
-0.6250285,-3.827196e-17,1.00066,sky,24.64344
