x,y,z,mattype,Wm2Front
0.3746,3.348458e-17,0.05,groundplane,497.2263
0.3746,0.0254,0.05,groundplane,497.22509999999994
0.3746,0.0508,0.05,groundplane,497.2245
0.3746,0.0762,0.05,groundplane,497.2238
0.3746,0.1016,0.05,groundplane,497.2231
