x,y,z,rearMat,Wm2Back
0.6440118,3.943435e-17,1.974605,sky,152.5837
0.4831574,2.958486e-17,1.855753,sky,152.5837
0.322303,1.973537e-17,1.7369,sky,152.5837
0.1614486,9.885878e-18,1.618048,sky,152.5837
0.0005942614,3.638802e-20,1.499196,sky,152.5837
-0.1602601,-9.813102e-18,1.380343,sky,152.5837
-0.3211145,-1.966259e-17,1.261491,sky,152.5837
-0.4819689,-2.951208e-17,1.142639,sky,152.5837
-0.6428233,-3.936157e-17,1.023787,sky,152.5837
