x,y,z,rearMat,Wm2Back
0.6267677,3.837845e-17,1.002845,sky,50.14613
0.4699207,2.877434e-17,1.126938,sky,50.14613
0.3130736,1.917023e-17,1.25103,sky,50.14613
0.1562266,9.566119e-18,1.375123,sky,50.14613
-0.0006204636,-3.799244e-20,1.499216,sky,50.14613
-0.1574675,-9.642104e-18,1.623308,sky,50.14613
-0.3143145,-1.924622e-17,1.747401,sky,50.14613
-0.4711616,-2.885033e-17,1.871494,sky,50.14613
-0.6280086,-3.845444e-17,1.995587,sky,50.14613
