x,y,z,mattype,Wm2Front
0.3746,4.899692e-17,0.05,groundplane,4.825909
0.3746,0.0254,0.05,groundplane,4.825763
0.3746,0.0508,0.05,groundplane,4.825763
0.3746,0.0762,0.05,groundplane,4.825762
0.3746,0.1016,0.05,groundplane,4.825761
