x,y,z,rearMat,Wm2Back
0.709297,4.343192e-17,1.869998,sky,9.873676
0.5320887,3.258104e-17,1.777277,sky,9.873676
0.3548803,2.173015e-17,1.684556,sky,9.873676
0.177672,1.087927e-17,1.591835,sky,9.873676
0.0004636054,2.838764e-20,1.499114,sky,9.873676
-0.1767448,-1.082249e-17,1.406393,sky,9.873676
-0.3539531,-2.167338e-17,1.313672,sky,9.873676
-0.5311615,-3.252426e-17,1.220951,sky,9.873676
-0.7083698,-4.337514e-17,1.12823,sky,9.873676
