x,y,z,rearMat,Wm2Back
0.7726386,4.731047e-17,1.707438,sky,2.432067
0.5795441,3.548684e-17,1.655337,sky,2.432067
0.3864496,2.366321e-17,1.603236,sky,2.432067
0.193355,1.183958e-17,1.551135,sky,2.432067
0.0002605045,1.59513e-20,1.499035,sky,2.432067
-0.192834,-1.180768e-17,1.446934,sky,2.432067
-0.3859285,-2.363131e-17,1.394833,sky,2.432067
-0.5790231,-3.545494e-17,1.342732,sky,2.432067
-0.7721176,-4.727857e-17,1.290631,sky,2.432067
