x,y,z,rearMat,Wm2Back
0.6254922,3.830035e-17,1.998759,sky,22.21363
0.4692753,2.873482e-17,1.873874,sky,22.21363
0.3130583,1.916929e-17,1.748989,sky,22.21363
0.1568414,9.603764e-18,1.624104,sky,22.21363
0.000624425,3.823501e-20,1.499219,sky,22.21363
-0.1555925,-9.527294e-18,1.374334,sky,22.21363
-0.3118095,-1.909282e-17,1.249449,sky,22.21363
-0.4680264,-2.865835e-17,1.124564,sky,22.21363
-0.6242434,-3.822388e-17,0.9996789,sky,22.21363
