x,y,z,mattype,Wm2Front
0.3746,4.758137e-17,0.05,groundplane,817.1646999999999
0.3746,0.0254,0.05,groundplane,817.1667000000001
0.3746,0.0508,0.05,groundplane,817.1663
0.3746,0.0762,0.05,groundplane,817.1659
0.3746,0.1016,0.05,groundplane,817.1655
