x,y,z,mattype,Wm2Front
1.5746,4.192568e-17,0.05,groundplane,222.72210000000004
1.5746,0.0254,0.05,groundplane,222.7213
1.5746,0.0508,0.05,groundplane,222.72120000000004
1.5746,0.0762,0.05,groundplane,222.7211
1.5746,0.1016,0.05,groundplane,222.7211
