x,y,z,mattype,Wm2Front
1.5746,3.247255e-17,0.05,groundplane,442.72779999999995
1.5746,0.0254,0.05,groundplane,442.7254
1.5746,0.0508,0.05,groundplane,442.7253
1.5746,0.0762,0.05,groundplane,442.72520000000003
1.5746,0.1016,0.05,groundplane,442.72509999999994
