x,y,z,rearMat,Wm2Back
0.7921598,4.85058e-17,1.611731,sky,18.19691
0.5941551,3.638151e-17,1.583551,sky,18.19691
0.3961504,2.425721e-17,1.55537,sky,18.19691
0.1981456,1.213292e-17,1.52719,sky,18.19691
0.0001409012,8.627712e-21,1.49901,sky,18.19691
-0.1978638,-1.211567e-17,1.47083,sky,18.19691
-0.3958686,-2.423996e-17,1.442649,sky,18.19691
-0.5938733,-3.636425e-17,1.414469,sky,18.19691
-0.791878,-4.848854e-17,1.386289,sky,18.19691
