x,y,z,mattype,Wm2Front
0.3746,4.713585e-17,0.05,groundplane,869.7800000000001
0.3746,0.0254,0.05,groundplane,869.7797999999999
0.3746,0.0508,0.05,groundplane,869.7795
0.3746,0.0762,0.05,groundplane,869.7792
0.3746,0.1016,0.05,groundplane,869.7788999999999
