x,y,z,mattype,Wm2Front
1.5746,4.616235e-17,0.05,groundplane,68.3664
1.5746,0.0254,0.05,groundplane,68.36651
1.5746,0.0508,0.05,groundplane,68.36651
1.5746,0.0762,0.05,groundplane,68.3665
1.5746,0.1016,0.05,groundplane,68.3665
