x,y,z,rearMat,Wm2Back
0.5660966,3.466342e-17,2.065275,sky,48.56458
0.4247493,2.60084e-17,1.923779,sky,48.56458
0.2834021,1.735337e-17,1.782284,sky,48.56458
0.1420548,8.698346e-18,1.640789,sky,48.56458
0.0007074769,4.332047e-20,1.499293,sky,48.56458
-0.1406398,-8.611705e-18,1.357798,sky,48.56458
-0.2819871,-1.726673e-17,1.216302,sky,48.56458
-0.4233344,-2.592176e-17,1.074807,sky,48.56458
-0.5646817,-3.457678e-17,0.9333117,sky,48.56458
