x,y,z,rearMat,Wm2Back
0.6669425,4.083845e-17,1.058198,sky,10.897820000000001
0.5000691,3.06204e-17,1.16844,sky,10.897820000000001
0.3331957,2.040235e-17,1.278682,sky,10.897820000000001
0.1663222,1.01843e-17,1.388924,sky,10.897820000000001
-0.0005512091,-3.375182e-20,1.499166,sky,10.897820000000001
-0.1674246,-1.02518e-17,1.609407,sky,10.897820000000001
-0.3342981,-2.046985e-17,1.719649,sky,10.897820000000001
-0.5011715,-3.06879e-17,1.829891,sky,10.897820000000001
-0.6680449,-4.090595e-17,1.940133,sky,10.897820000000001
