x,y,z,rearMat,Wm2Back
0.7852267,4.808127e-17,1.653036,sky,83.83414
0.5889681,3.60639e-17,1.614532,sky,83.83414
0.3927096,2.404653e-17,1.576027,sky,83.83414
0.1964511,1.202916e-17,1.537523,sky,83.83414
0.000192522,1.178857e-20,1.499019,sky,83.83414
-0.196066,-1.200558e-17,1.460514,sky,83.83414
-0.3923245,-2.402295e-17,1.42201,sky,83.83414
-0.5885831,-3.604032e-17,1.383506,sky,83.83414
-0.7848416,-4.805769e-17,1.345001,sky,83.83414
