x,y,z,mattype,Wm2Front
0.3746,4.850374e-17,0.05,groundplane,853.4252
0.3746,0.0254,0.05,groundplane,853.4266000000001
0.3746,0.0508,0.05,groundplane,853.4261
0.3746,0.0762,0.05,groundplane,853.4254999999999
0.3746,0.1016,0.05,groundplane,853.4249
