x,y,z,rearMat,Wm2Back
0.7495746,4.589821e-17,1.220467,sky,14.98455
0.5620939,3.441833e-17,1.290116,sky,14.98455
0.3746132,2.293844e-17,1.359765,sky,14.98455
0.1871325,1.145856e-17,1.429414,sky,14.98455
-0.0003482449,-2.132385e-20,1.499063,sky,14.98455
-0.187829,-1.150121e-17,1.568712,sky,14.98455
-0.3753097,-2.298109e-17,1.638361,sky,14.98455
-0.5627904,-3.446097e-17,1.70801,sky,14.98455
-0.7502711,-4.594086e-17,1.777658,sky,14.98455
