x,y,z,rearMat,Wm2Back
0.7999666,4.898383e-17,1.507377,sky,17.7393
0.5999776,3.673803e-17,1.505283,sky,17.7393
0.3999885,2.449223e-17,1.503189,sky,17.7393
0.1999995,1.224644e-17,1.501094,sky,17.7393
1.047178e-05,6.412118e-22,1.499,sky,17.7393
-0.1999786,-1.224516e-17,1.496906,sky,17.7393
-0.3999676,-2.449095e-17,1.494811,sky,17.7393
-0.5999566,-3.673675e-17,1.492717,sky,17.7393
-0.7999457,-4.898254e-17,1.490623,sky,17.7393
