x,y,z,mattype,Wm2Front
0.3746,4.857187e-17,0.05,groundplane,407.9894
0.3746,0.0254,0.05,groundplane,407.9936
0.3746,0.0508,0.05,groundplane,407.992
0.3746,0.0762,0.05,groundplane,407.99039999999997
0.3746,0.1016,0.05,groundplane,407.9888
