x,y,z,mattype,Wm2Front
1.5746,4.189584e-17,0.05,groundplane,702.869
1.5746,0.0254,0.05,groundplane,702.8705
1.5746,0.0508,0.05,groundplane,702.8702
1.5746,0.0762,0.05,groundplane,702.8699
1.5746,0.1016,0.05,groundplane,702.8695000000001
