x,y,z,mattype,Wm2Front
0.3746,3.050247e-17,0.05,groundplane,414.33110000000005
0.3746,0.0254,0.05,groundplane,414.3332
0.3746,0.0508,0.05,groundplane,414.333
0.3746,0.0762,0.05,groundplane,414.33279999999996
0.3746,0.1016,0.05,groundplane,414.3326
