x,y,z,mattype,Wm2Front
0.3746,3.050247e-17,0.05,groundplane,107.719
0.3746,0.0254,0.05,groundplane,107.71930000000002
0.3746,0.0508,0.05,groundplane,107.7192
0.3746,0.0762,0.05,groundplane,107.7192
0.3746,0.1016,0.05,groundplane,107.71909999999998
