x,y,z,mattype,Wm2Front
1.5746,4.142183e-17,0.05,groundplane,219.5561
1.5746,0.0254,0.05,groundplane,219.5548
1.5746,0.0508,0.05,groundplane,219.5547
1.5746,0.0762,0.05,groundplane,219.5547
1.5746,0.1016,0.05,groundplane,219.55460000000002
