x,y,z,rearMat,Wm2Back
0.5566466,3.408478e-17,2.074583,sky,31.1082
0.4176648,2.557459e-17,1.930763,sky,31.1082
0.2786829,1.70644e-17,1.786944,sky,31.1082
0.139701,8.554218e-18,1.643125,sky,31.1082
0.0007190973,4.403201e-20,1.499305,sky,31.1082
-0.1382628,-8.466154e-18,1.355486,sky,31.1082
-0.2772447,-1.697634e-17,1.211666,sky,31.1082
-0.4162266,-2.548653e-17,1.067847,sky,31.1082
-0.5552084,-3.399671e-17,0.9240273,sky,31.1082
