x,y,z,rearMat,Wm2Back
0.7964654,4.876944e-17,1.575125,sky,8.508465
0.5973729,3.657854e-17,1.556095,sky,8.508465
0.3982803,2.438763e-17,1.537065,sky,8.508465
0.1991877,1.219673e-17,1.518035,sky,8.508465
9.515081e-05,5.826307e-21,1.499005,sky,8.508465
-0.1989974,-1.218508e-17,1.479974,sky,8.508465
-0.39809,-2.437598e-17,1.460944,sky,8.508465
-0.5971826,-3.656689e-17,1.441914,sky,8.508465
-0.7962751,-4.875779e-17,1.422884,sky,8.508465
