x,y,z,mattype,Wm2Front
0.3746,4.595211e-17,0.05,groundplane,776.8163
0.3746,0.0254,0.05,groundplane,776.8184
0.3746,0.0508,0.05,groundplane,776.8178000000001
0.3746,0.0762,0.05,groundplane,776.8173
0.3746,0.1016,0.05,groundplane,776.8168
