x,y,z,mattype,Wm2Front
1.5746,4.723051e-17,0.05,groundplane,747.3022
1.5746,0.0254,0.05,groundplane,747.3026999999998
1.5746,0.0508,0.05,groundplane,747.3024
1.5746,0.0762,0.05,groundplane,747.3021
1.5746,0.1016,0.05,groundplane,747.3017
