x,y,z,mattype,Wm2Front
1.5746,4.220323e-17,0.05,groundplane,91.29149
1.5746,0.0254,0.05,groundplane,91.29258
1.5746,0.0508,0.05,groundplane,91.29252000000001
1.5746,0.0762,0.05,groundplane,91.29244999999999
1.5746,0.1016,0.05,groundplane,91.2924
