x,y,z,mattype,Wm2Front
1.5746,4.80128e-17,0.05,groundplane,82.15808
1.5746,0.0254,0.05,groundplane,82.15749
1.5746,0.0508,0.05,groundplane,82.15748
1.5746,0.0762,0.05,groundplane,82.15747
1.5746,0.1016,0.05,groundplane,82.15746
