x,y,z,rearMat,Wm2Back
0.6652412,4.073428e-17,1.055641,sky,183.38839999999996
0.4987923,3.054222e-17,1.166523,sky,183.38839999999996
0.3323434,2.035016e-17,1.277404,sky,183.38839999999996
0.1658945,1.015811e-17,1.388286,sky,183.38839999999996
-0.0005544087,-3.394774e-20,1.499168,sky,183.38839999999996
-0.1670033,-1.0226e-17,1.61005,sky,183.38839999999996
-0.3334522,-2.041806e-17,1.720931,sky,183.38839999999996
-0.4999011,-3.061012e-17,1.831813,sky,183.38839999999996
-0.66635,-4.080217e-17,1.942695,sky,183.38839999999996
