x,y,z,mattype,Wm2Front
0.3746,3.408095e-17,0.05,groundplane,176.22760000000002
0.3746,0.0254,0.05,groundplane,176.23349999999996
0.3746,0.0508,0.05,groundplane,176.2333
0.3746,0.0762,0.05,groundplane,176.2331
0.3746,0.1016,0.05,groundplane,176.23300000000003
