x,y,z,mattype,Wm2Front
1.5746,3.050247e-17,0.05,groundplane,487.3108
1.5746,0.0254,0.05,groundplane,487.3154
1.5746,0.0508,0.05,groundplane,487.3152
1.5746,0.0762,0.05,groundplane,487.3149
1.5746,0.1016,0.05,groundplane,487.3147000000001
