x,y,z,mattype,Wm2Front
1.5746,4.621093e-17,0.05,groundplane,863.4807999999999
1.5746,0.0254,0.05,groundplane,863.4825
1.5746,0.0508,0.05,groundplane,863.4822
1.5746,0.0762,0.05,groundplane,863.4818
1.5746,0.1016,0.05,groundplane,863.4814
