x,y,z,rearMat,Wm2Back
0.7165599,4.387664e-17,1.144271,sky,7.88981
0.537309,3.290069e-17,1.232979,sky,7.88981
0.3580582,2.192474e-17,1.321688,sky,7.88981
0.1788073,1.094879e-17,1.410396,sky,7.88981
-0.0004435405,-2.715902e-20,1.499104,sky,7.88981
-0.1796944,-1.100311e-17,1.587812,sky,7.88981
-0.3589453,-2.197906e-17,1.67652,sky,7.88981
-0.5381961,-3.295501e-17,1.765228,sky,7.88981
-0.717447,-4.393096e-17,1.853936,sky,7.88981
