x,y,z,rearMat,Wm2Back
0.8000006,4.898591e-17,1.500117,sky,84.77255
0.6000008,3.673945e-17,1.499838,sky,84.77255
0.400001,2.4493e-17,1.499559,sky,84.77255
0.2000012,1.224654e-17,1.499279,sky,84.77255
1.396263e-06,8.549645e-23,1.499,sky,84.77255
-0.1999984,-1.224637e-17,1.498721,sky,84.77255
-0.3999982,-2.449283e-17,1.498441,sky,84.77255
-0.599998,-3.673928e-17,1.498162,sky,84.77255
-0.7999978,-4.898574e-17,1.497883,sky,84.77255
