x,y,z,mattype,Wm2Front
0.3746,3.050247e-17,0.05,groundplane,191.66060000000002
0.3746,0.0254,0.05,groundplane,191.6645
0.3746,0.0508,0.05,groundplane,191.66420000000002
0.3746,0.0762,0.05,groundplane,191.6638
0.3746,0.1016,0.05,groundplane,191.6635
