x,y,z,rearMat,Wm2Back
0.6802704,4.165455e-17,1.079009,sky,11.84248
0.5100715,3.123287e-17,1.184044,sky,11.84248
0.3398726,2.08112e-17,1.289079,sky,11.84248
0.1696737,1.038952e-17,1.394114,sky,11.84248
-0.0005251746,-3.215767e-20,1.499149,sky,11.84248
-0.1707241,-1.045383e-17,1.604184,sky,11.84248
-0.340923,-2.087551e-17,1.709219,sky,11.84248
-0.5111219,-3.129719e-17,1.814254,sky,11.84248
-0.6813208,-4.171886e-17,1.919289,sky,11.84248
