x,y,z,rearMat,Wm2Back
0.5988724,3.667036e-17,0.969573,sky,16.84134
0.4489888,2.749263e-17,1.101992,sky,16.84134
0.2991052,1.831491e-17,1.234412,sky,16.84134
0.1492215,9.137183e-18,1.366831,sky,16.84134
-0.000662097,-4.054175e-20,1.499251,sky,16.84134
-0.1505457,-9.218267e-18,1.63167,sky,16.84134
-0.3004294,-1.839599e-17,1.764089,sky,16.84134
-0.450313,-2.757372e-17,1.896509,sky,16.84134
-0.6001966,-3.675144e-17,2.028928,sky,16.84134
