x,y,z,mattype,Wm2Front
0.3746,4.126573e-17,0.05,groundplane,40.50953
0.3746,0.0254,0.05,groundplane,40.50949
0.3746,0.0508,0.05,groundplane,40.50949
0.3746,0.0762,0.05,groundplane,40.50947
0.3746,0.1016,0.05,groundplane,40.50946
