x,y,z,rearMat,Wm2Back
0.7343795,4.496778e-17,1.817313,sky,100.1279
0.5508841,3.373192e-17,1.737756,sky,100.1279
0.3673886,2.249607e-17,1.658198,sky,100.1279
0.1838932,1.126021e-17,1.57864,sky,100.1279
0.0003977885,2.435752e-20,1.499083,sky,100.1279
-0.1830976,-1.12115e-17,1.419525,sky,100.1279
-0.3665931,-2.244735e-17,1.339967,sky,100.1279
-0.5500885,-3.368321e-17,1.260409,sky,100.1279
-0.7335839,-4.491906e-17,1.180852,sky,100.1279
