x,y,z,mattype,Wm2Front
1.5746,3.755678e-17,0.05,groundplane,712.8916
1.5746,0.0254,0.05,groundplane,712.8906000000001
1.5746,0.0508,0.05,groundplane,712.8903999999999
1.5746,0.0762,0.05,groundplane,712.8901
1.5746,0.1016,0.05,groundplane,712.8899
