x,y,z,mattype,Wm2Front
1.5746,4.769309e-17,0.05,groundplane,98.25969000000002
1.5746,0.0254,0.05,groundplane,98.25930999999999
1.5746,0.0508,0.05,groundplane,98.25928
1.5746,0.0762,0.05,groundplane,98.25926
1.5746,0.1016,0.05,groundplane,98.25924000000002
