x,y,z,mattype,Wm2Front
1.5746,3.247255e-17,0.05,groundplane,479.4278
1.5746,0.0254,0.05,groundplane,479.4268
1.5746,0.0508,0.05,groundplane,479.4266
1.5746,0.0762,0.05,groundplane,479.4264
1.5746,0.1016,0.05,groundplane,479.42620000000005
