x,y,z,mattype,Wm2Front
0.3746,4.881301e-17,0.05,groundplane,17.42323
0.3746,0.0254,0.05,groundplane,17.42383
0.3746,0.0508,0.05,groundplane,17.42381
0.3746,0.0762,0.05,groundplane,17.4238
0.3746,0.1016,0.05,groundplane,17.42378
