x,y,z,rearMat,Wm2Back
0.7701101,4.715564e-17,1.283363,sky,4.766086
0.5775152,3.53626e-17,1.337282,sky,4.766086
0.3849202,2.356957e-17,1.3912,sky,4.766086
0.1923253,1.177653e-17,1.445119,sky,4.766086
-0.0002695922,-1.650776e-20,1.499037,sky,4.766086
-0.1928645,-1.180955e-17,1.552955,sky,4.766086
-0.3854594,-2.360258e-17,1.606874,sky,4.766086
-0.5780543,-3.539562e-17,1.660792,sky,4.766086
-0.7706493,-4.718866e-17,1.714711,sky,4.766086
