x,y,z,mattype,Wm2Front
1.5746,4.467053e-17,0.05,groundplane,172.6192
1.5746,0.0254,0.05,groundplane,172.62109999999998
1.5746,0.0508,0.05,groundplane,172.62109999999998
1.5746,0.0762,0.05,groundplane,172.621
1.5746,0.1016,0.05,groundplane,172.621
