x,y,z,rearMat,Wm2Back
0.5765538,3.530374e-17,2.054605,sky,53.94478999999999
0.4325889,2.648843e-17,1.915774,sky,53.94478999999999
0.288624,1.767312e-17,1.776943,sky,53.94478999999999
0.1446591,8.857814e-18,1.638111,sky,53.94478999999999
0.000694156,4.25048e-20,1.49928,sky,53.94478999999999
-0.1432708,-8.772804e-18,1.360449,sky,53.94478999999999
-0.2872357,-1.758811e-17,1.221618,sky,53.94478999999999
-0.4312006,-2.640342e-17,1.082787,sky,53.94478999999999
-0.5751655,-3.521873e-17,0.9439554,sky,53.94478999999999
