x,y,z,rearMat,Wm2Back
0.739149,4.525982e-17,1.193961,sky,6.906216
0.5542664,3.393903e-17,1.27024,sky,6.906216
0.3693838,2.261823e-17,1.346518,sky,6.906216
0.1845012,1.129744e-17,1.422797,sky,6.906216
-0.0003813931,-2.335359e-20,1.499076,sky,6.906216
-0.185264,-1.134415e-17,1.575354,sky,6.906216
-0.3701466,-2.266494e-17,1.651633,sky,6.906216
-0.5550292,-3.398573e-17,1.727911,sky,6.906216
-0.7399118,-4.530653e-17,1.80419,sky,6.906216
