x,y,z,mattype,Wm2Front
1.5746,4.479968e-17,0.05,groundplane,849.4733
1.5746,0.0254,0.05,groundplane,849.4744999999999
1.5746,0.0508,0.05,groundplane,849.4742
1.5746,0.0762,0.05,groundplane,849.4739
1.5746,0.1016,0.05,groundplane,849.4735999999999
