x,y,z,mattype,Wm2Front
1.5746,3.247255e-17,0.05,groundplane,466.0084
1.5746,0.0254,0.05,groundplane,466.00690000000003
1.5746,0.0508,0.05,groundplane,466.0064
1.5746,0.0762,0.05,groundplane,466.00589999999994
1.5746,0.1016,0.05,groundplane,466.0055
