x,y,z,rearMat,Wm2Back
0.5335217,3.266878e-17,0.9038829,sky,34.96605
0.3999552,2.449019e-17,1.052745,sky,34.96605
0.2663887,1.63116e-17,1.201608,sky,34.96605
0.1328222,8.133014e-18,1.35047,sky,34.96605
-0.0007443115,-4.557594e-20,1.499332,sky,34.96605
-0.1343108,-8.224166e-18,1.648194,sky,34.96605
-0.2678773,-1.640276e-17,1.797057,sky,34.96605
-0.4014438,-2.458135e-17,1.945919,sky,34.96605
-0.5350104,-3.275994e-17,2.094781,sky,34.96605
