x,y,z,rearMat,Wm2Back
0.7954239,4.870567e-17,1.41455,sky,2.017285
0.5965416,3.652764e-17,1.435664,sky,2.017285
0.3976592,2.43496e-17,1.456778,sky,2.017285
0.1987768,1.217157e-17,1.477892,sky,2.017285
-0.0001055699,-6.46429e-21,1.499006,sky,2.017285
-0.1989879,-1.21845e-17,1.52012,sky,2.017285
-0.3978703,-2.436253e-17,1.541234,sky,2.017285
-0.5967527,-3.654056e-17,1.562348,sky,2.017285
-0.7956351,-4.87186e-17,1.583461,sky,2.017285
