x,y,z,mattype,Wm2Front
1.5746,4.799217e-17,0.05,groundplane,687.3262
1.5746,0.0254,0.05,groundplane,687.3282
1.5746,0.0508,0.05,groundplane,687.3260999999999
1.5746,0.0762,0.05,groundplane,687.324
1.5746,0.1016,0.05,groundplane,687.3218
