x,y,z,rearMat,Wm2Back
0.7755513,4.748882e-17,1.303732,sky,10.48371
0.5816025,3.561288e-17,1.352557,sky,10.48371
0.3876536,2.373694e-17,1.401381,sky,10.48371
0.1937047,1.186099e-17,1.450206,sky,10.48371
-0.0002441228,-1.494821e-20,1.49903,sky,10.48371
-0.194193,-1.189089e-17,1.547855,sky,10.48371
-0.3881419,-2.376683e-17,1.596679,sky,10.48371
-0.5820907,-3.564278e-17,1.645504,sky,10.48371
-0.7760396,-4.751872e-17,1.694328,sky,10.48371
