x,y,z,rearMat,Wm2Back
0.6179357,3.783765e-17,2.008091,sky,20.80705
0.4636108,2.838798e-17,1.880875,sky,20.80705
0.3092859,1.89383e-17,1.75366,sky,20.80705
0.154961,9.488624e-18,1.626444,sky,20.80705
0.0006360782,3.894856e-20,1.499228,sky,20.80705
-0.1536888,-9.410727e-18,1.372013,sky,20.80705
-0.3080138,-1.88604e-17,1.244797,sky,20.80705
-0.4623387,-2.831008e-17,1.117581,sky,20.80705
-0.6166636,-3.775975e-17,0.9903658,sky,20.80705
