x,y,z,mattype,Wm2Front
1.5746,3.179633e-17,0.05,groundplane,508.57019999999994
1.5746,0.0254,0.05,groundplane,508.5727
1.5746,0.0508,0.05,groundplane,508.5724
1.5746,0.0762,0.05,groundplane,508.57199999999995
1.5746,0.1016,0.05,groundplane,508.5717
