x,y,z,mattype,Wm2Front
1.5746,4.813899e-17,0.05,groundplane,9.809443
1.5746,0.0254,0.05,groundplane,9.809865
1.5746,0.0508,0.05,groundplane,9.809858
1.5746,0.0762,0.05,groundplane,9.809851
1.5746,0.1016,0.05,groundplane,9.809844
