x,y,z,mattype,Wm2Front
0.3746,4.519908e-17,0.05,groundplane,935.7136999999999
0.3746,0.0254,0.05,groundplane,935.715
0.3746,0.0508,0.05,groundplane,935.7136999999999
0.3746,0.0762,0.05,groundplane,935.7126
0.3746,0.1016,0.05,groundplane,935.7115
