x,y,z,rearMat,Wm2Back
0.661966,4.053373e-17,1.050776,sky,22.01044
0.4963344,3.039172e-17,1.162875,sky,22.01044
0.3307028,2.02497e-17,1.274974,sky,22.01044
0.1650711,1.010769e-17,1.387073,sky,22.01044
-0.0005604945,-3.432039e-20,1.499172,sky,22.01044
-0.1661921,-1.017633e-17,1.611271,sky,22.01044
-0.3318238,-2.031835e-17,1.72337,sky,22.01044
-0.4974554,-3.046036e-17,1.835469,sky,22.01044
-0.663087,-4.060237e-17,1.947567,sky,22.01044
