x,y,z,rearMat,Wm2Back
0.5296611,3.243239e-17,0.9004501,sky,52.57761
0.3970587,2.431283e-17,1.050172,sky,52.57761
0.2644562,1.619327e-17,1.199894,sky,52.57761
0.1318538,8.073718e-18,1.349615,sky,52.57761
-0.0007486087,-4.583906e-20,1.499337,sky,52.57761
-0.133351,-8.165396e-18,1.649059,sky,52.57761
-0.2659535,-1.628495e-17,1.79878,sky,52.57761
-0.3985559,-2.440451e-17,1.948502,sky,52.57761
-0.5311583,-3.252407e-17,2.098224,sky,52.57761
