x,y,z,rearMat,Wm2Back
0.7999108,4.898041e-17,1.511985,sky,26.14765
0.5999372,3.673556e-17,1.508739,sky,26.14765
0.3999635,2.44907e-17,1.505492,sky,26.14765
0.1999899,1.224585e-17,1.502246,sky,26.14765
1.623085e-05,9.938529e-22,1.499,sky,26.14765
-0.1999574,-1.224386e-17,1.495754,sky,26.14765
-0.3999311,-2.448872e-17,1.492508,sky,26.14765
-0.5999047,-3.673357e-17,1.489262,sky,26.14765
-0.7998784,-4.897843e-17,1.486015,sky,26.14765
