x,y,z,rearMat,Wm2Back
0.5849084,3.581531e-17,2.045787,sky,16.24633
0.4388521,2.687194e-17,1.909158,sky,16.24633
0.2927958,1.792857e-17,1.772528,sky,16.24633
0.1467395,8.9852e-18,1.635899,sky,16.24633
0.0006831463,4.183065e-20,1.49927,sky,16.24633
-0.1453732,-8.901539e-18,1.36264,sky,16.24633
-0.2914295,-1.784491e-17,1.226011,sky,16.24633
-0.4374858,-2.678828e-17,1.089382,sky,16.24633
-0.5835421,-3.573165e-17,0.9527527,sky,16.24633
