x,y,z,rearMat,Wm2Back
0.7809114,4.781703e-17,1.326281,sky,16.43629
0.5856296,3.585947e-17,1.369467,sky,16.43629
0.3903478,2.390191e-17,1.412652,sky,16.43629
0.1950659,1.194434e-17,1.455838,sky,16.43629
-0.0002159284,-1.32218e-20,1.499024,sky,16.43629
-0.1954978,-1.197079e-17,1.542209,sky,16.43629
-0.3907796,-2.392835e-17,1.585395,sky,16.43629
-0.5860614,-3.588591e-17,1.628581,sky,16.43629
-0.7813433,-4.784348e-17,1.671766,sky,16.43629
