x,y,z,mattype,Wm2Front
1.5746,3.050247e-17,0.05,groundplane,392.47329999999994
1.5746,0.0254,0.05,groundplane,392.4789
1.5746,0.0508,0.05,groundplane,392.4786
1.5746,0.0762,0.05,groundplane,392.4783
1.5746,0.1016,0.05,groundplane,392.47790000000003
