x,y,z,mattype,Wm2Front
0.3746,3.118036e-17,0.05,groundplane,456.4012
0.3746,0.0254,0.05,groundplane,456.40899999999993
0.3746,0.0508,0.05,groundplane,456.4083
0.3746,0.0762,0.05,groundplane,456.4077
0.3746,0.1016,0.05,groundplane,456.407
