x,y,z,mattype,Wm2Front
0.3746,4.444177e-17,0.05,groundplane,753.9236999999999
0.3746,0.0254,0.05,groundplane,753.924
0.3746,0.0508,0.05,groundplane,753.9235
0.3746,0.0762,0.05,groundplane,753.9230000000001
0.3746,0.1016,0.05,groundplane,753.9225
