x,y,z,mattype,Wm2Front
0.3746,3.627483e-17,0.05,groundplane,177.521
0.3746,0.0254,0.05,groundplane,177.52110000000002
0.3746,0.0508,0.05,groundplane,177.5208
0.3746,0.0762,0.05,groundplane,177.52059999999997
0.3746,0.1016,0.05,groundplane,177.5203
