x,y,z,mattype,Wm2Front
1.5746,4.807342e-17,0.05,groundplane,95.53338000000001
1.5746,0.0254,0.05,groundplane,95.53345
1.5746,0.0508,0.05,groundplane,95.53345
1.5746,0.0762,0.05,groundplane,95.53344
1.5746,0.1016,0.05,groundplane,95.53344
