x,y,z,rearMat,Wm2Back
0.7604636,4.656496e-17,1.748387,sky,8.816163
0.5704256,3.492849e-17,1.686053,sky,8.816163
0.3803876,2.329202e-17,1.623718,sky,8.816163
0.1903496,1.165555e-17,1.561384,sky,8.816163
0.0003116716,1.908438e-20,1.49905,sky,8.816163
-0.1897263,-1.161739e-17,1.436715,sky,8.816163
-0.3797643,-2.325386e-17,1.374381,sky,8.816163
-0.5698023,-3.489033e-17,1.312047,sky,8.816163
-0.7598402,-4.652679e-17,1.249713,sky,8.816163
