x,y,z,rearMat,Wm2Back
0.7982124,4.887641e-17,1.44654,sky,1.3533
0.5986429,3.665631e-17,1.459656,sky,1.3533
0.3990734,2.44362e-17,1.472771,sky,1.3533
0.1995039,1.221609e-17,1.485887,sky,1.3533
-6.557729e-05,-4.015451e-21,1.499002,sky,1.3533
-0.1996351,-1.222412e-17,1.512118,sky,1.3533
-0.3992046,-2.444423e-17,1.525233,sky,1.3533
-0.5987741,-3.666434e-17,1.538349,sky,1.3533
-0.7983436,-4.888444e-17,1.551464,sky,1.3533
