x,y,z,mattype,Wm2Front
1.5746,4.744325e-17,0.05,groundplane,97.53334
1.5746,0.0254,0.05,groundplane,97.53420999999999
1.5746,0.0508,0.05,groundplane,97.53419000000001
1.5746,0.0762,0.05,groundplane,97.53418
1.5746,0.1016,0.05,groundplane,97.53416
