x,y,z,mattype,Wm2Front
0.3746,4.757728e-17,0.05,groundplane,89.15285999999999
0.3746,0.0254,0.05,groundplane,89.15449
0.3746,0.0508,0.05,groundplane,89.15446000000001
0.3746,0.0762,0.05,groundplane,89.15443
0.3746,0.1016,0.05,groundplane,89.15441
