x,y,z,mattype,Wm2Front
0.3746,3.247255e-17,0.05,groundplane,384.4049
0.3746,0.0254,0.05,groundplane,384.4021
0.3746,0.0508,0.05,groundplane,384.4017999999999
0.3746,0.0762,0.05,groundplane,384.4015
0.3746,0.1016,0.05,groundplane,384.4012
