x,y,z,mattype,Wm2Front
1.5746,4.891617e-17,0.05,groundplane,21.20551
1.5746,0.0254,0.05,groundplane,21.2052
1.5746,0.0508,0.05,groundplane,21.20519
1.5746,0.0762,0.05,groundplane,21.20518
1.5746,0.1016,0.05,groundplane,21.20517
