x,y,z,mattype,Wm2Front
0.3746,4.896475e-17,0.05,groundplane,15.3232
0.3746,0.0254,0.05,groundplane,15.32295
0.3746,0.0508,0.05,groundplane,15.322939999999997
0.3746,0.0762,0.05,groundplane,15.322939999999997
0.3746,0.1016,0.05,groundplane,15.32293
