x,y,z,rearMat,Wm2Back
0.6327369,3.874396e-17,1.989535,sky,76.752
0.4747059,2.906735e-17,1.866954,sky,76.752
0.3166749,1.939075e-17,1.744373,sky,76.752
0.1586439,9.714138e-18,1.621791,sky,76.752
0.0006129071,3.752973e-20,1.49921,sky,76.752
-0.1574181,-9.639078e-18,1.376628,sky,76.752
-0.3154491,-1.931569e-17,1.254047,sky,76.752
-0.4734801,-2.899229e-17,1.131466,sky,76.752
-0.6315111,-3.86689e-17,1.008884,sky,76.752
