x,y,z,mattype,Wm2Front
0.3746,4.85022e-17,0.05,groundplane,50.5667
0.3746,0.0254,0.05,groundplane,50.5661
0.3746,0.0508,0.05,groundplane,50.56608
0.3746,0.0762,0.05,groundplane,50.56606
0.3746,0.1016,0.05,groundplane,50.56605
