x,y,z,mattype,Wm2Front
0.3746,3.932173e-17,0.05,groundplane,24.40576
0.3746,0.0254,0.05,groundplane,24.405729999999995
0.3746,0.0508,0.05,groundplane,24.405729999999995
0.3746,0.0762,0.05,groundplane,24.405729999999995
0.3746,0.1016,0.05,groundplane,24.405729999999995
