x,y,z,mattype,Wm2Front
1.5746,4.759972e-17,0.05,groundplane,53.408620000000006
1.5746,0.0254,0.05,groundplane,53.40868
1.5746,0.0508,0.05,groundplane,53.40868
1.5746,0.0762,0.05,groundplane,53.40868
1.5746,0.1016,0.05,groundplane,53.40869
