x,y,z,rearMat,Wm2Back
0.52767,3.231047e-17,0.8986969,sky,32.87624
0.3955648,2.422136e-17,1.048858,sky,32.87624
0.2634596,1.613225e-17,1.199018,sky,32.87624
0.1313544,8.043137e-18,1.349179,sky,32.87624
-0.0007508032,-4.597344e-20,1.499339,sky,32.87624
-0.132856,-8.135084e-18,1.6495,sky,32.87624
-0.2649612,-1.622419e-17,1.799661,sky,32.87624
-0.3970664,-2.43133e-17,1.949821,sky,32.87624
-0.5291716,-3.240241e-17,2.099982,sky,32.87624
