x,y,z,rearMat,Wm2Back
0.7983675,4.888591e-17,1.448909,sky,22.26738
0.59876,3.666348e-17,1.461432,sky,22.26738
0.3991525,2.444104e-17,1.473955,sky,22.26738
0.1995449,1.22186e-17,1.486479,sky,22.26738
-6.261633e-05,-3.834144e-21,1.499002,sky,22.26738
-0.1996702,-1.222627e-17,1.511525,sky,22.26738
-0.3992777,-2.444871e-17,1.524048,sky,22.26738
-0.5988852,-3.667114e-17,1.536572,sky,22.26738
-0.7984928,-4.889358e-17,1.549095,sky,22.26738
