x,y,z,mattype,Wm2Front
0.3746,4.843455e-17,0.05,groundplane,33.45129
0.3746,0.0254,0.05,groundplane,33.45168
0.3746,0.0508,0.05,groundplane,33.45168
0.3746,0.0762,0.05,groundplane,33.45168
0.3746,0.1016,0.05,groundplane,33.45168
