x,y,z,mattype,Wm2Front
1.5746,4.759768e-17,0.05,groundplane,9.504176
1.5746,0.0254,0.05,groundplane,9.504217
1.5746,0.0508,0.05,groundplane,9.504218
1.5746,0.0762,0.05,groundplane,9.504218
1.5746,0.1016,0.05,groundplane,9.504219
