x,y,z,mattype,Wm2Front
1.5746,3.247255e-17,0.05,groundplane,62.790780000000005
1.5746,0.0254,0.05,groundplane,62.790789999999994
1.5746,0.0508,0.05,groundplane,62.790780000000005
1.5746,0.0762,0.05,groundplane,62.79076
1.5746,0.1016,0.05,groundplane,62.79074
