x,y,z,rearMat,Wm2Back
0.6417411,3.929531e-17,1.022329,sky,13.91673
0.4811568,2.946236e-17,1.141546,sky,13.91673
0.3205725,1.962941e-17,1.260763,sky,13.91673
0.1599882,9.796453e-18,1.37998,sky,13.91673
-0.0005960847,-3.649966e-20,1.499197,sky,13.91673
-0.1611804,-9.869452e-18,1.618414,sky,13.91673
-0.3217647,-1.970241e-17,1.737631,sky,13.91673
-0.482349,-2.953536e-17,1.856848,sky,13.91673
-0.6429333,-3.936831e-17,1.976065,sky,13.91673
