x,y,z,rearMat,Wm2Back
0.646488,3.958597e-17,1.971226,sky,130.7315
0.4850135,2.969851e-17,1.853218,sky,130.7315
0.323539,1.981105e-17,1.735209,sky,130.7315
0.1620645,9.92359e-18,1.617201,sky,130.7315
0.0005900422,3.612966e-20,1.499193,sky,130.7315
-0.1608844,-9.851331e-18,1.381184,sky,130.7315
-0.3223589,-1.973879e-17,1.263176,sky,130.7315
-0.4838334,-2.962625e-17,1.145167,sky,130.7315
-0.6453079,-3.951371e-17,1.027159,sky,130.7315
