x,y,z,rearMat,Wm2Back
0.5450718,3.337602e-17,0.9144253,sky,24.87781
0.408621,2.502082e-17,1.060648,sky,24.87781
0.2721703,1.666563e-17,1.206872,sky,24.87781
0.1357196,8.310429e-18,1.353095,sky,24.87781
-0.0007311156,-4.476792e-20,1.499318,sky,24.87781
-0.1371818,-8.399965e-18,1.645541,sky,24.87781
-0.2736326,-1.675516e-17,1.791764,sky,24.87781
-0.4100833,-2.511036e-17,1.937987,sky,24.87781
-0.546534,-3.346556e-17,2.08421,sky,24.87781
