x,y,z,mattype,Wm2Front
0.3746,4.807508e-17,0.05,groundplane,76.75676
0.3746,0.0254,0.05,groundplane,76.75594
0.3746,0.0508,0.05,groundplane,76.75594
0.3746,0.0762,0.05,groundplane,76.75592
0.3746,0.1016,0.05,groundplane,76.75591
