x,y,z,rearMat,Wm2Back
0.5889573,3.606324e-17,0.9585849,sky,11.59024
0.441549,2.703708e-17,1.093754,sky,11.59024
0.2941407,1.801093e-17,1.228924,sky,11.59024
0.1467324,8.984771e-18,1.364093,sky,11.59024
-0.0006758475,-4.138373e-20,1.499263,sky,11.59024
-0.1480841,-9.067538e-18,1.634432,sky,11.59024
-0.2954924,-1.809369e-17,1.769602,sky,11.59024
-0.4429007,-2.711985e-17,1.904771,sky,11.59024
-0.590309,-3.6146e-17,2.039941,sky,11.59024
