x,y,z,rearMat,Wm2Back
0.6747015,4.131355e-17,1.070141,sky,11.69037
0.5058921,3.097696e-17,1.177395,sky,11.69037
0.3370826,2.064036e-17,1.284648,sky,11.69037
0.1682732,1.030376e-17,1.391902,sky,11.69037
-0.0005362688,-3.283699e-20,1.499156,sky,11.69037
-0.1693457,-1.036943e-17,1.60641,sky,11.69037
-0.3381552,-2.070603e-17,1.713663,sky,11.69037
-0.5069646,-3.104263e-17,1.820917,sky,11.69037
-0.6757741,-4.137923e-17,1.928171,sky,11.69037
