x,y,z,rearMat,Wm2Back
0.7192706,4.404262e-17,1.149785,sky,17.94754
0.5393438,3.302528e-17,1.237113,sky,17.94754
0.359417,2.200794e-17,1.324442,sky,17.94754
0.1794902,1.09906e-17,1.411771,sky,17.94754
-0.0004366448,-2.673678e-20,1.4991,sky,17.94754
-0.1803634,-1.104408e-17,1.586429,sky,17.94754
-0.3602902,-2.206141e-17,1.673758,sky,17.94754
-0.540217,-3.307875e-17,1.761087,sky,17.94754
-0.7201438,-4.409609e-17,1.848416,sky,17.94754
