x,y,z,rearMat,Wm2Back
0.6941323,4.250334e-17,1.10228,sky,197.0788
0.5204752,3.186991e-17,1.201493,sky,197.0788
0.3468181,2.123648e-17,1.300706,sky,197.0788
0.173161,1.060305e-17,1.399919,sky,197.0788
-0.000496065,-3.037522e-20,1.499132,sky,197.0788
-0.1741531,-1.06638e-17,1.598345,sky,197.0788
-0.3478102,-2.129723e-17,1.697558,sky,197.0788
-0.5214673,-3.193066e-17,1.796771,sky,197.0788
-0.6951244,-4.256409e-17,1.895984,sky,197.0788
