x,y,z,mattype,Wm2Front
1.5746,4.494062e-17,0.05,groundplane,845.7466
1.5746,0.0254,0.05,groundplane,845.7482
1.5746,0.0508,0.05,groundplane,845.7478
1.5746,0.0762,0.05,groundplane,845.7473999999999
1.5746,0.1016,0.05,groundplane,845.7471
