x,y,z,mattype,Wm2Front
1.5746,3.247255e-17,0.05,groundplane,356.865
1.5746,0.0254,0.05,groundplane,356.8635
1.5746,0.0508,0.05,groundplane,356.863
1.5746,0.0762,0.05,groundplane,356.8624
1.5746,0.1016,0.05,groundplane,356.86190000000005
