x,y,z,mattype,Wm2Front
0.3746,4.560126e-17,0.05,groundplane,29.33054
0.3746,0.0254,0.05,groundplane,29.33053
0.3746,0.0508,0.05,groundplane,29.33053
0.3746,0.0762,0.05,groundplane,29.33053
0.3746,0.1016,0.05,groundplane,29.330519999999996
