x,y,z,mattype,Wm2Front
0.3746,3.050247e-17,0.05,groundplane,126.0167
0.3746,0.0254,0.05,groundplane,126.01780000000001
0.3746,0.0508,0.05,groundplane,126.0177
0.3746,0.0762,0.05,groundplane,126.0176
0.3746,0.1016,0.05,groundplane,126.0176
