x,y,z,mattype,Wm2Front
0.3746,4.400343e-17,0.05,groundplane,57.06251
0.3746,0.0254,0.05,groundplane,57.06237000000001
0.3746,0.0508,0.05,groundplane,57.06235999999999
0.3746,0.0762,0.05,groundplane,57.06234
0.3746,0.1016,0.05,groundplane,57.06233
