x,y,z,rearMat,Wm2Back
0.7220184,4.421088e-17,1.844515,sky,100.5947
0.5416217,3.316477e-17,1.758161,sky,100.5947
0.3612251,2.211866e-17,1.671806,sky,100.5947
0.1808284,1.107255e-17,1.585452,sky,100.5947
0.0004317709,2.643834e-20,1.499098,sky,100.5947
-0.1799649,-1.101967e-17,1.412744,sky,100.5947
-0.3603615,-2.206578e-17,1.32639,sky,100.5947
-0.5407582,-3.311189e-17,1.240035,sky,100.5947
-0.7211549,-4.4158e-17,1.153681,sky,100.5947
