x,y,z,mattype,Wm2Front
1.5746,4.560126e-17,0.05,groundplane,29.325689999999998
1.5746,0.0254,0.05,groundplane,29.325769999999995
1.5746,0.0508,0.05,groundplane,29.325769999999995
1.5746,0.0762,0.05,groundplane,29.325769999999995
1.5746,0.1016,0.05,groundplane,29.32576
