x,y,z,mattype,Wm2Front
1.5746,4.468013e-17,0.05,groundplane,878.1633
1.5746,0.0254,0.05,groundplane,878.1619999999999
1.5746,0.0508,0.05,groundplane,878.1613000000001
1.5746,0.0762,0.05,groundplane,878.1606
1.5746,0.1016,0.05,groundplane,878.1599
