x,y,z,mattype,Wm2Front
0.3746,4.825922e-17,0.05,groundplane,434.89979999999997
0.3746,0.0254,0.05,groundplane,434.9011
0.3746,0.0508,0.05,groundplane,434.8993
0.3746,0.0762,0.05,groundplane,434.8975
0.3746,0.1016,0.05,groundplane,434.8956
