x,y,z,rearMat,Wm2Back
0.5522178,3.381359e-17,2.078841,sky,13.89852
0.4143444,2.537128e-17,1.933958,sky,13.89852
0.2764711,1.692897e-17,1.789076,sky,13.89852
0.1385978,8.486665e-18,1.644193,sky,13.89852
0.0007244125,4.435747e-20,1.499311,sky,13.89852
-0.1371489,-8.39795e-18,1.354428,sky,13.89852
-0.2750223,-1.684026e-17,1.209546,sky,13.89852
-0.4128956,-2.528256e-17,1.064663,sky,13.89852
-0.550769,-3.372487e-17,0.9197806,sky,13.89852
