x,y,z,rearMat,Wm2Back
0.5832555,3.57141e-17,0.9524472,sky,22.16345
0.4372707,2.677511e-17,1.089153,sky,22.16345
0.291286,1.783612e-17,1.225859,sky,22.16345
0.1453012,8.897133e-18,1.362564,sky,22.16345
-0.0006835286,-4.185406e-20,1.49927,sky,22.16345
-0.1466683,-8.980842e-18,1.635976,sky,22.16345
-0.292653,-1.791983e-17,1.772682,sky,22.16345
-0.4386378,-2.685882e-17,1.909387,sky,22.16345
-0.5846225,-3.57978e-17,2.046093,sky,22.16345
