x,y,z,rearMat,Wm2Back
0.7689006,4.708159e-17,1.720891,sky,5.234818
0.5767448,3.531543e-17,1.665428,sky,5.234818
0.384589,2.354928e-17,1.609965,sky,5.234818
0.1924331,1.178313e-17,1.554502,sky,5.234818
0.0002773147,1.698063e-20,1.499039,sky,5.234818
-0.1918785,-1.174917e-17,1.443576,sky,5.234818
-0.3840343,-2.351532e-17,1.388113,sky,5.234818
-0.5761902,-3.528147e-17,1.33265,sky,5.234818
-0.768346,-4.704762e-17,1.277187,sky,5.234818
