x,y,z,rearMat,Wm2Back
0.7053623,4.319098e-17,1.122555,sky,8.254907
0.528904,3.238603e-17,1.216695,sky,8.254907
0.3524458,2.158108e-17,1.310836,sky,8.254907
0.1759875,1.077613e-17,1.404977,sky,8.254907
-0.0004707039,-2.88223e-20,1.499118,sky,8.254907
-0.1769289,-1.083377e-17,1.593258,sky,8.254907
-0.3533872,-2.163872e-17,1.687399,sky,8.254907
-0.5298454,-3.244368e-17,1.78154,sky,8.254907
-0.7063037,-4.324863e-17,1.875681,sky,8.254907
