x,y,z,mattype,Wm2Front
0.3746,3.247255e-17,0.05,groundplane,110.59250000000002
0.3746,0.0254,0.05,groundplane,110.59250000000002
0.3746,0.0508,0.05,groundplane,110.5924
0.3746,0.0762,0.05,groundplane,110.59229999999998
0.3746,0.1016,0.05,groundplane,110.59229999999998
