x,y,z,mattype,Wm2Front
1.5746,3.61496e-17,0.05,groundplane,706.9918000000001
1.5746,0.0254,0.05,groundplane,706.9935
1.5746,0.0508,0.05,groundplane,706.9933
1.5746,0.0762,0.05,groundplane,706.993
1.5746,0.1016,0.05,groundplane,706.9927000000001
