x,y,z,mattype,Wm2Front
1.5746,4.884602e-17,0.05,groundplane,23.248280000000005
1.5746,0.0254,0.05,groundplane,23.24921
1.5746,0.0508,0.05,groundplane,23.2492
1.5746,0.0762,0.05,groundplane,23.2492
1.5746,0.1016,0.05,groundplane,23.2492
