x,y,z,rearMat,Wm2Back
0.7851999,4.807963e-17,1.653173,sky,4.622694
0.5889481,3.606267e-17,1.614635,sky,4.622694
0.3926963,2.404571e-17,1.576096,sky,4.622694
0.1964445,1.202876e-17,1.537557,sky,4.622694
0.0001926932,1.179906e-20,1.499019,sky,4.622694
-0.1960591,-1.200516e-17,1.46048,sky,4.622694
-0.3923109,-2.402212e-17,1.421941,sky,4.622694
-0.5885627,-3.603907e-17,1.383403,sky,4.622694
-0.7848145,-4.805603e-17,1.344864,sky,4.622694
