x,y,z,rearMat,Wm2Back
0.5618062,3.440071e-17,0.9304609,sky,25.61733
0.4211769,2.578965e-17,1.07267,sky,25.61733
0.2805476,1.717858e-17,1.214879,sky,25.61733
0.1399183,8.567523e-18,1.357088,sky,25.61733
-0.000711045,-4.353895e-20,1.499297,sky,25.61733
-0.1413404,-8.654601e-18,1.641506,sky,25.61733
-0.2819697,-1.726566e-17,1.783715,sky,25.61733
-0.422599,-2.587672e-17,1.925924,sky,25.61733
-0.5632283,-3.448779e-17,2.068133,sky,25.61733
