x,y,z,rearMat,Wm2Back
0.7901259,4.838126e-17,1.374692,sky,17.923
0.5925556,3.628356e-17,1.405772,sky,17.923
0.3949852,2.418587e-17,1.436852,sky,17.923
0.1974149,1.208818e-17,1.467932,sky,17.923
-0.0001554001,-9.51551e-21,1.499012,sky,17.923
-0.1977257,-1.210721e-17,1.530092,sky,17.923
-0.395296,-2.42049e-17,1.561172,sky,17.923
-0.5928664,-3.63026e-17,1.592252,sky,17.923
-0.7904367,-4.840029e-17,1.623332,sky,17.923
