x,y,z,mattype,Wm2Front
1.5746,4.871462e-17,0.05,groundplane,832.9669
1.5746,0.0254,0.05,groundplane,832.9675000000001
1.5746,0.0508,0.05,groundplane,832.9669
1.5746,0.0762,0.05,groundplane,832.9663999999999
1.5746,0.1016,0.05,groundplane,832.9658
