x,y,z,mattype,Wm2Front
0.3746,3.247255e-17,0.05,groundplane,406.49950000000007
0.3746,0.0254,0.05,groundplane,406.4983
0.3746,0.0508,0.05,groundplane,406.4983
0.3746,0.0762,0.05,groundplane,406.4982
0.3746,0.1016,0.05,groundplane,406.4982
