x,y,z,mattype,Wm2Front
0.3746,4.899378e-17,0.05,groundplane,8.531051
0.3746,0.0254,0.05,groundplane,8.530773
0.3746,0.0508,0.05,groundplane,8.530777
0.3746,0.0762,0.05,groundplane,8.530781
0.3746,0.1016,0.05,groundplane,8.530785
