x,y,z,mattype,Wm2Front
1.5746,4.277711e-17,0.05,groundplane,752.4659
1.5746,0.0254,0.05,groundplane,752.4661
1.5746,0.0508,0.05,groundplane,752.4658
1.5746,0.0762,0.05,groundplane,752.4654999999999
1.5746,0.1016,0.05,groundplane,752.4651
