x,y,z,mattype,Wm2Front
1.5746,4.717076e-17,0.05,groundplane,856.2877
1.5746,0.0254,0.05,groundplane,856.288
1.5746,0.0508,0.05,groundplane,856.2876
1.5746,0.0762,0.05,groundplane,856.2872000000001
1.5746,0.1016,0.05,groundplane,856.2869
