x,y,z,rearMat,Wm2Back
0.6371263,3.901274e-17,1.016191,sky,11.41666
0.4776938,2.925031e-17,1.136944,sky,11.41666
0.3182613,1.948788e-17,1.257697,sky,11.41666
0.1588288,9.725457e-18,1.37845,sky,11.41666
-0.0006037647,-3.696992e-20,1.499203,sky,11.41666
-0.1600363,-9.799396e-18,1.619956,sky,11.41666
-0.3194688,-1.956182e-17,1.740709,sky,11.41666
-0.4789013,-2.932425e-17,1.861462,sky,11.41666
-0.6383339,-3.908668e-17,1.982215,sky,11.41666
