x,y,z,rearMat,Wm2Back
0.7789541,4.769718e-17,1.317705,sky,32.98943
0.5841589,3.576942e-17,1.363035,sky,32.98943
0.3893637,2.384165e-17,1.408366,sky,32.98943
0.1945685,1.191389e-17,1.453696,sky,32.98943
-0.0002266513,-1.387839e-20,1.499026,sky,32.98943
-0.1950218,-1.194164e-17,1.544356,sky,32.98943
-0.389817,-2.386941e-17,1.589687,sky,32.98943
-0.5846122,-3.579717e-17,1.635017,sky,32.98943
-0.7794074,-4.772494e-17,1.680347,sky,32.98943
