x,y,z,mattype,Wm2Front
1.5746,3.247255e-17,0.05,groundplane,446.3781000000001
1.5746,0.0254,0.05,groundplane,446.3779
1.5746,0.0508,0.05,groundplane,446.3777
1.5746,0.0762,0.05,groundplane,446.3774
1.5746,0.1016,0.05,groundplane,446.3772000000001
