x,y,z,mattype,Wm2Front
1.5746,4.69571e-17,0.05,groundplane,705.4443
1.5746,0.0254,0.05,groundplane,705.4477
1.5746,0.0508,0.05,groundplane,705.4467
1.5746,0.0762,0.05,groundplane,705.4456999999999
1.5746,0.1016,0.05,groundplane,705.4447999999999
