x,y,z,mattype,Wm2Front
1.5746,4.899477e-17,0.05,groundplane,924.5714000000002
1.5746,0.0254,0.05,groundplane,924.5721
1.5746,0.0508,0.05,groundplane,924.5717
1.5746,0.0762,0.05,groundplane,924.5714000000002
1.5746,0.1016,0.05,groundplane,924.571
