x,y,z,mattype,Wm2Front
1.5746,4.868907e-17,0.05,groundplane,36.30176
1.5746,0.0254,0.05,groundplane,36.301
1.5746,0.0508,0.05,groundplane,36.30101
1.5746,0.0762,0.05,groundplane,36.30102
1.5746,0.1016,0.05,groundplane,36.30102
