x,y,z,rearMat,Wm2Back
0.7853779,4.809053e-17,1.347742,sky,2.980236
0.5889861,3.6065e-17,1.385561,sky,2.980236
0.3925944,2.403947e-17,1.42338,sky,2.980236
0.1962026,1.201395e-17,1.461199,sky,2.980236
-0.0001890954,-1.157876e-20,1.499018,sky,2.980236
-0.1965808,-1.20371e-17,1.536837,sky,2.980236
-0.3929726,-2.406263e-17,1.574656,sky,2.980236
-0.5893643,-3.608816e-17,1.612475,sky,2.980236
-0.7857561,-4.811368e-17,1.650294,sky,2.980236
