x,y,z,rearMat,Wm2Back
0.7356296,4.504432e-17,1.185596,sky,5.423376
0.5516242,3.377724e-17,1.263967,sky,5.423376
0.3676189,2.251016e-17,1.342338,sky,5.423376
0.1836135,1.124308e-17,1.420709,sky,5.423376
-0.0003918554,-2.399423e-20,1.49908,sky,5.423376
-0.1843972,-1.129107e-17,1.577451,sky,5.423376
-0.3684026,-2.255815e-17,1.655822,sky,5.423376
-0.5524079,-3.382523e-17,1.734193,sky,5.423376
-0.7364133,-4.509231e-17,1.812564,sky,5.423376
