x,y,z,mattype,Wm2Front
1.5746,4.635976e-17,0.05,groundplane,116.9397
1.5746,0.0254,0.05,groundplane,116.9421
1.5746,0.0508,0.05,groundplane,116.942
1.5746,0.0762,0.05,groundplane,116.942
1.5746,0.1016,0.05,groundplane,116.94189999999999
