x,y,z,rearMat,Wm2Back
0.6543467,4.006718e-17,1.039748,sky,20.42593
0.4906164,3.004159e-17,1.154607,sky,20.42593
0.3268862,2.001601e-17,1.269465,sky,20.42593
0.1631559,9.99042e-18,1.384323,sky,20.42593
-0.0005742911,-3.516519e-20,1.499181,sky,20.42593
-0.1643045,-1.006075e-17,1.61404,sky,20.42593
-0.3280348,-2.008634e-17,1.728898,sky,20.42593
-0.491765,-3.011192e-17,1.843756,sky,20.42593
-0.6554952,-4.013751e-17,1.958614,sky,20.42593
