x,y,z,rearMat,Wm2Back
0.7998684,4.897782e-17,1.485457,sky,14.797779999999998
0.5998971,3.67331e-17,1.488843,sky,14.797779999999998
0.3999257,2.448839e-17,1.492229,sky,14.797779999999998
0.1999544,1.224368e-17,1.495614,sky,14.797779999999998
-1.692889e-05,-1.036595e-21,1.499,sky,14.797779999999998
-0.1999883,-1.224575e-17,1.502386,sky,14.797779999999998
-0.3999596,-2.449046e-17,1.505772,sky,14.797779999999998
-0.5999309,-3.673518e-17,1.509157,sky,14.797779999999998
-0.7999023,-4.897989e-17,1.512543,sky,14.797779999999998
