x,y,z,mattype,Wm2Front
1.5746,4.863891e-17,0.05,groundplane,44.97691
1.5746,0.0254,0.05,groundplane,44.97668000000001
1.5746,0.0508,0.05,groundplane,44.97666999999999
1.5746,0.0762,0.05,groundplane,44.97666
1.5746,0.1016,0.05,groundplane,44.97665
