x,y,z,rearMat,Wm2Back
0.7389525,4.524779e-17,1.806513,sky,19.6315
0.5543104,3.394172e-17,1.729654,sky,19.6315
0.3696684,2.263566e-17,1.652795,sky,19.6315
0.1850263,1.13296e-17,1.575936,sky,19.6315
0.0003842953,2.35313e-20,1.499077,sky,19.6315
-0.1842577,-1.128253e-17,1.422218,sky,19.6315
-0.3688998,-2.25886e-17,1.345359,sky,19.6315
-0.5535418,-3.389466e-17,1.2685,sky,19.6315
-0.7381839,-4.520073e-17,1.191641,sky,19.6315
