x,y,z,rearMat,Wm2Back
0.79075,4.841947e-17,1.378693,sky,2.282351
0.5930249,3.63123e-17,1.408772,sky,2.282351
0.3952998,2.420513e-17,1.438852,sky,2.282351
0.1975747,1.209796e-17,1.468932,sky,2.282351
-0.0001503981,-9.20923e-21,1.499011,sky,2.282351
-0.1978755,-1.211638e-17,1.529091,sky,2.282351
-0.3956006,-2.422355e-17,1.559171,sky,2.282351
-0.5933257,-3.633072e-17,1.58925,sky,2.282351
-0.7910508,-4.843789e-17,1.61933,sky,2.282351
