x,y,z,mattype,Wm2Front
0.3746,4.861916e-17,0.05,groundplane,868.6794999999998
0.3746,0.0254,0.05,groundplane,868.6811000000001
0.3746,0.0508,0.05,groundplane,868.6805
0.3746,0.0762,0.05,groundplane,868.68
0.3746,0.1016,0.05,groundplane,868.6794
