x,y,z,mattype,Wm2Front
1.5746,4.898962e-17,0.05,groundplane,10.63761
1.5746,0.0254,0.05,groundplane,10.63736
1.5746,0.0508,0.05,groundplane,10.63735
1.5746,0.0762,0.05,groundplane,10.63735
1.5746,0.1016,0.05,groundplane,10.63734
