x,y,z,rearMat,Wm2Back
0.6204995,3.799464e-17,2.004957,sky,18.76762
0.4655327,2.850565e-17,1.878524,sky,18.76762
0.3105658,1.901667e-17,1.752091,sky,18.76762
0.155599,9.527691e-18,1.625658,sky,18.76762
0.0006321645,3.870891e-20,1.499225,sky,18.76762
-0.1543347,-9.450273e-18,1.372792,sky,18.76762
-0.3093015,-1.893925e-17,1.246359,sky,18.76762
-0.4642683,-2.842824e-17,1.119926,sky,18.76762
-0.6192352,-3.791722e-17,0.9934935,sky,18.76762
