x,y,z,rearMat,Wm2Back
0.6597628,4.039882e-17,1.047547,sky,12.13603
0.494681,3.029047e-17,1.160454,sky,12.13603
0.3295991,2.018213e-17,1.273361,sky,12.13603
0.1645173,1.007378e-17,1.386268,sky,12.13603
-0.0005645349,-3.456779e-20,1.499175,sky,12.13603
-0.1656464,-1.014292e-17,1.612082,sky,12.13603
-0.3307282,-2.025126e-17,1.724989,sky,12.13603
-0.4958101,-3.035961e-17,1.837896,sky,12.13603
-0.6608919,-4.046796e-17,1.950803,sky,12.13603
