x,y,z,rearMat,Wm2Back
0.7989272,4.892018e-17,1.541428,sky,3.929898
0.5992087,3.669095e-17,1.530821,sky,3.929898
0.3994901,2.446172e-17,1.520215,sky,3.929898
0.1997716,1.223248e-17,1.509608,sky,3.929898
5.303312e-05,3.247342e-21,1.499001,sky,3.929898
-0.1996655,-1.222599e-17,1.488395,sky,3.929898
-0.3993841,-2.445522e-17,1.477788,sky,3.929898
-0.5991026,-3.668446e-17,1.467182,sky,3.929898
-0.7988212,-4.891369e-17,1.456575,sky,3.929898
