x,y,z,rearMat,Wm2Back
0.7392024,4.526309e-17,1.19409,sky,9.311247
0.5543065,3.394148e-17,1.270336,sky,9.311247
0.3694106,2.261987e-17,1.346583,sky,9.311247
0.1845147,1.129827e-17,1.422829,sky,9.311247
-0.0003812317,-2.334371e-20,1.499076,sky,9.311247
-0.1852771,-1.134495e-17,1.575322,sky,9.311247
-0.370173,-2.266656e-17,1.651568,sky,9.311247
-0.5550689,-3.398817e-17,1.727815,sky,9.311247
-0.7399648,-4.530978e-17,1.804061,sky,9.311247
