x,y,z,rearMat,Wm2Back
0.5698015,3.489028e-17,0.9384599,sky,33.05894
0.4271758,2.615698e-17,1.078667,sky,33.05894
0.2845502,1.742368e-17,1.218873,sky,33.05894
0.1419246,8.690375e-18,1.35908,sky,33.05894
-0.0007010337,-4.292594e-20,1.499287,sky,33.05894
-0.1433267,-8.776226e-18,1.639494,sky,33.05894
-0.2859523,-1.750953e-17,1.7797,sky,33.05894
-0.4285779,-2.624283e-17,1.919907,sky,33.05894
-0.5712035,-3.497613e-17,2.060114,sky,33.05894
