x,y,z,rearMat,Wm2Back
0.5365657,3.285517e-17,2.093379,sky,188.4311
0.4026099,2.465275e-17,1.944867,sky,188.4311
0.2686541,1.645032e-17,1.796354,sky,188.4311
0.1346983,8.247894e-18,1.647842,sky,188.4311
0.0007425606,4.546872e-20,1.49933,sky,188.4311
-0.1332132,-8.156957e-18,1.350818,sky,188.4311
-0.267169,-1.635938e-17,1.202306,sky,188.4311
-0.4011248,-2.456181e-17,1.053794,sky,188.4311
-0.5350805,-3.276423e-17,0.9052817,sky,188.4311
