x,y,z,mattype,Wm2Front
1.5746,4.587661e-17,0.05,groundplane,718.8702
1.5746,0.0254,0.05,groundplane,718.8712
1.5746,0.0508,0.05,groundplane,718.8708
1.5746,0.0762,0.05,groundplane,718.8704000000001
1.5746,0.1016,0.05,groundplane,718.8701
