x,y,z,rearMat,Wm2Back
0.7956885,4.872187e-17,1.417049,sky,12.95311
0.5967407,3.653983e-17,1.437538,sky,12.95311
0.397793,2.43578e-17,1.458027,sky,12.95311
0.1988453,1.217576e-17,1.478516,sky,12.95311
-0.0001024453,-6.272966e-21,1.499005,sky,12.95311
-0.1990502,-1.218831e-17,1.519494,sky,12.95311
-0.3979979,-2.437034e-17,1.539983,sky,12.95311
-0.5969456,-3.655238e-17,1.560472,sky,12.95311
-0.7958934,-4.873441e-17,1.580962,sky,12.95311
