x,y,z,mattype,Wm2Front
0.3746,4.866171e-17,0.05,groundplane,198.42510000000001
0.3746,0.0254,0.05,groundplane,198.4253
0.3746,0.0508,0.05,groundplane,198.4252
0.3746,0.0762,0.05,groundplane,198.42510000000001
0.3746,0.1016,0.05,groundplane,198.42500000000004
