x,y,z,mattype,Wm2Front
0.3746,3.050247e-17,0.05,groundplane,430.96139999999997
0.3746,0.0254,0.05,groundplane,430.9644
0.3746,0.0508,0.05,groundplane,430.96420000000006
0.3746,0.0762,0.05,groundplane,430.964
0.3746,0.1016,0.05,groundplane,430.9637
