x,y,z,rearMat,Wm2Back
0.7827743,4.79311e-17,1.334878,sky,24.06123
0.5870295,3.594519e-17,1.375914,sky,24.06123
0.3912846,2.395927e-17,1.41695,sky,24.06123
0.1955397,1.197335e-17,1.457985,sky,24.06123
-0.0002051794,-1.256361e-20,1.499021,sky,24.06123
-0.1959501,-1.199848e-17,1.540057,sky,24.06123
-0.3916949,-2.39844e-17,1.581093,sky,24.06123
-0.5874398,-3.597031e-17,1.622129,sky,24.06123
-0.7831847,-4.795623e-17,1.663165,sky,24.06123
