x,y,z,mattype,Wm2Front
0.3746,3.895636e-17,0.05,groundplane,228.78830000000002
0.3746,0.0254,0.05,groundplane,228.78740000000002
0.3746,0.0508,0.05,groundplane,228.7873
0.3746,0.0762,0.05,groundplane,228.7873
0.3746,0.1016,0.05,groundplane,228.7872
