x,y,z,rearMat,Wm2Back
0.7997624,4.897132e-17,1.519523,sky,4.195221
0.5998282,3.672888e-17,1.514392,sky,4.195221
0.399894,2.448645e-17,1.509262,sky,4.195221
0.1999598,1.224401e-17,1.504131,sky,4.195221
2.565353e-05,1.570825e-21,1.499,sky,4.195221
-0.1999085,-1.224087e-17,1.49387,sky,4.195221
-0.3998427,-2.44833e-17,1.488739,sky,4.195221
-0.5997769,-3.672574e-17,1.483608,sky,4.195221
-0.7997111,-4.896818e-17,1.478478,sky,4.195221
