x,y,z,mattype,Wm2Front
0.3746,3.152215e-17,0.05,groundplane,18.55454
0.3746,0.0254,0.05,groundplane,18.55453
0.3746,0.0508,0.05,groundplane,18.55453
0.3746,0.0762,0.05,groundplane,18.55453
0.3746,0.1016,0.05,groundplane,18.55454
