x,y,z,mattype,Wm2Front
1.5746,3.634528e-17,0.05,groundplane,725.7896999999999
1.5746,0.0254,0.05,groundplane,725.7984
1.5746,0.0508,0.05,groundplane,725.797
1.5746,0.0762,0.05,groundplane,725.7956
1.5746,0.1016,0.05,groundplane,725.7941999999999
