x,y,z,rearMat,Wm2Back
0.7719465,4.726809e-17,1.709999,sky,48.69953999999999
0.5790258,3.54551e-17,1.657258,sky,48.69953999999999
0.3861051,2.364212e-17,1.604517,sky,48.69953999999999
0.1931844,1.182913e-17,1.551776,sky,48.69953999999999
0.0002637047,1.614726e-20,1.499035,sky,48.69953999999999
-0.192657,-1.179684e-17,1.446294,sky,48.69953999999999
-0.3855777,-2.360982e-17,1.393554,sky,48.69953999999999
-0.5784984,-3.542281e-17,1.340813,sky,48.69953999999999
-0.7714191,-4.723579e-17,1.288072,sky,48.69953999999999
