x,y,z,mattype,Wm2Front
1.5746,4.782005e-17,0.05,groundplane,73.67005
1.5746,0.0254,0.05,groundplane,73.67178
1.5746,0.0508,0.05,groundplane,73.67179
1.5746,0.0762,0.05,groundplane,73.67181
1.5746,0.1016,0.05,groundplane,73.67183
