x,y,z,mattype,Wm2Front
1.5746,4.812131e-17,0.05,groundplane,32.27979
1.5746,0.0254,0.05,groundplane,32.27996
1.5746,0.0508,0.05,groundplane,32.27997
1.5746,0.0762,0.05,groundplane,32.27997
1.5746,0.1016,0.05,groundplane,32.27998
