x,y,z,rearMat,Wm2Back
0.779908,4.775559e-17,1.67817,sky,138.1895
0.584987,3.582012e-17,1.633384,sky,138.1895
0.390066,2.388465e-17,1.588598,sky,138.1895
0.195145,1.194918e-17,1.543812,sky,138.1895
0.0002239306,1.371179e-20,1.499025,sky,138.1895
-0.1946971,-1.192176e-17,1.454239,sky,138.1895
-0.3896181,-2.385723e-17,1.409453,sky,138.1895
-0.5845391,-3.57927e-17,1.364667,sky,138.1895
-0.7794601,-4.772817e-17,1.319881,sky,138.1895
