x,y,z,rearMat,Wm2Back
0.7986077,4.890062e-17,1.452811,sky,12.79436
0.5989413,3.667458e-17,1.464359,sky,12.79436
0.399275,2.444854e-17,1.475906,sky,12.79436
0.1996086,1.22225e-17,1.487454,sky,12.79436
-5.773827e-05,-3.535449e-21,1.499002,sky,12.79436
-0.1997241,-1.222957e-17,1.510549,sky,12.79436
-0.3993904,-2.445561e-17,1.522097,sky,12.79436
-0.5990568,-3.668165e-17,1.533645,sky,12.79436
-0.7987231,-4.890769e-17,1.545192,sky,12.79436
