x,y,z,mattype,Wm2Front
1.5746,4.865942e-17,0.05,groundplane,42.56714
1.5746,0.0254,0.05,groundplane,42.56675
1.5746,0.0508,0.05,groundplane,42.56674
1.5746,0.0762,0.05,groundplane,42.56673
1.5746,0.1016,0.05,groundplane,42.56671
