x,y,z,mattype,Wm2Front
1.5746,3.050247e-17,0.05,groundplane,483.7181
1.5746,0.0254,0.05,groundplane,483.7202
1.5746,0.0508,0.05,groundplane,483.7199
1.5746,0.0762,0.05,groundplane,483.71969999999993
1.5746,0.1016,0.05,groundplane,483.7195
