x,y,z,mattype,Wm2Front
0.3746,3.247255e-17,0.05,groundplane,376.3198
0.3746,0.0254,0.05,groundplane,376.3189
0.3746,0.0508,0.05,groundplane,376.3188
0.3746,0.0762,0.05,groundplane,376.3187
0.3746,0.1016,0.05,groundplane,376.31850000000003
