x,y,z,mattype,Wm2Front
1.5746,3.050247e-17,0.05,groundplane,431.56479999999993
1.5746,0.0254,0.05,groundplane,431.5668
1.5746,0.0508,0.05,groundplane,431.5667
1.5746,0.0762,0.05,groundplane,431.5667
1.5746,0.1016,0.05,groundplane,431.56659999999994
