x,y,z,rearMat,Wm2Back
0.7101139,4.348194e-17,1.131572,sky,7.699283
0.5324706,3.260442e-17,1.223457,sky,7.699283
0.3548272,2.17269e-17,1.315342,sky,7.699283
0.1771839,1.084939e-17,1.407227,sky,7.699283
-0.0004594248,-2.813166e-20,1.499112,sky,7.699283
-0.1781028,-1.090565e-17,1.590997,sky,7.699283
-0.3557461,-2.178317e-17,1.682882,sky,7.699283
-0.5333894,-3.266068e-17,1.774767,sky,7.699283
-0.7110327,-4.35382e-17,1.866652,sky,7.699283
