x,y,z,mattype,Wm2Front
0.3746,3.827868e-17,0.05,groundplane,254.0363
0.3746,0.0254,0.05,groundplane,254.03830000000002
0.3746,0.0508,0.05,groundplane,254.03830000000002
0.3746,0.0762,0.05,groundplane,254.0382
0.3746,0.1016,0.05,groundplane,254.0381
