x,y,z,rearMat,Wm2Back
0.6001667,3.674961e-17,0.9710379,sky,63.36411999999999
0.44996,2.75521e-17,1.103091,sky,63.36411999999999
0.2997532,1.835459e-17,1.235143,sky,63.36411999999999
0.1495465,9.157081e-18,1.367196,sky,63.36411999999999
-0.0006602639,-4.04295e-20,1.499249,sky,63.36411999999999
-0.150867,-9.23794e-18,1.631302,sky,63.36411999999999
-0.3010737,-1.843545e-17,1.763355,sky,63.36411999999999
-0.4512805,-2.763296e-17,1.895407,sky,63.36411999999999
-0.6014872,-3.683047e-17,2.02746,sky,63.36411999999999
