x,y,z,mattype,Wm2Front
1.5746,3.050247e-17,0.05,groundplane,172.3342
1.5746,0.0254,0.05,groundplane,172.33669999999998
1.5746,0.0508,0.05,groundplane,172.3365
1.5746,0.0762,0.05,groundplane,172.3364
1.5746,0.1016,0.05,groundplane,172.33630000000002
