x,y,z,rearMat,Wm2Back
0.7977365,4.884728e-17,1.439855,sky,1.358289
0.5982839,3.663432e-17,1.454642,sky,1.358289
0.3988313,2.442137e-17,1.469429,sky,1.358289
0.1993787,1.220842e-17,1.484216,sky,1.358289
-7.393444e-05,-4.527179e-21,1.499003,sky,1.358289
-0.1995266,-1.221748e-17,1.51379,sky,1.358289
-0.3989792,-2.443043e-17,1.528577,sky,1.358289
-0.5984318,-3.664338e-17,1.543363,sky,1.358289
-0.7978844,-4.885633e-17,1.55815,sky,1.358289
