x,y,z,rearMat,Wm2Back
0.6996396,4.284057e-17,1.88795,sky,20.41409
0.5248512,3.213787e-17,1.790744,sky,20.41409
0.3500628,2.143516e-17,1.693538,sky,20.41409
0.1752744,1.073246e-17,1.596332,sky,20.41409
0.0004860303,2.976078e-20,1.499126,sky,20.41409
-0.1743024,-1.067294e-17,1.40192,sky,20.41409
-0.3490907,-2.137564e-17,1.304714,sky,20.41409
-0.5238791,-3.207834e-17,1.207508,sky,20.41409
-0.6986675,-4.278105e-17,1.110302,sky,20.41409
