x,y,z,mattype,Wm2Front
0.3746,4.900261e-17,0.05,groundplane,6.736627000000001
0.3746,0.0254,0.05,groundplane,6.736462
0.3746,0.0508,0.05,groundplane,6.736461000000001
0.3746,0.0762,0.05,groundplane,6.73646
0.3746,0.1016,0.05,groundplane,6.736459
