x,y,z,rearMat,Wm2Back
0.7964874,4.877079e-17,1.425108,sky,1.664371
0.5973424,3.657668e-17,1.443582,sky,1.664371
0.3981975,2.438257e-17,1.462056,sky,1.664371
0.1990526,1.218845e-17,1.48053,sky,1.664371
-9.237059e-05,-5.656067e-21,1.499004,sky,1.664371
-0.1992373,-1.219977e-17,1.517478,sky,1.664371
-0.3983822,-2.439388e-17,1.535953,sky,1.664371
-0.5975272,-3.658799e-17,1.554427,sky,1.664371
-0.7966721,-4.87821e-17,1.572901,sky,1.664371
