x,y,z,mattype,Wm2Front
1.5746,4.696198e-17,0.05,groundplane,72.80095
1.5746,0.0254,0.05,groundplane,72.80257
1.5746,0.0508,0.05,groundplane,72.8026
1.5746,0.0762,0.05,groundplane,72.80261
1.5746,0.1016,0.05,groundplane,72.80263
