x,y,z,mattype,Wm2Front
1.5746,3.203645e-17,0.05,groundplane,690.2635999999999
1.5746,0.0254,0.05,groundplane,690.2664
1.5746,0.0508,0.05,groundplane,690.2661000000002
1.5746,0.0762,0.05,groundplane,690.2657
1.5746,0.1016,0.05,groundplane,690.2653999999999
