x,y,z,rearMat,Wm2Back
0.7919375,4.849218e-17,1.386704,sky,3.3208059999999997
0.593918,3.636699e-17,1.41478,sky,3.3208059999999997
0.3958985,2.424179e-17,1.442857,sky,3.3208059999999997
0.1978791,1.21166e-17,1.470933,sky,3.3208059999999997
-0.0001403828,-8.59597e-21,1.49901,sky,3.3208059999999997
-0.1981598,-1.213379e-17,1.527086,sky,3.3208059999999997
-0.3961793,-2.425899e-17,1.555163,sky,3.3208059999999997
-0.5941988,-3.638418e-17,1.58324,sky,3.3208059999999997
-0.7922182,-4.850938e-17,1.611316,sky,3.3208059999999997
