x,y,z,rearMat,Wm2Back
0.5718874,3.5018e-17,2.059416,sky,32.64817
0.4290906,2.627422e-17,1.919383,sky,32.64817
0.2862938,1.753044e-17,1.779351,sky,32.64817
0.143497,8.786655e-18,1.639318,sky,32.64817
0.000700162,4.287256e-20,1.499286,sky,32.64817
-0.1420966,-8.70091e-18,1.359254,sky,32.64817
-0.2848935,-1.744469e-17,1.219221,sky,32.64817
-0.4276903,-2.618848e-17,1.079189,sky,32.64817
-0.5704871,-3.493226e-17,0.9391564,sky,32.64817
