x,y,z,mattype,Wm2Front
0.3746,3.547245e-17,0.05,groundplane,109.19419999999998
0.3746,0.0254,0.05,groundplane,109.1959
0.3746,0.0508,0.05,groundplane,109.1958
0.3746,0.0762,0.05,groundplane,109.1958
0.3746,0.1016,0.05,groundplane,109.1958
