x,y,z,mattype,Wm2Front
0.3746,4.591636e-17,0.05,groundplane,76.4265
0.3746,0.0254,0.05,groundplane,76.42753
0.3746,0.0508,0.05,groundplane,76.42751
0.3746,0.0762,0.05,groundplane,76.42751
0.3746,0.1016,0.05,groundplane,76.42748
