x,y,z,rearMat,Wm2Back
0.7284414,4.460417e-17,1.830718,sky,11.446869999999999
0.5464347,3.345948e-17,1.747811,sky,11.446869999999999
0.364428,2.231478e-17,1.664904,sky,11.446869999999999
0.1824213,1.117008e-17,1.581997,sky,11.446869999999999
0.0004145344,2.538291e-20,1.49909,sky,11.446869999999999
-0.1815922,-1.111931e-17,1.416183,sky,11.446869999999999
-0.3635989,-2.226401e-17,1.333276,sky,11.446869999999999
-0.5456056,-3.340871e-17,1.250369,sky,11.446869999999999
-0.7276124,-4.455341e-17,1.167462,sky,11.446869999999999
