x,y,z,rearMat,Wm2Back
0.7988588,4.891599e-17,1.457272,sky,1.165995
0.599131,3.668619e-17,1.467704,sky,1.165995
0.3994033,2.44564e-17,1.478137,sky,1.165995
0.1996756,1.22266e-17,1.488569,sky,1.165995
-5.216166e-05,-3.193981e-21,1.499001,sky,1.165995
-0.1997799,-1.223299e-17,1.509434,sky,1.165995
-0.3995076,-2.446279e-17,1.519866,sky,1.165995
-0.5992354,-3.669258e-17,1.530298,sky,1.165995
-0.7989631,-4.892238e-17,1.540731,sky,1.165995
