x,y,z,rearMat,Wm2Back
0.7441893,4.556845e-17,1.79357,sky,33.66939
0.558234,3.418198e-17,1.719945,sky,33.66939
0.3722787,2.27955e-17,1.64632,sky,33.66939
0.1863234,1.140902e-17,1.572695,sky,33.66939
0.0003681246,2.254113e-20,1.49907,sky,33.66939
-0.1855872,-1.136394e-17,1.425445,sky,33.66939
-0.3715425,-2.275041e-17,1.35182,sky,33.66939
-0.5574978,-3.413689e-17,1.278195,sky,33.66939
-0.7434531,-4.552337e-17,1.204571,sky,33.66939
