x,y,z,rearMat,Wm2Back
0.7658627,4.689557e-17,1.731204,sky,10.4973
0.5744696,3.517612e-17,1.673164,sky,10.4973
0.3830765,2.345667e-17,1.615124,sky,10.4973
0.1916833,1.173722e-17,1.557083,sky,10.4973
0.0002902012,1.77697e-20,1.499043,sky,10.4973
-0.1911029,-1.170168e-17,1.441003,sky,10.4973
-0.3824961,-2.342113e-17,1.382963,sky,10.4973
-0.5738892,-3.514058e-17,1.324922,sky,10.4973
-0.7652823,-4.686003e-17,1.266882,sky,10.4973
