x,y,z,rearMat,Wm2Back
0.7976304,4.884077e-17,1.438463,sky,61.30841999999999
0.5982039,3.662942e-17,1.453598,sky,61.30841999999999
0.3987773,2.441807e-17,1.468733,sky,61.30841999999999
0.1993508,1.220672e-17,1.483868,sky,61.30841999999999
-7.567488e-05,-4.63375e-21,1.499003,sky,61.30841999999999
-0.1995022,-1.221599e-17,1.514138,sky,61.30841999999999
-0.3989287,-2.442734e-17,1.529273,sky,61.30841999999999
-0.5983552,-3.663869e-17,1.544408,sky,61.30841999999999
-0.7977817,-4.885004e-17,1.559543,sky,61.30841999999999
