x,y,z,mattype,Wm2Front
1.5746,3.247255e-17,0.05,groundplane,197.2228
1.5746,0.0254,0.05,groundplane,197.22220000000002
1.5746,0.0508,0.05,groundplane,197.22210000000004
1.5746,0.0762,0.05,groundplane,197.2219
1.5746,0.1016,0.05,groundplane,197.2218
