x,y,z,rearMat,Wm2Back
0.7967354,4.878598e-17,1.572205,sky,8.552411
0.5975745,3.659088e-17,1.553905,sky,8.552411
0.3984135,2.439579e-17,1.535605,sky,8.552411
0.1992525,1.22007e-17,1.517305,sky,8.552411
9.150162e-05,5.602858e-21,1.499004,sky,8.552411
-0.1990695,-1.218949e-17,1.480704,sky,8.552411
-0.3982305,-2.438458e-17,1.462404,sky,8.552411
-0.5973915,-3.657968e-17,1.444103,sky,8.552411
-0.7965524,-4.877477e-17,1.425803,sky,8.552411
