x,y,z,rearMat,Wm2Back
0.6444257,3.94597e-17,1.974043,sky,22.7754
0.4834677,2.960386e-17,1.855331,sky,22.7754
0.3225096,1.974802e-17,1.736619,sky,22.7754
0.1615516,9.892183e-18,1.617907,sky,22.7754
0.0005935594,3.634503e-20,1.499195,sky,22.7754
-0.1603645,-9.819493e-18,1.380483,sky,22.7754
-0.3213225,-1.967533e-17,1.261771,sky,22.7754
-0.4822806,-2.953117e-17,1.14306,sky,22.7754
-0.6432386,-3.938701e-17,1.024348,sky,22.7754
