x,y,z,mattype,Wm2Front
1.5746,4.823941e-17,0.05,groundplane,700.7494
1.5746,0.0254,0.05,groundplane,700.75
1.5746,0.0508,0.05,groundplane,700.7496
1.5746,0.0762,0.05,groundplane,700.7493
1.5746,0.1016,0.05,groundplane,700.7490000000001
