x,y,z,rearMat,Wm2Back
0.7292474,4.465352e-17,1.828937,sky,7.107130000000001
0.5470386,3.349645e-17,1.746475,sky,7.107130000000001
0.3648298,2.233938e-17,1.664013,sky,7.107130000000001
0.1826211,1.118232e-17,1.581551,sky,7.107130000000001
0.0004123096,2.524668e-20,1.499089,sky,7.107130000000001
-0.1817965,-1.113182e-17,1.416627,sky,7.107130000000001
-0.3640052,-2.228889e-17,1.334165,sky,7.107130000000001
-0.546214,-3.344596e-17,1.251703,sky,7.107130000000001
-0.7284227,-4.460303e-17,1.169241,sky,7.107130000000001
