x,y,z,rearMat,Wm2Back
0.7873531,4.821147e-17,1.35831,sky,2.91332
0.5904709,3.615591e-17,1.393486,sky,2.91332
0.3935886,2.410035e-17,1.428663,sky,2.91332
0.1967064,1.204479e-17,1.463839,sky,2.91332
-0.0001758822,-1.076968e-20,1.499016,sky,2.91332
-0.1970581,-1.206633e-17,1.534192,sky,2.91332
-0.3939404,-2.412189e-17,1.569368,sky,2.91332
-0.5908226,-3.617745e-17,1.604545,sky,2.91332
-0.7877049,-4.823301e-17,1.639721,sky,2.91332
