x,y,z,rearMat,Wm2Back
0.7965004,4.877159e-17,1.425247,sky,1.686869
0.5973523,3.657728e-17,1.443686,sky,1.686869
0.3982041,2.438297e-17,1.462126,sky,1.686869
0.199056,1.218866e-17,1.480565,sky,1.686869
-9.21968e-05,-5.645426e-21,1.499004,sky,1.686869
-0.1992404,-1.219995e-17,1.517444,sky,1.686869
-0.3983885,-2.439426e-17,1.535883,sky,1.686869
-0.5975367,-3.658857e-17,1.554322,sky,1.686869
-0.7966848,-4.878288e-17,1.572762,sky,1.686869
