x,y,z,mattype,Wm2Front
1.5746,4.702917e-17,0.05,groundplane,121.5215
1.5746,0.0254,0.05,groundplane,121.5208
1.5746,0.0508,0.05,groundplane,121.5208
1.5746,0.0762,0.05,groundplane,121.5208
1.5746,0.1016,0.05,groundplane,121.52069999999999
