x,y,z,mattype,Wm2Front
1.5746,3.050247e-17,0.05,groundplane,229.6176
1.5746,0.0254,0.05,groundplane,229.6223
1.5746,0.0508,0.05,groundplane,229.6222
1.5746,0.0762,0.05,groundplane,229.62209999999996
1.5746,0.1016,0.05,groundplane,229.6219
