x,y,z,rearMat,Wm2Back
0.5162426,3.161074e-17,0.888858,sky,23.11291
0.3869912,2.369638e-17,1.041482,sky,23.11291
0.2577398,1.578201e-17,1.194106,sky,23.11291
0.1284883,7.86764e-18,1.34673,sky,23.11291
-0.0007631197,-4.67276e-20,1.499354,sky,23.11291
-0.1300146,-7.961095e-18,1.651978,sky,23.11291
-0.259266,-1.587546e-17,1.804602,sky,23.11291
-0.3885174,-2.378983e-17,1.957226,sky,23.11291
-0.5177689,-3.17042e-17,2.109849,sky,23.11291
