x,y,z,mattype,Wm2Front
1.5746,4.896909e-17,0.05,groundplane,1.476275
1.5746,0.0254,0.05,groundplane,1.4762759999999997
1.5746,0.0508,0.05,groundplane,1.4762759999999997
1.5746,0.0762,0.05,groundplane,1.4762759999999997
1.5746,0.1016,0.05,groundplane,1.4762759999999997
