x,y,z,mattype,Wm2Front
0.3746,4.340115e-17,0.05,groundplane,824.9442
0.3746,0.0254,0.05,groundplane,824.9459
0.3746,0.0508,0.05,groundplane,824.9455000000002
0.3746,0.0762,0.05,groundplane,824.9451
0.3746,0.1016,0.05,groundplane,824.9447999999999
