x,y,z,mattype,Wm2Front
1.5746,4.747307e-17,0.05,groundplane,52.289970000000004
1.5746,0.0254,0.05,groundplane,52.291509999999995
1.5746,0.0508,0.05,groundplane,52.291509999999995
1.5746,0.0762,0.05,groundplane,52.291500000000006
1.5746,0.1016,0.05,groundplane,52.291500000000006
