x,y,z,mattype,Wm2Front
0.3746,4.536255e-17,0.05,groundplane,223.20629999999997
0.3746,0.0254,0.05,groundplane,223.213
0.3746,0.0508,0.05,groundplane,223.2127
0.3746,0.0762,0.05,groundplane,223.2124
0.3746,0.1016,0.05,groundplane,223.2121
