x,y,z,mattype,Wm2Front
1.5746,4.181132e-17,0.05,groundplane,776.6724
1.5746,0.0254,0.05,groundplane,776.6785999999998
1.5746,0.0508,0.05,groundplane,776.6771
1.5746,0.0762,0.05,groundplane,776.6757000000001
1.5746,0.1016,0.05,groundplane,776.6743
