x,y,z,rearMat,Wm2Back
0.7999996,4.898585e-17,1.498721,sky,145.9246
0.5999996,3.673938e-17,1.498791,sky,145.9246
0.3999996,2.449291e-17,1.49886,sky,145.9246
0.1999996,1.224645e-17,1.49893,sky,145.9246
-3.490658e-07,-2.137412e-23,1.499,sky,145.9246
-0.2000003,-1.224649e-17,1.49907,sky,145.9246
-0.4000003,-2.449296e-17,1.49914,sky,145.9246
-0.6000003,-3.673942e-17,1.499209,sky,145.9246
-0.8000003,-4.898589e-17,1.499279,sky,145.9246
