x,y,z,rearMat,Wm2Back
0.7926775,4.85375e-17,1.607997,sky,0.3948707
0.5945422,3.640521e-17,1.58075,sky,0.3948707
0.3964069,2.427292e-17,1.553503,sky,0.3948707
0.1982716,1.214063e-17,1.526256,sky,0.3948707
0.0001362343,8.341945e-21,1.499009,sky,0.3948707
-0.1979991,-1.212395e-17,1.471762,sky,0.3948707
-0.3961344,-2.425624e-17,1.444516,sky,0.3948707
-0.5942698,-3.638853e-17,1.417269,sky,0.3948707
-0.7924051,-4.852082e-17,1.390022,sky,0.3948707
