x,y,z,rearMat,Wm2Back
0.7022424,4.299994e-17,1.116781,sky,40.00491
0.5265623,3.224264e-17,1.212366,sky,40.00491
0.3508822,2.148534e-17,1.307951,sky,40.00491
0.1752022,1.072804e-17,1.403537,sky,40.00491
-0.0004779255,-2.92645e-20,1.499122,sky,40.00491
-0.176158,-1.078657e-17,1.594707,sky,40.00491
-0.3518381,-2.154387e-17,1.690292,sky,40.00491
-0.5275182,-3.230117e-17,1.785877,sky,40.00491
-0.7031982,-4.305847e-17,1.881462,sky,40.00491
