x,y,z,mattype,Wm2Front
0.3746,3.050247e-17,0.05,groundplane,376.1304
0.3746,0.0254,0.05,groundplane,376.1348
0.3746,0.0508,0.05,groundplane,376.13460000000003
0.3746,0.0762,0.05,groundplane,376.1343
0.3746,0.1016,0.05,groundplane,376.134
