x,y,z,mattype,Wm2Front
1.5746,3.050247e-17,0.05,groundplane,479.5767
1.5746,0.0254,0.05,groundplane,479.5861
1.5746,0.0508,0.05,groundplane,479.5854
1.5746,0.0762,0.05,groundplane,479.58470000000005
1.5746,0.1016,0.05,groundplane,479.584
