x,y,z,mattype,Wm2Front
1.5746,3.624184e-17,0.05,groundplane,807.3215
1.5746,0.0254,0.05,groundplane,807.3263000000001
1.5746,0.0508,0.05,groundplane,807.3257
1.5746,0.0762,0.05,groundplane,807.3251
1.5746,0.1016,0.05,groundplane,807.3245000000001
