x,y,z,mattype,Wm2Front
1.5746,3.247255e-17,0.05,groundplane,357.0405
1.5746,0.0254,0.05,groundplane,357.0398
1.5746,0.0508,0.05,groundplane,357.0396
1.5746,0.0762,0.05,groundplane,357.03950000000003
1.5746,0.1016,0.05,groundplane,357.03939999999994
