x,y,z,mattype,Wm2Front
0.3746,3.734166e-17,0.05,groundplane,220.0513
0.3746,0.0254,0.05,groundplane,220.0502
0.3746,0.0508,0.05,groundplane,220.05010000000001
0.3746,0.0762,0.05,groundplane,220.05000000000004
0.3746,0.1016,0.05,groundplane,220.0499
