x,y,z,rearMat,Wm2Back
0.7906864,4.841558e-17,1.378279,sky,16.4928
0.5929771,3.630937e-17,1.408462,sky,16.4928
0.3952677,2.420317e-17,1.438645,sky,16.4928
0.1975584,1.209696e-17,1.468828,sky,16.4928
-0.0001509158,-9.240925e-21,1.499011,sky,16.4928
-0.1978602,-1.211545e-17,1.529195,sky,16.4928
-0.3955696,-2.422165e-17,1.559378,sky,16.4928
-0.5932789,-3.632785e-17,1.589561,sky,16.4928
-0.7909882,-4.843406e-17,1.619744,sky,16.4928
