x,y,z,rearMat,Wm2Back
0.7041067,4.31141e-17,1.120218,sky,13.31215
0.5279617,3.232833e-17,1.214943,sky,13.31215
0.3518166,2.154255e-17,1.309668,sky,13.31215
0.1756715,1.075677e-17,1.404394,sky,13.31215
-0.0004736271,-2.90013e-20,1.499119,sky,13.31215
-0.1766187,-1.081478e-17,1.593845,sky,13.31215
-0.3527638,-2.160055e-17,1.68857,sky,13.31215
-0.5289089,-3.238633e-17,1.783296,sky,13.31215
-0.705054,-4.317211e-17,1.878021,sky,13.31215
