x,y,z,rearMat,Wm2Back
0.7945019,4.864921e-17,1.406364,sky,1.292564
0.5958474,3.648513e-17,1.429524,sky,1.292564
0.397193,2.432106e-17,1.452685,sky,1.292564
0.1985386,1.215698e-17,1.475846,sky,1.292564
-0.000115804,-7.090949e-21,1.499007,sky,1.292564
-0.1987702,-1.217117e-17,1.522168,sky,1.292564
-0.3974246,-2.433524e-17,1.545328,sky,1.292564
-0.5960791,-3.649932e-17,1.568489,sky,1.292564
-0.7947335,-4.866339e-17,1.59165,sky,1.292564
