x,y,z,rearMat,Wm2Back
0.7954388,4.870658e-17,1.414689,sky,1.605345
0.5965528,3.652832e-17,1.435768,sky,1.605345
0.3976667,2.435006e-17,1.456847,sky,1.605345
0.1987807,1.217181e-17,1.477926,sky,1.605345
-0.0001053963,-6.453663e-21,1.499006,sky,1.605345
-0.1989915,-1.218471e-17,1.520085,sky,1.605345
-0.3978775,-2.436297e-17,1.541164,sky,1.605345
-0.5967636,-3.654123e-17,1.562243,sky,1.605345
-0.7956496,-4.871949e-17,1.583323,sky,1.605345
