x,y,z,mattype,Wm2Front
0.3746,3.295647e-17,0.05,groundplane,483.567
0.3746,0.0254,0.05,groundplane,483.5619
0.3746,0.0508,0.05,groundplane,483.5606
0.3746,0.0762,0.05,groundplane,483.5593999999999
0.3746,0.1016,0.05,groundplane,483.5582
