x,y,z,rearMat,Wm2Back
0.7915842,4.847055e-17,1.615739,sky,33.81662
0.5937246,3.635515e-17,1.586557,sky,33.81662
0.395865,2.423974e-17,1.557375,sky,33.81662
0.1980055,1.212434e-17,1.528193,sky,33.81662
0.0001459104,8.934433e-21,1.499011,sky,33.81662
-0.1977137,-1.210647e-17,1.469829,sky,33.81662
-0.3955732,-2.422187e-17,1.440647,sky,33.81662
-0.5934328,-3.633728e-17,1.411464,sky,33.81662
-0.7912923,-4.845268e-17,1.382282,sky,33.81662
