x,y,z,mattype,Wm2Front
1.5746,3.050247e-17,0.05,groundplane,345.7097999999999
1.5746,0.0254,0.05,groundplane,345.7212
1.5746,0.0508,0.05,groundplane,345.7201
1.5746,0.0762,0.05,groundplane,345.7189
1.5746,0.1016,0.05,groundplane,345.71780000000007
