x,y,z,rearMat,Wm2Back
0.8000006,4.898591e-17,1.500257,sky,11.440130000000002
0.6000008,3.673945e-17,1.499942,sky,11.440130000000002
0.4000011,2.4493e-17,1.499628,sky,11.440130000000002
0.2000013,1.224655e-17,1.499314,sky,11.440130000000002
1.570796e-06,9.61835e-23,1.499,sky,11.440130000000002
-0.1999982,-1.224636e-17,1.498686,sky,11.440130000000002
-0.3999979,-2.449281e-17,1.498372,sky,11.440130000000002
-0.5999977,-3.673926e-17,1.498058,sky,11.440130000000002
-0.7999974,-4.898572e-17,1.497743,sky,11.440130000000002
