x,y,z,mattype,Wm2Front
1.5746,3.050247e-17,0.05,groundplane,473.6312
1.5746,0.0254,0.05,groundplane,473.63449999999995
1.5746,0.0508,0.05,groundplane,473.6344000000001
1.5746,0.0762,0.05,groundplane,473.6342
1.5746,0.1016,0.05,groundplane,473.634
