x,y,z,rearMat,Wm2Back
0.7127955,4.364614e-17,1.136787,sky,11.1094
0.5344834,3.272767e-17,1.227367,sky,11.1094
0.3561713,2.18092e-17,1.317948,sky,11.1094
0.1778592,1.089074e-17,1.408528,sky,11.1094
-0.0004529016,-2.773222e-20,1.499108,sky,11.1094
-0.178765,-1.09462e-17,1.589689,sky,11.1094
-0.3570771,-2.186467e-17,1.680269,sky,11.1094
-0.5353892,-3.278313e-17,1.770849,sky,11.1094
-0.7137013,-4.37016e-17,1.86143,sky,11.1094
