x,y,z,rearMat,Wm2Back
0.5970473,3.655861e-17,2.032481,sky,38.1679
0.4479521,2.742916e-17,1.899174,sky,38.1679
0.2988569,1.829971e-17,1.765868,sky,38.1679
0.1497617,9.170261e-18,1.632561,sky,38.1679
0.0006665325,4.081334e-20,1.499255,sky,38.1679
-0.1484287,-9.088635e-18,1.365948,sky,38.1679
-0.2975239,-1.821808e-17,1.232642,sky,38.1679
-0.4466191,-2.734753e-17,1.099335,sky,38.1679
-0.5957143,-3.647698e-17,0.9660285,sky,38.1679
