x,y,z,rearMat,Wm2Back
0.7926148,4.853366e-17,1.391543,sky,18.24777
0.5944275,3.639819e-17,1.41841,sky,18.24777
0.3962402,2.426272e-17,1.445276,sky,18.24777
0.1980529,1.212725e-17,1.472143,sky,18.24777
-0.0001343321,-8.225469e-21,1.499009,sky,18.24777
-0.1983216,-1.21437e-17,1.525875,sky,18.24777
-0.3965089,-2.427917e-17,1.552742,sky,18.24777
-0.5946962,-3.641464e-17,1.579608,sky,18.24777
-0.7928834,-4.855011e-17,1.606475,sky,18.24777
