x,y,z,mattype,Wm2Front
1.5746,4.897999e-17,0.05,groundplane,10.96446
1.5746,0.0254,0.05,groundplane,10.964080000000001
1.5746,0.0508,0.05,groundplane,10.96409
1.5746,0.0762,0.05,groundplane,10.96409
1.5746,0.1016,0.05,groundplane,10.9641
