x,y,z,rearMat,Wm2Back
0.7946047,4.865551e-17,1.592759,sky,0.17715709999999998
0.5959828,3.649342e-17,1.569321,sky,0.17715709999999998
0.397361,2.433134e-17,1.545883,sky,0.17715709999999998
0.1987391,1.216926e-17,1.522445,sky,0.17715709999999998
0.0001171907,7.175863e-21,1.499007,sky,0.17715709999999998
-0.1985047,-1.215491e-17,1.475569,sky,0.17715709999999998
-0.3971266,-2.431699e-17,1.452131,sky,0.17715709999999998
-0.5957485,-3.647907e-17,1.428692,sky,0.17715709999999998
-0.7943703,-4.864116e-17,1.405254,sky,0.17715709999999998
