x,y,z,mattype,Wm2Front
1.5746,4.695954e-17,0.05,groundplane,25.28675
1.5746,0.0254,0.05,groundplane,25.28737
1.5746,0.0508,0.05,groundplane,25.287359999999996
1.5746,0.0762,0.05,groundplane,25.28735
1.5746,0.1016,0.05,groundplane,25.28733
