x,y,z,rearMat,Wm2Back
0.799989,4.89852e-17,1.504306,sky,13.951659999999999
0.5999934,3.6739e-17,1.502979,sky,13.951659999999999
0.3999978,2.44928e-17,1.501653,sky,13.951659999999999
0.2000022,1.22466e-17,1.500326,sky,13.951659999999999
6.632203e-06,4.061053e-22,1.499,sky,13.951659999999999
-0.199989,-1.224579e-17,1.497674,sky,13.951659999999999
-0.3999846,-2.449199e-17,1.496347,sky,13.951659999999999
-0.5999802,-3.673819e-17,1.495021,sky,13.951659999999999
-0.7999758,-4.898439e-17,1.493694,sky,13.951659999999999
