x,y,z,mattype,Wm2Front
1.5746,4.827399e-17,0.05,groundplane,823.7671
1.5746,0.0254,0.05,groundplane,823.7703
1.5746,0.0508,0.05,groundplane,823.7692000000001
1.5746,0.0762,0.05,groundplane,823.768
1.5746,0.1016,0.05,groundplane,823.7668
