x,y,z,mattype,Wm2Front
0.3746,4.863683e-17,0.05,groundplane,885.3911000000002
0.3746,0.0254,0.05,groundplane,885.3919
0.3746,0.0508,0.05,groundplane,885.3915000000001
0.3746,0.0762,0.05,groundplane,885.3911000000002
0.3746,0.1016,0.05,groundplane,885.3907
