x,y,z,mattype,Wm2Front
1.5746,4.280212e-17,0.05,groundplane,756.1061
1.5746,0.0254,0.05,groundplane,756.1057999999999
1.5746,0.0508,0.05,groundplane,756.1055
1.5746,0.0762,0.05,groundplane,756.1052
1.5746,0.1016,0.05,groundplane,756.1048
