x,y,z,mattype,Wm2Front
1.5746,3.70913e-17,0.05,groundplane,720.1144
1.5746,0.0254,0.05,groundplane,720.1111
1.5746,0.0508,0.05,groundplane,720.1096000000001
1.5746,0.0762,0.05,groundplane,720.1079999999998
1.5746,0.1016,0.05,groundplane,720.1064
