x,y,z,rearMat,Wm2Back
0.7612401,4.661252e-17,1.745997,sky,16.13238
0.5710073,3.496411e-17,1.68426,sky,16.13238
0.3807744,2.331571e-17,1.622523,sky,16.13238
0.1905416,1.16673e-17,1.560786,sky,16.13238
0.000308685,1.89015e-20,1.499049,sky,16.13238
-0.1899242,-1.16295e-17,1.437312,sky,16.13238
-0.380157,-2.327791e-17,1.375575,sky,16.13238
-0.5703899,-3.492631e-17,1.313838,sky,16.13238
-0.7606228,-4.657471e-17,1.252101,sky,16.13238
