x,y,z,rearMat,Wm2Back
0.6796819,4.161852e-17,1.07806,sky,11.829770000000002
0.5096299,3.120583e-17,1.183332,sky,11.829770000000002
0.3395778,2.079314e-17,1.288605,sky,11.829770000000002
0.1695257,1.038046e-17,1.393877,sky,11.829770000000002
-0.0005263623,-3.22304e-20,1.49915,sky,11.829770000000002
-0.1705784,-1.044492e-17,1.604422,sky,11.829770000000002
-0.3406305,-2.08576e-17,1.709695,sky,11.829770000000002
-0.5106826,-3.127029e-17,1.814967,sky,11.829770000000002
-0.6807347,-4.168298e-17,1.92024,sky,11.829770000000002
