x,y,z,mattype,Wm2Front
1.5746,4.815765e-17,0.05,groundplane,797.5880000000001
1.5746,0.0254,0.05,groundplane,797.5885
1.5746,0.0508,0.05,groundplane,797.5881
1.5746,0.0762,0.05,groundplane,797.5876
1.5746,0.1016,0.05,groundplane,797.5872
