x,y,z,mattype,Wm2Front
0.3746,4.716906e-17,0.05,groundplane,19.04457
0.3746,0.0254,0.05,groundplane,19.04551
0.3746,0.0508,0.05,groundplane,19.04549
0.3746,0.0762,0.05,groundplane,19.04546
0.3746,0.1016,0.05,groundplane,19.04543
