x,y,z,mattype,Wm2Front
1.5746,4.892363e-17,0.05,groundplane,924.6070999999998
1.5746,0.0254,0.05,groundplane,924.6075
1.5746,0.0508,0.05,groundplane,924.6072
1.5746,0.0762,0.05,groundplane,924.6069000000001
1.5746,0.1016,0.05,groundplane,924.6065
