x,y,z,mattype,Wm2Front
1.5746,4.759917e-17,0.05,groundplane,66.74644
1.5746,0.0254,0.05,groundplane,66.74518
1.5746,0.0508,0.05,groundplane,66.74513
1.5746,0.0762,0.05,groundplane,66.7451
1.5746,0.1016,0.05,groundplane,66.74506
