x,y,z,mattype,Wm2Front
1.5746,4.505575e-17,0.05,groundplane,805.453
1.5746,0.0254,0.05,groundplane,805.4545000000002
1.5746,0.0508,0.05,groundplane,805.4542
1.5746,0.0762,0.05,groundplane,805.4537
1.5746,0.1016,0.05,groundplane,805.4534
