x,y,z,mattype,Wm2Front
0.3746,4.897057e-17,0.05,groundplane,10.943959999999999
0.3746,0.0254,0.05,groundplane,10.94368
0.3746,0.0508,0.05,groundplane,10.94368
0.3746,0.0762,0.05,groundplane,10.943689999999998
0.3746,0.1016,0.05,groundplane,10.943689999999998
