x,y,z,rearMat,Wm2Back
0.7757334,4.749997e-17,1.695547,sky,1.5338710000000002
0.5818614,3.562874e-17,1.646418,sky,1.5338710000000002
0.3879895,2.375751e-17,1.597289,sky,1.5338710000000002
0.1941176,1.188627e-17,1.54816,sky,1.5338710000000002
0.0002456458,1.504147e-20,1.499031,sky,1.5338710000000002
-0.1936263,-1.185619e-17,1.449901,sky,1.5338710000000002
-0.3874982,-2.372742e-17,1.400772,sky,1.5338710000000002
-0.5813702,-3.559865e-17,1.351643,sky,1.5338710000000002
-0.7752421,-4.746989e-17,1.302514,sky,1.5338710000000002
