x,y,z,rearMat,Wm2Back
0.5631291,3.448171e-17,2.068231,sky,46.36154
0.4225246,2.587217e-17,1.925998,sky,46.36154
0.2819201,1.726263e-17,1.783764,sky,46.36154
0.1413157,8.653088e-18,1.641531,sky,46.36154
0.0007111677,4.354646e-20,1.499297,sky,46.36154
-0.1398933,-8.565995e-18,1.357063,sky,46.36154
-0.2804978,-1.717554e-17,1.21483,sky,46.36154
-0.4211023,-2.578508e-17,1.072596,sky,46.36154
-0.5617068,-3.439462e-17,0.9303628,sky,46.36154
