x,y,z,mattype,Wm2Front
1.5746,3.658941e-17,0.05,groundplane,351.8468
1.5746,0.0254,0.05,groundplane,351.84739999999994
1.5746,0.0508,0.05,groundplane,351.8459
1.5746,0.0762,0.05,groundplane,351.8443
1.5746,0.1016,0.05,groundplane,351.84280000000007
