x,y,z,mattype,Wm2Front
1.5746,3.050247e-17,0.05,groundplane,99.23793
1.5746,0.0254,0.05,groundplane,99.23843
1.5746,0.0508,0.05,groundplane,99.23836999999999
1.5746,0.0762,0.05,groundplane,99.23832
1.5746,0.1016,0.05,groundplane,99.23826000000001
