x,y,z,mattype,Wm2Front
0.3746,3.247255e-17,0.05,groundplane,445.7917
0.3746,0.0254,0.05,groundplane,445.7914
0.3746,0.0508,0.05,groundplane,445.79119999999995
0.3746,0.0762,0.05,groundplane,445.791
0.3746,0.1016,0.05,groundplane,445.7908
