x,y,z,mattype,Wm2Front
0.3746,4.43595e-17,0.05,groundplane,171.8447
0.3746,0.0254,0.05,groundplane,171.8489
0.3746,0.0508,0.05,groundplane,171.8487
0.3746,0.0762,0.05,groundplane,171.84849999999997
0.3746,0.1016,0.05,groundplane,171.8483
