x,y,z,rearMat,Wm2Back
0.6633741,4.061995e-17,1.052858,sky,22.29885
0.4973911,3.045642e-17,1.164436,sky,22.29885
0.3314081,2.029289e-17,1.276014,sky,22.29885
0.1654251,1.012937e-17,1.387592,sky,22.29885
-0.00055789,-3.416091e-20,1.49917,sky,22.29885
-0.1665409,-1.019769e-17,1.610748,sky,22.29885
-0.3325239,-2.036121e-17,1.722326,sky,22.29885
-0.4985068,-3.052474e-17,1.833904,sky,22.29885
-0.6644898,-4.068827e-17,1.945482,sky,22.29885
