x,y,z,rearMat,Wm2Back
0.7991311,4.893267e-17,1.462711,sky,0.811954
0.599337,3.669881e-17,1.471783,sky,0.811954
0.3995429,2.446494e-17,1.480856,sky,0.811954
0.1997488,1.223108e-17,1.489928,sky,0.811954
-4.536299e-05,-2.777682e-21,1.499001,sky,0.811954
-0.1998395,-1.223664e-17,1.508074,sky,0.811954
-0.3996336,-2.44705e-17,1.517146,sky,0.811954
-0.5994277,-3.670436e-17,1.526219,sky,0.811954
-0.7992218,-4.893822e-17,1.535291,sky,0.811954
