x,y,z,mattype,Wm2Front
1.5746,4.891732e-17,0.05,groundplane,823.875
1.5746,0.0254,0.05,groundplane,823.8762
1.5746,0.0508,0.05,groundplane,823.8756
1.5746,0.0762,0.05,groundplane,823.8749000000001
1.5746,0.1016,0.05,groundplane,823.8743
