x,y,z,rearMat,Wm2Back
0.5996124,3.671567e-17,0.9704097,sky,25.91914
0.4495441,2.752664e-17,1.10262,sky,25.91914
0.2994757,1.83376e-17,1.23483,sky,25.91914
0.1494073,9.14856e-18,1.36704,sky,25.91914
-0.00066105,-4.047764e-20,1.49925,sky,25.91914
-0.1507294,-9.229515e-18,1.63146,sky,25.91914
-0.3007978,-1.841855e-17,1.76367,sky,25.91914
-0.4508662,-2.760759e-17,1.89588,sky,25.91914
-0.6009345,-3.679663e-17,2.02809,sky,25.91914
