x,y,z,mattype,Wm2Front
0.3746,4.327341e-17,0.05,groundplane,766.2127999999999
0.3746,0.0254,0.05,groundplane,766.2154999999999
0.3746,0.0508,0.05,groundplane,766.215
0.3746,0.0762,0.05,groundplane,766.2145999999999
0.3746,0.1016,0.05,groundplane,766.2142
