x,y,z,mattype,Wm2Front
1.5746,4.751881e-17,0.05,groundplane,91.43777
1.5746,0.0254,0.05,groundplane,91.43665
1.5746,0.0508,0.05,groundplane,91.43662
1.5746,0.0762,0.05,groundplane,91.43658
1.5746,0.1016,0.05,groundplane,91.43655
