x,y,z,mattype,Wm2Front
1.5746,3.971114e-17,0.05,groundplane,244.1523
1.5746,0.0254,0.05,groundplane,244.15099999999998
1.5746,0.0508,0.05,groundplane,244.1509
1.5746,0.0762,0.05,groundplane,244.1509
1.5746,0.1016,0.05,groundplane,244.1508
