x,y,z,mattype,Wm2Front
1.5746,4.882412e-17,0.05,groundplane,46.67083
1.5746,0.0254,0.05,groundplane,46.67157
1.5746,0.0508,0.05,groundplane,46.67159
1.5746,0.0762,0.05,groundplane,46.67161000000001
1.5746,0.1016,0.05,groundplane,46.67163
