x,y,z,mattype,Wm2Front
1.5746,4.831599e-17,0.05,groundplane,915.7716999999999
1.5746,0.0254,0.05,groundplane,915.7725999999999
1.5746,0.0508,0.05,groundplane,915.7723
1.5746,0.0762,0.05,groundplane,915.7719000000001
1.5746,0.1016,0.05,groundplane,915.7715
