x,y,z,rearMat,Wm2Back
0.7726748,4.731269e-17,1.707303,sky,12.29287
0.5795712,3.54885e-17,1.655236,sky,12.29287
0.3864676,2.366431e-17,1.603169,sky,12.29287
0.193364,1.184013e-17,1.551102,sky,12.29287
0.000260336,1.594098e-20,1.499034,sky,12.29287
-0.1928433,-1.180825e-17,1.446967,sky,12.29287
-0.3859469,-2.363243e-17,1.3949,sky,12.29287
-0.5790505,-3.545662e-17,1.342833,sky,12.29287
-0.7721541,-4.72808e-17,1.290766,sky,12.29287
