x,y,z,rearMat,Wm2Back
0.7618252,4.664834e-17,1.255821,sky,23.02735
0.5712929,3.49816e-17,1.316628,sky,23.02735
0.3807606,2.331486e-17,1.377434,sky,23.02735
0.1902283,1.164812e-17,1.438241,sky,23.02735
-0.0003040331,-1.861666e-20,1.499047,sky,23.02735
-0.1908363,-1.168535e-17,1.559854,sky,23.02735
-0.3813686,-2.335209e-17,1.620661,sky,23.02735
-0.5719009,-3.501883e-17,1.681467,sky,23.02735
-0.7624332,-4.668557e-17,1.742274,sky,23.02735
