x,y,z,rearMat,Wm2Back
0.7515079,4.601659e-17,1.225707,sky,7.211372
0.5635455,3.450721e-17,1.294045,sky,7.211372
0.3755831,2.299783e-17,1.362383,sky,7.211372
0.1876207,1.148845e-17,1.430722,sky,7.211372
-0.0003416921,-2.092261e-20,1.49906,sky,7.211372
-0.1883041,-1.15303e-17,1.567399,sky,7.211372
-0.3762665,-2.303968e-17,1.635737,sky,7.211372
-0.5642289,-3.454905e-17,1.704075,sky,7.211372
-0.7521913,-4.605843e-17,1.772414,sky,7.211372
