x,y,z,mattype,Wm2Front
1.5746,4.288514e-17,0.05,groundplane,782.9789
1.5746,0.0254,0.05,groundplane,782.9789
1.5746,0.0508,0.05,groundplane,782.9786
1.5746,0.0762,0.05,groundplane,782.9783000000001
1.5746,0.1016,0.05,groundplane,782.978
