x,y,z,mattype,Wm2Front
1.5746,4.899718e-17,0.05,groundplane,1.59621
1.5746,0.0254,0.05,groundplane,1.596209
1.5746,0.0508,0.05,groundplane,1.596209
1.5746,0.0762,0.05,groundplane,1.596209
1.5746,0.1016,0.05,groundplane,1.596209
