x,y,z,rearMat,Wm2Back
0.7662651,4.69202e-17,1.729867,sky,16.44391
0.574771,3.519457e-17,1.672161,sky,16.44391
0.3832768,2.346894e-17,1.614455,sky,16.44391
0.1917827,1.17433e-17,1.556749,sky,16.44391
0.0002885305,1.76674e-20,1.499043,sky,16.44391
-0.1912056,-1.170797e-17,1.441336,sky,16.44391
-0.3826998,-2.34336e-17,1.38363,sky,16.44391
-0.5741939,-3.515924e-17,1.325924,sky,16.44391
-0.765688,-4.688487e-17,1.268218,sky,16.44391
