x,y,z,rearMat,Wm2Back
0.7999462,4.898258e-17,1.509332,sky,3.4048129999999994
0.5999629,3.673713e-17,1.506749,sky,3.4048129999999994
0.3999796,2.449168e-17,1.504166,sky,3.4048129999999994
0.1999962,1.224624e-17,1.501583,sky,3.4048129999999994
1.291508e-05,7.908204e-22,1.499,sky,3.4048129999999994
-0.1999704,-1.224466e-17,1.496417,sky,3.4048129999999994
-0.3999537,-2.44901e-17,1.493834,sky,3.4048129999999994
-0.599937,-3.673555e-17,1.491251,sky,3.4048129999999994
-0.7999204,-4.8981e-17,1.488668,sky,3.4048129999999994
