x,y,z,mattype,Wm2Front
1.5746,4.777671e-17,0.05,groundplane,72.5552
1.5746,0.0254,0.05,groundplane,72.55701
1.5746,0.0508,0.05,groundplane,72.55697
1.5746,0.0762,0.05,groundplane,72.55693
1.5746,0.1016,0.05,groundplane,72.5569
