x,y,z,mattype,Wm2Front
1.5746,4.477539e-17,0.05,groundplane,7.893504
1.5746,0.0254,0.05,groundplane,7.893508999999999
1.5746,0.0508,0.05,groundplane,7.893508999999999
1.5746,0.0762,0.05,groundplane,7.893508999999999
1.5746,0.1016,0.05,groundplane,7.893508999999999
