x,y,z,mattype,Wm2Front
1.5746,3.050247e-17,0.05,groundplane,422.4950999999999
1.5746,0.0254,0.05,groundplane,422.4985
1.5746,0.0508,0.05,groundplane,422.4982
1.5746,0.0762,0.05,groundplane,422.4979
1.5746,0.1016,0.05,groundplane,422.4976
