x,y,z,rearMat,Wm2Back
0.7847691,4.805325e-17,1.655365,sky,89.73808000000001
0.5886257,3.604293e-17,1.616279,sky,89.73808000000001
0.3924823,2.403261e-17,1.577192,sky,89.73808000000001
0.1963389,1.202229e-17,1.538106,sky,89.73808000000001
0.0001954327,1.19668e-20,1.499019,sky,89.73808000000001
-0.195948,-1.199835e-17,1.459933,sky,89.73808000000001
-0.3920914,-2.400867e-17,1.420846,sky,89.73808000000001
-0.5882348,-3.6019e-17,1.38176,sky,89.73808000000001
-0.7843783,-4.802932e-17,1.342673,sky,89.73808000000001
