x,y,z,rearMat,Wm2Back
0.7451587,4.562781e-17,1.7911,sky,110.2948
0.5589603,3.422645e-17,1.718093,sky,110.2948
0.3727619,2.282508e-17,1.645085,sky,110.2948
0.1865635,1.142372e-17,1.572077,sky,110.2948
0.0003650393,2.235221e-20,1.499069,sky,110.2948
-0.1858334,-1.137901e-17,1.426061,sky,110.2948
-0.3720318,-2.278038e-17,1.353053,sky,110.2948
-0.5582302,-3.418174e-17,1.280045,sky,110.2948
-0.7444287,-4.558311e-17,1.207038,sky,110.2948
