x,y,z,mattype,Wm2Front
0.3746,4.897647e-17,0.05,groundplane,15.01496
0.3746,0.0254,0.05,groundplane,15.01476
0.3746,0.0508,0.05,groundplane,15.01475
0.3746,0.0762,0.05,groundplane,15.01475
0.3746,0.1016,0.05,groundplane,15.014739999999998
