x,y,z,mattype,Wm2Front
0.3746,3.845955e-17,0.05,groundplane,93.5276
0.3746,0.0254,0.05,groundplane,93.52838000000001
0.3746,0.0508,0.05,groundplane,93.52834
0.3746,0.0762,0.05,groundplane,93.52829000000001
0.3746,0.1016,0.05,groundplane,93.52824
