x,y,z,mattype,Wm2Front
0.3746,4.200634e-17,0.05,groundplane,701.4841
0.3746,0.0254,0.05,groundplane,701.4855000000001
0.3746,0.0508,0.05,groundplane,701.4852
0.3746,0.0762,0.05,groundplane,701.4849
0.3746,0.1016,0.05,groundplane,701.4845
