x,y,z,rearMat,Wm2Back
0.7963331,4.876134e-17,1.576515,sky,8.35232
0.5972741,3.657249e-17,1.557138,sky,8.35232
0.398215,2.438364e-17,1.53776,sky,8.35232
0.1991559,1.219478e-17,1.518382,sky,8.35232
9.688808e-05,5.932684e-21,1.499005,sky,8.35232
-0.1989622,-1.218292e-17,1.479627,sky,8.35232
-0.3980212,-2.437177e-17,1.460249,sky,8.35232
-0.5970803,-3.656062e-17,1.440872,sky,8.35232
-0.7961393,-4.874947e-17,1.421494,sky,8.35232
