x,y,z,mattype,Wm2Front
1.5746,4.854661e-17,0.05,groundplane,206.47979999999998
1.5746,0.0254,0.05,groundplane,206.4809
1.5746,0.0508,0.05,groundplane,206.4806
1.5746,0.0762,0.05,groundplane,206.48030000000003
1.5746,0.1016,0.05,groundplane,206.47989999999996
