x,y,z,rearMat,Wm2Back
0.5948748,3.642557e-17,0.9650935,sky,12.42668
0.4459892,2.730896e-17,1.098634,sky,12.42668
0.2971035,1.819234e-17,1.232175,sky,12.42668
0.1482179,9.07573e-18,1.365715,sky,12.42668
-0.0006677026,-4.088499e-20,1.499256,sky,12.42668
-0.1495533,-9.1575e-18,1.632796,sky,12.42668
-0.2984389,-1.827411e-17,1.766337,sky,12.42668
-0.4473246,-2.739073e-17,1.899877,sky,12.42668
-0.5962102,-3.650734e-17,2.033418,sky,12.42668
