x,y,z,mattype,Wm2Front
0.3746,4.842673e-17,0.05,groundplane,841.1370000000001
0.3746,0.0254,0.05,groundplane,841.1379000000001
0.3746,0.0508,0.05,groundplane,841.1375000000002
0.3746,0.0762,0.05,groundplane,841.1371
0.3746,0.1016,0.05,groundplane,841.1367
