x,y,z,mattype,Wm2Front
0.3746,4.844841e-17,0.05,groundplane,58.130950000000006
0.3746,0.0254,0.05,groundplane,58.130329999999994
0.3746,0.0508,0.05,groundplane,58.130329999999994
0.3746,0.0762,0.05,groundplane,58.130329999999994
0.3746,0.1016,0.05,groundplane,58.130329999999994
