x,y,z,rearMat,Wm2Back
0.6960899,4.262321e-17,1.894284,sky,15.91277
0.5221909,3.197497e-17,1.795496,sky,15.91277
0.3482919,2.132673e-17,1.696707,sky,15.91277
0.1743929,1.067849e-17,1.597919,sky,15.91277
0.0004939419,3.024522e-20,1.499131,sky,15.91277
-0.173405,-1.0618e-17,1.400342,sky,15.91277
-0.347304,-2.126624e-17,1.301554,sky,15.91277
-0.521203,-3.191448e-17,1.202765,sky,15.91277
-0.695102,-4.256272e-17,1.103977,sky,15.91277
