x,y,z,rearMat,Wm2Back
0.7869625,4.818755e-17,1.643844,sky,100.87669999999999
0.5902671,3.614344e-17,1.607637,sky,100.87669999999999
0.3935718,2.409932e-17,1.57143,sky,100.87669999999999
0.1968764,1.20552e-17,1.535223,sky,100.87669999999999
0.0001810341,1.108514e-20,1.499017,sky,100.87669999999999
-0.1965143,-1.203303e-17,1.46281,sky,100.87669999999999
-0.3932097,-2.407715e-17,1.426603,sky,100.87669999999999
-0.5899051,-3.612127e-17,1.390396,sky,100.87669999999999
-0.7866004,-4.816538e-17,1.354189,sky,100.87669999999999
