x,y,z,rearMat,Wm2Back
0.7107766,4.352251e-17,1.867148,sky,13.905499999999998
0.5331975,3.264893e-17,1.775139,sky,13.905499999999998
0.3556183,2.177534e-17,1.68313,sky,13.905499999999998
0.1780392,1.090176e-17,1.591121,sky,13.905499999999998
0.0004600448,2.816962e-20,1.499112,sky,13.905499999999998
-0.1771191,-1.084542e-17,1.407103,sky,13.905499999999998
-0.3546982,-2.1719e-17,1.315094,sky,13.905499999999998
-0.5322774,-3.259259e-17,1.223085,sky,13.905499999999998
-0.7098565,-4.346618e-17,1.131076,sky,13.905499999999998
