x,y,z,rearMat,Wm2Back
0.675475,4.136091e-17,1.928643,sky,10.82936
0.5067405,3.10289e-17,1.821271,sky,10.82936
0.3380059,2.069689e-17,1.7139,sky,10.82936
0.1692714,1.036488e-17,1.606528,sky,10.82936
0.0005368579,3.287307e-20,1.499156,sky,10.82936
-0.1681977,-1.029914e-17,1.391785,sky,10.82936
-0.3369322,-2.063115e-17,1.284413,sky,10.82936
-0.5056667,-3.096316e-17,1.177042,sky,10.82936
-0.6744013,-4.129517e-17,1.06967,sky,10.82936
