x,y,z,rearMat,Wm2Back
0.747073,4.574503e-17,1.786152,sky,8.499063
0.5603945,3.431426e-17,1.714381,sky,8.499063
0.3737159,2.28835e-17,1.642609,sky,8.499063
0.1870374,1.145274e-17,1.570838,sky,8.499063
0.0003588567,2.197364e-20,1.499067,sky,8.499063
-0.1863197,-1.140879e-17,1.427295,sky,8.499063
-0.3729982,-2.283955e-17,1.355524,sky,8.499063
-0.5596767,-3.427032e-17,1.283753,sky,8.499063
-0.7463553,-4.570108e-17,1.211981,sky,8.499063
