x,y,z,mattype,Wm2Front
0.3746,4.273114e-17,0.05,groundplane,759.8142000000001
0.3746,0.0254,0.05,groundplane,759.814
0.3746,0.0508,0.05,groundplane,759.8137
0.3746,0.0762,0.05,groundplane,759.8134
0.3746,0.1016,0.05,groundplane,759.813
