x,y,z,mattype,Wm2Front
1.5746,4.246055e-17,0.05,groundplane,696.5454999999998
1.5746,0.0254,0.05,groundplane,696.5461
1.5746,0.0508,0.05,groundplane,696.5454
1.5746,0.0762,0.05,groundplane,696.5447
1.5746,0.1016,0.05,groundplane,696.544
