x,y,z,mattype,Wm2Front
1.5746,4.098673e-17,0.05,groundplane,126.28860000000002
1.5746,0.0254,0.05,groundplane,126.2874
1.5746,0.0508,0.05,groundplane,126.2873
1.5746,0.0762,0.05,groundplane,126.2872
1.5746,0.1016,0.05,groundplane,126.2871
