x,y,z,mattype,Wm2Front
0.3746,4.852661e-17,0.05,groundplane,48.4016
0.3746,0.0254,0.05,groundplane,48.40198999999999
0.3746,0.0508,0.05,groundplane,48.40200000000001
0.3746,0.0762,0.05,groundplane,48.40200000000001
0.3746,0.1016,0.05,groundplane,48.40201
