x,y,z,mattype,Wm2Front
0.3746,4.597208e-17,0.05,groundplane,816.1229
0.3746,0.0254,0.05,groundplane,816.1231000000001
0.3746,0.0508,0.05,groundplane,816.1227
0.3746,0.0762,0.05,groundplane,816.1223
0.3746,0.1016,0.05,groundplane,816.1218
