x,y,z,rearMat,Wm2Back
0.7526656,4.608747e-17,1.771101,sky,10.76618
0.5645842,3.457081e-17,1.70309,sky,10.76618
0.3765028,2.305415e-17,1.63508,sky,10.76618
0.1884214,1.153748e-17,1.56707,sky,10.76618
0.0003400513,2.082214e-20,1.49906,sky,10.76618
-0.1877413,-1.149584e-17,1.431049,sky,10.76618
-0.3758227,-2.30125e-17,1.363039,sky,10.76618
-0.5639041,-3.452917e-17,1.295029,sky,10.76618
-0.7519855,-4.604583e-17,1.227019,sky,10.76618
