x,y,z,mattype,Wm2Front
1.5746,3.247255e-17,0.05,groundplane,483.6733
1.5746,0.0254,0.05,groundplane,483.6729
1.5746,0.0508,0.05,groundplane,483.6727
1.5746,0.0762,0.05,groundplane,483.67249999999996
1.5746,0.1016,0.05,groundplane,483.6723
