x,y,z,mattype,Wm2Front
1.5746,4.005039e-17,0.05,groundplane,732.6249000000001
1.5746,0.0254,0.05,groundplane,732.6318
1.5746,0.0508,0.05,groundplane,732.6304999999999
1.5746,0.0762,0.05,groundplane,732.6292
1.5746,0.1016,0.05,groundplane,732.6279
