x,y,z,mattype,Wm2Front
0.3746,4.348819e-17,0.05,groundplane,212.4611
0.3746,0.0254,0.05,groundplane,212.4616
0.3746,0.0508,0.05,groundplane,212.4614
0.3746,0.0762,0.05,groundplane,212.46130000000002
0.3746,0.1016,0.05,groundplane,212.4612
