x,y,z,mattype,Wm2Front
1.5746,3.050247e-17,0.05,groundplane,341.82649999999995
1.5746,0.0254,0.05,groundplane,341.83110000000005
1.5746,0.0508,0.05,groundplane,341.83099999999996
1.5746,0.0762,0.05,groundplane,341.8308
1.5746,0.1016,0.05,groundplane,341.8306
