x,y,z,rearMat,Wm2Back
0.796015,4.874186e-17,1.420244,sky,3.8408770000000003
0.5969867,3.655489e-17,1.439934,sky,3.8408770000000003
0.3979583,2.436792e-17,1.459624,sky,3.8408770000000003
0.1989299,1.218094e-17,1.479315,sky,3.8408770000000003
-9.845136e-05,-6.028407e-21,1.499005,sky,3.8408770000000003
-0.1991268,-1.2193e-17,1.518695,sky,3.8408770000000003
-0.3981552,-2.437997e-17,1.538385,sky,3.8408770000000003
-0.5971836,-3.656695e-17,1.558076,sky,3.8408770000000003
-0.7962119,-4.875392e-17,1.577766,sky,3.8408770000000003
