x,y,z,mattype,Wm2Front
0.3746,4.741962e-17,0.05,groundplane,817.855
0.3746,0.0254,0.05,groundplane,817.859
0.3746,0.0508,0.05,groundplane,817.8578000000001
0.3746,0.0762,0.05,groundplane,817.8565
0.3746,0.1016,0.05,groundplane,817.8552
