x,y,z,rearMat,Wm2Back
0.7237931,4.431955e-17,1.15923,sky,11.25797
0.5427386,3.323316e-17,1.244196,sky,11.25797
0.3616841,2.214677e-17,1.329162,sky,11.25797
0.1806297,1.106038e-17,1.414128,sky,11.25797
-0.0004248315,-2.601343e-20,1.499095,sky,11.25797
-0.1814793,-1.11124e-17,1.584061,sky,11.25797
-0.3625338,-2.219879e-17,1.669027,sky,11.25797
-0.5435883,-3.328518e-17,1.753994,sky,11.25797
-0.7246428,-4.437157e-17,1.83896,sky,11.25797
