x,y,z,mattype,Wm2Front
1.5746,3.678935e-17,0.05,groundplane,787.5665
1.5746,0.0254,0.05,groundplane,787.5718
1.5746,0.0508,0.05,groundplane,787.571
1.5746,0.0762,0.05,groundplane,787.5704
1.5746,0.1016,0.05,groundplane,787.5697999999999
