x,y,z,mattype,Wm2Front
1.5746,3.839587e-17,0.05,groundplane,66.4872
1.5746,0.0254,0.05,groundplane,66.48756
1.5746,0.0508,0.05,groundplane,66.48753
1.5746,0.0762,0.05,groundplane,66.48749
1.5746,0.1016,0.05,groundplane,66.48746
