x,y,z,rearMat,Wm2Back
0.6511987,3.987442e-17,1.035305,sky,22.22621
0.4882541,2.989694e-17,1.151275,sky,22.22621
0.3253094,1.991946e-17,1.267245,sky,22.22621
0.1623648,9.941976e-18,1.383215,sky,22.22621
-0.0005798501,-3.550558e-20,1.499185,sky,22.22621
-0.1635245,-1.001299e-17,1.615155,sky,22.22621
-0.3264691,-1.999047e-17,1.731125,sky,22.22621
-0.4894138,-2.996795e-17,1.847095,sky,22.22621
-0.6523584,-3.994543e-17,1.963065,sky,22.22621
