x,y,z,mattype,Wm2Front
0.3746,3.863381e-17,0.05,groundplane,409.11809999999997
0.3746,0.0254,0.05,groundplane,409.1271
0.3746,0.0508,0.05,groundplane,409.1257
0.3746,0.0762,0.05,groundplane,409.1242
0.3746,0.1016,0.05,groundplane,409.12270000000007
