x,y,z,rearMat,Wm2Back
0.769933,4.71448e-17,1.717265,sky,83.85617
0.577518,3.536278e-17,1.662708,sky,83.85617
0.3851029,2.358075e-17,1.608152,sky,83.85617
0.1926878,1.179873e-17,1.553595,sky,83.85617
0.000272784,1.67032e-20,1.499038,sky,83.85617
-0.1921423,-1.176532e-17,1.444481,sky,83.85617
-0.3845573,-2.354735e-17,1.389924,sky,83.85617
-0.5769724,-3.532937e-17,1.335368,sky,83.85617
-0.7693875,-4.711139e-17,1.280811,sky,83.85617
