x,y,z,mattype,Wm2Front
0.3746,4.825586e-17,0.05,groundplane,63.03355
0.3746,0.0254,0.05,groundplane,63.03271
0.3746,0.0508,0.05,groundplane,63.03271
0.3746,0.0762,0.05,groundplane,63.03271
0.3746,0.1016,0.05,groundplane,63.03271
