x,y,z,rearMat,Wm2Back
0.7055598,4.320308e-17,1.122924,sky,14.23175
0.5290523,3.239511e-17,1.216972,sky,14.23175
0.3525448,2.158714e-17,1.311021,sky,14.23175
0.1760373,1.077917e-17,1.405069,sky,14.23175
-0.0004702419,-2.879401e-20,1.499117,sky,14.23175
-0.1769778,-1.083676e-17,1.593166,sky,14.23175
-0.3534853,-2.164473e-17,1.687214,sky,14.23175
-0.5299928,-3.24527e-17,1.781263,sky,14.23175
-0.7065003,-4.326067e-17,1.875311,sky,14.23175
