x,y,z,rearMat,Wm2Back
0.7737027,4.737562e-17,1.296566,sky,7.173596
0.5802137,3.552784e-17,1.347183,sky,7.173596
0.3867248,2.368006e-17,1.3978,sky,7.173596
0.1932359,1.183228e-17,1.448416,sky,7.173596
-0.0002530826,-1.549684e-20,1.499033,sky,7.173596
-0.193742,-1.186328e-17,1.549649,sky,7.173596
-0.387231,-2.371106e-17,1.600266,sky,7.173596
-0.5807199,-3.555884e-17,1.650882,sky,7.173596
-0.7742088,-4.740662e-17,1.701499,sky,7.173596
