x,y,z,rearMat,Wm2Back
0.7366858,4.510899e-17,1.811922,sky,43.52092
0.5526121,3.383773e-17,1.733711,sky,43.52092
0.3685384,2.256647e-17,1.655501,sky,43.52092
0.1844647,1.129521e-17,1.57729,sky,43.52092
0.0003910524,2.394505e-20,1.49908,sky,43.52092
-0.1836826,-1.124732e-17,1.420869,sky,43.52092
-0.3677563,-2.251858e-17,1.342659,sky,43.52092
-0.55183,-3.378984e-17,1.264448,sky,43.52092
-0.7359037,-4.50611e-17,1.186238,sky,43.52092
