x,y,z,mattype,Wm2Front
0.3746,4.79909e-17,0.05,groundplane,71.02972
0.3746,0.0254,0.05,groundplane,71.03076
0.3746,0.0508,0.05,groundplane,71.03072
0.3746,0.0762,0.05,groundplane,71.03069
0.3746,0.1016,0.05,groundplane,71.03066
