x,y,z,rearMat,Wm2Back
0.7405472,4.534544e-17,1.80264,sky,17.62589
0.5555053,3.401489e-17,1.726748,sky,17.62589
0.3704633,2.268434e-17,1.650857,sky,17.62589
0.1854214,1.135379e-17,1.574966,sky,17.62589
0.0003794562,2.323499e-20,1.499075,sky,17.62589
-0.1846625,-1.130732e-17,1.423184,sky,17.62589
-0.3697044,-2.263787e-17,1.347292,sky,17.62589
-0.5547464,-3.396842e-17,1.271401,sky,17.62589
-0.7397883,-4.529897e-17,1.19551,sky,17.62589
