x,y,z,mattype,Wm2Front
0.3746,3.247255e-17,0.05,groundplane,463.5874999999999
0.3746,0.0254,0.05,groundplane,463.58650000000006
0.3746,0.0508,0.05,groundplane,463.58639999999997
0.3746,0.0762,0.05,groundplane,463.5862
0.3746,0.1016,0.05,groundplane,463.5859
