x,y,z,mattype,Wm2Front
1.5746,4.436943e-17,0.05,groundplane,743.9810000000001
1.5746,0.0254,0.05,groundplane,743.9811999999998
1.5746,0.0508,0.05,groundplane,743.9807
1.5746,0.0762,0.05,groundplane,743.98
1.5746,0.1016,0.05,groundplane,743.9794
