x,y,z,mattype,Wm2Front
0.3746,4.1336e-17,0.05,groundplane,220.99480000000003
0.3746,0.0254,0.05,groundplane,220.9968
0.3746,0.0508,0.05,groundplane,220.9968
0.3746,0.0762,0.05,groundplane,220.9967
0.3746,0.1016,0.05,groundplane,220.99660000000003
