x,y,z,mattype,Wm2Front
1.5746,4.64586e-17,0.05,groundplane,858.2297
1.5746,0.0254,0.05,groundplane,858.2341
1.5746,0.0508,0.05,groundplane,858.2328000000001
1.5746,0.0762,0.05,groundplane,858.2314
1.5746,0.1016,0.05,groundplane,858.2301000000001
