x,y,z,mattype,Wm2Front
0.3746,3.867447e-17,0.05,groundplane,688.5532
0.3746,0.0254,0.05,groundplane,688.5535999999998
0.3746,0.0508,0.05,groundplane,688.5533
0.3746,0.0762,0.05,groundplane,688.553
0.3746,0.1016,0.05,groundplane,688.5526999999998
