x,y,z,mattype,Wm2Front
0.3746,4.867763e-17,0.05,groundplane,30.77246
0.3746,0.0254,0.05,groundplane,30.77349
0.3746,0.0508,0.05,groundplane,30.77346
0.3746,0.0762,0.05,groundplane,30.77343
0.3746,0.1016,0.05,groundplane,30.7734
