x,y,z,rearMat,Wm2Back
0.777728,4.76221e-17,1.312543,sky,3.930133
0.5832377,3.571301e-17,1.359164,sky,3.930133
0.3887474,2.380392e-17,1.405785,sky,3.930133
0.1942572,1.189482e-17,1.452406,sky,3.930133
-0.0002331059,-1.427362e-20,1.499028,sky,3.930133
-0.1947234,-1.192337e-17,1.545649,sky,3.930133
-0.3892136,-2.383246e-17,1.59227,sky,3.930133
-0.5837039,-3.574156e-17,1.638891,sky,3.930133
-0.7781942,-4.765065e-17,1.685512,sky,3.930133
