x,y,z,rearMat,Wm2Back
0.6417681,3.929696e-17,1.977634,sky,202.5415
0.4814756,2.948188e-17,1.858025,sky,202.5415
0.3211831,1.966679e-17,1.738416,sky,202.5415
0.1608906,9.851706e-18,1.618808,sky,202.5415
0.0005980449,3.661969e-20,1.499199,sky,202.5415
-0.1596945,-9.778467e-18,1.37959,sky,202.5415
-0.319987,-1.959355e-17,1.259981,sky,202.5415
-0.4802795,-2.940864e-17,1.140372,sky,202.5415
-0.640572,-3.922373e-17,1.020763,sky,202.5415
