x,y,z,mattype,Wm2Front
1.5746,4.156741e-17,0.05,groundplane,793.9335
1.5746,0.0254,0.05,groundplane,793.9328
1.5746,0.0508,0.05,groundplane,793.9326
1.5746,0.0762,0.05,groundplane,793.9323
1.5746,0.1016,0.05,groundplane,793.9320000000001
