x,y,z,mattype,Wm2Front
0.3746,4.767733e-17,0.05,groundplane,68.37334
0.3746,0.0254,0.05,groundplane,68.37141
0.3746,0.0508,0.05,groundplane,68.3714
0.3746,0.0762,0.05,groundplane,68.37138
0.3746,0.1016,0.05,groundplane,68.37136
