x,y,z,mattype,Wm2Front
1.5746,4.863397e-17,0.05,groundplane,856.5454999999998
1.5746,0.0254,0.05,groundplane,856.5471000000001
1.5746,0.0508,0.05,groundplane,856.5463999999998
1.5746,0.0762,0.05,groundplane,856.5458
1.5746,0.1016,0.05,groundplane,856.5452
