x,y,z,mattype,Wm2Front
0.3746,4.816396e-17,0.05,groundplane,809.6034
0.3746,0.0254,0.05,groundplane,809.6039
0.3746,0.0508,0.05,groundplane,809.6035
0.3746,0.0762,0.05,groundplane,809.6030999999999
0.3746,0.1016,0.05,groundplane,809.6027
