x,y,z,mattype,Wm2Front
0.3746,4.829982e-17,0.05,groundplane,85.61034
0.3746,0.0254,0.05,groundplane,85.60895999999998
0.3746,0.0508,0.05,groundplane,85.60893
0.3746,0.0762,0.05,groundplane,85.60891
0.3746,0.1016,0.05,groundplane,85.60888
