x,y,z,rearMat,Wm2Back
0.7716774,4.725161e-17,1.289014,sky,10.45694
0.5786924,3.543469e-17,1.341519,sky,10.45694
0.3857074,2.361777e-17,1.394025,sky,10.45694
0.1927225,1.180085e-17,1.44653,sky,10.45694
-0.000262526,-1.607508e-20,1.499035,sky,10.45694
-0.1932475,-1.1833e-17,1.55154,sky,10.45694
-0.3862325,-2.364992e-17,1.604045,sky,10.45694
-0.5792175,-3.546684e-17,1.656551,sky,10.45694
-0.7722025,-4.728376e-17,1.709056,sky,10.45694
