x,y,z,mattype,Wm2Front
0.3746,4.708169e-17,0.05,groundplane,117.40500000000002
0.3746,0.0254,0.05,groundplane,117.404
0.3746,0.0508,0.05,groundplane,117.404
0.3746,0.0762,0.05,groundplane,117.40389999999998
0.3746,0.1016,0.05,groundplane,117.40389999999998
