x,y,z,mattype,Wm2Front
0.3746,3.050247e-17,0.05,groundplane,470.9073
0.3746,0.0254,0.05,groundplane,470.9093
0.3746,0.0508,0.05,groundplane,470.9091
0.3746,0.0762,0.05,groundplane,470.90899999999993
0.3746,0.1016,0.05,groundplane,470.9088
