x,y,z,rearMat,Wm2Back
0.7767466,4.756201e-17,1.691483,sky,17.00126
0.5826201,3.567519e-17,1.643369,sky,17.00126
0.3884936,2.378837e-17,1.595256,sky,17.00126
0.1943671,1.190155e-17,1.547143,sky,17.00126
0.0002405669,1.473047e-20,1.499029,sky,17.00126
-0.1938859,-1.187209e-17,1.450916,sky,17.00126
-0.3880125,-2.375891e-17,1.402803,sky,17.00126
-0.582139,-3.564573e-17,1.354689,sky,17.00126
-0.7762655,-4.753255e-17,1.306576,sky,17.00126
