x,y,z,mattype,Wm2Front
0.3746,4.292646e-17,0.05,groundplane,171.78059999999996
0.3746,0.0254,0.05,groundplane,171.7804
0.3746,0.0508,0.05,groundplane,171.7803
0.3746,0.0762,0.05,groundplane,171.7802
0.3746,0.1016,0.05,groundplane,171.78010000000003
