x,y,z,mattype,Wm2Front
0.3746,4.880923e-17,0.05,groundplane,23.471549999999997
0.3746,0.0254,0.05,groundplane,23.47223
0.3746,0.0508,0.05,groundplane,23.47224
0.3746,0.0762,0.05,groundplane,23.47224
0.3746,0.1016,0.05,groundplane,23.47225
