x,y,z,mattype,Wm2Front
1.5746,4.877355e-17,0.05,groundplane,925.5535999999998
1.5746,0.0254,0.05,groundplane,925.5543000000001
1.5746,0.0508,0.05,groundplane,925.5539
1.5746,0.0762,0.05,groundplane,925.5535
1.5746,0.1016,0.05,groundplane,925.553
