x,y,z,rearMat,Wm2Back
0.7614545,4.662564e-17,1.745332,sky,18.23732
0.5711679,3.497394e-17,1.683761,sky,18.23732
0.3808812,2.332225e-17,1.62219,sky,18.23732
0.1905945,1.167055e-17,1.56062,sky,18.23732
0.0003078548,1.885067e-20,1.499049,sky,18.23732
-0.1899788,-1.163285e-17,1.437478,sky,18.23732
-0.3802655,-2.328455e-17,1.375907,sky,18.23732
-0.5705522,-3.493624e-17,1.314336,sky,18.23732
-0.7608388,-4.658794e-17,1.252765,sky,18.23732
