x,y,z,rearMat,Wm2Back
0.5191168,3.178674e-17,0.8912975,sky,33.08558
0.3891476,2.382842e-17,1.043311,sky,33.08558
0.2591784,1.58701e-17,1.195324,sky,33.08558
0.1292092,7.911779e-18,1.347337,sky,33.08558
-0.0007600658,-4.654061e-20,1.49935,sky,33.08558
-0.1307293,-8.00486e-18,1.651363,sky,33.08558
-0.2606985,-1.596318e-17,1.803376,sky,33.08558
-0.3906677,-2.39215e-17,1.95539,sky,33.08558
-0.520637,-3.187982e-17,2.107403,sky,33.08558
