x,y,z,mattype,Wm2Front
0.3746,4.321307e-17,0.05,groundplane,208.5218
0.3746,0.0254,0.05,groundplane,208.5254
0.3746,0.0508,0.05,groundplane,208.5253
0.3746,0.0762,0.05,groundplane,208.5252
0.3746,0.1016,0.05,groundplane,208.52509999999998
