x,y,z,mattype,Wm2Front
0.3746,4.782005e-17,0.05,groundplane,73.63332
0.3746,0.0254,0.05,groundplane,73.63449
0.3746,0.0508,0.05,groundplane,73.6345
0.3746,0.0762,0.05,groundplane,73.63451
0.3746,0.1016,0.05,groundplane,73.63453
