x,y,z,mattype,Wm2Front
0.3746,4.110477e-17,0.05,groundplane,724.3461000000001
0.3746,0.0254,0.05,groundplane,724.3482
0.3746,0.0508,0.05,groundplane,724.3478
0.3746,0.0762,0.05,groundplane,724.3474
0.3746,0.1016,0.05,groundplane,724.3470000000001
