x,y,z,mattype,Wm2Front
1.5746,4.72764e-17,0.05,groundplane,881.9491000000002
1.5746,0.0254,0.05,groundplane,881.9501
1.5746,0.0508,0.05,groundplane,881.9498
1.5746,0.0762,0.05,groundplane,881.9495000000001
1.5746,0.1016,0.05,groundplane,881.9491000000002
