x,y,z,mattype,Wm2Front
0.3746,4.895049e-17,0.05,groundplane,15.63161
0.3746,0.0254,0.05,groundplane,15.63123
0.3746,0.0508,0.05,groundplane,15.63122
0.3746,0.0762,0.05,groundplane,15.631210000000001
0.3746,0.1016,0.05,groundplane,15.6312
