x,y,z,mattype,Wm2Front
1.5746,4.570691e-17,0.05,groundplane,3.2609219999999994
1.5746,0.0254,0.05,groundplane,3.260918
1.5746,0.0508,0.05,groundplane,3.260918
1.5746,0.0762,0.05,groundplane,3.260918
1.5746,0.1016,0.05,groundplane,3.260918
