x,y,z,mattype,Wm2Front
0.3746,4.463083e-17,0.05,groundplane,827.3014
0.3746,0.0254,0.05,groundplane,827.3016000000001
0.3746,0.0508,0.05,groundplane,827.3013
0.3746,0.0762,0.05,groundplane,827.301
0.3746,0.1016,0.05,groundplane,827.3007000000001
