x,y,z,mattype,Wm2Front
1.5746,3.050247e-17,0.05,groundplane,342.8314
1.5746,0.0254,0.05,groundplane,342.8372
1.5746,0.0508,0.05,groundplane,342.837
1.5746,0.0762,0.05,groundplane,342.8367
1.5746,0.1016,0.05,groundplane,342.83650000000006
