x,y,z,rearMat,Wm2Back
0.7884729,4.828004e-17,1.63532,sky,21.09452
0.5913973,3.621264e-17,1.601244,sky,21.09452
0.3943217,2.414524e-17,1.567167,sky,21.09452
0.197246,1.207784e-17,1.533091,sky,21.09452
0.0001703815,1.043286e-20,1.499015,sky,21.09452
-0.1969053,-1.205697e-17,1.464938,sky,21.09452
-0.3939809,-2.412437e-17,1.430862,sky,21.09452
-0.5910565,-3.619177e-17,1.396786,sky,21.09452
-0.7881322,-4.825918e-17,1.362709,sky,21.09452
