x,y,z,rearMat,Wm2Back
0.5556104,3.402133e-17,0.924415,sky,9.957196
0.4165282,2.550499e-17,1.068137,sky,9.957196
0.2774459,1.698866e-17,1.21186,sky,9.957196
0.1383636,8.47233e-18,1.355582,sky,9.957196
-0.000718612,-4.400229e-20,1.499305,sky,9.957196
-0.1398009,-8.560334e-18,1.643027,sky,9.957196
-0.2788831,-1.707667e-17,1.786749,sky,9.957196
-0.4179654,-2.5593e-17,1.930472,sky,9.957196
-0.5570476,-3.410933e-17,2.074194,sky,9.957196
