x,y,z,rearMat,Wm2Back
0.6721388,4.115663e-17,1.066145,sky,31.43572
0.5039688,3.085919e-17,1.174398,sky,31.43572
0.3357988,2.056175e-17,1.282652,sky,31.43572
0.1676288,1.02643e-17,1.390906,sky,31.43572
-0.000541268,-3.314311e-20,1.499159,sky,31.43572
-0.1687113,-1.033059e-17,1.607413,sky,31.43572
-0.3368813,-2.062803e-17,1.715666,sky,31.43572
-0.5050513,-3.092548e-17,1.82392,sky,31.43572
-0.6732214,-4.122292e-17,1.932174,sky,31.43572
