x,y,z,mattype,Wm2Front
1.5746,3.760216e-17,0.05,groundplane,182.55869999999996
1.5746,0.0254,0.05,groundplane,182.56000000000003
1.5746,0.0508,0.05,groundplane,182.5598
1.5746,0.0762,0.05,groundplane,182.55959999999996
1.5746,0.1016,0.05,groundplane,182.55949999999999
