x,y,z,mattype,Wm2Front
0.3746,4.72168e-17,0.05,groundplane,25.96567
0.3746,0.0254,0.05,groundplane,25.965680000000003
0.3746,0.0508,0.05,groundplane,25.96567
0.3746,0.0762,0.05,groundplane,25.96566
0.3746,0.1016,0.05,groundplane,25.96566
