x,y,z,rearMat,Wm2Back
0.5537994,3.391043e-17,0.9226724,sky,16.9265
0.4151694,2.542179e-17,1.066831,sky,16.9265
0.2765393,1.693315e-17,1.21099,sky,16.9265
0.1379093,8.444507e-18,1.355148,sky,16.9265
-0.0007207931,-4.413585e-20,1.499307,sky,16.9265
-0.1393508,-8.532778e-18,1.643465,sky,16.9265
-0.2779809,-1.702142e-17,1.787624,sky,16.9265
-0.416611,-2.551006e-17,1.931783,sky,16.9265
-0.555241,-3.399871e-17,2.075941,sky,16.9265
