x,y,z,mattype,Wm2Front
0.3746,3.050247e-17,0.05,groundplane,392.85740000000004
0.3746,0.0254,0.05,groundplane,392.8615
0.3746,0.0508,0.05,groundplane,392.8612
0.3746,0.0762,0.05,groundplane,392.86100000000005
0.3746,0.1016,0.05,groundplane,392.8607
