x,y,z,mattype,Wm2Front
1.5746,4.801109e-17,0.05,groundplane,74.9349
1.5746,0.0254,0.05,groundplane,74.93376
1.5746,0.0508,0.05,groundplane,74.93369
1.5746,0.0762,0.05,groundplane,74.93362
1.5746,0.1016,0.05,groundplane,74.93355
