x,y,z,rearMat,Wm2Back
0.7996881,4.896677e-17,1.47764,sky,29.210539999999998
0.5997594,3.672467e-17,1.48298,sky,29.210539999999998
0.3998307,2.448257e-17,1.48832,sky,29.210539999999998
0.199902,1.224047e-17,1.49366,sky,29.210539999999998
-2.670036e-05,-1.634926e-21,1.499,sky,29.210539999999998
-0.1999554,-1.224374e-17,1.50434,sky,29.210539999999998
-0.3998841,-2.448584e-17,1.509681,sky,29.210539999999998
-0.5998128,-3.672794e-17,1.515021,sky,29.210539999999998
-0.7997415,-4.897004e-17,1.520361,sky,29.210539999999998
