x,y,z,rearMat,Wm2Back
0.7324654,4.485057e-17,1.178293,sky,8.761544
0.5492488,3.363179e-17,1.258491,sky,8.761544
0.3660322,2.241301e-17,1.338688,sky,8.761544
0.1828156,1.119423e-17,1.418886,sky,8.761544
-0.0004009887,-2.455347e-20,1.499084,sky,8.761544
-0.1836176,-1.124333e-17,1.579282,sky,8.761544
-0.3668342,-2.246212e-17,1.659479,sky,8.761544
-0.5500508,-3.36809e-17,1.739677,sky,8.761544
-0.7332674,-4.489968e-17,1.819875,sky,8.761544
