x,y,z,rearMat,Wm2Back
0.7843047,4.802481e-17,1.657693,sky,6.397983
0.5882781,3.602165e-17,1.618025,sky,6.397983
0.3922515,2.401848e-17,1.578357,sky,6.397983
0.1962249,1.201531e-17,1.538688,sky,6.397983
0.0001983417,1.214492e-20,1.49902,sky,6.397983
-0.1958282,-1.199102e-17,1.459352,sky,6.397983
-0.3918548,-2.399419e-17,1.419683,sky,6.397983
-0.5878814,-3.599736e-17,1.380015,sky,6.397983
-0.783908,-4.800052e-17,1.340347,sky,6.397983
