x,y,z,mattype,Wm2Front
0.3746,4.883841e-17,0.05,groundplane,22.54535
0.3746,0.0254,0.05,groundplane,22.546229999999998
0.3746,0.0508,0.05,groundplane,22.54622
0.3746,0.0762,0.05,groundplane,22.54621
0.3746,0.1016,0.05,groundplane,22.5462
