x,y,z,mattype,Wm2Front
1.5746,4.808048e-17,0.05,groundplane,38.48556
1.5746,0.0254,0.05,groundplane,38.48657
1.5746,0.0508,0.05,groundplane,38.48657
1.5746,0.0762,0.05,groundplane,38.48658
1.5746,0.1016,0.05,groundplane,38.48658
