x,y,z,rearMat,Wm2Back
0.7154591,4.380923e-17,1.857938,sky,1.59019
0.5367064,3.286379e-17,1.76823,sky,1.59019
0.3579538,2.191835e-17,1.678522,sky,1.59019
0.1792012,1.097291e-17,1.588814,sky,1.59019
0.0004485392,2.746511e-20,1.499106,sky,1.59019
-0.1783041,-1.091798e-17,1.409398,sky,1.59019
-0.3570567,-2.186342e-17,1.319691,sky,1.59019
-0.5358094,-3.280886e-17,1.229983,sky,1.59019
-0.714562,-4.37543e-17,1.140275,sky,1.59019
