x,y,z,rearMat,Wm2Back
0.7182898,4.398256e-17,1.147777,sky,59.96958
0.5386075,3.29802e-17,1.235608,sky,59.96958
0.3589253,2.197784e-17,1.323439,sky,59.96958
0.1792431,1.097547e-17,1.411271,sky,59.96958
-0.0004391553,-2.689051e-20,1.499102,sky,59.96958
-0.1801214,-1.102925e-17,1.586933,sky,59.96958
-0.3598036,-2.203162e-17,1.674764,sky,59.96958
-0.5394858,-3.303398e-17,1.762595,sky,59.96958
-0.7191681,-4.403634e-17,1.850426,sky,59.96958
