x,y,z,mattype,Wm2Front
1.5746,4.8979e-17,0.05,groundplane,9.548032
1.5746,0.0254,0.05,groundplane,9.548075
1.5746,0.0508,0.05,groundplane,9.548078
1.5746,0.0762,0.05,groundplane,9.54808
1.5746,0.1016,0.05,groundplane,9.548083
