x,y,z,rearMat,Wm2Back
0.6557894,4.015552e-17,1.041806,sky,26.18968
0.4916991,3.010789e-17,1.15615,sky,26.18968
0.3276088,2.006025e-17,1.270493,sky,26.18968
0.1635186,1.001262e-17,1.384836,sky,26.18968
-0.0005717164,-3.500753e-20,1.49918,sky,26.18968
-0.164662,-1.008264e-17,1.613523,sky,26.18968
-0.3287523,-2.013027e-17,1.727866,sky,26.18968
-0.4928425,-3.01779e-17,1.842209,sky,26.18968
-0.6569328,-4.022553e-17,1.956553,sky,26.18968
