x,y,z,mattype,Wm2Front
1.5746,3.050247e-17,0.05,groundplane,376.2929
1.5746,0.0254,0.05,groundplane,376.296
1.5746,0.0508,0.05,groundplane,376.29580000000004
1.5746,0.0762,0.05,groundplane,376.2955
1.5746,0.1016,0.05,groundplane,376.2953
