x,y,z,mattype,Wm2Front
1.5746,4.737183e-17,0.05,groundplane,40.37769
1.5746,0.0254,0.05,groundplane,40.37905
1.5746,0.0508,0.05,groundplane,40.37899
1.5746,0.0762,0.05,groundplane,40.37893
1.5746,0.1016,0.05,groundplane,40.37887
