x,y,z,mattype,Wm2Front
0.3746,4.436943e-17,0.05,groundplane,744.4381
0.3746,0.0254,0.05,groundplane,744.4386
0.3746,0.0508,0.05,groundplane,744.438
0.3746,0.0762,0.05,groundplane,744.4374000000001
0.3746,0.1016,0.05,groundplane,744.4368
