x,y,z,rearMat,Wm2Back
0.7429363,4.549173e-17,1.203273,sky,60.716820000000006
0.5571098,3.411314e-17,1.277223,sky,60.716820000000006
0.3712833,2.273454e-17,1.351172,sky,60.716820000000006
0.1854568,1.135595e-17,1.425122,sky,60.716820000000006
-0.0003697468,-2.264046e-20,1.499071,sky,60.716820000000006
-0.1861963,-1.140123e-17,1.57302,sky,60.716820000000006
-0.3720228,-2.277983e-17,1.64697,sky,60.716820000000006
-0.5578493,-3.415842e-17,1.720919,sky,60.716820000000006
-0.7436758,-4.553701e-17,1.794868,sky,60.716820000000006
