x,y,z,mattype,Wm2Front
0.3746,3.247255e-17,0.05,groundplane,451.7889
0.3746,0.0254,0.05,groundplane,451.7882
0.3746,0.0508,0.05,groundplane,451.7881
0.3746,0.0762,0.05,groundplane,451.7879
0.3746,0.1016,0.05,groundplane,451.78770000000003
