x,y,z,mattype,Wm2Front
0.3746,4.805175e-17,0.05,groundplane,837.5158
0.3746,0.0254,0.05,groundplane,837.5179000000002
0.3746,0.0508,0.05,groundplane,837.5173
0.3746,0.0762,0.05,groundplane,837.5165000000001
0.3746,0.1016,0.05,groundplane,837.5159
