x,y,z,mattype,Wm2Front
0.3746,4.844841e-17,0.05,groundplane,66.245
0.3746,0.0254,0.05,groundplane,66.24406
0.3746,0.0508,0.05,groundplane,66.24403
0.3746,0.0762,0.05,groundplane,66.244
0.3746,0.1016,0.05,groundplane,66.24399
