x,y,z,mattype,Wm2Front
0.3746,4.891063e-17,0.05,groundplane,775.4879999999999
0.3746,0.0254,0.05,groundplane,775.4910999999998
0.3746,0.0508,0.05,groundplane,775.4892999999998
0.3746,0.0762,0.05,groundplane,775.4874
0.3746,0.1016,0.05,groundplane,775.4856
