x,y,z,mattype,Wm2Front
0.3746,3.305761e-17,0.05,groundplane,178.32409999999996
0.3746,0.0254,0.05,groundplane,178.3211
0.3746,0.0508,0.05,groundplane,178.32090000000002
0.3746,0.0762,0.05,groundplane,178.3208
0.3746,0.1016,0.05,groundplane,178.3206
