x,y,z,rearMat,Wm2Back
0.6049722,3.704386e-17,2.023459,sky,35.13677
0.453893,2.779293e-17,1.892406,sky,35.13677
0.3028137,1.854199e-17,1.761352,sky,35.13677
0.1517345,9.291059e-18,1.630298,sky,35.13677
0.0006552683,4.012361e-20,1.499245,sky,35.13677
-0.150424,-9.210812e-18,1.368191,sky,35.13677
-0.3015032,-1.846175e-17,1.237137,sky,35.13677
-0.4525824,-2.771268e-17,1.106084,sky,35.13677
-0.6036617,-3.696362e-17,0.9750299,sky,35.13677
