x,y,z,mattype,Wm2Front
0.3746,3.247255e-17,0.05,groundplane,430.73780000000005
0.3746,0.0254,0.05,groundplane,430.7373
0.3746,0.0508,0.05,groundplane,430.7371
0.3746,0.0762,0.05,groundplane,430.737
0.3746,0.1016,0.05,groundplane,430.73679999999996
