x,y,z,mattype,Wm2Front
1.5746,3.050247e-17,0.05,groundplane,123.7314
1.5746,0.0254,0.05,groundplane,123.7324
1.5746,0.0508,0.05,groundplane,123.7324
1.5746,0.0762,0.05,groundplane,123.7323
1.5746,0.1016,0.05,groundplane,123.73219999999999
