x,y,z,mattype,Wm2Front
0.3746,4.893441e-17,0.05,groundplane,25.035389999999996
0.3746,0.0254,0.05,groundplane,25.03504
0.3746,0.0508,0.05,groundplane,25.03502
0.3746,0.0762,0.05,groundplane,25.03501
0.3746,0.1016,0.05,groundplane,25.034990000000004
