x,y,z,rearMat,Wm2Back
0.6645676,4.069303e-17,1.945366,sky,13.84709
0.4985651,3.052831e-17,1.833817,sky,13.84709
0.3325627,2.036359e-17,1.722268,sky,13.84709
0.1665602,1.019887e-17,1.610719,sky,13.84709
0.0005577451,3.415204e-20,1.49917,sky,13.84709
-0.1654447,-1.013057e-17,1.387621,sky,13.84709
-0.3314472,-2.029529e-17,1.276072,sky,13.84709
-0.4974496,-3.046e-17,1.164523,sky,13.84709
-0.6634521,-4.062472e-17,1.052974,sky,13.84709
