x,y,z,mattype,Wm2Front
1.5746,4.800125e-17,0.05,groundplane,860.9236999999999
1.5746,0.0254,0.05,groundplane,860.9252
1.5746,0.0508,0.05,groundplane,860.9247
1.5746,0.0762,0.05,groundplane,860.9242
1.5746,0.1016,0.05,groundplane,860.9236
