x,y,z,mattype,Wm2Front
0.3746,3.906505e-17,0.05,groundplane,218.0633
0.3746,0.0254,0.05,groundplane,218.0589
0.3746,0.0508,0.05,groundplane,218.05869999999996
0.3746,0.0762,0.05,groundplane,218.0585
0.3746,0.1016,0.05,groundplane,218.0584
