x,y,z,mattype,Wm2Front
0.3746,4.404575e-17,0.05,groundplane,88.0927
0.3746,0.0254,0.05,groundplane,88.09579000000001
0.3746,0.0508,0.05,groundplane,88.09564
0.3746,0.0762,0.05,groundplane,88.0955
0.3746,0.1016,0.05,groundplane,88.09537
