x,y,z,rearMat,Wm2Back
0.7864473,4.815601e-17,1.353366,sky,4.078539
0.58979,3.611422e-17,1.389778,sky,4.078539
0.3931326,2.407243e-17,1.426191,sky,4.078539
0.1964753,1.203064e-17,1.462604,sky,4.078539
-0.0001820639,-1.11482e-20,1.499017,sky,4.078539
-0.1968394,-1.205294e-17,1.535429,sky,4.078539
-0.3934967,-2.409473e-17,1.571842,sky,4.078539
-0.5901541,-3.613652e-17,1.608255,sky,4.078539
-0.7868114,-4.81783e-17,1.644668,sky,4.078539
