x,y,z,rearMat,Wm2Back
0.7634278,4.674647e-17,1.260879,sky,12.33811
0.5724965,3.50553e-17,1.32042,sky,12.33811
0.3815651,2.336412e-17,1.379962,sky,12.33811
0.1906337,1.167295e-17,1.439504,sky,12.33811
-0.0002977081,-1.822937e-20,1.499045,sky,12.33811
-0.1912291,-1.17094e-17,1.558587,sky,12.33811
-0.3821605,-2.340058e-17,1.618129,sky,12.33811
-0.5730919,-3.509176e-17,1.67767,sky,12.33811
-0.7640233,-4.678293e-17,1.737212,sky,12.33811
