x,y,z,rearMat,Wm2Back
0.74612,4.568667e-17,1.788628,sky,84.91443
0.5596805,3.427054e-17,1.716238,sky,84.91443
0.373241,2.285442e-17,1.643848,sky,84.91443
0.1868015,1.143829e-17,1.571458,sky,84.91443
0.00036195,2.216304e-20,1.499068,sky,84.91443
-0.1860776,-1.139396e-17,1.426678,sky,84.91443
-0.3725171,-2.281009e-17,1.354288,sky,84.91443
-0.5589566,-3.422622e-17,1.281898,sky,84.91443
-0.7453961,-4.564235e-17,1.209508,sky,84.91443
