x,y,z,rearMat,Wm2Back
0.6819549,4.175769e-17,1.081743,sky,28.56139
0.5113357,3.131028e-17,1.186094,sky,28.56139
0.3407166,2.086287e-17,1.290445,sky,28.56139
0.1700974,1.041546e-17,1.394796,sky,28.56139
-0.0005217543,-3.194824e-20,1.499147,sky,28.56139
-0.1711409,-1.047936e-17,1.603498,sky,28.56139
-0.3417601,-2.092677e-17,1.707849,sky,28.56139
-0.5123792,-3.137418e-17,1.812199,sky,28.56139
-0.6829984,-4.182159e-17,1.91655,sky,28.56139
