x,y,z,mattype,Wm2Front
0.3746,4.699297e-17,0.05,groundplane,23.2919
0.3746,0.0254,0.05,groundplane,23.291880000000003
0.3746,0.0508,0.05,groundplane,23.29187
0.3746,0.0762,0.05,groundplane,23.29187
0.3746,0.1016,0.05,groundplane,23.29186
