x,y,z,mattype,Wm2Front
0.3746,4.868907e-17,0.05,groundplane,36.24641
0.3746,0.0254,0.05,groundplane,36.24572
0.3746,0.0508,0.05,groundplane,36.24573
0.3746,0.0762,0.05,groundplane,36.24574
0.3746,0.1016,0.05,groundplane,36.24574
