x,y,z,rearMat,Wm2Back
0.774792,4.744233e-17,1.300756,sky,4.370661
0.581032,3.557795e-17,1.350324,sky,4.370661
0.3872721,2.371358e-17,1.399893,sky,4.370661
0.1935121,1.18492e-17,1.449462,sky,4.370661
-0.0002478445,-1.51761e-20,1.499031,sky,4.370661
-0.1940078,-1.187955e-17,1.5486,sky,4.370661
-0.3877678,-2.374393e-17,1.598169,sky,4.370661
-0.5815277,-3.56083e-17,1.647738,sky,4.370661
-0.7752877,-4.747268e-17,1.697307,sky,4.370661
