x,y,z,mattype,Wm2Front
1.5746,4.9002e-17,0.05,groundplane,7.866681
1.5746,0.0254,0.05,groundplane,7.866518
1.5746,0.0508,0.05,groundplane,7.866509
1.5746,0.0762,0.05,groundplane,7.866501
1.5746,0.1016,0.05,groundplane,7.866493000000001
