x,y,z,mattype,Wm2Front
1.5746,4.77762e-17,0.05,groundplane,90.67747000000001
1.5746,0.0254,0.05,groundplane,90.67703
1.5746,0.0508,0.05,groundplane,90.67701
1.5746,0.0762,0.05,groundplane,90.67699
1.5746,0.1016,0.05,groundplane,90.67696
