x,y,z,mattype,Wm2Front
1.5746,4.85022e-17,0.05,groundplane,50.52734999999999
1.5746,0.0254,0.05,groundplane,50.52686
1.5746,0.0508,0.05,groundplane,50.52684
1.5746,0.0762,0.05,groundplane,50.52682000000001
1.5746,0.1016,0.05,groundplane,50.5268
