x,y,z,rearMat,Wm2Back
0.6145524,3.763048e-17,2.012178,sky,23.475090000000005
0.4610746,2.823268e-17,1.883942,sky,23.475090000000005
0.3075968,1.883487e-17,1.755705,sky,23.475090000000005
0.154119,9.437066e-18,1.627469,sky,23.475090000000005
0.0006411818,3.926106e-20,1.499233,sky,23.475090000000005
-0.1528366,-9.358544e-18,1.370996,sky,23.475090000000005
-0.3063144,-1.875635e-17,1.24276,sky,23.475090000000005
-0.4597922,-2.815415e-17,1.114524,sky,23.475090000000005
-0.61327,-3.755196e-17,0.9862872,sky,23.475090000000005
