x,y,z,mattype,Wm2Front
1.5746,4.596319e-17,0.05,groundplane,773.0609
1.5746,0.0254,0.05,groundplane,773.0613
1.5746,0.0508,0.05,groundplane,773.0607999999999
1.5746,0.0762,0.05,groundplane,773.0603
1.5746,0.1016,0.05,groundplane,773.0598
