x,y,z,mattype,Wm2Front
1.5746,3.571776e-17,0.05,groundplane,701.9088
1.5746,0.0254,0.05,groundplane,701.9082
1.5746,0.0508,0.05,groundplane,701.908
1.5746,0.0762,0.05,groundplane,701.9077000000001
1.5746,0.1016,0.05,groundplane,701.9074999999999
