x,y,z,mattype,Wm2Front
1.5746,3.921429e-17,0.05,groundplane,769.0958
1.5746,0.0254,0.05,groundplane,769.0949999999999
1.5746,0.0508,0.05,groundplane,769.0944
1.5746,0.0762,0.05,groundplane,769.0938
1.5746,0.1016,0.05,groundplane,769.0931999999999
