x,y,z,rearMat,Wm2Back
0.5417928,3.317524e-17,0.9113902,sky,17.4002
0.4061609,2.487018e-17,1.058373,sky,17.4002
0.270529,1.656512e-17,1.205356,sky,17.4002
0.134897,8.26006e-18,1.352339,sky,17.4002
-0.0007349146,-4.500054e-20,1.499322,sky,17.4002
-0.1363668,-8.350061e-18,1.646305,sky,17.4002
-0.2719988,-1.665512e-17,1.793288,sky,17.4002
-0.4076307,-2.496018e-17,1.940271,sky,17.4002
-0.5432627,-3.326524e-17,2.087254,sky,17.4002
