x,y,z,rearMat,Wm2Back
0.7258803,4.444735e-17,1.836302,sky,45.43212
0.5445156,3.334196e-17,1.752,sky,45.43212
0.3631509,2.223658e-17,1.667697,sky,45.43212
0.1817862,1.113119e-17,1.583395,sky,45.43212
0.0004215107,2.581009e-20,1.499093,sky,45.43212
-0.1809432,-1.107957e-17,1.414791,sky,45.43212
-0.3623079,-2.218496e-17,1.330489,sky,45.43212
-0.5436726,-3.329034e-17,1.246187,sky,45.43212
-0.7250372,-4.439573e-17,1.161885,sky,45.43212
