x,y,z,mattype,Wm2Front
1.5746,3.955657e-17,0.05,groundplane,779.5323
1.5746,0.0254,0.05,groundplane,779.5339
1.5746,0.0508,0.05,groundplane,779.5337
1.5746,0.0762,0.05,groundplane,779.5333999999999
1.5746,0.1016,0.05,groundplane,779.5331
