x,y,z,rearMat,Wm2Back
0.6884635,4.215623e-17,1.907454,sky,20.16996
0.5164752,3.162499e-17,1.805376,sky,20.16996
0.3444869,2.109374e-17,1.703297,sky,20.16996
0.1724987,1.05625e-17,1.601219,sky,20.16996
0.0005103928,3.125255e-20,1.49914,sky,20.16996
-0.1714779,-1.049999e-17,1.397061,sky,20.16996
-0.3434662,-2.103124e-17,1.294983,sky,20.16996
-0.5154544,-3.156248e-17,1.192904,sky,20.16996
-0.6874427,-4.209373e-17,1.090826,sky,20.16996
