x,y,z,mattype,Wm2Front
1.5746,4.101015e-17,0.05,groundplane,780.4011999999999
1.5746,0.0254,0.05,groundplane,780.4008
1.5746,0.0508,0.05,groundplane,780.4001
1.5746,0.0762,0.05,groundplane,780.3993999999999
1.5746,0.1016,0.05,groundplane,780.3987000000001
