x,y,z,mattype,Wm2Front
0.3746,3.784235e-17,0.05,groundplane,246.4616
0.3746,0.0254,0.05,groundplane,246.46580000000003
0.3746,0.0508,0.05,groundplane,246.4656
0.3746,0.0762,0.05,groundplane,246.4655
0.3746,0.1016,0.05,groundplane,246.46539999999996
