x,y,z,mattype,Wm2Front
1.5746,4.875047e-17,0.05,groundplane,29.58852
1.5746,0.0254,0.05,groundplane,29.5878
1.5746,0.0508,0.05,groundplane,29.58781
1.5746,0.0762,0.05,groundplane,29.58781
1.5746,0.1016,0.05,groundplane,29.587820000000004
