x,y,z,rearMat,Wm2Back
0.6990073,4.280185e-17,1.110912,sky,91.69747
0.5241342,3.209396e-17,1.207965,sky,91.69747
0.349261,2.138607e-17,1.305019,sky,91.69747
0.1743879,1.067818e-17,1.402072,sky,91.69747
-0.0004852675,-2.971406e-20,1.499126,sky,91.69747
-0.1753584,-1.073761e-17,1.596179,sky,91.69747
-0.3502316,-2.14455e-17,1.693233,sky,91.69747
-0.5251047,-3.215339e-17,1.790286,sky,91.69747
-0.6999779,-4.286128e-17,1.88734,sky,91.69747
