x,y,z,rearMat,Wm2Back
0.6764962,4.142345e-17,1.072971,sky,9.0098
0.507239,3.105943e-17,1.179517,sky,9.0098
0.3379817,2.069541e-17,1.286062,sky,9.0098
0.1687245,1.03314e-17,1.392608,sky,9.0098
-0.0005327286,-3.262022e-20,1.499154,sky,9.0098
-0.16979,-1.039664e-17,1.605699,sky,9.0098
-0.3390472,-2.076065e-17,1.712245,sky,9.0098
-0.5083044,-3.112467e-17,1.818791,sky,9.0098
-0.6775617,-4.148869e-17,1.925337,sky,9.0098
