x,y,z,mattype,Wm2Front
0.3746,4.407844e-17,0.05,groundplane,172.8066
0.3746,0.0254,0.05,groundplane,172.806
0.3746,0.0508,0.05,groundplane,172.80589999999998
0.3746,0.0762,0.05,groundplane,172.8058
0.3746,0.1016,0.05,groundplane,172.8057
