x,y,z,rearMat,Wm2Back
0.7424693,4.546313e-17,1.202107,sky,17.46115
0.5567592,3.409167e-17,1.276348,sky,17.46115
0.371049,2.27202e-17,1.350589,sky,17.46115
0.1853389,1.134874e-17,1.42483,sky,17.46115
-0.0003712058,-2.27298e-20,1.499071,sky,17.46115
-0.1860813,-1.13942e-17,1.573313,sky,17.46115
-0.3717915,-2.276566e-17,1.647554,sky,17.46115
-0.5575016,-3.413713e-17,1.721795,sky,17.46115
-0.7432117,-4.550859e-17,1.796036,sky,17.46115
