x,y,z,mattype,Wm2Front
0.3746,4.225529e-17,0.05,groundplane,797.6718
0.3746,0.0254,0.05,groundplane,797.6752
0.3746,0.0508,0.05,groundplane,797.6745999999999
0.3746,0.0762,0.05,groundplane,797.674
0.3746,0.1016,0.05,groundplane,797.6734
