x,y,z,mattype,Wm2Front
0.3746,4.804043e-17,0.05,groundplane,70.56748
0.3746,0.0254,0.05,groundplane,70.56869
0.3746,0.0508,0.05,groundplane,70.56866
0.3746,0.0762,0.05,groundplane,70.56864
0.3746,0.1016,0.05,groundplane,70.56862
