x,y,z,rearMat,Wm2Back
0.7514121,4.601072e-17,1.225444,sky,5.886095999999999
0.5634736,3.45028e-17,1.293848,sky,5.886095999999999
0.375535,2.299489e-17,1.362252,sky,5.886095999999999
0.1875965,1.148697e-17,1.430656,sky,5.886095999999999
-0.0003420201,-2.094269e-20,1.49906,sky,5.886095999999999
-0.1882805,-1.152886e-17,1.567464,sky,5.886095999999999
-0.3762191,-2.303677e-17,1.635868,sky,5.886095999999999
-0.5641576,-3.454469e-17,1.704272,sky,5.886095999999999
-0.7520961,-4.605261e-17,1.772676,sky,5.886095999999999
