x,y,z,mattype,Wm2Front
1.5746,4.59275e-17,0.05,groundplane,426.1821
1.5746,0.0254,0.05,groundplane,426.18430000000006
1.5746,0.0508,0.05,groundplane,426.18250000000006
1.5746,0.0762,0.05,groundplane,426.1807999999999
1.5746,0.1016,0.05,groundplane,426.1791
