x,y,z,mattype,Wm2Front
0.3746,4.897127e-17,0.05,groundplane,14.647219999999999
0.3746,0.0254,0.05,groundplane,14.64766
0.3746,0.0508,0.05,groundplane,14.64767
0.3746,0.0762,0.05,groundplane,14.64767
0.3746,0.1016,0.05,groundplane,14.64768
