x,y,z,mattype,Wm2Front
0.3746,3.955657e-17,0.05,groundplane,779.5281
0.3746,0.0254,0.05,groundplane,779.5292
0.3746,0.0508,0.05,groundplane,779.5288999999999
0.3746,0.0762,0.05,groundplane,779.5286
0.3746,0.1016,0.05,groundplane,779.5283
