x,y,z,rearMat,Wm2Back
0.7938461,4.860905e-17,1.400958,sky,2.319064
0.5953539,3.645491e-17,1.42547,sky,2.319064
0.3968618,2.430077e-17,1.449983,sky,2.319064
0.1983696,1.214664e-17,1.474495,sky,2.319064
-0.0001225622,-7.504773e-21,1.499008,sky,2.319064
-0.1986147,-1.216164e-17,1.52352,sky,2.319064
-0.3971069,-2.431578e-17,1.548032,sky,2.319064
-0.5955991,-3.646992e-17,1.572545,sky,2.319064
-0.7940912,-4.862406e-17,1.597057,sky,2.319064
