x,y,z,mattype,Wm2Front
1.5746,4.89784e-17,0.05,groundplane,882.8308000000001
1.5746,0.0254,0.05,groundplane,882.8314
1.5746,0.0508,0.05,groundplane,882.8311
1.5746,0.0762,0.05,groundplane,882.8307
1.5746,0.1016,0.05,groundplane,882.8303
