x,y,z,mattype,Wm2Front
1.5746,4.9001e-17,0.05,groundplane,1.463075
1.5746,0.0254,0.05,groundplane,1.4630719999999997
1.5746,0.0508,0.05,groundplane,1.4630719999999997
1.5746,0.0762,0.05,groundplane,1.4630719999999997
1.5746,0.1016,0.05,groundplane,1.4630719999999997
