x,y,z,rearMat,Wm2Back
0.762715,4.670282e-17,1.258615,sky,11.950740000000001
0.5719611,3.502252e-17,1.318723,sky,11.950740000000001
0.3812072,2.334221e-17,1.37883,sky,11.950740000000001
0.1904533,1.16619e-17,1.438938,sky,11.950740000000001
-0.0003005393,-1.840273e-20,1.499046,sky,11.950740000000001
-0.1910544,-1.169871e-17,1.559154,sky,11.950740000000001
-0.3818083,-2.337902e-17,1.619262,sky,11.950740000000001
-0.5725622,-3.505932e-17,1.67937,sky,11.950740000000001
-0.7633161,-4.673963e-17,1.739478,sky,11.950740000000001
