x,y,z,rearMat,Wm2Back
0.7743028,4.741238e-17,1.298863,sky,4.233655
0.5806646,3.555545e-17,1.348905,sky,4.233655
0.3870263,2.369853e-17,1.398947,sky,4.233655
0.1933881,1.18416e-17,1.44899,sky,4.233655
-0.000250211,-1.532101e-20,1.499032,sky,4.233655
-0.1938885,-1.187225e-17,1.549074,sky,4.233655
-0.3875267,-2.372917e-17,1.599116,sky,4.233655
-0.581165,-3.558609e-17,1.649158,sky,4.233655
-0.7748033,-4.744302e-17,1.699201,sky,4.233655
