x,y,z,mattype,Wm2Front
0.3746,4.243064e-17,0.05,groundplane,685.5793
0.3746,0.0254,0.05,groundplane,685.5796999999999
0.3746,0.0508,0.05,groundplane,685.5793
0.3746,0.0762,0.05,groundplane,685.5790000000001
0.3746,0.1016,0.05,groundplane,685.5786000000002
