x,y,z,rearMat,Wm2Back
0.5370497,3.288481e-17,0.9070594,sky,115.74489999999999
0.4026022,2.465228e-17,1.055126,sky,115.74489999999999
0.2681547,1.641974e-17,1.203194,sky,115.74489999999999
0.1337072,8.187204e-18,1.351261,sky,115.74489999999999
-0.0007403355,-4.533247e-20,1.499328,sky,115.74489999999999
-0.1351879,-8.277869e-18,1.647395,sky,115.74489999999999
-0.2696354,-1.651041e-17,1.795462,sky,115.74489999999999
-0.4040829,-2.474294e-17,1.943529,sky,115.74489999999999
-0.5385304,-3.297548e-17,2.091596,sky,115.74489999999999
