x,y,z,rearMat,Wm2Back
0.6218193,3.807545e-17,2.003331,sky,60.62024
0.466522,2.856624e-17,1.877304,sky,60.62024
0.3112247,1.905702e-17,1.751277,sky,60.62024
0.1559274,9.547802e-18,1.62525,sky,60.62024
0.0006301339,3.858457e-20,1.499224,sky,60.62024
-0.1546672,-9.470633e-18,1.373197,sky,60.62024
-0.3099645,-1.897985e-17,1.24717,sky,60.62024
-0.4652618,-2.848907e-17,1.121143,sky,60.62024
-0.6205591,-3.799828e-17,0.9951164,sky,60.62024
