x,y,z,mattype,Wm2Front
1.5746,4.897591e-17,0.05,groundplane,250.6572
1.5746,0.0254,0.05,groundplane,250.65780000000004
1.5746,0.0508,0.05,groundplane,250.6576
1.5746,0.0762,0.05,groundplane,250.65739999999997
1.5746,0.1016,0.05,groundplane,250.6572
