x,y,z,rearMat,Wm2Back
0.7999872,4.898509e-17,1.49537,sky,8.397082
0.5999893,3.673875e-17,1.496277,sky,8.397082
0.3999913,2.449241e-17,1.497185,sky,8.397082
0.1999934,1.224606e-17,1.498092,sky,8.397082
-4.53784e-06,-2.778626e-22,1.499,sky,8.397082
-0.2000025,-1.224662e-17,1.499908,sky,8.397082
-0.4000004,-2.449296e-17,1.500815,sky,8.397082
-0.5999984,-3.67393e-17,1.501723,sky,8.397082
-0.7999963,-4.898565e-17,1.50263,sky,8.397082
