x,y,z,mattype,Wm2Front
0.3746,3.247255e-17,0.05,groundplane,389.0353
0.3746,0.0254,0.05,groundplane,389.0342
0.3746,0.0508,0.05,groundplane,389.0341
0.3746,0.0762,0.05,groundplane,389.03399999999993
0.3746,0.1016,0.05,groundplane,389.0339000000001
