x,y,z,rearMat,Wm2Back
0.7914966,4.846519e-17,1.383664,sky,2.365225
0.5935864,3.634668e-17,1.4125,sky,2.365225
0.3956762,2.422818e-17,1.441337,sky,2.365225
0.197766,1.210968e-17,1.470174,sky,2.365225
-0.0001441835,-8.828693e-21,1.49901,sky,2.365225
-0.1980544,-1.212733e-17,1.527847,sky,2.365225
-0.3959646,-2.424584e-17,1.556684,sky,2.365225
-0.5938748,-3.636434e-17,1.585521,sky,2.365225
-0.791785,-4.848285e-17,1.614357,sky,2.365225
