x,y,z,rearMat,Wm2Back
0.774838,4.744515e-17,1.699065,sky,20.14524
0.581191,3.558769e-17,1.649057,sky,20.14524
0.387544,2.373023e-17,1.599049,sky,20.14524
0.193897,1.187277e-17,1.54904,sky,20.14524
0.000250042,1.531066e-20,1.499032,sky,20.14524
-0.193397,-1.184215e-17,1.449023,sky,20.14524
-0.387044,-2.369961e-17,1.399015,sky,20.14524
-0.5806909,-3.555707e-17,1.349007,sky,20.14524
-0.7743379,-4.741452e-17,1.298998,sky,20.14524
