x,y,z,rearMat,Wm2Back
0.6444817,3.946312e-17,1.026033,sky,12.79068
0.4832134,2.958829e-17,1.144323,sky,12.79068
0.3219451,1.971345e-17,1.262614,sky,12.79068
0.1606768,9.838618e-18,1.380904,sky,12.79068
-0.0005914504,-3.621589e-20,1.499194,sky,12.79068
-0.1618597,-9.91105e-18,1.617484,sky,12.79068
-0.323128,-1.978588e-17,1.735774,sky,12.79068
-0.4843963,-2.966072e-17,1.854064,sky,12.79068
-0.6456646,-3.953555e-17,1.972354,sky,12.79068
