x,y,z,rearMat,Wm2Back
0.638418,3.909183e-17,1.982103,sky,16.82742
0.4789644,2.932811e-17,1.861378,sky,16.82742
0.3195108,1.95644e-17,1.740653,sky,16.82742
0.1600572,9.800678e-18,1.619928,sky,16.82742
0.0006036255,3.69614e-20,1.499203,sky,16.82742
-0.15885,-9.726755e-18,1.378478,sky,16.82742
-0.3183036,-1.949047e-17,1.257753,sky,16.82742
-0.4777572,-2.925419e-17,1.137027,sky,16.82742
-0.6372108,-3.901791e-17,1.016302,sky,16.82742
