x,y,z,mattype,Wm2Front
0.3746,3.247255e-17,0.05,groundplane,204.20220000000003
0.3746,0.0254,0.05,groundplane,204.1983
0.3746,0.0508,0.05,groundplane,204.1979
0.3746,0.0762,0.05,groundplane,204.1976
0.3746,0.1016,0.05,groundplane,204.1973
