x,y,z,mattype,Wm2Front
0.3746,4.889706e-17,0.05,groundplane,851.2538
0.3746,0.0254,0.05,groundplane,851.2548
0.3746,0.0508,0.05,groundplane,851.2544000000001
0.3746,0.0762,0.05,groundplane,851.254
0.3746,0.1016,0.05,groundplane,851.2535000000001
