x,y,z,mattype,Wm2Front
1.5746,4.815448e-17,0.05,groundplane,60.99534
1.5746,0.0254,0.05,groundplane,60.9943
1.5746,0.0508,0.05,groundplane,60.994220000000006
1.5746,0.0762,0.05,groundplane,60.99415
1.5746,0.1016,0.05,groundplane,60.99406
