x,y,z,mattype,Wm2Front
0.3746,3.35719e-17,0.05,groundplane,431.04220000000004
0.3746,0.0254,0.05,groundplane,431.0406
0.3746,0.0508,0.05,groundplane,431.0393000000001
0.3746,0.0762,0.05,groundplane,431.0381
0.3746,0.1016,0.05,groundplane,431.0368
