x,y,z,mattype,Wm2Front
0.3746,4.62591e-17,0.05,groundplane,103.5646
0.3746,0.0254,0.05,groundplane,103.5668
0.3746,0.0508,0.05,groundplane,103.5668
0.3746,0.0762,0.05,groundplane,103.56670000000001
0.3746,0.1016,0.05,groundplane,103.56670000000001
