x,y,z,mattype,Wm2Front
0.3746,4.887449e-17,0.05,groundplane,6.3001499999999995
0.3746,0.0254,0.05,groundplane,6.300148
0.3746,0.0508,0.05,groundplane,6.300148
0.3746,0.0762,0.05,groundplane,6.300148
0.3746,0.1016,0.05,groundplane,6.300147
