x,y,z,rearMat,Wm2Back
0.7936017,4.859409e-17,1.399018,sky,2.1766
0.59517,3.644365e-17,1.424016,sky,2.1766
0.3967384,2.429322e-17,1.449013,sky,2.1766
0.1983067,1.214278e-17,1.47401,sky,2.1766
-0.0001249869,-7.653241e-21,1.499008,sky,2.1766
-0.1985567,-1.215809e-17,1.524005,sky,2.1766
-0.3969883,-2.430853e-17,1.549003,sky,2.1766
-0.59542,-3.645896e-17,1.574,sky,2.1766
-0.7938517,-4.86094e-17,1.598997,sky,2.1766
