x,y,z,mattype,Wm2Front
0.3746,4.33574e-17,0.05,groundplane,743.8973
0.3746,0.0254,0.05,groundplane,743.9038999999999
0.3746,0.0508,0.05,groundplane,743.9023000000001
0.3746,0.0762,0.05,groundplane,743.9009
0.3746,0.1016,0.05,groundplane,743.8993
