x,y,z,mattype,Wm2Front
1.5746,4.087386e-17,0.05,groundplane,722.5035000000001
1.5746,0.0254,0.05,groundplane,722.5033
1.5746,0.0508,0.05,groundplane,722.503
1.5746,0.0762,0.05,groundplane,722.5026000000001
1.5746,0.1016,0.05,groundplane,722.5023
