x,y,z,mattype,Wm2Front
1.5746,3.554161e-17,0.05,groundplane,685.5393
1.5746,0.0254,0.05,groundplane,685.5386
1.5746,0.0508,0.05,groundplane,685.5385
1.5746,0.0762,0.05,groundplane,685.5383
1.5746,0.1016,0.05,groundplane,685.5381000000001
