x,y,z,mattype,Wm2Front
1.5746,4.286029e-17,0.05,groundplane,98.50556
1.5746,0.0254,0.05,groundplane,98.50372
1.5746,0.0508,0.05,groundplane,98.50363
1.5746,0.0762,0.05,groundplane,98.50356
1.5746,0.1016,0.05,groundplane,98.50347
