x,y,z,mattype,Wm2Front
0.3746,3.050247e-17,0.05,groundplane,444.2385
0.3746,0.0254,0.05,groundplane,444.2405999999999
0.3746,0.0508,0.05,groundplane,444.24039999999997
0.3746,0.0762,0.05,groundplane,444.2403
0.3746,0.1016,0.05,groundplane,444.2401
