x,y,z,rearMat,Wm2Back
0.7995429,4.895788e-17,1.52706,sky,72.13813
0.5996659,3.671895e-17,1.520045,sky,72.13813
0.399789,2.448001e-17,1.51303,sky,72.13813
0.199912,1.224108e-17,1.506015,sky,72.13813
3.507392e-05,2.147658e-21,1.499001,sky,72.13813
-0.1998419,-1.223679e-17,1.491986,sky,72.13813
-0.3997188,-2.447572e-17,1.484971,sky,72.13813
-0.5995958,-3.671465e-17,1.477956,sky,72.13813
-0.7994727,-4.895358e-17,1.470941,sky,72.13813
