x,y,z,rearMat,Wm2Back
0.6284409,3.848091e-17,1.995038,sky,26.44405
0.4714856,2.887017e-17,1.871083,sky,26.44405
0.3145303,1.925943e-17,1.747127,sky,26.44405
0.1575751,9.648689e-18,1.623171,sky,26.44405
0.000619779,3.795052e-20,1.499215,sky,26.44405
-0.1563355,-9.572788e-18,1.375259,sky,26.44405
-0.3132908,-1.918353e-17,1.251304,sky,26.44405
-0.470246,-2.879427e-17,1.127348,sky,26.44405
-0.6272013,-3.8405e-17,1.003392,sky,26.44405
