x,y,z,rearMat,Wm2Back
0.6321106,3.870561e-17,1.009656,sky,11.04124
0.47393,2.901984e-17,1.132044,sky,11.04124
0.3157494,1.933407e-17,1.254433,sky,11.04124
0.1575687,9.6483e-18,1.376821,sky,11.04124
-0.0006119412,-3.747059e-20,1.499209,sky,11.04124
-0.1587926,-9.723242e-18,1.621597,sky,11.04124
-0.3169732,-1.940901e-17,1.743986,sky,11.04124
-0.4751539,-2.909478e-17,1.866374,sky,11.04124
-0.6333345,-3.878055e-17,1.988762,sky,11.04124
