x,y,z,rearMat,Wm2Back
0.6923203,4.239239e-17,1.099134,sky,9.603584
0.5191152,3.178664e-17,1.199134,sky,9.603584
0.3459102,2.118089e-17,1.299134,sky,9.603584
0.1727051,1.057514e-17,1.399134,sky,9.603584
-0.0005,-3.061617e-20,1.499134,sky,9.603584
-0.1737051,-1.063637e-17,1.599134,sky,9.603584
-0.3469102,-2.124212e-17,1.699134,sky,9.603584
-0.5201152,-3.184787e-17,1.799134,sky,9.603584
-0.6933203,-4.245363e-17,1.899134,sky,9.603584
