x,y,z,mattype,Wm2Front
1.5746,3.247255e-17,0.05,groundplane,422.6731
1.5746,0.0254,0.05,groundplane,422.6711
1.5746,0.0508,0.05,groundplane,422.67069999999995
1.5746,0.0762,0.05,groundplane,422.6702
1.5746,0.1016,0.05,groundplane,422.6697
