x,y,z,rearMat,Wm2Back
0.684665,4.192364e-17,1.913805,sky,23.377439999999996
0.5136284,3.145067e-17,1.81014,sky,23.377439999999996
0.3425917,2.097769e-17,1.706475,sky,23.377439999999996
0.171555,1.050471e-17,1.60281,sky,23.377439999999996
0.0005183256,3.173829e-20,1.499145,sky,23.377439999999996
-0.1705184,-1.044124e-17,1.39548,sky,23.377439999999996
-0.341555,-2.091421e-17,1.291815,sky,23.377439999999996
-0.5125917,-3.138719e-17,1.188149,sky,23.377439999999996
-0.6836284,-4.186017e-17,1.084484,sky,23.377439999999996
