x,y,z,mattype,Wm2Front
0.3746,3.864433e-17,0.05,groundplane,201.6217
0.3746,0.0254,0.05,groundplane,201.6258
0.3746,0.0508,0.05,groundplane,201.62569999999997
0.3746,0.0762,0.05,groundplane,201.6256
0.3746,0.1016,0.05,groundplane,201.6255
