x,y,z,mattype,Wm2Front
1.5746,4.896618e-17,0.05,groundplane,119.0994
1.5746,0.0254,0.05,groundplane,119.09949999999999
1.5746,0.0508,0.05,groundplane,119.09949999999999
1.5746,0.0762,0.05,groundplane,119.09949999999999
1.5746,0.1016,0.05,groundplane,119.09949999999999
