x,y,z,rearMat,Wm2Back
0.6614953,4.05049e-17,1.050083,sky,26.02
0.4959811,3.037008e-17,1.162356,sky,26.02
0.3304669,2.023526e-17,1.274628,sky,26.02
0.1649528,1.010045e-17,1.3869,sky,26.02
-0.0005613614,-3.437347e-20,1.499172,sky,26.02
-0.1660755,-1.016919e-17,1.611445,sky,26.02
-0.3315897,-2.030401e-17,1.723717,sky,26.02
-0.4971038,-3.043883e-17,1.835989,sky,26.02
-0.662618,-4.057365e-17,1.948262,sky,26.02
