x,y,z,rearMat,Wm2Back
0.7995647,4.895922e-17,1.473593,sky,0.8791625
0.5996656,3.671893e-17,1.479945,sky,0.8791625
0.3997665,2.447864e-17,1.486297,sky,0.8791625
0.1998673,1.223835e-17,1.492649,sky,0.8791625
-3.175965e-05,-1.944718e-21,1.499001,sky,0.8791625
-0.1999309,-1.224223e-17,1.505352,sky,0.8791625
-0.39983,-2.448252e-17,1.511704,sky,0.8791625
-0.5997291,-3.672281e-17,1.518056,sky,0.8791625
-0.7996282,-4.896311e-17,1.524408,sky,0.8791625
