x,y,z,mattype,Wm2Front
1.5746,3.050247e-17,0.05,groundplane,383.7352
1.5746,0.0254,0.05,groundplane,383.7411
1.5746,0.0508,0.05,groundplane,383.7409
1.5746,0.0762,0.05,groundplane,383.7405999999999
1.5746,0.1016,0.05,groundplane,383.7403
