x,y,z,mattype,Wm2Front
0.3746,4.899157e-17,0.05,groundplane,7.220375
0.3746,0.0254,0.05,groundplane,7.220084
0.3746,0.0508,0.05,groundplane,7.220083
0.3746,0.0762,0.05,groundplane,7.220081
0.3746,0.1016,0.05,groundplane,7.220079000000001
