x,y,z,mattype,Wm2Front
1.5746,4.842114e-17,0.05,groundplane,57.44438
1.5746,0.0254,0.05,groundplane,57.443360000000006
1.5746,0.0508,0.05,groundplane,57.443369999999994
1.5746,0.0762,0.05,groundplane,57.44339
1.5746,0.1016,0.05,groundplane,57.4434
