x,y,z,mattype,Wm2Front
0.3746,3.050247e-17,0.05,groundplane,356.9377
0.3746,0.0254,0.05,groundplane,356.9401
0.3746,0.0508,0.05,groundplane,356.9399
0.3746,0.0762,0.05,groundplane,356.93979999999993
0.3746,0.1016,0.05,groundplane,356.9397000000001
