x,y,z,mattype,Wm2Front
0.3746,4.440301e-17,0.05,groundplane,31.82307
0.3746,0.0254,0.05,groundplane,31.82329
0.3746,0.0508,0.05,groundplane,31.82329
0.3746,0.0762,0.05,groundplane,31.82328
0.3746,0.1016,0.05,groundplane,31.82328
