x,y,z,mattype,Wm2Front
0.3746,3.698078e-17,0.05,groundplane,486.39529999999996
0.3746,0.0254,0.05,groundplane,486.40350000000007
0.3746,0.0508,0.05,groundplane,486.4021
0.3746,0.0762,0.05,groundplane,486.4007
0.3746,0.1016,0.05,groundplane,486.3993
