x,y,z,mattype,Wm2Front
0.3746,4.849764e-17,0.05,groundplane,1.678122
0.3746,0.0254,0.05,groundplane,1.678157
0.3746,0.0508,0.05,groundplane,1.678158
0.3746,0.0762,0.05,groundplane,1.678159
0.3746,0.1016,0.05,groundplane,1.67816
