x,y,z,mattype,Wm2Front
1.5746,4.713413e-17,0.05,groundplane,176.5853
1.5746,0.0254,0.05,groundplane,176.586
1.5746,0.0508,0.05,groundplane,176.5859
1.5746,0.0762,0.05,groundplane,176.58579999999998
1.5746,0.1016,0.05,groundplane,176.5856
