x,y,z,mattype,Wm2Front
0.3746,3.247255e-17,0.05,groundplane,450.5357000000001
0.3746,0.0254,0.05,groundplane,450.5353
0.3746,0.0508,0.05,groundplane,450.5352
0.3746,0.0762,0.05,groundplane,450.535
0.3746,0.1016,0.05,groundplane,450.5348000000001
