x,y,z,rearMat,Wm2Back
0.6404047,3.921348e-17,1.020539,sky,25.34154
0.480154,2.940095e-17,1.140204,sky,25.34154
0.3199032,1.958842e-17,1.259869,sky,25.34154
0.1596524,9.775892e-18,1.379534,sky,25.34154
-0.0005983246,-3.663682e-20,1.499199,sky,25.34154
-0.1608491,-9.849166e-18,1.618864,sky,25.34154
-0.3210998,-1.96617e-17,1.738529,sky,25.34154
-0.4813506,-2.947422e-17,1.858194,sky,25.34154
-0.6416014,-3.928675e-17,1.977858,sky,25.34154
