x,y,z,rearMat,Wm2Back
0.5852584,3.583674e-17,0.9545886,sky,20.47529
0.4387736,2.686713e-17,1.090758,sky,20.47529
0.2922888,1.789753e-17,1.226928,sky,20.47529
0.145804,8.927918e-18,1.363098,sky,20.47529
-0.0006808487,-4.168996e-20,1.499268,sky,20.47529
-0.1471657,-9.011298e-18,1.635437,sky,20.47529
-0.2936505,-1.798091e-17,1.771607,sky,20.47529
-0.4401353,-2.695051e-17,1.907777,sky,20.47529
-0.5866201,-3.592012e-17,2.043947,sky,20.47529
