x,y,z,mattype,Wm2Front
1.5746,3.050247e-17,0.05,groundplane,477.03849999999994
1.5746,0.0254,0.05,groundplane,477.0443
1.5746,0.0508,0.05,groundplane,477.0437
1.5746,0.0762,0.05,groundplane,477.04310000000004
1.5746,0.1016,0.05,groundplane,477.0424
