x,y,z,rearMat,Wm2Back
0.5359104,3.281505e-17,0.9060294,sky,15.2423
0.4017474,2.459993e-17,1.054354,sky,15.2423
0.2675844,1.638482e-17,1.202679,sky,15.2423
0.1334214,8.169703e-18,1.351004,sky,15.2423
-0.0007416247,-4.541142e-20,1.499329,sky,15.2423
-0.1349046,-8.260526e-18,1.647654,sky,15.2423
-0.2690676,-1.647564e-17,1.795979,sky,15.2423
-0.4032306,-2.469076e-17,1.944304,sky,15.2423
-0.5373936,-3.290587e-17,2.092629,sky,15.2423
