x,y,z,rearMat,Wm2Back
0.6642313,4.067244e-17,1.054133,sky,13.474560000000002
0.4980344,3.049581e-17,1.165392,sky,13.474560000000002
0.3318375,2.031919e-17,1.276651,sky,13.474560000000002
0.1656406,1.014256e-17,1.38791,sky,13.474560000000002
-0.0005562956,-3.406328e-20,1.499169,sky,13.474560000000002
-0.1667532,-1.021069e-17,1.610428,sky,13.474560000000002
-0.3329501,-2.038731e-17,1.721687,sky,13.474560000000002
-0.499147,-3.056394e-17,1.832946,sky,13.474560000000002
-0.6653439,-4.074056e-17,1.944206,sky,13.474560000000002
