x,y,z,mattype,Wm2Front
0.3746,3.050247e-17,0.05,groundplane,370.416
0.3746,0.0254,0.05,groundplane,370.4191
0.3746,0.0508,0.05,groundplane,370.41889999999995
0.3746,0.0762,0.05,groundplane,370.4187
0.3746,0.1016,0.05,groundplane,370.4186
