x,y,z,rearMat,Wm2Back
0.6794848,4.160644e-17,1.922258,sky,15.08253
0.5097458,3.121293e-17,1.816481,sky,15.08253
0.3400068,2.081941e-17,1.710704,sky,15.08253
0.1702679,1.04259e-17,1.604928,sky,15.08253
0.0005288828,3.238473e-20,1.499151,sky,15.08253
-0.1692101,-1.036113e-17,1.393375,sky,15.08253
-0.3389491,-2.075464e-17,1.287598,sky,15.08253
-0.508688,-3.114816e-17,1.181822,sky,15.08253
-0.678427,-4.154167e-17,1.076045,sky,15.08253
