x,y,z,mattype,Wm2Front
1.5746,4.637084e-17,0.05,groundplane,777.1171
1.5746,0.0254,0.05,groundplane,777.1191
1.5746,0.0508,0.05,groundplane,777.1185
1.5746,0.0762,0.05,groundplane,777.1178999999998
1.5746,0.1016,0.05,groundplane,777.1173
