x,y,z,rearMat,Wm2Back
0.7843233,4.802595e-17,1.342399,sky,8.463223
0.5881935,3.601647e-17,1.381554,sky,8.463223
0.3920638,2.400698e-17,1.420709,sky,8.463223
0.195934,1.19975e-17,1.459864,sky,8.463223
-0.000195775,-1.198776e-20,1.499019,sky,8.463223
-0.1963255,-1.202147e-17,1.538174,sky,8.463223
-0.3924553,-2.403096e-17,1.577329,sky,8.463223
-0.5885851,-3.604044e-17,1.616484,sky,8.463223
-0.7847148,-4.804993e-17,1.655639,sky,8.463223
