x,y,z,rearMat,Wm2Back
0.7341023,4.49508e-17,1.817954,sky,68.5451
0.5506764,3.37192e-17,1.738236,sky,68.5451
0.3672505,2.24876e-17,1.658518,sky,68.5451
0.1838245,1.125601e-17,1.578801,sky,68.5451
0.000398589,2.440654e-20,1.499083,sky,68.5451
-0.1830273,-1.120719e-17,1.419365,sky,68.5451
-0.3664533,-2.243879e-17,1.339647,sky,68.5451
-0.5498792,-3.367039e-17,1.259929,sky,68.5451
-0.7333051,-4.490199e-17,1.180212,sky,68.5451
