x,y,z,rearMat,Wm2Back
0.7979616,4.886106e-17,1.442919,sky,15.779760000000001
0.5984537,3.664472e-17,1.45694,sky,15.779760000000001
0.3989458,2.442838e-17,1.470961,sky,15.779760000000001
0.1994378,1.221204e-17,1.484982,sky,15.779760000000001
-7.010469e-05,-4.292674e-21,1.499002,sky,15.779760000000001
-0.199578,-1.222063e-17,1.513023,sky,15.779760000000001
-0.399086,-2.443697e-17,1.527044,sky,15.779760000000001
-0.5985939,-3.66533e-17,1.541065,sky,15.779760000000001
-0.7981018,-4.886964e-17,1.555086,sky,15.779760000000001
