x,y,z,mattype,Wm2Front
0.3746,4.555099e-17,0.05,groundplane,27.469090000000005
0.3746,0.0254,0.05,groundplane,27.469129999999996
0.3746,0.0508,0.05,groundplane,27.469129999999996
0.3746,0.0762,0.05,groundplane,27.46912
0.3746,0.1016,0.05,groundplane,27.46912
