x,y,z,mattype,Wm2Front
1.5746,3.050247e-17,0.05,groundplane,182.50290000000004
1.5746,0.0254,0.05,groundplane,182.50470000000004
1.5746,0.0508,0.05,groundplane,182.5045
1.5746,0.0762,0.05,groundplane,182.50429999999997
1.5746,0.1016,0.05,groundplane,182.5041
