x,y,z,mattype,Wm2Front
1.5746,3.967737e-17,0.05,groundplane,775.6920999999999
1.5746,0.0254,0.05,groundplane,775.6944
1.5746,0.0508,0.05,groundplane,775.6941
1.5746,0.0762,0.05,groundplane,775.6937000000001
1.5746,0.1016,0.05,groundplane,775.6934
