x,y,z,mattype,Wm2Front
1.5746,4.86717e-17,0.05,groundplane,27.77995
1.5746,0.0254,0.05,groundplane,27.780639999999995
1.5746,0.0508,0.05,groundplane,27.78063
1.5746,0.0762,0.05,groundplane,27.78061
1.5746,0.1016,0.05,groundplane,27.780600000000003
