x,y,z,rearMat,Wm2Back
0.6611278,4.04824e-17,1.950456,sky,35.67484
0.4959869,3.037044e-17,1.837636,sky,35.67484
0.330846,2.025847e-17,1.724815,sky,35.67484
0.165705,1.014651e-17,1.611995,sky,35.67484
0.0005641026,3.454132e-20,1.499174,sky,35.67484
-0.1645768,-1.007742e-17,1.386354,sky,35.67484
-0.3297178,-2.018939e-17,1.273533,sky,35.67484
-0.4948587,-3.030136e-17,1.160713,sky,35.67484
-0.6599996,-4.041332e-17,1.047892,sky,35.67484
