x,y,z,mattype,Wm2Front
0.3746,4.900229e-17,0.05,groundplane,6.730216000000001
0.3746,0.0254,0.05,groundplane,6.7300569999999995
0.3746,0.0508,0.05,groundplane,6.730053000000001
0.3746,0.0762,0.05,groundplane,6.730048
0.3746,0.1016,0.05,groundplane,6.730044
