x,y,z,rearMat,Wm2Back
0.7986808,4.890509e-17,1.454066,sky,12.8076
0.5989966,3.667796e-17,1.4653,sky,12.8076
0.3993123,2.445083e-17,1.476534,sky,12.8076
0.1996281,1.222369e-17,1.487768,sky,12.8076
-5.617002e-05,-3.439422e-21,1.499002,sky,12.8076
-0.1997404,-1.223057e-17,1.510236,sky,12.8076
-0.3994247,-2.445771e-17,1.52147,sky,12.8076
-0.5991089,-3.668484e-17,1.532704,sky,12.8076
-0.7987931,-4.891197e-17,1.543938,sky,12.8076
