x,y,z,mattype,Wm2Front
0.3746,4.075205e-17,0.05,groundplane,441.48330000000004
0.3746,0.0254,0.05,groundplane,441.4916
0.3746,0.0508,0.05,groundplane,441.4899
0.3746,0.0762,0.05,groundplane,441.4882
0.3746,0.1016,0.05,groundplane,441.4864
