x,y,z,rearMat,Wm2Back
0.6844971,4.191336e-17,1.085917,sky,16.56894
0.5132437,3.142711e-17,1.189224,sky,16.56894
0.3419903,2.094087e-17,1.29253,sky,16.56894
0.1707369,1.045462e-17,1.395837,sky,16.56894
-0.0005165333,-3.162854e-20,1.499144,sky,16.56894
-0.17177,-1.051788e-17,1.60245,sky,16.56894
-0.3430234,-2.100412e-17,1.705757,sky,16.56894
-0.5142768,-3.149037e-17,1.809064,sky,16.56894
-0.6855302,-4.197662e-17,1.91237,sky,16.56894
