x,y,z,mattype,Wm2Front
0.3746,4.271019e-17,0.05,groundplane,746.3412
0.3746,0.0254,0.05,groundplane,746.3419
0.3746,0.0508,0.05,groundplane,746.3416000000001
0.3746,0.0762,0.05,groundplane,746.3412
0.3746,0.1016,0.05,groundplane,746.3408
