x,y,z,mattype,Wm2Front
0.3746,4.192568e-17,0.05,groundplane,222.4704
0.3746,0.0254,0.05,groundplane,222.4691
0.3746,0.0508,0.05,groundplane,222.46899999999997
0.3746,0.0762,0.05,groundplane,222.46899999999997
0.3746,0.1016,0.05,groundplane,222.4689
