x,y,z,rearMat,Wm2Back
0.7899281,4.836915e-17,1.373451,sky,2.861228
0.5924068,3.627446e-17,1.404841,sky,2.861228
0.3948856,2.417977e-17,1.436232,sky,2.861228
0.1973643,1.208508e-17,1.467622,sky,2.861228
-0.0001569516,-9.610513e-21,1.499012,sky,2.861228
-0.1976782,-1.21043e-17,1.530403,sky,2.861228
-0.3951995,-2.419899e-17,1.561793,sky,2.861228
-0.5927207,-3.629368e-17,1.593183,sky,2.861228
-0.790242,-4.838837e-17,1.624574,sky,2.861228
