x,y,z,mattype,Wm2Front
0.3746,4.307818e-17,0.05,groundplane,813.4758
0.3746,0.0254,0.05,groundplane,813.4756000000001
0.3746,0.0508,0.05,groundplane,813.4753
0.3746,0.0762,0.05,groundplane,813.475
0.3746,0.1016,0.05,groundplane,813.4747000000001
