x,y,z,mattype,Wm2Front
0.3746,4.100203e-17,0.05,groundplane,223.1848
0.3746,0.0254,0.05,groundplane,223.18729999999996
0.3746,0.0508,0.05,groundplane,223.1872
0.3746,0.0762,0.05,groundplane,223.1872
0.3746,0.1016,0.05,groundplane,223.1871
