x,y,z,mattype,Wm2Front
0.3746,3.247255e-17,0.05,groundplane,494.7159
0.3746,0.0254,0.05,groundplane,494.71510000000006
0.3746,0.0508,0.05,groundplane,494.7148
0.3746,0.0762,0.05,groundplane,494.7144
0.3746,0.1016,0.05,groundplane,494.7141
