x,y,z,rearMat,Wm2Back
0.6029281,3.69187e-17,0.9741876,sky,27.32171
0.452032,2.767898e-17,1.105452,sky,27.32171
0.3011359,1.843926e-17,1.236717,sky,27.32171
0.1502398,9.199533e-18,1.367981,sky,27.32171
-0.0006563224,-4.018816e-20,1.499246,sky,27.32171
-0.1515524,-9.27991e-18,1.63051,sky,27.32171
-0.3024485,-1.851963e-17,1.761774,sky,27.32171
-0.4533446,-2.775935e-17,1.893039,sky,27.32171
-0.6042407,-3.699907e-17,2.024303,sky,27.32171
