x,y,z,mattype,Wm2Front
0.3746,4.898209e-17,0.05,groundplane,12.50904
0.3746,0.0254,0.05,groundplane,12.50922
0.3746,0.0508,0.05,groundplane,12.509210000000001
0.3746,0.0762,0.05,groundplane,12.5092
0.3746,0.1016,0.05,groundplane,12.5092
