x,y,z,rearMat,Wm2Back
0.7506581,4.596455e-17,1.776611,sky,31.40991
0.5630803,3.447872e-17,1.707224,sky,31.40991
0.3755025,2.29929e-17,1.637836,sky,31.40991
0.1879247,1.150707e-17,1.568449,sky,31.40991
0.0003469357,2.124368e-20,1.499062,sky,31.40991
-0.1872309,-1.146458e-17,1.429675,sky,31.40991
-0.3748086,-2.295041e-17,1.360288,sky,31.40991
-0.5623864,-3.443624e-17,1.290901,sky,31.40991
-0.7499642,-4.592206e-17,1.221514,sky,31.40991
