x,y,z,mattype,Wm2Front
1.5746,3.050247e-17,0.05,groundplane,352.8958
1.5746,0.0254,0.05,groundplane,352.8992
1.5746,0.0508,0.05,groundplane,352.89900000000006
1.5746,0.0762,0.05,groundplane,352.8988
1.5746,0.1016,0.05,groundplane,352.8986
