x,y,z,rearMat,Wm2Back
0.6229598,3.814528e-17,2.001918,sky,32.00718
0.4673769,2.861858e-17,1.876244,sky,32.00718
0.3117941,1.909188e-17,1.75057,sky,32.00718
0.1562112,9.565178e-18,1.624896,sky,32.00718
0.0006283705,3.847659e-20,1.499222,sky,32.00718
-0.1549545,-9.488225e-18,1.373548,sky,32.00718
-0.3105373,-1.901493e-17,1.247874,sky,32.00718
-0.4661202,-2.854163e-17,1.1222,sky,32.00718
-0.621703,-3.806833e-17,0.9965257,sky,32.00718
