x,y,z,mattype,Wm2Front
1.5746,3.941848e-17,0.05,groundplane,743.8826
1.5746,0.0254,0.05,groundplane,743.8821000000002
1.5746,0.0508,0.05,groundplane,743.8818
1.5746,0.0762,0.05,groundplane,743.8816
1.5746,0.1016,0.05,groundplane,743.8813
