x,y,z,mattype,Wm2Front
1.5746,3.735274e-17,0.05,groundplane,704.2397
1.5746,0.0254,0.05,groundplane,704.2391000000001
1.5746,0.0508,0.05,groundplane,704.2388
1.5746,0.0762,0.05,groundplane,704.2386
1.5746,0.1016,0.05,groundplane,704.2383999999998
