x,y,z,mattype,Wm2Front
0.3746,4.882412e-17,0.05,groundplane,46.66807
0.3746,0.0254,0.05,groundplane,46.668910000000004
0.3746,0.0508,0.05,groundplane,46.66893000000001
0.3746,0.0762,0.05,groundplane,46.66895
0.3746,0.1016,0.05,groundplane,46.66897
