x,y,z,rearMat,Wm2Back
0.6797794,4.162448e-17,1.921783,sky,33.68504
0.5099666,3.122645e-17,1.816125,sky,33.68504
0.3401539,2.082842e-17,1.710467,sky,33.68504
0.1703411,1.043038e-17,1.604809,sky,33.68504
0.0005282902,3.234844e-20,1.499151,sky,33.68504
-0.1692845,-1.036569e-17,1.393493,sky,33.68504
-0.3390973,-2.076372e-17,1.287835,sky,33.68504
-0.5089101,-3.116175e-17,1.182177,sky,33.68504
-0.6787228,-4.155979e-17,1.076519,sky,33.68504
