x,y,z,mattype,Wm2Front
1.5746,4.895963e-17,0.05,groundplane,12.93765
1.5746,0.0254,0.05,groundplane,12.937800000000001
1.5746,0.0508,0.05,groundplane,12.937800000000001
1.5746,0.0762,0.05,groundplane,12.937800000000001
1.5746,0.1016,0.05,groundplane,12.93779
