x,y,z,mattype,Wm2Front
0.3746,4.688989e-17,0.05,groundplane,114.3787
0.3746,0.0254,0.05,groundplane,114.3777
0.3746,0.0508,0.05,groundplane,114.3777
0.3746,0.0762,0.05,groundplane,114.37759999999999
0.3746,0.1016,0.05,groundplane,114.37759999999999
