x,y,z,rearMat,Wm2Back
0.7963731,4.876379e-17,1.576098,sky,4.502858
0.5973039,3.657432e-17,1.556825,sky,4.502858
0.3982347,2.438484e-17,1.537551,sky,4.502858
0.1991655,1.219537e-17,1.518278,sky,4.502858
9.636693e-05,5.900772e-21,1.499005,sky,4.502858
-0.1989728,-1.218357e-17,1.479731,sky,4.502858
-0.398042,-2.437304e-17,1.460458,sky,4.502858
-0.5971112,-3.656251e-17,1.441184,sky,4.502858
-0.7961803,-4.875198e-17,1.421911,sky,4.502858
