x,y,z,mattype,Wm2Front
0.3746,3.748527e-17,0.05,groundplane,113.5353
0.3746,0.0254,0.05,groundplane,113.5353
0.3746,0.0508,0.05,groundplane,113.5353
0.3746,0.0762,0.05,groundplane,113.53519999999999
0.3746,0.1016,0.05,groundplane,113.5351
