x,y,z,mattype,Wm2Front
1.5746,4.894026e-17,0.05,groundplane,881.5825
1.5746,0.0254,0.05,groundplane,881.5832999999999
1.5746,0.0508,0.05,groundplane,881.5829
1.5746,0.0762,0.05,groundplane,881.5825
1.5746,0.1016,0.05,groundplane,881.5822
