x,y,z,mattype,Wm2Front
0.3746,3.050247e-17,0.05,groundplane,255.35710000000003
0.3746,0.0254,0.05,groundplane,255.366
0.3746,0.0508,0.05,groundplane,255.36530000000002
0.3746,0.0762,0.05,groundplane,255.3646
0.3746,0.1016,0.05,groundplane,255.36389999999997
