x,y,z,mattype,Wm2Front
0.3746,4.760729e-17,0.05,groundplane,96.20691
0.3746,0.0254,0.05,groundplane,96.20633
0.3746,0.0508,0.05,groundplane,96.20630999999999
0.3746,0.0762,0.05,groundplane,96.20628
0.3746,0.1016,0.05,groundplane,96.20625
