x,y,z,rearMat,Wm2Back
0.7821147,4.789071e-17,1.668219,sky,169.756
0.5866389,3.592127e-17,1.62592,sky,169.756
0.3911631,2.395183e-17,1.583621,sky,169.756
0.1956873,1.198239e-17,1.541322,sky,169.756
0.0002114954,1.295036e-20,1.499023,sky,169.756
-0.1952643,-1.195649e-17,1.456724,sky,169.756
-0.3907401,-2.392593e-17,1.414424,sky,169.756
-0.5862159,-3.589537e-17,1.372125,sky,169.756
-0.7816917,-4.786481e-17,1.329826,sky,169.756
