x,y,z,mattype,Wm2Front
0.3746,4.389474e-17,0.05,groundplane,721.422
0.3746,0.0254,0.05,groundplane,721.4231999999998
0.3746,0.0508,0.05,groundplane,721.4229
0.3746,0.0762,0.05,groundplane,721.4225
0.3746,0.1016,0.05,groundplane,721.4222
