x,y,z,rearMat,Wm2Back
0.6915722,4.234658e-17,1.902155,sky,40.48642
0.5188051,3.176765e-17,1.801401,sky,40.48642
0.346038,2.118871e-17,1.700646,sky,40.48642
0.1732709,1.060978e-17,1.599891,sky,40.48642
0.000503774,3.084726e-20,1.499136,sky,40.48642
-0.1722633,-1.054809e-17,1.398381,sky,40.48642
-0.3450304,-2.112702e-17,1.297627,sky,40.48642
-0.5177975,-3.170595e-17,1.196872,sky,40.48642
-0.6905646,-4.228489e-17,1.096117,sky,40.48642
