x,y,z,rearMat,Wm2Back
0.7430916,4.550124e-17,1.203663,sky,17.58269
0.5572264,3.412027e-17,1.277515,sky,17.58269
0.3713612,2.273931e-17,1.351367,sky,17.58269
0.1854959,1.135835e-17,1.425219,sky,17.58269
-0.0003692602,-2.261067e-20,1.499071,sky,17.58269
-0.1862345,-1.140357e-17,1.572923,sky,17.58269
-0.3720997,-2.278453e-17,1.646775,sky,17.58269
-0.5579649,-3.41655e-17,1.720627,sky,17.58269
-0.7438301,-4.554646e-17,1.794479,sky,17.58269
