x,y,z,mattype,Wm2Front
0.3746,3.050247e-17,0.05,groundplane,407.8542
0.3746,0.0254,0.05,groundplane,407.8568
0.3746,0.0508,0.05,groundplane,407.8566
0.3746,0.0762,0.05,groundplane,407.85650000000004
0.3746,0.1016,0.05,groundplane,407.8563
