x,y,z,rearMat,Wm2Back
0.7628833,4.671313e-17,1.259147,sky,35.84046
0.5720875,3.503026e-17,1.319122,sky,35.84046
0.3812917,2.334738e-17,1.379097,sky,35.84046
0.1904959,1.166451e-17,1.439071,sky,35.84046
-0.0002998734,-1.836195e-20,1.499046,sky,35.84046
-0.1910957,-1.170124e-17,1.559021,sky,35.84046
-0.3818915,-2.338411e-17,1.618995,sky,35.84046
-0.5726873,-3.506698e-17,1.67897,sky,35.84046
-0.7634831,-4.674986e-17,1.738945,sky,35.84046
