x,y,z,mattype,Wm2Front
1.5746,4.897127e-17,0.05,groundplane,14.65892
1.5746,0.0254,0.05,groundplane,14.659370000000001
1.5746,0.0508,0.05,groundplane,14.659370000000001
1.5746,0.0762,0.05,groundplane,14.65938
1.5746,0.1016,0.05,groundplane,14.65939
