x,y,z,mattype,Wm2Front
1.5746,4.383756e-17,0.05,groundplane,178.77650000000003
1.5746,0.0254,0.05,groundplane,178.7782
1.5746,0.0508,0.05,groundplane,178.7781
1.5746,0.0762,0.05,groundplane,178.778
1.5746,0.1016,0.05,groundplane,178.778
