x,y,z,rearMat,Wm2Back
0.7084347,4.337912e-17,1.128353,sky,20.77226
0.5312102,3.252724e-17,1.221043,sky,20.77226
0.3539856,2.167537e-17,1.313734,sky,20.77226
0.1767611,1.08235e-17,1.406424,sky,20.77226
-0.0004634507,-2.837817e-20,1.499114,sky,20.77226
-0.177688,-1.088025e-17,1.591804,sky,20.77226
-0.3549125,-2.173212e-17,1.684494,sky,20.77226
-0.5321371,-3.2584e-17,1.777184,sky,20.77226
-0.7093616,-4.343587e-17,1.869874,sky,20.77226
