x,y,z,mattype,Wm2Front
1.5746,3.247255e-17,0.05,groundplane,92.73508
1.5746,0.0254,0.05,groundplane,92.73499
1.5746,0.0508,0.05,groundplane,92.73497000000002
1.5746,0.0762,0.05,groundplane,92.73494999999998
1.5746,0.1016,0.05,groundplane,92.73494
