x,y,z,rearMat,Wm2Back
0.7958081,4.872919e-17,1.581795,sky,37.87342
0.596882,3.654848e-17,1.561098,sky,37.87342
0.3979558,2.436777e-17,1.5404,sky,37.87342
0.1990296,1.218705e-17,1.519703,sky,37.87342
0.0001034869,6.336748e-21,1.499005,sky,37.87342
-0.1988227,-1.217438e-17,1.478308,sky,37.87342
-0.3977488,-2.435509e-17,1.457611,sky,37.87342
-0.596675,-3.653581e-17,1.436913,sky,37.87342
-0.7956012,-4.871652e-17,1.416216,sky,37.87342
