x,y,z,mattype,Wm2Front
1.5746,4.191239e-17,0.05,groundplane,82.01689
1.5746,0.0254,0.05,groundplane,82.01653
1.5746,0.0508,0.05,groundplane,82.01646
1.5746,0.0762,0.05,groundplane,82.01637
1.5746,0.1016,0.05,groundplane,82.0163
