x,y,z,mattype,Wm2Front
1.5746,4.873015e-17,0.05,groundplane,37.53632
1.5746,0.0254,0.05,groundplane,37.53606
1.5746,0.0508,0.05,groundplane,37.53605
1.5746,0.0762,0.05,groundplane,37.53604
1.5746,0.1016,0.05,groundplane,37.53603
