x,y,z,mattype,Wm2Front
1.5746,3.805734e-17,0.05,groundplane,79.80338
1.5746,0.0254,0.05,groundplane,79.8033
1.5746,0.0508,0.05,groundplane,79.8033
1.5746,0.0762,0.05,groundplane,79.8033
1.5746,0.1016,0.05,groundplane,79.80329
