x,y,z,mattype,Wm2Front
0.3746,4.662714e-17,0.05,groundplane,64.76575
0.3746,0.0254,0.05,groundplane,64.76733
0.3746,0.0508,0.05,groundplane,64.76729
0.3746,0.0762,0.05,groundplane,64.76725
0.3746,0.1016,0.05,groundplane,64.76721
