x,y,z,mattype,Wm2Front
0.3746,3.321513e-17,0.05,groundplane,66.01255
0.3746,0.0254,0.05,groundplane,66.01247
0.3746,0.0508,0.05,groundplane,66.01247
0.3746,0.0762,0.05,groundplane,66.01247
0.3746,0.1016,0.05,groundplane,66.01247
