x,y,z,mattype,Wm2Front
1.5746,3.050247e-17,0.05,groundplane,197.8412
1.5746,0.0254,0.05,groundplane,197.8464
1.5746,0.0508,0.05,groundplane,197.84620000000004
1.5746,0.0762,0.05,groundplane,197.846
1.5746,0.1016,0.05,groundplane,197.84579999999997
