x,y,z,mattype,Wm2Front
1.5746,3.498938e-17,0.05,groundplane,73.38943
1.5746,0.0254,0.05,groundplane,73.38931
1.5746,0.0508,0.05,groundplane,73.38914
1.5746,0.0762,0.05,groundplane,73.38898
1.5746,0.1016,0.05,groundplane,73.3888
