x,y,z,mattype,Wm2Front
0.3746,4.520569e-17,0.05,groundplane,795.5703
0.3746,0.0254,0.05,groundplane,795.5717
0.3746,0.0508,0.05,groundplane,795.5712
0.3746,0.0762,0.05,groundplane,795.5706999999999
0.3746,0.1016,0.05,groundplane,795.5703
