x,y,z,mattype,Wm2Front
1.5746,3.689499e-17,0.05,groundplane,93.63718999999999
1.5746,0.0254,0.05,groundplane,93.63474000000001
1.5746,0.0508,0.05,groundplane,93.63457
1.5746,0.0762,0.05,groundplane,93.63439999999999
1.5746,0.1016,0.05,groundplane,93.63423
