x,y,z,mattype,Wm2Front
0.3746,4.730776e-17,0.05,groundplane,21.361499999999996
0.3746,0.0254,0.05,groundplane,21.361499999999996
0.3746,0.0508,0.05,groundplane,21.36149
0.3746,0.0762,0.05,groundplane,21.36149
0.3746,0.1016,0.05,groundplane,21.36149
