x,y,z,rearMat,Wm2Back
0.6441774,3.944449e-17,1.97438,sky,34.42577
0.4832816,2.959246e-17,1.855584,sky,34.42577
0.3223857,1.974043e-17,1.736788,sky,34.42577
0.1614898,9.888401e-18,1.617992,sky,34.42577
0.0005939807,3.637083e-20,1.499196,sky,34.42577
-0.1603019,-9.815659e-18,1.380399,sky,34.42577
-0.3211977,-1.966769e-17,1.261603,sky,34.42577
-0.4820936,-2.951972e-17,1.142807,sky,34.42577
-0.6429895,-3.937175e-17,1.024011,sky,34.42577
