x,y,z,rearMat,Wm2Back
0.6038449,3.697484e-17,0.9752407,sky,15.14007
0.4527199,2.77211e-17,1.106242,sky,15.14007
0.3015949,1.846736e-17,1.237243,sky,15.14007
0.15047,9.213628e-18,1.368243,sky,15.14007
-0.0006550046,-4.010747e-20,1.499244,sky,15.14007
-0.15178,-9.293843e-18,1.630245,sky,15.14007
-0.302905,-1.854758e-17,1.761246,sky,15.14007
-0.4540299,-2.780132e-17,1.892247,sky,15.14007
-0.6051549,-3.705505e-17,2.023248,sky,15.14007
