x,y,z,rearMat,Wm2Back
0.7960612,4.874469e-17,1.579294,sky,12.06695
0.597071,3.656005e-17,1.559222,sky,12.06695
0.3980808,2.437542e-17,1.53915,sky,12.06695
0.1990906,1.219078e-17,1.519077,sky,12.06695
0.0001003617,6.145383e-21,1.499005,sky,12.06695
-0.1988898,-1.217849e-17,1.478933,sky,12.06695
-0.39788,-2.436313e-17,1.45886,sky,12.06695
-0.5968702,-3.654776e-17,1.438788,sky,12.06695
-0.7958605,-4.87324e-17,1.418716,sky,12.06695
