x,y,z,mattype,Wm2Front
1.5746,4.702981e-17,0.05,groundplane,865.0281
1.5746,0.0254,0.05,groundplane,865.0295
1.5746,0.0508,0.05,groundplane,865.0291000000001
1.5746,0.0762,0.05,groundplane,865.0286
1.5746,0.1016,0.05,groundplane,865.0281
