x,y,z,mattype,Wm2Front
1.5746,4.874525e-17,0.05,groundplane,38.74207
1.5746,0.0254,0.05,groundplane,38.7417
1.5746,0.0508,0.05,groundplane,38.7417
1.5746,0.0762,0.05,groundplane,38.74169
1.5746,0.1016,0.05,groundplane,38.74169
