x,y,z,rearMat,Wm2Back
0.5711058,3.497014e-17,2.060214,sky,184.7989
0.4285046,2.623834e-17,1.919982,sky,184.7989
0.2859035,1.750654e-17,1.77975,sky,184.7989
0.1433023,8.774736e-18,1.639519,sky,184.7989
0.0007011582,4.293356e-20,1.499287,sky,184.7989
-0.1419,-8.688868e-18,1.359055,sky,184.7989
-0.2845011,-1.742067e-17,1.218824,sky,184.7989
-0.4271023,-2.615247e-17,1.078592,sky,184.7989
-0.5697034,-3.488427e-17,0.9383604,sky,184.7989
