x,y,z,rearMat,Wm2Back
0.7934243,4.858322e-17,1.397633,sky,4.021591
0.5950365,3.643548e-17,1.422977,sky,4.021591
0.3966488,2.428773e-17,1.448321,sky,4.021591
0.198261,1.213999e-17,1.473664,sky,4.021591
-0.0001267184,-7.759262e-21,1.499008,sky,4.021591
-0.1985145,-1.215551e-17,1.524352,sky,4.021591
-0.3969022,-2.430325e-17,1.549695,sky,4.021591
-0.59529,-3.6451e-17,1.575039,sky,4.021591
-0.7936777,-4.859874e-17,1.600383,sky,4.021591
