x,y,z,rearMat,Wm2Back
0.7792711,4.771659e-17,1.319065,sky,14.08916
0.5843971,3.5784e-17,1.364055,sky,14.08916
0.3895231,2.385141e-17,1.409045,sky,14.08916
0.1946491,1.191882e-17,1.454035,sky,14.08916
-0.0002249511,-1.377428e-20,1.499026,sky,14.08916
-0.195099,-1.194637e-17,1.544016,sky,14.08916
-0.389973,-2.387896e-17,1.589006,sky,14.08916
-0.584847,-3.581155e-17,1.633996,sky,14.08916
-0.779721,-4.774414e-17,1.678986,sky,14.08916
