x,y,z,mattype,Wm2Front
0.3746,3.247255e-17,0.05,groundplane,372.18070000000006
0.3746,0.0254,0.05,groundplane,372.1793
0.3746,0.0508,0.05,groundplane,372.1792
0.3746,0.0762,0.05,groundplane,372.1791
0.3746,0.1016,0.05,groundplane,372.1791
