x,y,z,mattype,Wm2Front
1.5746,4.159456e-17,0.05,groundplane,63.6403
1.5746,0.0254,0.05,groundplane,63.64022
1.5746,0.0508,0.05,groundplane,63.64019
1.5746,0.0762,0.05,groundplane,63.64015
1.5746,0.1016,0.05,groundplane,63.64011
