x,y,z,rearMat,Wm2Back
0.6593677,4.037463e-17,1.046971,sky,167.3854
0.4943845,3.027232e-17,1.160022,sky,167.3854
0.3294012,2.017001e-17,1.273073,sky,167.3854
0.164418,1.00677e-17,1.386124,sky,167.3854
-0.000565255,-3.461189e-20,1.499175,sky,167.3854
-0.1655485,-1.013692e-17,1.612226,sky,167.3854
-0.3305317,-2.023923e-17,1.725277,sky,167.3854
-0.495515,-3.034154e-17,1.838328,sky,167.3854
-0.6604982,-4.044385e-17,1.951379,sky,167.3854
