x,y,z,rearMat,Wm2Back
0.7729878,4.733185e-17,1.293867,sky,12.19524
0.5796768,3.549496e-17,1.345159,sky,12.19524
0.3863657,2.365807e-17,1.39645,sky,12.19524
0.1930546,1.182119e-17,1.447742,sky,12.19524
-0.0002564581,-1.570353e-20,1.499033,sky,12.19524
-0.1935675,-1.185259e-17,1.550325,sky,12.19524
-0.3868786,-2.368948e-17,1.601617,sky,12.19524
-0.5801897,-3.552637e-17,1.652908,sky,12.19524
-0.7735007,-4.736326e-17,1.7042,sky,12.19524
