x,y,z,mattype,Wm2Front
0.3746,4.233735e-17,0.05,groundplane,780.3696
0.3746,0.0254,0.05,groundplane,780.375
0.3746,0.0508,0.05,groundplane,780.3739
0.3746,0.0762,0.05,groundplane,780.3727
0.3746,0.1016,0.05,groundplane,780.3714999999999
