x,y,z,mattype,Wm2Front
0.3746,4.042139e-17,0.05,groundplane,222.1763
0.3746,0.0254,0.05,groundplane,222.1779
0.3746,0.0508,0.05,groundplane,222.17780000000002
0.3746,0.0762,0.05,groundplane,222.1777
0.3746,0.1016,0.05,groundplane,222.1776
