x,y,z,rearMat,Wm2Back
0.5265146,3.223972e-17,0.897685,sky,35.61055
0.3946979,2.416828e-17,1.048099,sky,35.61055
0.2628813,1.609683e-17,1.198513,sky,35.61055
0.1310646,8.025392e-18,1.348927,sky,35.61055
-0.0007520699,-4.6051e-20,1.499341,sky,35.61055
-0.1325687,-8.117494e-18,1.649755,sky,35.61055
-0.2643854,-1.618894e-17,1.800169,sky,35.61055
-0.3962021,-2.426038e-17,1.950583,sky,35.61055
-0.5280187,-3.233182e-17,2.100997,sky,35.61055
