x,y,z,mattype,Wm2Front
1.5746,4.225529e-17,0.05,groundplane,797.7161
1.5746,0.0254,0.05,groundplane,797.7202000000001
1.5746,0.0508,0.05,groundplane,797.7196
1.5746,0.0762,0.05,groundplane,797.719
1.5746,0.1016,0.05,groundplane,797.7184000000001
