x,y,z,mattype,Wm2Front
0.3746,4.320796e-17,0.05,groundplane,825.9677
0.3746,0.0254,0.05,groundplane,825.9676
0.3746,0.0508,0.05,groundplane,825.9672999999999
0.3746,0.0762,0.05,groundplane,825.967
0.3746,0.1016,0.05,groundplane,825.9668
