x,y,z,mattype,Wm2Front
1.5746,4.878234e-17,0.05,groundplane,833.6093999999999
1.5746,0.0254,0.05,groundplane,833.6114000000001
1.5746,0.0508,0.05,groundplane,833.6102999999999
1.5746,0.0762,0.05,groundplane,833.6091
1.5746,0.1016,0.05,groundplane,833.6079999999998
