x,y,z,mattype,Wm2Front
1.5746,4.899294e-17,0.05,groundplane,8.096524
1.5746,0.0254,0.05,groundplane,8.09621
1.5746,0.0508,0.05,groundplane,8.09621
1.5746,0.0762,0.05,groundplane,8.09621
1.5746,0.1016,0.05,groundplane,8.096209
