x,y,z,mattype,Wm2Front
0.3746,4.847785e-17,0.05,groundplane,33.09296
0.3746,0.0254,0.05,groundplane,33.09404
0.3746,0.0508,0.05,groundplane,33.09402
0.3746,0.0762,0.05,groundplane,33.094
0.3746,0.1016,0.05,groundplane,33.09399
