x,y,z,rearMat,Wm2Back
0.760116,4.654368e-17,1.749449,sky,67.38122
0.5701653,3.491255e-17,1.686849,sky,67.38122
0.3802145,2.328142e-17,1.624249,sky,67.38122
0.1902638,1.165029e-17,1.56165,sky,67.38122
0.000312998,1.91656e-20,1.49905,sky,67.38122
-0.1896378,-1.161196e-17,1.436451,sky,67.38122
-0.3795885,-2.324309e-17,1.373851,sky,67.38122
-0.5695393,-3.487422e-17,1.311251,sky,67.38122
-0.75949,-4.650535e-17,1.248652,sky,67.38122
