x,y,z,mattype,Wm2Front
0.3746,3.050247e-17,0.05,groundplane,398.3518000000001
0.3746,0.0254,0.05,groundplane,398.354
0.3746,0.0508,0.05,groundplane,398.3539
0.3746,0.0762,0.05,groundplane,398.35369999999995
0.3746,0.1016,0.05,groundplane,398.3535
