x,y,z,mattype,Wm2Front
1.5746,3.295647e-17,0.05,groundplane,483.329
1.5746,0.0254,0.05,groundplane,483.3245
1.5746,0.0508,0.05,groundplane,483.3233
1.5746,0.0762,0.05,groundplane,483.32199999999995
1.5746,0.1016,0.05,groundplane,483.3207
