x,y,z,rearMat,Wm2Back
0.798956,4.892194e-17,1.54087,sky,5.541560999999999
0.5992301,3.669226e-17,1.530403,sky,5.541560999999999
0.3995041,2.446257e-17,1.519936,sky,5.541560999999999
0.1997782,1.223289e-17,1.509469,sky,5.541560999999999
5.233596e-05,3.204653e-21,1.499001,sky,5.541560999999999
-0.1996736,-1.222648e-17,1.488534,sky,5.541560999999999
-0.3993995,-2.445616e-17,1.478067,sky,5.541560999999999
-0.5991254,-3.668585e-17,1.4676,sky,5.541560999999999
-0.7988513,-4.891553e-17,1.457133,sky,5.541560999999999
