x,y,z,mattype,Wm2Front
1.5746,4.872858e-17,0.05,groundplane,251.28419999999997
1.5746,0.0254,0.05,groundplane,251.285
1.5746,0.0508,0.05,groundplane,251.28460000000004
1.5746,0.0762,0.05,groundplane,251.28419999999997
1.5746,0.1016,0.05,groundplane,251.2839
