x,y,z,mattype,Wm2Front
1.5746,3.247255e-17,0.05,groundplane,384.4965
1.5746,0.0254,0.05,groundplane,384.49410000000006
1.5746,0.0508,0.05,groundplane,384.4938
1.5746,0.0762,0.05,groundplane,384.4935
1.5746,0.1016,0.05,groundplane,384.49320000000006
