x,y,z,rearMat,Wm2Back
0.5419288,3.318357e-17,2.088485,sky,17.17934
0.4066307,2.489895e-17,1.941194,sky,17.17934
0.2713326,1.661433e-17,1.793904,sky,17.17934
0.1360345,8.329713e-18,1.646614,sky,17.17934
0.0007364514,4.509464e-20,1.499324,sky,17.17934
-0.1345616,-8.239524e-18,1.352033,sky,17.17934
-0.2698597,-1.652414e-17,1.204743,sky,17.17934
-0.4051578,-2.480876e-17,1.057453,sky,17.17934
-0.5404559,-3.309338e-17,0.9101624,sky,17.17934
