x,y,z,mattype,Wm2Front
0.3746,3.548425e-17,0.05,groundplane,426.5701000000001
0.3746,0.0254,0.05,groundplane,426.5789
0.3746,0.0508,0.05,groundplane,426.57750000000004
0.3746,0.0762,0.05,groundplane,426.5762
0.3746,0.1016,0.05,groundplane,426.57480000000004
