x,y,z,mattype,Wm2Front
1.5746,3.64655e-17,0.05,groundplane,125.98039999999999
1.5746,0.0254,0.05,groundplane,125.98560000000002
1.5746,0.0508,0.05,groundplane,125.98539999999998
1.5746,0.0762,0.05,groundplane,125.9851
1.5746,0.1016,0.05,groundplane,125.9849
