x,y,z,mattype,Wm2Front
0.3746,4.730553e-17,0.05,groundplane,124.98200000000001
0.3746,0.0254,0.05,groundplane,124.985
0.3746,0.0508,0.05,groundplane,124.9849
0.3746,0.0762,0.05,groundplane,124.9849
0.3746,0.1016,0.05,groundplane,124.9848
