x,y,z,rearMat,Wm2Back
0.7909186,4.84298e-17,1.379797,sky,13.90442
0.5931517,3.632007e-17,1.409601,sky,13.90442
0.3953848,2.421034e-17,1.439404,sky,13.90442
0.1976179,1.210061e-17,1.469208,sky,13.90442
-0.0001490176,-9.124697e-21,1.499011,sky,13.90442
-0.1979159,-1.211886e-17,1.528815,sky,13.90442
-0.3956828,-2.422859e-17,1.558618,sky,13.90442
-0.5934497,-3.633832e-17,1.588422,sky,13.90442
-0.7912167,-4.844805e-17,1.618225,sky,13.90442
