x,y,z,mattype,Wm2Front
1.5746,4.699297e-17,0.05,groundplane,23.27555
1.5746,0.0254,0.05,groundplane,23.27553
1.5746,0.0508,0.05,groundplane,23.27553
1.5746,0.0762,0.05,groundplane,23.27552
1.5746,0.1016,0.05,groundplane,23.27552
