x,y,z,mattype,Wm2Front
1.5746,4.214662e-17,0.05,groundplane,43.35855
1.5746,0.0254,0.05,groundplane,43.35861
1.5746,0.0508,0.05,groundplane,43.35861
1.5746,0.0762,0.05,groundplane,43.3586
1.5746,0.1016,0.05,groundplane,43.3586
