x,y,z,mattype,Wm2Front
0.3746,4.487216e-17,0.05,groundplane,846.286
0.3746,0.0254,0.05,groundplane,846.288
0.3746,0.0508,0.05,groundplane,846.2877
0.3746,0.0762,0.05,groundplane,846.2872000000001
0.3746,0.1016,0.05,groundplane,846.2869
