x,y,z,rearMat,Wm2Back
0.7980632,4.886728e-17,1.555643,sky,9.86688
0.5985651,3.665154e-17,1.541483,sky,9.86688
0.399067,2.443581e-17,1.527323,sky,9.86688
0.1995689,1.222007e-17,1.513163,sky,9.86688
7.080108e-05,4.335316e-21,1.499003,sky,9.86688
-0.1994273,-1.22114e-17,1.484842,sky,9.86688
-0.3989254,-2.442713e-17,1.470682,sky,9.86688
-0.5984235,-3.664287e-17,1.456522,sky,9.86688
-0.7979216,-4.88586e-17,1.442362,sky,9.86688
