x,y,z,mattype,Wm2Front
1.5746,4.879353e-17,0.05,groundplane,827.7863000000001
1.5746,0.0254,0.05,groundplane,827.7882
1.5746,0.0508,0.05,groundplane,827.7874
1.5746,0.0762,0.05,groundplane,827.7866
1.5746,0.1016,0.05,groundplane,827.7858
