x,y,z,rearMat,Wm2Back
0.7804846,4.77909e-17,1.324373,sky,3.792988
0.5853089,3.583983e-17,1.368036,sky,3.792988
0.3901332,2.388877e-17,1.411699,sky,3.792988
0.1949574,1.19377e-17,1.455361,sky,3.792988
-0.0002183136,-1.336785e-20,1.499024,sky,3.792988
-0.195394,-1.196443e-17,1.542687,sky,3.792988
-0.3905698,-2.39155e-17,1.58635,sky,3.792988
-0.5857455,-3.586657e-17,1.630012,sky,3.792988
-0.7809213,-4.781764e-17,1.673675,sky,3.792988
