x,y,z,rearMat,Wm2Back
0.7996052,4.89617e-17,1.474849,sky,22.40955
0.5996963,3.672081e-17,1.480887,sky,22.40955
0.3997875,2.447992e-17,1.486925,sky,22.40955
0.1998786,1.223904e-17,1.492963,sky,22.40955
-3.018961e-05,-1.84858e-21,1.499,sky,22.40955
-0.199939,-1.224273e-17,1.505038,sky,22.40955
-0.3998479,-2.448362e-17,1.511076,sky,22.40955
-0.5997567,-3.672451e-17,1.517114,sky,22.40955
-0.7996655,-4.896539e-17,1.523152,sky,22.40955
