x,y,z,rearMat,Wm2Back
0.7948555,4.867086e-17,1.409415,sky,10.874900000000002
0.5961137,3.650143e-17,1.431813,sky,10.874900000000002
0.3973718,2.4332e-17,1.454211,sky,10.874900000000002
0.1986299,1.216257e-17,1.476608,sky,10.874900000000002
-0.0001119893,-6.857364e-21,1.499006,sky,10.874900000000002
-0.1988539,-1.217629e-17,1.521404,sky,10.874900000000002
-0.3975958,-2.434572e-17,1.543802,sky,10.874900000000002
-0.5963376,-3.651515e-17,1.5662,sky,10.874900000000002
-0.7950795,-4.868458e-17,1.588598,sky,10.874900000000002
