x,y,z,mattype,Wm2Front
1.5746,3.050247e-17,0.05,groundplane,496.7617
1.5746,0.0254,0.05,groundplane,496.7645
1.5746,0.0508,0.05,groundplane,496.7642
1.5746,0.0762,0.05,groundplane,496.76399999999995
1.5746,0.1016,0.05,groundplane,496.7637
