x,y,z,mattype,Wm2Front
0.3746,3.050247e-17,0.05,groundplane,471.41349999999994
0.3746,0.0254,0.05,groundplane,471.41889999999995
0.3746,0.0508,0.05,groundplane,471.4187
0.3746,0.0762,0.05,groundplane,471.4183
0.3746,0.1016,0.05,groundplane,471.41799999999995
