x,y,z,mattype,Wm2Front
1.5746,4.772679e-17,0.05,groundplane,37.98094
1.5746,0.0254,0.05,groundplane,37.98213
1.5746,0.0508,0.05,groundplane,37.98213
1.5746,0.0762,0.05,groundplane,37.98212
1.5746,0.1016,0.05,groundplane,37.98212
