x,y,z,rearMat,Wm2Back
0.7665853,4.693981e-17,1.728797,sky,12.81073
0.5750108,3.520926e-17,1.671358,sky,12.81073
0.3834362,2.34787e-17,1.613919,sky,12.81073
0.1918617,1.174814e-17,1.556481,sky,12.81073
0.0002871933,1.758552e-20,1.499042,sky,12.81073
-0.1912873,-1.171297e-17,1.441603,sky,12.81073
-0.3828619,-2.344353e-17,1.384165,sky,12.81073
-0.5744364,-3.517408e-17,1.326726,sky,12.81073
-0.7660109,-4.690464e-17,1.269287,sky,12.81073
