x,y,z,rearMat,Wm2Back
0.7856773,4.810886e-17,1.650706,sky,13.74523
0.5893054,3.608455e-17,1.612784,sky,13.74523
0.3929334,2.406023e-17,1.574862,sky,13.74523
0.1965615,1.203592e-17,1.53694,sky,13.74523
0.0001896096,1.161024e-20,1.499018,sky,13.74523
-0.1961823,-1.20127e-17,1.461096,sky,13.74523
-0.3925542,-2.403701e-17,1.423174,sky,13.74523
-0.5889261,-3.606133e-17,1.385252,sky,13.74523
-0.785298,-4.808564e-17,1.34733,sky,13.74523
