x,y,z,mattype,Wm2Front
0.3746,4.29553e-17,0.05,groundplane,205.19320000000002
0.3746,0.0254,0.05,groundplane,205.19140000000002
0.3746,0.0508,0.05,groundplane,205.19140000000002
0.3746,0.0762,0.05,groundplane,205.19140000000002
0.3746,0.1016,0.05,groundplane,205.19140000000002
