x,y,z,rearMat,Wm2Back
0.7665454,4.693737e-17,1.728931,sky,9.048812
0.5749809,3.520742e-17,1.671458,sky,9.048812
0.3834164,2.347748e-17,1.613986,sky,9.048812
0.1918519,1.174754e-17,1.556514,sky,9.048812
0.0002873605,1.759576e-20,1.499042,sky,9.048812
-0.1912771,-1.171235e-17,1.44157,sky,9.048812
-0.3828416,-2.344229e-17,1.384098,sky,9.048812
-0.5744061,-3.517223e-17,1.326626,sky,9.048812
-0.7659706,-4.690217e-17,1.269154,sky,9.048812
