x,y,z,mattype,Wm2Front
1.5746,3.185486e-17,0.05,groundplane,386.04659999999996
1.5746,0.0254,0.05,groundplane,386.0562
1.5746,0.0508,0.05,groundplane,386.0551
1.5746,0.0762,0.05,groundplane,386.0539999999999
1.5746,0.1016,0.05,groundplane,386.0528
