x,y,z,rearMat,Wm2Back
0.6902119,4.226329e-17,1.095515,sky,76.93661
0.5175328,3.168974e-17,1.19642,sky,76.93661
0.3448537,2.11162e-17,1.297326,sky,76.93661
0.1721746,1.054265e-17,1.398231,sky,76.93661
-0.0005045276,-3.089341e-20,1.499137,sky,76.93661
-0.1731836,-1.060444e-17,1.600042,sky,76.93661
-0.3458627,-2.117799e-17,1.700948,sky,76.93661
-0.5185419,-3.175153e-17,1.801853,sky,76.93661
-0.691221,-4.232508e-17,1.902759,sky,76.93661
