x,y,z,rearMat,Wm2Back
0.7985938,4.889977e-17,1.547423,sky,6.215536
0.5989605,3.667575e-17,1.535317,sky,6.215536
0.3993272,2.445174e-17,1.523212,sky,6.215536
0.1996939,1.222772e-17,1.511107,sky,6.215536
6.052591e-05,3.706143e-21,1.499002,sky,6.215536
-0.1995728,-1.222031e-17,1.486897,sky,6.215536
-0.3992061,-2.444433e-17,1.474791,sky,6.215536
-0.5988395,-3.666834e-17,1.462686,sky,6.215536
-0.7984728,-4.889236e-17,1.450581,sky,6.215536
