x,y,z,mattype,Wm2Front
0.3746,3.568261e-17,0.05,groundplane,80.40323
0.3746,0.0254,0.05,groundplane,80.40313
0.3746,0.0508,0.05,groundplane,80.40312
0.3746,0.0762,0.05,groundplane,80.40311
0.3746,0.1016,0.05,groundplane,80.4031
