x,y,z,rearMat,Wm2Back
0.7808507,4.781332e-17,1.326008,sky,4.198623
0.585584,3.585668e-17,1.369262,sky,4.198623
0.3903172,2.390004e-17,1.412516,sky,4.198623
0.1950505,1.19434e-17,1.45577,sky,4.198623
-0.0002162692,-1.324267e-20,1.499024,sky,4.198623
-0.195483,-1.196988e-17,1.542278,sky,4.198623
-0.3907498,-2.392652e-17,1.585531,sky,4.198623
-0.5860165,-3.588316e-17,1.628785,sky,4.198623
-0.7812833,-4.78398e-17,1.672039,sky,4.198623
