x,y,z,rearMat,Wm2Back
0.7907923,4.842206e-17,1.378969,sky,16.20114
0.5930567,3.631425e-17,1.40898,sky,16.20114
0.3953211,2.420644e-17,1.43899,sky,16.20114
0.1975855,1.209862e-17,1.469001,sky,16.20114
-0.000150053,-9.188098e-21,1.499011,sky,16.20114
-0.1978856,-1.2117e-17,1.529022,sky,16.20114
-0.3956212,-2.422481e-17,1.559033,sky,16.20114
-0.5933568,-3.633263e-17,1.589043,sky,16.20114
-0.7910924,-4.844044e-17,1.619054,sky,16.20114
