x,y,z,mattype,Wm2Front
0.3746,4.853222e-17,0.05,groundplane,56.33163
0.3746,0.0254,0.05,groundplane,56.33043
0.3746,0.0508,0.05,groundplane,56.33043
0.3746,0.0762,0.05,groundplane,56.33042
0.3746,0.1016,0.05,groundplane,56.33041
