x,y,z,rearMat,Wm2Back
0.773856,4.738501e-17,1.70285,sky,6.299271999999999
0.5804557,3.554266e-17,1.651895,sky,6.299271999999999
0.3870554,2.370031e-17,1.600941,sky,6.299271999999999
0.1936551,1.185795e-17,1.549987,sky,6.299271999999999
0.0002547707,1.560021e-20,1.499033,sky,6.299271999999999
-0.1931455,-1.182675e-17,1.448079,sky,6.299271999999999
-0.3865458,-2.366911e-17,1.397125,sky,6.299271999999999
-0.5799461,-3.551146e-17,1.346171,sky,6.299271999999999
-0.7733464,-4.735381e-17,1.295216,sky,6.299271999999999
