x,y,z,mattype,Wm2Front
1.5746,4.875393e-17,0.05,groundplane,31.04266
1.5746,0.0254,0.05,groundplane,31.041970000000003
1.5746,0.0508,0.05,groundplane,31.04194
1.5746,0.0762,0.05,groundplane,31.0419
1.5746,0.1016,0.05,groundplane,31.04187
