x,y,z,mattype,Wm2Front
0.3746,4.832026e-17,0.05,groundplane,24.08127
0.3746,0.0254,0.05,groundplane,24.08139
0.3746,0.0508,0.05,groundplane,24.08139
0.3746,0.0762,0.05,groundplane,24.08139
0.3746,0.1016,0.05,groundplane,24.08138
