x,y,z,mattype,Wm2Front
0.3746,4.886649e-17,0.05,groundplane,808.1252
0.3746,0.0254,0.05,groundplane,808.1264
0.3746,0.0508,0.05,groundplane,808.1259999999999
0.3746,0.0762,0.05,groundplane,808.1255
0.3746,0.1016,0.05,groundplane,808.1250999999999
