x,y,z,mattype,Wm2Front
1.5746,4.891206e-17,0.05,groundplane,3.797108
1.5746,0.0254,0.05,groundplane,3.7971039999999996
1.5746,0.0508,0.05,groundplane,3.7971039999999996
1.5746,0.0762,0.05,groundplane,3.7971039999999996
1.5746,0.1016,0.05,groundplane,3.7971039999999996
