x,y,z,rearMat,Wm2Back
0.770911,4.720468e-17,1.713769,sky,6.305755
0.5782504,3.540762e-17,1.660086,sky,6.305755
0.3855897,2.361056e-17,1.606403,sky,6.305755
0.1929291,1.18135e-17,1.55272,sky,6.305755
0.0002684155,1.643571e-20,1.499037,sky,6.305755
-0.1923922,-1.178063e-17,1.445354,sky,6.305755
-0.3850529,-2.357769e-17,1.391671,sky,6.305755
-0.5777135,-3.537475e-17,1.337987,sky,6.305755
-0.7703742,-4.717181e-17,1.284304,sky,6.305755
