x,y,z,rearMat,Wm2Back
0.7415822,4.540881e-17,1.199905,sky,13.529270000000002
0.5560931,3.405088e-17,1.274697,sky,13.529270000000002
0.3706041,2.269296e-17,1.349489,sky,13.529270000000002
0.1851151,1.133503e-17,1.424281,sky,13.529270000000002
-0.0003739592,-2.28984e-20,1.499073,sky,13.529270000000002
-0.185863,-1.138083e-17,1.573864,sky,13.529270000000002
-0.371352,-2.273875e-17,1.648656,sky,13.529270000000002
-0.5568411,-3.409668e-17,1.723448,sky,13.529270000000002
-0.7423301,-4.545461e-17,1.79824,sky,13.529270000000002
