x,y,z,rearMat,Wm2Back
0.7009895,4.292323e-17,1.885506,sky,72.46957
0.5258629,3.219981e-17,1.78891,sky,72.46957
0.3507362,2.14764e-17,1.692315,sky,72.46957
0.1756096,1.075299e-17,1.59572,sky,72.46957
0.0004829768,2.95738e-20,1.499124,sky,72.46957
-0.1746437,-1.069384e-17,1.402529,sky,72.46957
-0.3497703,-2.141725e-17,1.305934,sky,72.46957
-0.5248969,-3.214067e-17,1.209338,sky,72.46957
-0.7000236,-4.286408e-17,1.112743,sky,72.46957
