x,y,z,mattype,Wm2Front
1.5746,4.899743e-17,0.05,groundplane,4.726583
1.5746,0.0254,0.05,groundplane,4.726432
1.5746,0.0508,0.05,groundplane,4.72643
1.5746,0.0762,0.05,groundplane,4.726427
1.5746,0.1016,0.05,groundplane,4.726425
