x,y,z,mattype,Wm2Front
1.5746,4.899596e-17,0.05,groundplane,721.7743999999999
1.5746,0.0254,0.05,groundplane,721.7756
1.5746,0.0508,0.05,groundplane,721.7752
1.5746,0.0762,0.05,groundplane,721.7748
1.5746,0.1016,0.05,groundplane,721.7743999999999
