x,y,z,mattype,Wm2Front
0.3746,3.050247e-17,0.05,groundplane,509.318
0.3746,0.0254,0.05,groundplane,509.32480000000004
0.3746,0.0508,0.05,groundplane,509.3243
0.3746,0.0762,0.05,groundplane,509.32379999999995
0.3746,0.1016,0.05,groundplane,509.3233
