x,y,z,mattype,Wm2Front
1.5746,4.570917e-17,0.05,groundplane,36.75546
1.5746,0.0254,0.05,groundplane,36.75536
1.5746,0.0508,0.05,groundplane,36.75535
1.5746,0.0762,0.05,groundplane,36.75535
1.5746,0.1016,0.05,groundplane,36.75534
