x,y,z,rearMat,Wm2Back
0.5346652,3.27388e-17,0.9049083,sky,40.58783
0.4008132,2.454273e-17,1.053514,sky,40.58783
0.2669611,1.634665e-17,1.20212,sky,40.58783
0.133109,8.150577e-18,1.350725,sky,40.58783
-0.000743028,-4.549734e-20,1.499331,sky,40.58783
-0.1345951,-8.241572e-18,1.647936,sky,40.58783
-0.2684471,-1.643765e-17,1.796542,sky,40.58783
-0.4022992,-2.463372e-17,1.945148,sky,40.58783
-0.5361513,-3.28298e-17,2.093753,sky,40.58783
