x,y,z,mattype,Wm2Front
1.5746,4.313107e-17,0.05,groundplane,825.3481
1.5746,0.0254,0.05,groundplane,825.3478
1.5746,0.0508,0.05,groundplane,825.3475
1.5746,0.0762,0.05,groundplane,825.3472
1.5746,0.1016,0.05,groundplane,825.3470000000001
