x,y,z,rearMat,Wm2Back
0.628931,3.851092e-17,1.005584,sky,82.00127
0.471544,2.887374e-17,1.128992,sky,82.00127
0.314157,1.923657e-17,1.252399,sky,82.00127
0.15677,9.599392e-18,1.375806,sky,82.00127
-0.0006170359,-3.778255e-20,1.499213,sky,82.00127
-0.158004,-9.674957e-18,1.62262,sky,82.00127
-0.315391,-1.931213e-17,1.746027,sky,82.00127
-0.472778,-2.894931e-17,1.869435,sky,82.00127
-0.6301651,-3.858648e-17,1.992842,sky,82.00127
