x,y,z,rearMat,Wm2Back
0.7915032,4.846559e-17,1.616292,sky,6.337427000000001
0.593664,3.635144e-17,1.586971,sky,6.337427000000001
0.3958249,2.423728e-17,1.557651,sky,6.337427000000001
0.1979857,1.212313e-17,1.528331,sky,6.337427000000001
0.000146601,8.976722e-21,1.499011,sky,6.337427000000001
-0.1976925,-1.210518e-17,1.469691,sky,6.337427000000001
-0.3955317,-2.421933e-17,1.44037,sky,6.337427000000001
-0.5933708,-3.633348e-17,1.41105,sky,6.337427000000001
-0.79121,-4.844764e-17,1.38173,sky,6.337427000000001
