x,y,z,mattype,Wm2Front
0.3746,3.968106e-17,0.05,groundplane,240.7485
0.3746,0.0254,0.05,groundplane,240.7481
0.3746,0.0508,0.05,groundplane,240.74799999999996
0.3746,0.0762,0.05,groundplane,240.74799999999996
0.3746,0.1016,0.05,groundplane,240.7479
