x,y,z,mattype,Wm2Front
0.3746,4.508596e-17,0.05,groundplane,21.474139999999995
0.3746,0.0254,0.05,groundplane,21.4749
0.3746,0.0508,0.05,groundplane,21.47488
0.3746,0.0762,0.05,groundplane,21.474859999999996
0.3746,0.1016,0.05,groundplane,21.47484
