x,y,z,rearMat,Wm2Back
0.7975143,4.883367e-17,1.563023,sky,3.295816
0.5981557,3.662648e-17,1.547018,sky,3.295816
0.3987972,2.441928e-17,1.531013,sky,3.295816
0.1994386,1.221209e-17,1.515008,sky,3.295816
8.002495e-05,4.900115e-21,1.499003,sky,3.295816
-0.1992785,-1.220229e-17,1.482998,sky,3.295816
-0.3986371,-2.440948e-17,1.466993,sky,3.295816
-0.5979957,-3.661668e-17,1.450988,sky,3.295816
-0.7973543,-4.882387e-17,1.434983,sky,3.295816
