x,y,z,mattype,Wm2Front
1.5746,3.696394e-17,0.05,groundplane,82.43148
1.5746,0.0254,0.05,groundplane,82.43153
1.5746,0.0508,0.05,groundplane,82.43151
1.5746,0.0762,0.05,groundplane,82.4315
1.5746,0.1016,0.05,groundplane,82.43148
