x,y,z,rearMat,Wm2Back
0.7534045,4.613272e-17,1.23096,sky,4.402511
0.5649696,3.459441e-17,1.297984,sky,4.402511
0.3765347,2.30561e-17,1.365009,sky,4.402511
0.1880998,1.151779e-17,1.432033,sky,4.402511
-0.0003351227,-2.052035e-20,1.499058,sky,4.402511
-0.18877,-1.155883e-17,1.566082,sky,4.402511
-0.3772049,-2.309714e-17,1.633107,sky,4.402511
-0.5656398,-3.463545e-17,1.700131,sky,4.402511
-0.7540747,-4.617376e-17,1.767156,sky,4.402511
