x,y,z,rearMat,Wm2Back
0.6296207,3.855315e-17,1.006463,sky,11.46846
0.4720615,2.890543e-17,1.12965,sky,11.46846
0.3145024,1.925772e-17,1.252838,sky,11.46846
0.1569432,9.610001e-18,1.376025,sky,11.46846
-0.0006159365,-3.771523e-20,1.499212,sky,11.46846
-0.1581751,-9.685431e-18,1.6224,sky,11.46846
-0.3157343,-1.933315e-17,1.745587,sky,11.46846
-0.4732934,-2.898086e-17,1.868774,sky,11.46846
-0.6308526,-3.862858e-17,1.991961,sky,11.46846
