x,y,z,rearMat,Wm2Back
0.7768026,4.756544e-17,1.308744,sky,4.773023
0.5825425,3.567044e-17,1.356315,sky,4.773023
0.3882824,2.377544e-17,1.403887,sky,4.773023
0.1940223,1.188044e-17,1.451458,sky,4.773023
-0.0002378554,-1.456444e-20,1.499029,sky,4.773023
-0.194498,-1.190957e-17,1.5466,sky,4.773023
-0.3887581,-2.380457e-17,1.594171,sky,4.773023
-0.5830182,-3.569957e-17,1.641742,sky,4.773023
-0.7772783,-4.759457e-17,1.689313,sky,4.773023
