x,y,z,mattype,Wm2Front
1.5746,3.247255e-17,0.05,groundplane,371.8142
1.5746,0.0254,0.05,groundplane,371.81380000000007
1.5746,0.0508,0.05,groundplane,371.8136
1.5746,0.0762,0.05,groundplane,371.8134
1.5746,0.1016,0.05,groundplane,371.8133
