x,y,z,mattype,Wm2Front
0.3746,4.886247e-17,0.05,groundplane,494.6872
0.3746,0.0254,0.05,groundplane,494.693
0.3746,0.0508,0.05,groundplane,494.6905
0.3746,0.0762,0.05,groundplane,494.68799999999993
0.3746,0.1016,0.05,groundplane,494.6856
