x,y,z,mattype,Wm2Front
0.3746,4.85727e-17,0.05,groundplane,24.817130000000002
0.3746,0.0254,0.05,groundplane,24.81614
0.3746,0.0508,0.05,groundplane,24.81613
0.3746,0.0762,0.05,groundplane,24.81613
0.3746,0.1016,0.05,groundplane,24.81612
