x,y,z,mattype,Wm2Front
1.5746,3.885896e-17,0.05,groundplane,734.9436
1.5746,0.0254,0.05,groundplane,734.9528
1.5746,0.0508,0.05,groundplane,734.9512
1.5746,0.0762,0.05,groundplane,734.9495000000001
1.5746,0.1016,0.05,groundplane,734.9478
