x,y,z,rearMat,Wm2Back
0.7227788,4.425744e-17,1.157083,sky,8.721445
0.5419773,3.318654e-17,1.242587,sky,8.721445
0.3611757,2.211563e-17,1.32809,sky,8.721445
0.1803741,1.104473e-17,1.413593,sky,8.721445
-0.0004275156,-2.617778e-20,1.499096,sky,8.721445
-0.1812291,-1.109708e-17,1.584599,sky,8.721445
-0.3620307,-2.216799e-17,1.670102,sky,8.721445
-0.5428323,-3.323889e-17,1.755605,sky,8.721445
-0.7236339,-4.43098e-17,1.841109,sky,8.721445
