x,y,z,mattype,Wm2Front
1.5746,3.050247e-17,0.05,groundplane,81.3311
1.5746,0.0254,0.05,groundplane,81.33124
1.5746,0.0508,0.05,groundplane,81.33123
1.5746,0.0762,0.05,groundplane,81.33121
1.5746,0.1016,0.05,groundplane,81.33121
