x,y,z,rearMat,Wm2Back
0.5233879,3.204827e-17,2.105034,sky,83.55904
0.3927302,2.404779e-17,1.953612,sky,83.55904
0.2620725,1.604731e-17,1.80219,sky,83.55904
0.1314148,8.046836e-18,1.650769,sky,83.55904
0.0007571091,4.635956e-20,1.499347,sky,83.55904
-0.1299006,-7.954117e-18,1.347925,sky,83.55904
-0.2605583,-1.595459e-17,1.196503,sky,83.55904
-0.391216,-2.395507e-17,1.045081,sky,83.55904
-0.5218737,-3.195555e-17,0.8936594,sky,83.55904
