x,y,z,mattype,Wm2Front
1.5746,4.899982e-17,0.05,groundplane,810.9348
1.5746,0.0254,0.05,groundplane,810.9357999999999
1.5746,0.0508,0.05,groundplane,810.9353
1.5746,0.0762,0.05,groundplane,810.9348
1.5746,0.1016,0.05,groundplane,810.9343
