x,y,z,mattype,Wm2Front
1.5746,4.441386e-17,0.05,groundplane,502.9633999999999
1.5746,0.0254,0.05,groundplane,502.97059999999993
1.5746,0.0508,0.05,groundplane,502.969
1.5746,0.0762,0.05,groundplane,502.9673
1.5746,0.1016,0.05,groundplane,502.9656
