x,y,z,rearMat,Wm2Back
0.6131804,3.754647e-17,0.9861801,sky,63.38203000000001
0.4597249,2.815003e-17,1.114443,sky,63.38203000000001
0.3062695,1.87536e-17,1.242706,sky,63.38203000000001
0.1528141,9.357165e-18,1.37097,sky,63.38203000000001
-0.0006413157,-3.926926e-20,1.499233,sky,63.38203000000001
-0.1540967,-9.435704e-18,1.627496,sky,63.38203000000001
-0.3075522,-1.883214e-17,1.755759,sky,63.38203000000001
-0.4610076,-2.822857e-17,1.884022,sky,63.38203000000001
-0.614463,-3.762501e-17,2.012285,sky,63.38203000000001
