x,y,z,mattype,Wm2Front
1.5746,3.247255e-17,0.05,groundplane,499.542
1.5746,0.0254,0.05,groundplane,499.54119999999995
1.5746,0.0508,0.05,groundplane,499.541
1.5746,0.0762,0.05,groundplane,499.5409
1.5746,0.1016,0.05,groundplane,499.5407
