x,y,z,mattype,Wm2Front
1.5746,4.782887e-17,0.05,groundplane,87.56705
1.5746,0.0254,0.05,groundplane,87.56644
1.5746,0.0508,0.05,groundplane,87.56642
1.5746,0.0762,0.05,groundplane,87.56639
1.5746,0.1016,0.05,groundplane,87.56638
