x,y,z,rearMat,Wm2Back
0.763761,4.676687e-17,1.261945,sky,39.19308
0.5727466,3.507062e-17,1.32122,sky,39.19308
0.3817323,2.337436e-17,1.380495,sky,39.19308
0.190718,1.167811e-17,1.43977,sky,39.19308
-0.0002963749,-1.814773e-20,1.499045,sky,39.19308
-0.1913107,-1.17144e-17,1.55832,sky,39.19308
-0.382325,-2.341066e-17,1.617595,sky,39.19308
-0.5733394,-3.510691e-17,1.67687,sky,39.19308
-0.7643537,-4.680317e-17,1.736145,sky,39.19308
