x,y,z,mattype,Wm2Front
0.3746,3.760216e-17,0.05,groundplane,182.5968
0.3746,0.0254,0.05,groundplane,182.59759999999997
0.3746,0.0508,0.05,groundplane,182.5975
0.3746,0.0762,0.05,groundplane,182.5973
0.3746,0.1016,0.05,groundplane,182.59710000000004
