x,y,z,mattype,Wm2Front
1.5746,4.344475e-17,0.05,groundplane,695.1658000000001
1.5746,0.0254,0.05,groundplane,695.168
1.5746,0.0508,0.05,groundplane,695.1675
1.5746,0.0762,0.05,groundplane,695.1671
1.5746,0.1016,0.05,groundplane,695.1667000000001
