x,y,z,rearMat,Wm2Back
0.6870854,4.207184e-17,1.090226,sky,43.4613
0.5151862,3.154606e-17,1.192455,sky,43.4613
0.3432871,2.102027e-17,1.294683,sky,43.4613
0.171388,1.049449e-17,1.396912,sky,43.4613
-0.0005111431,-3.129849e-20,1.499141,sky,43.4613
-0.1724103,-1.055708e-17,1.601369,sky,43.4613
-0.3443094,-2.108287e-17,1.703598,sky,43.4613
-0.5162085,-3.160866e-17,1.805826,sky,43.4613
-0.6881077,-4.213444e-17,1.908055,sky,43.4613
