x,y,z,rearMat,Wm2Back
0.7832324,4.795915e-17,1.337064,sky,141.7062
0.5873737,3.596626e-17,1.377553,sky,141.7062
0.391515,2.397338e-17,1.418043,sky,141.7062
0.1956563,1.198049e-17,1.458532,sky,141.7062
-0.0002024455,-1.239621e-20,1.499021,sky,141.7062
-0.1960612,-1.200528e-17,1.53951,sky,141.7062
-0.3919199,-2.399817e-17,1.579999,sky,141.7062
-0.5877786,-3.599106e-17,1.620488,sky,141.7062
-0.7836373,-4.798394e-17,1.660977,sky,141.7062
