x,y,z,rearMat,Wm2Back
0.6503867,3.98247e-17,1.034169,sky,22.81009
0.4876447,2.985962e-17,1.150424,sky,22.81009
0.3249027,1.989455e-17,1.266678,sky,22.81009
0.1621607,9.92948e-18,1.382932,sky,22.81009
-0.0005812712,-3.559259e-20,1.499186,sky,22.81009
-0.1633233,-1.000066e-17,1.615441,sky,22.81009
-0.3260652,-1.996574e-17,1.731695,sky,22.81009
-0.4888072,-2.993081e-17,1.847949,sky,22.81009
-0.6515492,-3.989588e-17,1.964203,sky,22.81009
