x,y,z,rearMat,Wm2Back
0.5369798,3.288053e-17,2.093004,sky,63.22388
0.4029204,2.467176e-17,1.944585,sky,63.22388
0.2688609,1.646298e-17,1.796167,sky,63.22388
0.1348015,8.254212e-18,1.647748,sky,63.22388
0.0007420928,4.544008e-20,1.49933,sky,63.22388
-0.1333173,-8.163332e-18,1.350911,sky,63.22388
-0.2673768,-1.63721e-17,1.202493,sky,63.22388
-0.4014362,-2.458088e-17,1.054074,sky,63.22388
-0.5354956,-3.278965e-17,0.9056554,sky,63.22388
