x,y,z,mattype,Wm2Front
0.3746,4.584346e-17,0.05,groundplane,81.16679
0.3746,0.0254,0.05,groundplane,81.16537
0.3746,0.0508,0.05,groundplane,81.16531
0.3746,0.0762,0.05,groundplane,81.16526
0.3746,0.1016,0.05,groundplane,81.16521
