x,y,z,rearMat,Wm2Back
0.5807647,3.556158e-17,0.9498061,sky,14.061929999999998
0.4354018,2.666067e-17,1.087173,sky,14.061929999999998
0.290039,1.775976e-17,1.22454,sky,14.061929999999998
0.1446761,8.858854e-18,1.361906,sky,14.061929999999998
-0.0006868338,-4.205644e-20,1.499273,sky,14.061929999999998
-0.1460497,-8.942967e-18,1.63664,sky,14.061929999999998
-0.2914126,-1.784388e-17,1.774007,sky,14.061929999999998
-0.4367755,-2.674479e-17,1.911373,sky,14.061929999999998
-0.5821384,-3.56457e-17,2.04874,sky,14.061929999999998
