x,y,z,mattype,Wm2Front
0.3746,4.891933e-17,0.05,groundplane,14.62207
0.3746,0.0254,0.05,groundplane,14.62222
0.3746,0.0508,0.05,groundplane,14.62222
0.3746,0.0762,0.05,groundplane,14.62222
0.3746,0.1016,0.05,groundplane,14.62222
