x,y,z,mattype,Wm2Front
1.5746,3.050247e-17,0.05,groundplane,204.6749
1.5746,0.0254,0.05,groundplane,204.6816
1.5746,0.0508,0.05,groundplane,204.6811
1.5746,0.0762,0.05,groundplane,204.68050000000002
1.5746,0.1016,0.05,groundplane,204.67999999999998
