x,y,z,mattype,Wm2Front
0.3746,3.247255e-17,0.05,groundplane,509.8858
0.3746,0.0254,0.05,groundplane,509.88539999999995
0.3746,0.0508,0.05,groundplane,509.8852
0.3746,0.0762,0.05,groundplane,509.885
0.3746,0.1016,0.05,groundplane,509.8848
