x,y,z,mattype,Wm2Front
0.3746,4.809201e-17,0.05,groundplane,42.20118
0.3746,0.0254,0.05,groundplane,42.20272
0.3746,0.0508,0.05,groundplane,42.20267
0.3746,0.0762,0.05,groundplane,42.20264
0.3746,0.1016,0.05,groundplane,42.2026
