x,y,z,mattype,Wm2Front
0.3746,3.979748e-17,0.05,groundplane,733.1711
0.3746,0.0254,0.05,groundplane,733.1733
0.3746,0.0508,0.05,groundplane,733.1730000000001
0.3746,0.0762,0.05,groundplane,733.1726
0.3746,0.1016,0.05,groundplane,733.1722
