x,y,z,rearMat,Wm2Back
0.7999976,4.898572e-17,1.502211,sky,76.78305
0.5999992,3.673935e-17,1.501409,sky,76.78305
0.4000008,2.449298e-17,1.500606,sky,76.78305
0.2000024,1.224662e-17,1.499803,sky,76.78305
4.014246e-06,2.458017e-22,1.499,sky,76.78305
-0.1999944,-1.224612e-17,1.498197,sky,76.78305
-0.3999928,-2.449249e-17,1.497394,sky,76.78305
-0.5999912,-3.673886e-17,1.496591,sky,76.78305
-0.7999895,-4.898523e-17,1.495789,sky,76.78305
