x,y,z,mattype,Wm2Front
0.3746,4.32964e-17,0.05,groundplane,212.7781
0.3746,0.0254,0.05,groundplane,212.77599999999998
0.3746,0.0508,0.05,groundplane,212.7758
0.3746,0.0762,0.05,groundplane,212.77560000000003
0.3746,0.1016,0.05,groundplane,212.7755
