x,y,z,mattype,Wm2Front
1.5746,3.408095e-17,0.05,groundplane,176.1657
1.5746,0.0254,0.05,groundplane,176.16690000000003
1.5746,0.0508,0.05,groundplane,176.1667
1.5746,0.0762,0.05,groundplane,176.1666
1.5746,0.1016,0.05,groundplane,176.16639999999998
