x,y,z,mattype,Wm2Front
0.3746,3.839587e-17,0.05,groundplane,61.86709
0.3746,0.0254,0.05,groundplane,61.86723
0.3746,0.0508,0.05,groundplane,61.86721
0.3746,0.0762,0.05,groundplane,61.86719
0.3746,0.1016,0.05,groundplane,61.86717000000001
