x,y,z,mattype,Wm2Front
0.3746,4.498144e-17,0.05,groundplane,788.0721
0.3746,0.0254,0.05,groundplane,788.0746
0.3746,0.0508,0.05,groundplane,788.0742
0.3746,0.0762,0.05,groundplane,788.0738
0.3746,0.1016,0.05,groundplane,788.0733999999999
