x,y,z,mattype,Wm2Front
1.5746,4.598982e-17,0.05,groundplane,803.8934
1.5746,0.0254,0.05,groundplane,803.8938000000002
1.5746,0.0508,0.05,groundplane,803.8924000000001
1.5746,0.0762,0.05,groundplane,803.891
1.5746,0.1016,0.05,groundplane,803.8896
