x,y,z,mattype,Wm2Front
1.5746,3.247255e-17,0.05,groundplane,484.87180000000006
1.5746,0.0254,0.05,groundplane,484.87180000000006
1.5746,0.0508,0.05,groundplane,484.8716
1.5746,0.0762,0.05,groundplane,484.8713
1.5746,0.1016,0.05,groundplane,484.8709999999999
