x,y,z,mattype,Wm2Front
1.5746,3.90406e-17,0.05,groundplane,720.1277
1.5746,0.0254,0.05,groundplane,720.1361
1.5746,0.0508,0.05,groundplane,720.1348000000002
1.5746,0.0762,0.05,groundplane,720.1335
1.5746,0.1016,0.05,groundplane,720.1322
