x,y,z,mattype,Wm2Front
0.3746,4.585251e-17,0.05,groundplane,714.3983
0.3746,0.0254,0.05,groundplane,714.4014000000001
0.3746,0.0508,0.05,groundplane,714.3995
0.3746,0.0762,0.05,groundplane,714.3975999999999
0.3746,0.1016,0.05,groundplane,714.3957999999999
