x,y,z,mattype,Wm2Front
1.5746,4.892651e-17,0.05,groundplane,952.7464999999999
1.5746,0.0254,0.05,groundplane,952.748
1.5746,0.0508,0.05,groundplane,952.7473999999999
1.5746,0.0762,0.05,groundplane,952.7468
1.5746,0.1016,0.05,groundplane,952.7461
