x,y,z,mattype,Wm2Front
0.3746,4.719615e-17,0.05,groundplane,810.2085000000001
0.3746,0.0254,0.05,groundplane,810.2087
0.3746,0.0508,0.05,groundplane,810.2082999999999
0.3746,0.0762,0.05,groundplane,810.2078
0.3746,0.1016,0.05,groundplane,810.2075
