x,y,z,rearMat,Wm2Back
0.5770376,3.533336e-17,2.054102,sky,74.5866
0.4329516,2.651064e-17,1.915396,sky,74.5866
0.2888656,1.768791e-17,1.776691,sky,74.5866
0.1447795,8.86519e-18,1.637985,sky,74.5866
0.0006935276,4.246632e-20,1.49928,sky,74.5866
-0.1433925,-8.780258e-18,1.360574,sky,74.5866
-0.2874785,-1.760298e-17,1.221869,sky,74.5866
-0.4315645,-2.642571e-17,1.083163,sky,74.5866
-0.5756505,-3.524843e-17,0.9444575,sky,74.5866
