x,y,z,rearMat,Wm2Back
0.7149586,4.377859e-17,1.858936,sky,21.820759999999996
0.5363314,3.284083e-17,1.768979,sky,21.820759999999996
0.3577042,2.190306e-17,1.679022,sky,21.820759999999996
0.179077,1.09653e-17,1.589064,sky,21.820759999999996
0.0004497867,2.754149e-20,1.499107,sky,21.820759999999996
-0.1781774,-1.091022e-17,1.40915,sky,21.820759999999996
-0.3568046,-2.184798e-17,1.319192,sky,21.820759999999996
-0.5354318,-3.278574e-17,1.229235,sky,21.820759999999996
-0.714059,-4.37235e-17,1.139277,sky,21.820759999999996
