x,y,z,rearMat,Wm2Back
0.5708785,3.495623e-17,0.9395549,sky,32.74491
0.4279839,2.620646e-17,1.079488,sky,32.74491
0.2850894,1.745669e-17,1.21942,sky,32.74491
0.1421949,8.706925e-18,1.359353,sky,32.74491
-0.0006996633,-4.284202e-20,1.499286,sky,32.74491
-0.1435942,-8.792609e-18,1.639218,sky,32.74491
-0.2864887,-1.754238e-17,1.779151,sky,32.74491
-0.4293833,-2.629214e-17,1.919084,sky,32.74491
-0.5722778,-3.504191e-17,2.059016,sky,32.74491
