x,y,z,rearMat,Wm2Back
0.7639404,4.677786e-17,1.737479,sky,7.567966000000001
0.5730298,3.508796e-17,1.67787,sky,7.567966000000001
0.3821192,2.339805e-17,1.618262,sky,7.567966000000001
0.1912086,1.170815e-17,1.558654,sky,7.567966000000001
0.0002980414,1.824977e-20,1.499045,sky,7.567966000000001
-0.1906126,-1.167165e-17,1.439437,sky,7.567966000000001
-0.3815231,-2.336155e-17,1.379829,sky,7.567966000000001
-0.5724337,-3.505146e-17,1.320221,sky,7.567966000000001
-0.7633443,-4.674136e-17,1.260612,sky,7.567966000000001
