x,y,z,rearMat,Wm2Back
0.7423132,4.545358e-17,1.201718,sky,15.40905
0.556642,3.408449e-17,1.276056,sky,15.40905
0.3709708,2.271541e-17,1.350395,sky,15.40905
0.1852995,1.134632e-17,1.424733,sky,15.40905
-0.0003716919,-2.275957e-20,1.499072,sky,15.40905
-0.1860429,-1.139184e-17,1.57341,sky,15.40905
-0.3717141,-2.276093e-17,1.647748,sky,15.40905
-0.5573854,-3.413001e-17,1.722087,sky,15.40905
-0.7430566,-4.549909e-17,1.796425,sky,15.40905
