x,y,z,mattype,Wm2Front
0.3746,4.17756e-17,0.05,groundplane,39.72094
0.3746,0.0254,0.05,groundplane,39.72102
0.3746,0.0508,0.05,groundplane,39.72102
0.3746,0.0762,0.05,groundplane,39.72102
0.3746,0.1016,0.05,groundplane,39.72102
