x,y,z,rearMat,Wm2Back
0.7683849,4.705e-17,1.277322,sky,4.237452
0.5762194,3.528326e-17,1.332751,sky,4.237452
0.3840539,2.351652e-17,1.38818,sky,4.237452
0.1918884,1.174977e-17,1.44361,sky,4.237452
-0.000277147,-1.697036e-20,1.499039,sky,4.237452
-0.1924427,-1.178371e-17,1.554469,sky,4.237452
-0.3846082,-2.355046e-17,1.609898,sky,4.237452
-0.5767737,-3.53172e-17,1.665327,sky,4.237452
-0.7689392,-4.708395e-17,1.720757,sky,4.237452
