x,y,z,mattype,Wm2Front
0.3746,4.756291e-17,0.05,groundplane,126.27979999999998
0.3746,0.0254,0.05,groundplane,126.2822
0.3746,0.0508,0.05,groundplane,126.2821
0.3746,0.0762,0.05,groundplane,126.282
0.3746,0.1016,0.05,groundplane,126.2819
