x,y,z,rearMat,Wm2Back
0.5288574,3.238317e-17,2.100259,sky,96.96529
0.3968308,2.429888e-17,1.950029,sky,96.96529
0.2648043,1.621458e-17,1.799799,sky,96.96529
0.1327777,8.13029e-18,1.64957,sky,96.96529
0.0007511489,4.599461e-20,1.49934,sky,96.96529
-0.1312754,-8.0383e-18,1.34911,sky,96.96529
-0.263302,-1.61226e-17,1.19888,sky,96.96529
-0.3953285,-2.420689e-17,1.048651,sky,96.96529
-0.5273551,-3.229119e-17,0.8984207,sky,96.96529
