x,y,z,mattype,Wm2Front
0.3746,3.577626e-17,0.05,groundplane,692.8842
0.3746,0.0254,0.05,groundplane,692.8837
0.3746,0.0508,0.05,groundplane,692.8835
0.3746,0.0762,0.05,groundplane,692.8834
0.3746,0.1016,0.05,groundplane,692.8831999999999
