x,y,z,rearMat,Wm2Back
0.7817607,4.786903e-17,1.669857,sky,13.79529
0.5863739,3.590504e-17,1.627148,sky,13.79529
0.3909871,2.394106e-17,1.58444,sky,13.79529
0.1956003,1.197707e-17,1.541731,sky,13.79529
0.0002135419,1.307567e-20,1.499023,sky,13.79529
-0.1951732,-1.195091e-17,1.456315,sky,13.79529
-0.39056,-2.39149e-17,1.413606,sky,13.79529
-0.5859468,-3.587889e-17,1.370898,sky,13.79529
-0.7813336,-4.784288e-17,1.32819,sky,13.79529
