x,y,z,mattype,Wm2Front
0.3746,4.268501e-17,0.05,groundplane,730.1536
0.3746,0.0254,0.05,groundplane,730.1537
0.3746,0.0508,0.05,groundplane,730.1532000000001
0.3746,0.0762,0.05,groundplane,730.1528
0.3746,0.1016,0.05,groundplane,730.1523000000001
