x,y,z,mattype,Wm2Front
0.3746,4.808048e-17,0.05,groundplane,879.5152000000002
0.3746,0.0254,0.05,groundplane,879.5165000000001
0.3746,0.0508,0.05,groundplane,879.5161000000002
0.3746,0.0762,0.05,groundplane,879.5156000000001
0.3746,0.1016,0.05,groundplane,879.5151
