x,y,z,mattype,Wm2Front
1.5746,4.563874e-17,0.05,groundplane,91.63993999999998
1.5746,0.0254,0.05,groundplane,91.64335
1.5746,0.0508,0.05,groundplane,91.64328
1.5746,0.0762,0.05,groundplane,91.64321
1.5746,0.1016,0.05,groundplane,91.64315
