x,y,z,mattype,Wm2Front
0.3746,4.879137e-17,0.05,groundplane,920.3972
0.3746,0.0254,0.05,groundplane,920.3983
0.3746,0.0508,0.05,groundplane,920.3979
0.3746,0.0762,0.05,groundplane,920.3975999999999
0.3746,0.1016,0.05,groundplane,920.3972
