x,y,z,rearMat,Wm2Back
0.7851464,4.807635e-17,1.653447,sky,8.70624
0.5889081,3.606022e-17,1.61484,sky,8.70624
0.3926697,2.404409e-17,1.576233,sky,8.70624
0.1964314,1.202795e-17,1.537626,sky,8.70624
0.0001930357,1.182003e-20,1.499019,sky,8.70624
-0.1960453,-1.200431e-17,1.460412,sky,8.70624
-0.3922837,-2.402045e-17,1.421805,sky,8.70624
-0.588522,-3.603658e-17,1.383197,sky,8.70624
-0.7847603,-4.805271e-17,1.34459,sky,8.70624
