x,y,z,mattype,Wm2Front
1.5746,4.754225e-17,0.05,groundplane,792.4761
1.5746,0.0254,0.05,groundplane,792.4779
1.5746,0.0508,0.05,groundplane,792.4774000000001
1.5746,0.0762,0.05,groundplane,792.4767
1.5746,0.1016,0.05,groundplane,792.4762
