x,y,z,mattype,Wm2Front
1.5746,4.797133e-17,0.05,groundplane,80.88948
1.5746,0.0254,0.05,groundplane,80.88906
1.5746,0.0508,0.05,groundplane,80.88904
1.5746,0.0762,0.05,groundplane,80.88902
1.5746,0.1016,0.05,groundplane,80.88899
