x,y,z,mattype,Wm2Front
1.5746,3.247255e-17,0.05,groundplane,463.3752
1.5746,0.0254,0.05,groundplane,463.3749
1.5746,0.0508,0.05,groundplane,463.3747
1.5746,0.0762,0.05,groundplane,463.37450000000007
1.5746,0.1016,0.05,groundplane,463.3743
