x,y,z,rearMat,Wm2Back
0.7429881,4.54949e-17,1.203403,sky,189.7134
0.5571487,3.411552e-17,1.27732,sky,189.7134
0.3713093,2.273613e-17,1.351237,sky,189.7134
0.1854698,1.135675e-17,1.425154,sky,189.7134
-0.0003695846,-2.263053e-20,1.499071,sky,189.7134
-0.186209,-1.140201e-17,1.572988,sky,189.7134
-0.3720484,-2.27814e-17,1.646905,sky,189.7134
-0.5578878,-3.416078e-17,1.720822,sky,189.7134
-0.7437273,-4.554016e-17,1.794738,sky,189.7134
