x,y,z,mattype,Wm2Front
1.5746,3.247255e-17,0.05,groundplane,451.1027000000001
1.5746,0.0254,0.05,groundplane,451.1016
1.5746,0.0508,0.05,groundplane,451.1014
1.5746,0.0762,0.05,groundplane,451.1013
1.5746,0.1016,0.05,groundplane,451.1012
