x,y,z,mattype,Wm2Front
0.3746,4.860704e-17,0.05,groundplane,1014.194
0.3746,0.0254,0.05,groundplane,1014.196
0.3746,0.0508,0.05,groundplane,1014.194
0.3746,0.0762,0.05,groundplane,1014.1929999999999
0.3746,0.1016,0.05,groundplane,1014.1910000000001
