x,y,z,rearMat,Wm2Back
0.7944691,4.86472e-17,1.406086,sky,12.75002
0.5958228,3.648362e-17,1.429316,sky,12.75002
0.3971765,2.432005e-17,1.452546,sky,12.75002
0.1985302,1.215647e-17,1.475777,sky,12.75002
-0.0001161507,-7.112179e-21,1.499007,sky,12.75002
-0.1987625,-1.217069e-17,1.522237,sky,12.75002
-0.3974088,-2.433427e-17,1.545467,sky,12.75002
-0.5960551,-3.649785e-17,1.568697,sky,12.75002
-0.7947014,-4.866143e-17,1.591927,sky,12.75002
