x,y,z,rearMat,Wm2Back
0.7973087,4.882108e-17,1.434427,sky,18.73033
0.5979613,3.661457e-17,1.450571,sky,18.73033
0.398614,2.440807e-17,1.466715,sky,18.73033
0.1992666,1.220156e-17,1.482859,sky,18.73033
-8.072083e-05,-4.942725e-21,1.499003,sky,18.73033
-0.1994281,-1.221145e-17,1.515147,sky,18.73033
-0.3987754,-2.441795e-17,1.531292,sky,18.73033
-0.5981228,-3.662446e-17,1.547436,sky,18.73033
-0.7974701,-4.883096e-17,1.56358,sky,18.73033
