x,y,z,mattype,Wm2Front
1.5746,4.600456e-17,0.05,groundplane,850.5962
1.5746,0.0254,0.05,groundplane,850.5963
1.5746,0.0508,0.05,groundplane,850.5958999999999
1.5746,0.0762,0.05,groundplane,850.5956
1.5746,0.1016,0.05,groundplane,850.5953
