x,y,z,mattype,Wm2Front
0.3746,3.909085e-17,0.05,groundplane,728.9939
0.3746,0.0254,0.05,groundplane,728.9937
0.3746,0.0508,0.05,groundplane,728.9934
0.3746,0.0762,0.05,groundplane,728.9931
0.3746,0.1016,0.05,groundplane,728.9928999999998
