x,y,z,mattype,Wm2Front
0.3746,4.86242e-17,0.05,groundplane,891.3579999999998
0.3746,0.0254,0.05,groundplane,891.3588999999998
0.3746,0.0508,0.05,groundplane,891.3584999999999
0.3746,0.0762,0.05,groundplane,891.3582
0.3746,0.1016,0.05,groundplane,891.3578000000001
