x,y,z,mattype,Wm2Front
1.5746,3.050247e-17,0.05,groundplane,380.9502
1.5746,0.0254,0.05,groundplane,380.9538
1.5746,0.0508,0.05,groundplane,380.9536
1.5746,0.0762,0.05,groundplane,380.95340000000004
1.5746,0.1016,0.05,groundplane,380.9532
