x,y,z,mattype,Wm2Front
1.5746,4.418352e-17,0.05,groundplane,383.12909999999994
1.5746,0.0254,0.05,groundplane,383.13190000000003
1.5746,0.0508,0.05,groundplane,383.1312
1.5746,0.0762,0.05,groundplane,383.1305
1.5746,0.1016,0.05,groundplane,383.1299000000001
