x,y,z,mattype,Wm2Front
0.3746,4.455281e-17,0.05,groundplane,816.7782000000001
0.3746,0.0254,0.05,groundplane,816.7783
0.3746,0.0508,0.05,groundplane,816.7779999999999
0.3746,0.0762,0.05,groundplane,816.7776
0.3746,0.1016,0.05,groundplane,816.7773000000001
