x,y,z,rearMat,Wm2Back
0.7118628,4.358903e-17,1.865037,sky,24.66347
0.5340115,3.269877e-17,1.773556,sky,24.66347
0.3561601,2.180852e-17,1.682074,sky,24.66347
0.1783088,1.091826e-17,1.590592,sky,24.66347
0.0004574084,2.800818e-20,1.499111,sky,24.66347
-0.1773939,-1.086225e-17,1.407629,sky,24.66347
-0.3552453,-2.17525e-17,1.316147,sky,24.66347
-0.5330966,-3.264276e-17,1.224666,sky,24.66347
-0.710948,-4.353301e-17,1.133184,sky,24.66347
