x,y,z,mattype,Wm2Front
1.5746,3.785177e-17,0.05,groundplane,727.6412
1.5746,0.0254,0.05,groundplane,727.6401
1.5746,0.0508,0.05,groundplane,727.64
1.5746,0.0762,0.05,groundplane,727.6397000000001
1.5746,0.1016,0.05,groundplane,727.6394999999999
