x,y,z,rearMat,Wm2Back
0.6195886,3.793886e-17,0.993926,sky,26.564360000000004
0.4645336,2.844448e-17,1.120251,sky,26.564360000000004
0.3094785,1.895009e-17,1.246575,sky,26.564360000000004
0.1544234,9.455709e-18,1.3729,sky,26.564360000000004
-0.0006316235,-3.867578e-20,1.499225,sky,26.564360000000004
-0.1556867,-9.53306e-18,1.625549,sky,26.564360000000004
-0.3107417,-1.902744e-17,1.751874,sky,26.564360000000004
-0.4657968,-2.852183e-17,1.878199,sky,26.564360000000004
-0.6208519,-3.801621e-17,2.004523,sky,26.564360000000004
