x,y,z,rearMat,Wm2Back
0.7805153,4.779278e-17,1.324509,sky,13.039340000000001
0.5853319,3.584124e-17,1.368138,sky,13.039340000000001
0.3901486,2.388971e-17,1.411767,sky,13.039340000000001
0.1949652,1.193818e-17,1.455395,sky,13.039340000000001
-0.0002181432,-1.335742e-20,1.499024,sky,13.039340000000001
-0.1954015,-1.196489e-17,1.542653,sky,13.039340000000001
-0.3905848,-2.391642e-17,1.586281,sky,13.039340000000001
-0.5857682,-3.586796e-17,1.62991,sky,13.039340000000001
-0.7809516,-4.781949e-17,1.673539,sky,13.039340000000001
