x,y,z,rearMat,Wm2Back
0.779523,4.773202e-17,1.320153,sky,17.40284
0.5845863,3.579559e-17,1.364871,sky,17.40284
0.3896497,2.385916e-17,1.409589,sky,17.40284
0.1947131,1.192274e-17,1.454307,sky,17.40284
-0.0002235904,-1.369096e-20,1.499025,sky,17.40284
-0.1951602,-1.195012e-17,1.543743,sky,17.40284
-0.3900969,-2.388654e-17,1.588461,sky,17.40284
-0.5850335,-3.582297e-17,1.63318,sky,17.40284
-0.7799702,-4.77594e-17,1.677898,sky,17.40284
