x,y,z,rearMat,Wm2Back
0.6122826,3.74915e-17,0.9851107,sky,24.1799
0.4590513,2.810879e-17,1.113642,sky,24.1799
0.30582,1.872607e-17,1.242172,sky,24.1799
0.1525887,9.343361e-18,1.370703,sky,24.1799
-0.0006426539,-3.93512e-20,1.499234,sky,24.1799
-0.153874,-9.422064e-18,1.627765,sky,24.1799
-0.3071053,-1.880478e-17,1.756295,sky,24.1799
-0.4603366,-2.818749e-17,1.884826,sky,24.1799
-0.6135679,-3.75702e-17,2.013357,sky,24.1799
