x,y,z,mattype,Wm2Front
1.5746,4.872744e-17,0.05,groundplane,829.2853
1.5746,0.0254,0.05,groundplane,829.2863000000001
1.5746,0.0508,0.05,groundplane,829.2858
1.5746,0.0762,0.05,groundplane,829.2853
1.5746,0.1016,0.05,groundplane,829.2849
