x,y,z,mattype,Wm2Front
1.5746,3.050247e-17,0.05,groundplane,400.9943
1.5746,0.0254,0.05,groundplane,400.9964
1.5746,0.0508,0.05,groundplane,400.9962
1.5746,0.0762,0.05,groundplane,400.9961
1.5746,0.1016,0.05,groundplane,400.99590000000006
