x,y,z,rearMat,Wm2Back
0.7985353,4.889618e-17,1.548398,sky,2.148314
0.5989169,3.667308e-17,1.536049,sky,2.148314
0.3992985,2.444998e-17,1.5237,sky,2.148314
0.1996801,1.222688e-17,1.511351,sky,2.148314
6.174535e-05,3.780813e-21,1.499002,sky,2.148314
-0.1995566,-1.221932e-17,1.486653,sky,2.148314
-0.399175,-2.444242e-17,1.474304,sky,2.148314
-0.5987934,-3.666552e-17,1.461955,sky,2.148314
-0.7984118,-4.888862e-17,1.449606,sky,2.148314
