x,y,z,rearMat,Wm2Back
0.799917,4.898079e-17,1.511566,sky,3.952238
0.5999417,3.673583e-17,1.508425,sky,3.952238
0.3999664,2.449088e-17,1.505283,sky,3.952238
0.199991,1.224592e-17,1.502142,sky,3.952238
1.570732e-05,9.617958e-22,1.499,sky,3.952238
-0.1999596,-1.2244e-17,1.495859,sky,3.952238
-0.3999349,-2.448895e-17,1.492717,sky,3.952238
-0.5999103,-3.673391e-17,1.489576,sky,3.952238
-0.7998856,-4.897887e-17,1.486434,sky,3.952238
