x,y,z,rearMat,Wm2Back
0.6614167,4.050009e-17,1.049968,sky,144.5885
0.4959222,3.036647e-17,1.162269,sky,144.5885
0.3304276,2.023286e-17,1.27457,sky,144.5885
0.1649331,1.009924e-17,1.386871,sky,144.5885
-0.0005615058,-3.438232e-20,1.499173,sky,144.5885
-0.1660561,-1.0168e-17,1.611474,sky,144.5885
-0.3315506,-2.030162e-17,1.723775,sky,144.5885
-0.4970452,-3.043524e-17,1.836076,sky,144.5885
-0.6625397,-4.056886e-17,1.948377,sky,144.5885
