x,y,z,mattype,Wm2Front
1.5746,4.650463e-17,0.05,groundplane,29.844620000000003
1.5746,0.0254,0.05,groundplane,29.844710000000003
1.5746,0.0508,0.05,groundplane,29.8447
1.5746,0.0762,0.05,groundplane,29.84469
1.5746,0.1016,0.05,groundplane,29.84468
