x,y,z,rearMat,Wm2Back
0.7403715,4.533468e-17,1.196931,sky,8.684608
0.5551842,3.399523e-17,1.272467,sky,8.684608
0.3699969,2.265578e-17,1.348002,sky,8.684608
0.1848096,1.131633e-17,1.423538,sky,8.684608
-0.0003776792,-2.312618e-20,1.499074,sky,8.684608
-0.185565,-1.136258e-17,1.57461,sky,8.684608
-0.3707523,-2.270203e-17,1.650146,sky,8.684608
-0.5559396,-3.404148e-17,1.725682,sky,8.684608
-0.7411269,-4.538093e-17,1.801217,sky,8.684608
