x,y,z,mattype,Wm2Front
0.3746,3.610337e-17,0.05,groundplane,720.9518000000002
0.3746,0.0254,0.05,groundplane,720.9562
0.3746,0.0508,0.05,groundplane,720.9557
0.3746,0.0762,0.05,groundplane,720.9552
0.3746,0.1016,0.05,groundplane,720.9546999999999
