x,y,z,rearMat,Wm2Back
0.7933526,4.857884e-17,1.397079,sky,1.966556
0.5949826,3.643218e-17,1.422562,sky,1.966556
0.3966126,2.428552e-17,1.448044,sky,1.966556
0.1982426,1.213886e-17,1.473526,sky,1.966556
-0.0001274108,-7.801664e-21,1.499008,sky,1.966556
-0.1984974,-1.215446e-17,1.52449,sky,1.966556
-0.3968674,-2.430112e-17,1.549972,sky,1.966556
-0.5952374,-3.644778e-17,1.575455,sky,1.966556
-0.7936074,-4.859444e-17,1.600937,sky,1.966556
