x,y,z,mattype,Wm2Front
0.3746,4.900114e-17,0.05,groundplane,6.560185
0.3746,0.0254,0.05,groundplane,6.560168999999999
0.3746,0.0508,0.05,groundplane,6.560167
0.3746,0.0762,0.05,groundplane,6.560166
0.3746,0.1016,0.05,groundplane,6.560164
