x,y,z,rearMat,Wm2Back
0.6003513,3.676092e-17,0.9712474,sky,12.181040000000001
0.4500985,2.756058e-17,1.103248,sky,12.181040000000001
0.2998457,1.836025e-17,1.235248,sky,12.181040000000001
0.1495928,9.159919e-18,1.367248,sky,12.181040000000001
-0.0006600017,-4.041345e-20,1.499249,sky,12.181040000000001
-0.1509128,-9.240746e-18,1.631249,sky,12.181040000000001
-0.3011657,-1.844108e-17,1.763249,sky,12.181040000000001
-0.4514185,-2.764141e-17,1.89525,sky,12.181040000000001
-0.6016713,-3.684174e-17,2.02725,sky,12.181040000000001
