x,y,z,mattype,Wm2Front
0.3746,4.82681e-17,0.05,groundplane,40.73177
0.3746,0.0254,0.05,groundplane,40.73299
0.3746,0.0508,0.05,groundplane,40.73299
0.3746,0.0762,0.05,groundplane,40.73299
0.3746,0.1016,0.05,groundplane,40.73299
