x,y,z,mattype,Wm2Front
1.5746,4.898559e-17,0.05,groundplane,255.361
1.5746,0.0254,0.05,groundplane,255.3633
1.5746,0.0508,0.05,groundplane,255.3623
1.5746,0.0762,0.05,groundplane,255.3613
1.5746,0.1016,0.05,groundplane,255.36029999999997
