x,y,z,mattype,Wm2Front
1.5746,3.050247e-17,0.05,groundplane,120.4821
1.5746,0.0254,0.05,groundplane,120.4828
1.5746,0.0508,0.05,groundplane,120.4828
1.5746,0.0762,0.05,groundplane,120.48269999999998
1.5746,0.1016,0.05,groundplane,120.48269999999998
