x,y,z,rearMat,Wm2Back
0.680808,4.168747e-17,1.920121,sky,18.67169
0.5107375,3.127366e-17,1.814878,sky,18.67169
0.3406671,2.085984e-17,1.709635,sky,18.67169
0.1705967,1.044603e-17,1.604392,sky,18.67169
0.0005262139,3.222131e-20,1.49915,sky,18.67169
-0.1695442,-1.038159e-17,1.393907,sky,18.67169
-0.3396147,-2.07954e-17,1.288664,sky,18.67169
-0.5096851,-3.120921e-17,1.183421,sky,18.67169
-0.6797556,-4.162302e-17,1.078179,sky,18.67169
