x,y,z,rearMat,Wm2Back
0.7614835,4.662741e-17,1.254757,sky,71.42528
0.5710363,3.496589e-17,1.31583,sky,71.42528
0.3805891,2.330436e-17,1.376903,sky,71.42528
0.1901418,1.164283e-17,1.437975,sky,71.42528
-0.0003053629,-1.869809e-20,1.499048,sky,71.42528
-0.1907526,-1.168023e-17,1.56012,sky,71.42528
-0.3811998,-2.334175e-17,1.621193,sky,71.42528
-0.571647,-3.500328e-17,1.682266,sky,71.42528
-0.7620942,-4.666481e-17,1.743338,sky,71.42528
