x,y,z,mattype,Wm2Front
1.5746,4.304662e-17,0.05,groundplane,690.7949
1.5746,0.0254,0.05,groundplane,690.7986999999999
1.5746,0.0508,0.05,groundplane,690.7979
1.5746,0.0762,0.05,groundplane,690.7971000000001
1.5746,0.1016,0.05,groundplane,690.7963
