x,y,z,mattype,Wm2Front
0.3746,4.246055e-17,0.05,groundplane,696.9038999999999
0.3746,0.0254,0.05,groundplane,696.9042
0.3746,0.0508,0.05,groundplane,696.9034
0.3746,0.0762,0.05,groundplane,696.9027
0.3746,0.1016,0.05,groundplane,696.902
