x,y,z,mattype,Wm2Front
0.3746,4.89912e-17,0.05,groundplane,709.0976
0.3746,0.0254,0.05,groundplane,709.0985999999999
0.3746,0.0508,0.05,groundplane,709.0983
0.3746,0.0762,0.05,groundplane,709.0979000000001
0.3746,0.1016,0.05,groundplane,709.0976
