x,y,z,rearMat,Wm2Back
0.7955913,4.871592e-17,1.583878,sky,13.03651
0.59672,3.653856e-17,1.56266,sky,13.03651
0.3978487,2.436121e-17,1.541442,sky,13.03651
0.1989774,1.218385e-17,1.520224,sky,13.03651
0.0001060905,6.496171e-21,1.499006,sky,13.03651
-0.1987652,-1.217086e-17,1.477788,sky,13.03651
-0.3976365,-2.434821e-17,1.456569,sky,13.03651
-0.5965078,-3.652557e-17,1.435351,sky,13.03651
-0.7953791,-4.870292e-17,1.414133,sky,13.03651
