x,y,z,mattype,Wm2Front
0.3746,4.733663e-17,0.05,groundplane,2.123465
0.3746,0.0254,0.05,groundplane,2.123464
0.3746,0.0508,0.05,groundplane,2.123464
0.3746,0.0762,0.05,groundplane,2.123464
0.3746,0.1016,0.05,groundplane,2.123465
