x,y,z,rearMat,Wm2Back
0.7086502,4.339231e-17,1.871236,sky,48.54603
0.5316039,3.255135e-17,1.778205,sky,48.54603
0.3545577,2.17104e-17,1.685175,sky,48.54603
0.1775114,1.086944e-17,1.592145,sky,48.54603
0.0004651511,2.848229e-20,1.499115,sky,48.54603
-0.1765811,-1.081247e-17,1.406085,sky,48.54603
-0.3536274,-2.165343e-17,1.313054,sky,48.54603
-0.5306736,-3.249439e-17,1.220024,sky,48.54603
-0.7077199,-4.333535e-17,1.126994,sky,48.54603
