x,y,z,mattype,Wm2Front
1.5746,4.142761e-17,0.05,groundplane,223.9606
1.5746,0.0254,0.05,groundplane,223.9627
1.5746,0.0508,0.05,groundplane,223.9627
1.5746,0.0762,0.05,groundplane,223.96259999999998
1.5746,0.1016,0.05,groundplane,223.96259999999998
