x,y,z,mattype,Wm2Front
0.3746,4.821973e-17,0.05,groundplane,388.9119
0.3746,0.0254,0.05,groundplane,388.916
0.3746,0.0508,0.05,groundplane,388.9138
0.3746,0.0762,0.05,groundplane,388.91169999999994
0.3746,0.1016,0.05,groundplane,388.9097
