x,y,z,mattype,Wm2Front
1.5746,4.116395e-17,0.05,groundplane,728.9735999999999
1.5746,0.0254,0.05,groundplane,728.973
1.5746,0.0508,0.05,groundplane,728.9722
1.5746,0.0762,0.05,groundplane,728.9714
1.5746,0.1016,0.05,groundplane,728.9706
