x,y,z,mattype,Wm2Front
1.5746,4.44129e-17,0.05,groundplane,769.6024000000001
1.5746,0.0254,0.05,groundplane,769.6025
1.5746,0.0508,0.05,groundplane,769.6021
1.5746,0.0762,0.05,groundplane,769.6017
1.5746,0.1016,0.05,groundplane,769.6012999999999
