x,y,z,rearMat,Wm2Back
0.789891,4.836688e-17,1.62678,sky,60.814
0.5924582,3.62776e-17,1.594838,sky,60.814
0.3950254,2.418833e-17,1.562896,sky,60.814
0.1975925,1.209905e-17,1.530955,sky,60.814
0.0001597089,9.77935e-21,1.499013,sky,60.814
-0.1972731,-1.207949e-17,1.467071,sky,60.814
-0.394706,-2.416877e-17,1.435129,sky,60.814
-0.5921388,-3.625804e-17,1.403187,sky,60.814
-0.7895716,-4.834732e-17,1.371246,sky,60.814
