x,y,z,mattype,Wm2Front
0.3746,4.800251e-17,0.05,groundplane,915.2575
0.3746,0.0254,0.05,groundplane,915.2580000000002
0.3746,0.0508,0.05,groundplane,915.2572999999999
0.3746,0.0762,0.05,groundplane,915.2567
0.3746,0.1016,0.05,groundplane,915.2559
