x,y,z,rearMat,Wm2Back
0.7369944,4.512789e-17,1.188808,sky,5.764812
0.5526489,3.383998e-17,1.266376,sky,5.764812
0.3683033,2.255207e-17,1.343943,sky,5.764812
0.1839577,1.126416e-17,1.421511,sky,5.764812
-0.0003878374,-2.374819e-20,1.499078,sky,5.764812
-0.1847334,-1.131166e-17,1.576646,sky,5.764812
-0.369079,-2.259957e-17,1.654213,sky,5.764812
-0.5534245,-3.388748e-17,1.731781,sky,5.764812
-0.7377701,-4.517539e-17,1.809348,sky,5.764812
