x,y,z,mattype,Wm2Front
1.5746,3.077613e-17,0.05,groundplane,253.87340000000003
1.5746,0.0254,0.05,groundplane,253.87980000000002
1.5746,0.0508,0.05,groundplane,253.8791
1.5746,0.0762,0.05,groundplane,253.87839999999997
1.5746,0.1016,0.05,groundplane,253.8777
