x,y,z,rearMat,Wm2Back
0.6825382,4.179341e-17,1.082696,sky,92.3632
0.5117735,3.133709e-17,1.186809,sky,92.3632
0.3410088,2.088077e-17,1.290921,sky,92.3632
0.1702441,1.042445e-17,1.395034,sky,92.3632
-0.0005205626,-3.187527e-20,1.499146,sky,92.3632
-0.1712853,-1.04882e-17,1.603259,sky,92.3632
-0.34205,-2.094452e-17,1.707371,sky,92.3632
-0.5128147,-3.140084e-17,1.811484,sky,92.3632
-0.6835793,-4.185716e-17,1.915596,sky,92.3632
