x,y,z,mattype,Wm2Front
1.5746,4.271019e-17,0.05,groundplane,746.5862000000001
1.5746,0.0254,0.05,groundplane,746.5862000000001
1.5746,0.0508,0.05,groundplane,746.5859
1.5746,0.0762,0.05,groundplane,746.5856
1.5746,0.1016,0.05,groundplane,746.5852
