x,y,z,rearMat,Wm2Back
0.765526,4.687495e-17,1.267684,sky,6.310681
0.5740722,3.515179e-17,1.325523,sky,6.310681
0.3826184,2.342862e-17,1.383363,sky,6.310681
0.1911646,1.170546e-17,1.441203,sky,6.310681
-0.0002891989,-1.770832e-20,1.499043,sky,6.310681
-0.191743,-1.174087e-17,1.556883,sky,6.310681
-0.3831968,-2.346404e-17,1.614722,sky,6.310681
-0.5746506,-3.51872e-17,1.672562,sky,6.310681
-0.7661044,-4.691037e-17,1.730402,sky,6.310681
