x,y,z,mattype,Wm2Front
0.3746,4.113268e-17,0.05,groundplane,65.5988
0.3746,0.0254,0.05,groundplane,65.59952
0.3746,0.0508,0.05,groundplane,65.5995
0.3746,0.0762,0.05,groundplane,65.59949
0.3746,0.1016,0.05,groundplane,65.59947
