x,y,z,mattype,Wm2Front
1.5746,3.19652e-17,0.05,groundplane,240.12299999999996
1.5746,0.0254,0.05,groundplane,240.1308
1.5746,0.0508,0.05,groundplane,240.12970000000004
1.5746,0.0762,0.05,groundplane,240.1286
1.5746,0.1016,0.05,groundplane,240.1276
