x,y,z,mattype,Wm2Front
1.5746,4.868032e-17,0.05,groundplane,36.37759
1.5746,0.0254,0.05,groundplane,36.37692
1.5746,0.0508,0.05,groundplane,36.3769
1.5746,0.0762,0.05,groundplane,36.37687
1.5746,0.1016,0.05,groundplane,36.37684
