x,y,z,rearMat,Wm2Back
0.716932,4.389943e-17,1.145022,sky,7.310824
0.5375884,3.291779e-17,1.233542,sky,7.310824
0.3582447,2.193616e-17,1.322063,sky,7.310824
0.1789011,1.095453e-17,1.410583,sky,7.310824
-0.0004426017,-2.710154e-20,1.499103,sky,7.310824
-0.1797863,-1.100873e-17,1.587624,sky,7.310824
-0.3591299,-2.199037e-17,1.676144,sky,7.310824
-0.5384736,-3.2972e-17,1.764664,sky,7.310824
-0.7178172,-4.395363e-17,1.853185,sky,7.310824
