x,y,z,mattype,Wm2Front
0.3746,4.784926e-17,0.05,groundplane,84.08054
0.3746,0.0254,0.05,groundplane,84.07981
0.3746,0.0508,0.05,groundplane,84.07982
0.3746,0.0762,0.05,groundplane,84.07982
0.3746,0.1016,0.05,groundplane,84.07983
