x,y,z,rearMat,Wm2Back
0.7996533,4.896464e-17,1.523571,sky,59.30164
0.5997477,3.672395e-17,1.517428,sky,59.30164
0.399842,2.448326e-17,1.511286,sky,59.30164
0.1999364,1.224257e-17,1.505143,sky,59.30164
3.071296e-05,1.880627e-21,1.499,sky,59.30164
-0.1998749,-1.223881e-17,1.492858,sky,59.30164
-0.3997806,-2.44795e-17,1.486715,sky,59.30164
-0.5996862,-3.672019e-17,1.480573,sky,59.30164
-0.7995919,-4.896088e-17,1.47443,sky,59.30164
