x,y,z,rearMat,Wm2Back
0.5317507,3.256034e-17,0.9023026,sky,61.02196
0.3986264,2.440883e-17,1.051561,sky,61.02196
0.2655022,1.625732e-17,1.200818,sky,61.02196
0.132378,8.105812e-18,1.350076,sky,61.02196
-0.0007462898,-4.569707e-20,1.499334,sky,61.02196
-0.1338705,-8.197206e-18,1.648592,sky,61.02196
-0.2669948,-1.634871e-17,1.79785,sky,61.02196
-0.400119,-2.450022e-17,1.947108,sky,61.02196
-0.5332433,-3.265173e-17,2.096366,sky,61.02196
