x,y,z,rearMat,Wm2Back
0.5454804,3.340104e-17,0.9148059,sky,12.62151
0.4089277,2.50396e-17,1.060934,sky,12.62151
0.2723749,1.667815e-17,1.207062,sky,12.62151
0.1358221,8.316707e-18,1.353189,sky,12.62151
-0.0007306391,-4.473874e-20,1.499317,sky,12.62151
-0.1372834,-8.406184e-18,1.645445,sky,12.62151
-0.2738362,-1.676763e-17,1.791573,sky,12.62151
-0.410389,-2.512908e-17,1.937701,sky,12.62151
-0.5469417,-3.349052e-17,2.083829,sky,12.62151
