x,y,z,mattype,Wm2Front
0.3746,3.050247e-17,0.05,groundplane,473.6113
0.3746,0.0254,0.05,groundplane,473.61449999999996
0.3746,0.0508,0.05,groundplane,473.6143
0.3746,0.0762,0.05,groundplane,473.6142
0.3746,0.1016,0.05,groundplane,473.614
