x,y,z,mattype,Wm2Front
1.5746,4.815965e-17,0.05,groundplane,54.55159
1.5746,0.0254,0.05,groundplane,54.55282
1.5746,0.0508,0.05,groundplane,54.55281
1.5746,0.0762,0.05,groundplane,54.55281
1.5746,0.1016,0.05,groundplane,54.5528
