x,y,z,mattype,Wm2Front
1.5746,3.247255e-17,0.05,groundplane,387.8409
1.5746,0.0254,0.05,groundplane,387.8404
1.5746,0.0508,0.05,groundplane,387.8403
1.5746,0.0762,0.05,groundplane,387.84010000000006
1.5746,0.1016,0.05,groundplane,387.84
