x,y,z,mattype,Wm2Front
1.5746,4.791293e-17,0.05,groundplane,79.11564
1.5746,0.0254,0.05,groundplane,79.11471
1.5746,0.0508,0.05,groundplane,79.11472
1.5746,0.0762,0.05,groundplane,79.11472
1.5746,0.1016,0.05,groundplane,79.11472
