x,y,z,rearMat,Wm2Back
0.7505131,4.595568e-17,1.777004,sky,7.971065
0.5629717,3.447208e-17,1.707518,sky,7.971065
0.3754303,2.298847e-17,1.638033,sky,7.971065
0.1878889,1.150487e-17,1.568548,sky,7.971065
0.0003474267,2.127375e-20,1.499062,sky,7.971065
-0.187194,-1.146233e-17,1.429577,sky,7.971065
-0.3747354,-2.294593e-17,1.360092,sky,7.971065
-0.5622769,-3.442953e-17,1.290606,sky,7.971065
-0.7498183,-4.591313e-17,1.221121,sky,7.971065
