x,y,z,mattype,Wm2Front
1.5746,4.31716e-17,0.05,groundplane,471.8325
1.5746,0.0254,0.05,groundplane,471.83110000000005
1.5746,0.0508,0.05,groundplane,471.82930000000005
1.5746,0.0762,0.05,groundplane,471.8276
1.5746,0.1016,0.05,groundplane,471.8258
