x,y,z,mattype,Wm2Front
0.3746,4.891982e-17,0.05,groundplane,14.87672
0.3746,0.0254,0.05,groundplane,14.87694
0.3746,0.0508,0.05,groundplane,14.87693
0.3746,0.0762,0.05,groundplane,14.87692
0.3746,0.1016,0.05,groundplane,14.87692
