x,y,z,rearMat,Wm2Back
0.7995963,4.896115e-17,1.47457,sky,1.002364
0.5996896,3.67204e-17,1.480677,sky,1.002364
0.3997829,2.447964e-17,1.486785,sky,1.002364
0.1998762,1.223889e-17,1.492893,sky,1.002364
-3.053851e-05,-1.869945e-21,1.499,sky,1.002364
-0.1999373,-1.224263e-17,1.505108,sky,1.002364
-0.399844,-2.448338e-17,1.511216,sky,1.002364
-0.5997507,-3.672414e-17,1.517324,sky,1.002364
-0.7996574,-4.896489e-17,1.523431,sky,1.002364
