x,y,z,rearMat,Wm2Back
0.7985326,4.889602e-17,1.451557,sky,92.28789
0.5988846,3.66711e-17,1.463418,sky,92.28789
0.3992366,2.444619e-17,1.475279,sky,92.28789
0.1995887,1.222128e-17,1.48714,sky,92.28789
-5.930637e-05,-3.631468e-21,1.499002,sky,92.28789
-0.1997073,-1.222854e-17,1.510863,sky,92.28789
-0.3993552,-2.445346e-17,1.522724,sky,92.28789
-0.5990032,-3.667837e-17,1.534586,sky,92.28789
-0.7986512,-4.890328e-17,1.546447,sky,92.28789
