x,y,z,rearMat,Wm2Back
0.554303,3.394127e-17,0.9231559,sky,193.27969999999996
0.4155472,2.544493e-17,1.067193,sky,193.27969999999996
0.2767914,1.694859e-17,1.211231,sky,193.27969999999996
0.1380356,8.452244e-18,1.355269,sky,193.27969999999996
-0.0007201879,-4.409879e-20,1.499306,sky,193.27969999999996
-0.139476,-8.540441e-18,1.643344,sky,193.27969999999996
-0.2782318,-1.703678e-17,1.787381,sky,193.27969999999996
-0.4169876,-2.553313e-17,1.931419,sky,193.27969999999996
-0.5557434,-3.402947e-17,2.075457,sky,193.27969999999996
