x,y,z,mattype,Wm2Front
0.3746,4.489275e-17,0.05,groundplane,682.9023000000001
0.3746,0.0254,0.05,groundplane,682.9038
0.3746,0.0508,0.05,groundplane,682.9034
0.3746,0.0762,0.05,groundplane,682.9031
0.3746,0.1016,0.05,groundplane,682.9028
