x,y,z,mattype,Wm2Front
1.5746,4.698634e-17,0.05,groundplane,452.993
1.5746,0.0254,0.05,groundplane,452.999
1.5746,0.0508,0.05,groundplane,452.997
1.5746,0.0762,0.05,groundplane,452.99500000000006
1.5746,0.1016,0.05,groundplane,452.993
