x,y,z,rearMat,Wm2Back
0.6728195,4.119831e-17,1.067201,sky,10.7934
0.5044796,3.089047e-17,1.17519,sky,10.7934
0.3361398,2.058263e-17,1.28318,sky,10.7934
0.1677999,1.027478e-17,1.391169,sky,10.7934
-0.0005399465,-3.306219e-20,1.499158,sky,10.7934
-0.1688798,-1.034091e-17,1.607148,sky,10.7934
-0.3372197,-2.064875e-17,1.715137,sky,10.7934
-0.5055595,-3.095659e-17,1.823126,sky,10.7934
-0.6738994,-4.126444e-17,1.931116,sky,10.7934
