x,y,z,rearMat,Wm2Back
0.7829755,4.794342e-17,1.335834,sky,9.877718
0.5871806,3.595444e-17,1.376631,sky,9.877718
0.3913857,2.396547e-17,1.417428,sky,9.877718
0.1955909,1.197649e-17,1.458224,sky,9.877718
-0.0002039835,-1.249039e-20,1.499021,sky,9.877718
-0.1959988,-1.200147e-17,1.539818,sky,9.877718
-0.3917937,-2.399045e-17,1.580614,sky,9.877718
-0.5875886,-3.597942e-17,1.621411,sky,9.877718
-0.7833834,-4.79684e-17,1.662208,sky,9.877718
