x,y,z,mattype,Wm2Front
1.5746,4.846496e-17,0.05,groundplane,52.71133
1.5746,0.0254,0.05,groundplane,52.71034
1.5746,0.0508,0.05,groundplane,52.71035
1.5746,0.0762,0.05,groundplane,52.71036
1.5746,0.1016,0.05,groundplane,52.71036999999999
