x,y,z,mattype,Wm2Front
1.5746,3.477473e-17,0.05,groundplane,186.22580000000002
1.5746,0.0254,0.05,groundplane,186.2273
1.5746,0.0508,0.05,groundplane,186.22709999999998
1.5746,0.0762,0.05,groundplane,186.2269
1.5746,0.1016,0.05,groundplane,186.2266
