x,y,z,rearMat,Wm2Back
0.7656202,4.688072e-17,1.732006,sky,6.258886
0.5742879,3.516499e-17,1.673765,sky,6.258886
0.3829557,2.344927e-17,1.615525,sky,6.258886
0.1916235,1.173355e-17,1.557284,sky,6.258886
0.0002912031,1.783105e-20,1.499043,sky,6.258886
-0.191041,-1.169789e-17,1.440803,sky,6.258886
-0.3823733,-2.341361e-17,1.382562,sky,6.258886
-0.5737055,-3.512933e-17,1.324321,sky,6.258886
-0.7650378,-4.684505e-17,1.266081,sky,6.258886
