x,y,z,mattype,Wm2Front
0.3746,4.818473e-17,0.05,groundplane,25.61252
0.3746,0.0254,0.05,groundplane,25.61277
0.3746,0.0508,0.05,groundplane,25.612759999999998
0.3746,0.0762,0.05,groundplane,25.612749999999995
0.3746,0.1016,0.05,groundplane,25.61274
