x,y,z,mattype,Wm2Front
1.5746,3.247255e-17,0.05,groundplane,452.0054
1.5746,0.0254,0.05,groundplane,452.0045
1.5746,0.0508,0.05,groundplane,452.0043
1.5746,0.0762,0.05,groundplane,452.00409999999994
1.5746,0.1016,0.05,groundplane,452.0039
