x,y,z,mattype,Wm2Front
0.3746,4.896451e-17,0.05,groundplane,12.1077
0.3746,0.0254,0.05,groundplane,12.10781
0.3746,0.0508,0.05,groundplane,12.10781
0.3746,0.0762,0.05,groundplane,12.1078
0.3746,0.1016,0.05,groundplane,12.1078
