x,y,z,mattype,Wm2Front
0.3746,3.050247e-17,0.05,groundplane,205.46809999999996
0.3746,0.0254,0.05,groundplane,205.47
0.3746,0.0508,0.05,groundplane,205.4698
0.3746,0.0762,0.05,groundplane,205.4697
0.3746,0.1016,0.05,groundplane,205.4695
