x,y,z,mattype,Wm2Front
1.5746,4.448849e-17,0.05,groundplane,777.0237000000001
1.5746,0.0254,0.05,groundplane,777.024
1.5746,0.0508,0.05,groundplane,777.0237000000001
1.5746,0.0762,0.05,groundplane,777.0233
1.5746,0.1016,0.05,groundplane,777.0229
