x,y,z,mattype,Wm2Front
0.3746,3.247255e-17,0.05,groundplane,63.389019999999995
0.3746,0.0254,0.05,groundplane,63.3888
0.3746,0.0508,0.05,groundplane,63.38879
0.3746,0.0762,0.05,groundplane,63.38878
0.3746,0.1016,0.05,groundplane,63.38877
