x,y,z,mattype,Wm2Front
0.3746,4.86958e-17,0.05,groundplane,41.90581
0.3746,0.0254,0.05,groundplane,41.9055
0.3746,0.0508,0.05,groundplane,41.90549
0.3746,0.0762,0.05,groundplane,41.90548
0.3746,0.1016,0.05,groundplane,41.90548
