x,y,z,mattype,Wm2Front
0.3746,4.817025e-17,0.05,groundplane,791.7665000000001
0.3746,0.0254,0.05,groundplane,791.7671999999999
0.3746,0.0508,0.05,groundplane,791.7667
0.3746,0.0762,0.05,groundplane,791.7662
0.3746,0.1016,0.05,groundplane,791.7657
