x,y,z,rearMat,Wm2Back
0.5289282,3.238751e-17,0.8998034,sky,35.09064
0.3965088,2.427916e-17,1.049687,sky,35.09064
0.2640894,1.617081e-17,1.199571,sky,35.09064
0.13167,8.062461e-18,1.349454,sky,35.09064
-0.0007494181,-4.588863e-20,1.499338,sky,35.09064
-0.1331688,-8.154239e-18,1.649222,sky,35.09064
-0.2655882,-1.626259e-17,1.799105,sky,35.09064
-0.3980076,-2.437094e-17,1.948989,sky,35.09064
-0.530427,-3.247929e-17,2.098872,sky,35.09064
