x,y,z,rearMat,Wm2Back
0.7826299,4.792226e-17,1.334195,sky,30.27902
0.5869209,3.593854e-17,1.375401,sky,30.27902
0.391212,2.395482e-17,1.416608,sky,30.27902
0.195503,1.19711e-17,1.457815,sky,30.27902
-0.0002060334,-1.261591e-20,1.499021,sky,30.27902
-0.195915,-1.199634e-17,1.540228,sky,30.27902
-0.391624,-2.398005e-17,1.581435,sky,30.27902
-0.587333,-3.596377e-17,1.622641,sky,30.27902
-0.783042,-4.794749e-17,1.663848,sky,30.27902
