x,y,z,rearMat,Wm2Back
0.6022231,3.687553e-17,2.02662,sky,23.4498
0.4518321,2.766674e-17,1.894777,sky,23.4498
0.3014412,1.845795e-17,1.762934,sky,23.4498
0.1510502,9.249157e-18,1.631091,sky,23.4498
0.0006592146,4.036525e-20,1.499248,sky,23.4498
-0.1497318,-9.168426e-18,1.367405,sky,23.4498
-0.3001227,-1.837722e-17,1.235562,sky,23.4498
-0.4505137,-2.758601e-17,1.103719,sky,23.4498
-0.6009047,-3.67948e-17,0.9718764,sky,23.4498
