x,y,z,rearMat,Wm2Back
0.5936596,3.635117e-17,0.9637451,sky,53.49766
0.4450773,2.725313e-17,1.097623,sky,53.49766
0.2964951,1.815509e-17,1.231501,sky,53.49766
0.1479129,9.05705e-18,1.365379,sky,53.49766
-0.00066939,-4.098831e-20,1.499257,sky,53.49766
-0.1492516,-9.139027e-18,1.633135,sky,53.49766
-0.2978339,-1.823707e-17,1.767013,sky,53.49766
-0.4464161,-2.73351e-17,1.900891,sky,53.49766
-0.5949984,-3.643314e-17,2.034769,sky,53.49766
