x,y,z,rearMat,Wm2Back
0.6737489,4.125522e-17,1.931351,sky,24.87044
0.5054467,3.094968e-17,1.823303,sky,24.87044
0.3371446,2.064415e-17,1.715255,sky,24.87044
0.1688424,1.033862e-17,1.607207,sky,24.87044
0.0005402403,3.308018e-20,1.499158,sky,24.87044
-0.1677619,-1.027245e-17,1.39111,sky,24.87044
-0.3360641,-2.057799e-17,1.283062,sky,24.87044
-0.5043662,-3.088352e-17,1.175014,sky,24.87044
-0.6726684,-4.118906e-17,1.066966,sky,24.87044
