x,y,z,mattype,Wm2Front
0.3746,4.454212e-17,0.05,groundplane,805.8361
0.3746,0.0254,0.05,groundplane,805.8362000000001
0.3746,0.0508,0.05,groundplane,805.8359
0.3746,0.0762,0.05,groundplane,805.8356
0.3746,0.1016,0.05,groundplane,805.8352
