x,y,z,mattype,Wm2Front
0.3746,3.780429e-17,0.05,groundplane,124.0883
0.3746,0.0254,0.05,groundplane,124.09340000000002
0.3746,0.0508,0.05,groundplane,124.0931
0.3746,0.0762,0.05,groundplane,124.0928
0.3746,0.1016,0.05,groundplane,124.0926
