x,y,z,mattype,Wm2Front
0.3746,4.738493e-17,0.05,groundplane,96.80217
0.3746,0.0254,0.05,groundplane,96.80447
0.3746,0.0508,0.05,groundplane,96.80449
0.3746,0.0762,0.05,groundplane,96.8045
0.3746,0.1016,0.05,groundplane,96.80453
