x,y,z,rearMat,Wm2Back
0.5360141,3.282139e-17,0.906123,sky,23.9001
0.4018252,2.46047e-17,1.054424,sky,23.9001
0.2676363,1.6388e-17,1.202726,sky,23.9001
0.1334474,8.171296e-18,1.351028,sky,23.9001
-0.0007415076,-4.540425e-20,1.499329,sky,23.9001
-0.1349304,-8.262104e-18,1.647631,sky,23.9001
-0.2691193,-1.64788e-17,1.795932,sky,23.9001
-0.4033082,-2.46955e-17,1.944234,sky,23.9001
-0.5374971,-3.29122e-17,2.092535,sky,23.9001
