x,y,z,rearMat,Wm2Back
0.7583115,4.643319e-17,1.754882,sky,28.027419999999996
0.5688136,3.482979e-17,1.690924,sky,28.027419999999996
0.3793157,2.322639e-17,1.626967,sky,28.027419999999996
0.1898177,1.162298e-17,1.56301,sky,28.027419999999996
0.0003197863,1.958126e-20,1.499053,sky,28.027419999999996
-0.1891782,-1.158382e-17,1.435095,sky,28.027419999999996
-0.3786761,-2.318722e-17,1.371138,sky,28.027419999999996
-0.568174,-3.479063e-17,1.307181,sky,28.027419999999996
-0.757672,-4.639403e-17,1.243223,sky,28.027419999999996
