x,y,z,mattype,Wm2Front
1.5746,4.862101e-17,0.05,groundplane,8.925647
1.5746,0.0254,0.05,groundplane,8.925632
1.5746,0.0508,0.05,groundplane,8.925632
1.5746,0.0762,0.05,groundplane,8.925632
1.5746,0.1016,0.05,groundplane,8.925633
