x,y,z,rearMat,Wm2Back
0.6665817,4.081636e-17,1.942346,sky,59.1098
0.5000748,3.062075e-17,1.831551,sky,59.1098
0.3335679,2.042514e-17,1.720757,sky,59.1098
0.1670609,1.022953e-17,1.609962,sky,59.1098
0.0005539729,3.392106e-20,1.499167,sky,59.1098
-0.165953,-1.016169e-17,1.388373,sky,59.1098
-0.3324599,-2.03573e-17,1.277578,sky,59.1098
-0.4989668,-3.055291e-17,1.166784,sky,59.1098
-0.6654738,-4.074852e-17,1.055989,sky,59.1098
