x,y,z,rearMat,Wm2Back
0.5658993,3.465134e-17,2.065472,sky,13.073680000000001
0.4246014,2.599934e-17,1.923928,sky,13.073680000000001
0.2833035,1.734734e-17,1.782383,sky,13.073680000000001
0.1420056,8.695336e-18,1.640838,sky,13.073680000000001
0.0007077236,4.333557e-20,1.499294,sky,13.073680000000001
-0.1405902,-8.608665e-18,1.357749,sky,13.073680000000001
-0.2818881,-1.726067e-17,1.216204,sky,13.073680000000001
-0.4231859,-2.591267e-17,1.074659,sky,13.073680000000001
-0.5644838,-3.456467e-17,0.9331146,sky,13.073680000000001
