x,y,z,mattype,Wm2Front
1.5746,3.957541e-17,0.05,groundplane,772.7421
1.5746,0.0254,0.05,groundplane,772.7415
1.5746,0.0508,0.05,groundplane,772.7410999999998
1.5746,0.0762,0.05,groundplane,772.7408
1.5746,0.1016,0.05,groundplane,772.7405
