x,y,z,mattype,Wm2Front
1.5746,4.318777e-17,0.05,groundplane,827.5706999999999
1.5746,0.0254,0.05,groundplane,827.5706999999999
1.5746,0.0508,0.05,groundplane,827.5704
1.5746,0.0762,0.05,groundplane,827.5701
1.5746,0.1016,0.05,groundplane,827.5697999999999
