x,y,z,rearMat,Wm2Back
0.7974812,4.883164e-17,1.563441,sky,16.53349
0.598131,3.662496e-17,1.547331,sky,16.53349
0.3987809,2.441829e-17,1.531222,sky,16.53349
0.1994307,1.221161e-17,1.515113,sky,16.53349
8.054686e-05,4.932073e-21,1.499003,sky,16.53349
-0.1992696,-1.220174e-17,1.482894,sky,16.53349
-0.3986198,-2.440842e-17,1.466785,sky,16.53349
-0.5979699,-3.66151e-17,1.450675,sky,16.53349
-0.7973201,-4.882178e-17,1.434566,sky,16.53349
