x,y,z,rearMat,Wm2Back
0.7976518,4.884209e-17,1.438741,sky,1.444672
0.59822,3.663041e-17,1.453807,sky,1.444672
0.3987882,2.441874e-17,1.468872,sky,1.444672
0.1993565,1.220706e-17,1.483937,sky,1.444672
-7.532681e-05,-4.612437e-21,1.499003,sky,1.444672
-0.1995071,-1.221629e-17,1.514068,sky,1.444672
-0.3989389,-2.442796e-17,1.529134,sky,1.444672
-0.5983707,-3.663964e-17,1.544199,sky,1.444672
-0.7978024,-4.885131e-17,1.559264,sky,1.444672
