x,y,z,rearMat,Wm2Back
0.7626022,4.669592e-17,1.741741,sky,12.213500000000002
0.5720275,3.502658e-17,1.681068,sky,12.213500000000002
0.3814528,2.335725e-17,1.620394,sky,12.213500000000002
0.1908781,1.168791e-17,1.559721,sky,12.213500000000002
0.0003033679,1.857593e-20,1.499047,sky,12.213500000000002
-0.1902713,-1.165076e-17,1.438374,sky,12.213500000000002
-0.380846,-2.332009e-17,1.3777,sky,12.213500000000002
-0.5714207,-3.498943e-17,1.317026,sky,12.213500000000002
-0.7619954,-4.665876e-17,1.256353,sky,12.213500000000002
