x,y,z,mattype,Wm2Front
1.5746,4.889579e-17,0.05,groundplane,22.79604
1.5746,0.0254,0.05,groundplane,22.79581
1.5746,0.0508,0.05,groundplane,22.7958
1.5746,0.0762,0.05,groundplane,22.7958
1.5746,0.1016,0.05,groundplane,22.79579
