x,y,z,rearMat,Wm2Back
0.6402644,3.920489e-17,1.979648,sky,22.47663
0.4803485,2.941286e-17,1.859536,sky,22.47663
0.3204325,1.962083e-17,1.739424,sky,22.47663
0.1605165,9.828803e-18,1.619312,sky,22.47663
0.0006005598,3.677368e-20,1.4992,sky,22.47663
-0.1593154,-9.755255e-18,1.379088,sky,22.47663
-0.3192314,-1.954728e-17,1.258977,sky,22.47663
-0.4791474,-2.933931e-17,1.138865,sky,22.47663
-0.6390633,-3.913134e-17,1.018753,sky,22.47663
