x,y,z,rearMat,Wm2Back
0.5905611,3.616144e-17,0.9603348,sky,11.86265
0.4427524,2.711077e-17,1.095066,sky,11.86265
0.2949437,1.80601e-17,1.229798,sky,11.86265
0.147135,9.009423e-18,1.364529,sky,11.86265
-0.0006736577,-4.124964e-20,1.499261,sky,11.86265
-0.1484824,-9.091922e-18,1.633992,sky,11.86265
-0.2962911,-1.814259e-17,1.768724,sky,11.86265
-0.4440998,-2.719327e-17,1.903456,sky,11.86265
-0.5919085,-3.624394e-17,2.038187,sky,11.86265
