x,y,z,mattype,Wm2Front
1.5746,4.898159e-17,0.05,groundplane,896.4446000000002
1.5746,0.0254,0.05,groundplane,896.4455000000002
1.5746,0.0508,0.05,groundplane,896.4451
1.5746,0.0762,0.05,groundplane,896.4447
1.5746,0.1016,0.05,groundplane,896.4443
