x,y,z,rearMat,Wm2Back
0.7973429,4.882317e-17,1.434844,sky,3.93971
0.5979871,3.661615e-17,1.450884,sky,3.93971
0.3986314,2.440913e-17,1.466924,sky,3.93971
0.1992756,1.220211e-17,1.482963,sky,3.93971
-8.019892e-05,-4.910768e-21,1.499003,sky,3.93971
-0.199436,-1.221193e-17,1.515043,sky,3.93971
-0.3987918,-2.441895e-17,1.531083,sky,3.93971
-0.5981475,-3.662597e-17,1.547123,sky,3.93971
-0.7975033,-4.883299e-17,1.563162,sky,3.93971
