x,y,z,mattype,Wm2Front
1.5746,4.898209e-17,0.05,groundplane,12.50748
1.5746,0.0254,0.05,groundplane,12.50764
1.5746,0.0508,0.05,groundplane,12.50764
1.5746,0.0762,0.05,groundplane,12.50763
1.5746,0.1016,0.05,groundplane,12.507619999999998
