x,y,z,mattype,Wm2Front
0.3746,4.56791e-17,0.05,groundplane,50.4505
0.3746,0.0254,0.05,groundplane,50.450970000000005
0.3746,0.0508,0.05,groundplane,50.45094
0.3746,0.0762,0.05,groundplane,50.45091
0.3746,0.1016,0.05,groundplane,50.450880000000005
