x,y,z,mattype,Wm2Front
1.5746,4.317267e-17,0.05,groundplane,742.9326
1.5746,0.0254,0.05,groundplane,742.9348999999999
1.5746,0.0508,0.05,groundplane,742.9344
1.5746,0.0762,0.05,groundplane,742.9338000000001
1.5746,0.1016,0.05,groundplane,742.9333
