x,y,z,mattype,Wm2Front
1.5746,3.843304e-17,0.05,groundplane,790.6074
1.5746,0.0254,0.05,groundplane,790.6120999999999
1.5746,0.0508,0.05,groundplane,790.6113
1.5746,0.0762,0.05,groundplane,790.6106
1.5746,0.1016,0.05,groundplane,790.6099
