x,y,z,rearMat,Wm2Back
0.7803718,4.778399e-17,1.676127,sky,122.62
0.5853342,3.584138e-17,1.631852,sky,122.62
0.3902966,2.389877e-17,1.587576,sky,122.62
0.195259,1.195616e-17,1.5433,sky,122.62
0.0002213783,1.355551e-20,1.499025,sky,122.62
-0.1948162,-1.192905e-17,1.454749,sky,122.62
-0.3898538,-2.387166e-17,1.410473,sky,122.62
-0.5848914,-3.581427e-17,1.366198,sky,122.62
-0.779929,-4.775688e-17,1.321922,sky,122.62
