x,y,z,rearMat,Wm2Back
0.7168081,4.389184e-17,1.144772,sky,15.74487
0.5374953,3.29121e-17,1.233355,sky,15.74487
0.3581826,2.193236e-17,1.321938,sky,15.74487
0.1788698,1.095262e-17,1.41052,sky,15.74487
-0.0004429147,-2.71207e-20,1.499103,sky,15.74487
-0.1797557,-1.100686e-17,1.587686,sky,15.74487
-0.3590684,-2.19866e-17,1.676269,sky,15.74487
-0.5383812,-3.296634e-17,1.764852,sky,15.74487
-0.7176939,-4.394608e-17,1.853435,sky,15.74487
