x,y,z,rearMat,Wm2Back
0.7163315,4.386266e-17,1.856188,sky,5.349515
0.5373602,3.290382e-17,1.766918,sky,5.349515
0.3583889,2.194499e-17,1.677647,sky,5.349515
0.1794176,1.098616e-17,1.588376,sky,5.349515
0.000446354,2.73313e-20,1.499105,sky,5.349515
-0.1785249,-1.09315e-17,1.409834,sky,5.349515
-0.3574962,-2.189033e-17,1.320564,sky,5.349515
-0.5364675,-3.284916e-17,1.231293,sky,5.349515
-0.7154388,-4.380799e-17,1.142022,sky,5.349515
