x,y,z,mattype,Wm2Front
1.5746,4.104289e-17,0.05,groundplane,756.3175
1.5746,0.0254,0.05,groundplane,756.3173
1.5746,0.0508,0.05,groundplane,756.3170999999999
1.5746,0.0762,0.05,groundplane,756.3168
1.5746,0.1016,0.05,groundplane,756.3165
