x,y,z,rearMat,Wm2Back
0.7994208,4.89504e-17,1.469546,sky,0.722033
0.5995564,3.671224e-17,1.47691,sky,0.722033
0.399692,2.447407e-17,1.484273,sky,0.722033
0.1998276,1.223591e-17,1.491637,sky,0.722033
-3.681812e-05,-2.25446e-21,1.499001,sky,0.722033
-0.1999012,-1.224042e-17,1.506364,sky,0.722033
-0.3997656,-2.447858e-17,1.513728,sky,0.722033
-0.59963,-3.671675e-17,1.521092,sky,0.722033
-0.7994944,-4.895491e-17,1.528455,sky,0.722033
