x,y,z,mattype,Wm2Front
1.5746,3.056936e-17,0.05,groundplane,490.2779
1.5746,0.0254,0.05,groundplane,490.2830000000001
1.5746,0.0508,0.05,groundplane,490.2824
1.5746,0.0762,0.05,groundplane,490.2819
1.5746,0.1016,0.05,groundplane,490.28129999999993
