x,y,z,rearMat,Wm2Back
0.7305619,4.473402e-17,1.826007,sky,142.3212
0.5480236,3.355677e-17,1.744277,sky,142.3212
0.3654853,2.237952e-17,1.662547,sky,142.3212
0.182947,1.120227e-17,1.580817,sky,142.3212
0.0004086491,2.502254e-20,1.499087,sky,142.3212
-0.1821297,-1.115223e-17,1.417357,sky,142.3212
-0.364668,-2.232947e-17,1.335628,sky,142.3212
-0.5472063,-3.350672e-17,1.253898,sky,142.3212
-0.7297446,-4.468397e-17,1.172168,sky,142.3212
