x,y,z,rearMat,Wm2Back
0.7999997,4.898585e-17,1.501234,sky,3.684267
0.6000005,3.673943e-17,1.500676,sky,3.684267
0.4000012,2.449301e-17,1.500117,sky,3.684267
0.200002,1.224659e-17,1.499559,sky,3.684267
2.792523e-06,1.709927e-22,1.499,sky,3.684267
-0.1999964,-1.224625e-17,1.498441,sky,3.684267
-0.3999956,-2.449267e-17,1.497883,sky,3.684267
-0.5999949,-3.673909e-17,1.497324,sky,3.684267
-0.7999941,-4.898551e-17,1.496766,sky,3.684267
