x,y,z,rearMat,Wm2Back
0.6770174,4.145536e-17,1.073798,sky,19.72167
0.5076301,3.108338e-17,1.180137,sky,19.72167
0.3382429,2.07114e-17,1.286475,sky,19.72167
0.1688556,1.033942e-17,1.392814,sky,19.72167
-0.0005316942,-3.255688e-20,1.499153,sky,19.72167
-0.169919,-1.040454e-17,1.605492,sky,19.72167
-0.3393062,-2.077652e-17,1.711831,sky,19.72167
-0.5086935,-3.114849e-17,1.81817,sky,19.72167
-0.6780808,-4.152047e-17,1.924508,sky,19.72167
