x,y,z,rearMat,Wm2Back
0.7771021,4.758378e-17,1.309965,sky,4.391726
0.5827675,3.568422e-17,1.357231,sky,4.391726
0.3884329,2.378465e-17,1.404497,sky,4.391726
0.1940983,1.188509e-17,1.451762,sky,4.391726
-0.0002363294,-1.4471e-20,1.499028,sky,4.391726
-0.1945709,-1.191403e-17,1.546294,sky,4.391726
-0.3889055,-2.38136e-17,1.59356,sky,4.391726
-0.5832401,-3.571316e-17,1.640826,sky,4.391726
-0.7775747,-4.761272e-17,1.688092,sky,4.391726
