x,y,z,rearMat,Wm2Back
0.5756819,3.525035e-17,2.05551,sky,25.29558
0.4319353,2.644841e-17,1.916453,sky,25.29558
0.2881886,1.764646e-17,1.777396,sky,25.29558
0.144442,8.844519e-18,1.638338,sky,25.29558
0.0006952858,4.257398e-20,1.499281,sky,25.29558
-0.1430514,-8.759371e-18,1.360224,sky,25.29558
-0.286798,-1.756132e-17,1.221167,sky,25.29558
-0.4305447,-2.636326e-17,1.08211,sky,25.29558
-0.5742914,-3.51652e-17,0.9430526,sky,25.29558
