x,y,z,mattype,Wm2Front
0.3746,4.898756e-17,0.05,groundplane,848.1518
0.3746,0.0254,0.05,groundplane,848.1529999999999
0.3746,0.0508,0.05,groundplane,848.1523000000001
0.3746,0.0762,0.05,groundplane,848.1517
0.3746,0.1016,0.05,groundplane,848.1511
