x,y,z,rearMat,Wm2Back
0.673875,4.126294e-17,1.068846,sky,10.53268
0.5052718,3.093897e-17,1.176424,sky,10.53268
0.3366686,2.0615e-17,1.284002,sky,10.53268
0.1680653,1.029103e-17,1.391579,sky,10.53268
-0.0005378883,-3.293616e-20,1.499157,sky,10.53268
-0.1691411,-1.035691e-17,1.606735,sky,10.53268
-0.3377443,-2.068088e-17,1.714312,sky,10.53268
-0.5063476,-3.100485e-17,1.82189,sky,10.53268
-0.6749508,-4.132882e-17,1.929468,sky,10.53268
