x,y,z,mattype,Wm2Front
1.5746,4.877416e-17,0.05,groundplane,33.40848
1.5746,0.0254,0.05,groundplane,33.40793
1.5746,0.0508,0.05,groundplane,33.40792
1.5746,0.0762,0.05,groundplane,33.40792
1.5746,0.1016,0.05,groundplane,33.40792
