x,y,z,mattype,Wm2Front
1.5746,4.803998e-17,0.05,groundplane,78.50491
1.5746,0.0254,0.05,groundplane,78.50428
1.5746,0.0508,0.05,groundplane,78.50426
1.5746,0.0762,0.05,groundplane,78.50423
1.5746,0.1016,0.05,groundplane,78.50421
