x,y,z,mattype,Wm2Front
1.5746,4.823187e-17,0.05,groundplane,436.4973
1.5746,0.0254,0.05,groundplane,436.50049999999993
1.5746,0.0508,0.05,groundplane,436.4989
1.5746,0.0762,0.05,groundplane,436.4973
1.5746,0.1016,0.05,groundplane,436.4957
