x,y,z,mattype,Wm2Front
1.5746,4.832026e-17,0.05,groundplane,24.0904
1.5746,0.0254,0.05,groundplane,24.09054
1.5746,0.0508,0.05,groundplane,24.09053
1.5746,0.0762,0.05,groundplane,24.09053
1.5746,0.1016,0.05,groundplane,24.09053
