x,y,z,mattype,Wm2Front
0.3746,3.050247e-17,0.05,groundplane,416.5189
0.3746,0.0254,0.05,groundplane,416.52130000000005
0.3746,0.0508,0.05,groundplane,416.52130000000005
0.3746,0.0762,0.05,groundplane,416.52119999999996
0.3746,0.1016,0.05,groundplane,416.5211
