x,y,z,rearMat,Wm2Back
0.5305315,3.248569e-17,2.09878,sky,28.663120000000003
0.398086,2.437574e-17,1.948919,sky,28.663120000000003
0.2656404,1.626578e-17,1.799059,sky,28.663120000000003
0.1331949,8.155833e-18,1.649198,sky,28.663120000000003
0.0007493026,4.588155e-20,1.499338,sky,28.663120000000003
-0.1316963,-8.06407e-18,1.349477,sky,28.663120000000003
-0.2641418,-1.617402e-17,1.199617,sky,28.663120000000003
-0.3965874,-2.428397e-17,1.049756,sky,28.663120000000003
-0.5290329,-3.239392e-17,0.8998957,sky,28.663120000000003
