x,y,z,mattype,Wm2Front
0.3746,4.698634e-17,0.05,groundplane,453.6058
0.3746,0.0254,0.05,groundplane,453.6121
0.3746,0.0508,0.05,groundplane,453.61010000000005
0.3746,0.0762,0.05,groundplane,453.6081
0.3746,0.1016,0.05,groundplane,453.6061
