x,y,z,mattype,Wm2Front
0.3746,3.634528e-17,0.05,groundplane,726.212
0.3746,0.0254,0.05,groundplane,726.2205
0.3746,0.0508,0.05,groundplane,726.2190999999999
0.3746,0.0762,0.05,groundplane,726.2177
0.3746,0.1016,0.05,groundplane,726.2162
