x,y,z,mattype,Wm2Front
0.3746,3.050247e-17,0.05,groundplane,416.9495
0.3746,0.0254,0.05,groundplane,416.9528
0.3746,0.0508,0.05,groundplane,416.95250000000004
0.3746,0.0762,0.05,groundplane,416.9522
0.3746,0.1016,0.05,groundplane,416.9519
