x,y,z,mattype,Wm2Front
0.3746,4.316755e-17,0.05,groundplane,195.4194
0.3746,0.0254,0.05,groundplane,195.41870000000003
0.3746,0.0508,0.05,groundplane,195.4186
0.3746,0.0762,0.05,groundplane,195.4186
0.3746,0.1016,0.05,groundplane,195.4185
