x,y,z,mattype,Wm2Front
1.5746,4.802643e-17,0.05,groundplane,874.5304
1.5746,0.0254,0.05,groundplane,874.5306999999999
1.5746,0.0508,0.05,groundplane,874.5303
1.5746,0.0762,0.05,groundplane,874.5299
1.5746,0.1016,0.05,groundplane,874.5295
