x,y,z,mattype,Wm2Front
0.3746,4.899705e-17,0.05,groundplane,4.59865
0.3746,0.0254,0.05,groundplane,4.598471
0.3746,0.0508,0.05,groundplane,4.598472
0.3746,0.0762,0.05,groundplane,4.598474
0.3746,0.1016,0.05,groundplane,4.598475
