x,y,z,rearMat,Wm2Back
0.7757564,4.750138e-17,1.304544,sky,3.64638
0.5817566,3.562232e-17,1.353166,sky,3.64638
0.3877567,2.374325e-17,1.401787,sky,3.64638
0.1937568,1.186418e-17,1.450409,sky,3.64638
-0.0002431072,-1.488602e-20,1.49903,sky,3.64638
-0.194243,-1.189395e-17,1.547651,sky,3.64638
-0.3882429,-2.377302e-17,1.596273,sky,3.64638
-0.5822428,-3.565209e-17,1.644894,sky,3.64638
-0.7762427,-4.753115e-17,1.693516,sky,3.64638
