x,y,z,mattype,Wm2Front
1.5746,3.247255e-17,0.05,groundplane,488.0383
1.5746,0.0254,0.05,groundplane,488.0373
1.5746,0.0508,0.05,groundplane,488.0371
1.5746,0.0762,0.05,groundplane,488.0369
1.5746,0.1016,0.05,groundplane,488.03669999999994
