x,y,z,mattype,Wm2Front
1.5746,4.553437e-17,0.05,groundplane,372.39810000000006
1.5746,0.0254,0.05,groundplane,372.4014
1.5746,0.0508,0.05,groundplane,372.3993
1.5746,0.0762,0.05,groundplane,372.39720000000005
1.5746,0.1016,0.05,groundplane,372.3951
