x,y,z,mattype,Wm2Front
1.5746,4.742608e-17,0.05,groundplane,781.7055999999999
1.5746,0.0254,0.05,groundplane,781.7104
1.5746,0.0508,0.05,groundplane,781.7098
1.5746,0.0762,0.05,groundplane,781.7093
1.5746,0.1016,0.05,groundplane,781.7087
