x,y,z,mattype,Wm2Front
1.5746,4.778998e-17,0.05,groundplane,79.84544
1.5746,0.0254,0.05,groundplane,79.84637
1.5746,0.0508,0.05,groundplane,79.84634
1.5746,0.0762,0.05,groundplane,79.84632
1.5746,0.1016,0.05,groundplane,79.84629
