x,y,z,mattype,Wm2Front
0.3746,3.963215e-17,0.05,groundplane,79.83318
0.3746,0.0254,0.05,groundplane,79.83327
0.3746,0.0508,0.05,groundplane,79.83325
0.3746,0.0762,0.05,groundplane,79.83324
0.3746,0.1016,0.05,groundplane,79.83323
