x,y,z,mattype,Wm2Front
0.3746,4.85906e-17,0.05,groundplane,923.5291000000001
0.3746,0.0254,0.05,groundplane,923.5297999999999
0.3746,0.0508,0.05,groundplane,923.5294
0.3746,0.0762,0.05,groundplane,923.529
0.3746,0.1016,0.05,groundplane,923.5286
