x,y,z,mattype,Wm2Front
1.5746,4.073178e-17,0.05,groundplane,702.5239
1.5746,0.0254,0.05,groundplane,702.5239
1.5746,0.0508,0.05,groundplane,702.5234
1.5746,0.0762,0.05,groundplane,702.5231
1.5746,0.1016,0.05,groundplane,702.5225999999999
