x,y,z,mattype,Wm2Front
0.3746,3.050247e-17,0.05,groundplane,474.95959999999997
0.3746,0.0254,0.05,groundplane,474.96690000000007
0.3746,0.0508,0.05,groundplane,474.9663
0.3746,0.0762,0.05,groundplane,474.9657
0.3746,0.1016,0.05,groundplane,474.96510000000006
