x,y,z,rearMat,Wm2Back
0.7552644,4.62466e-17,1.236226,sky,5.228287
0.5663661,3.467992e-17,1.301933,sky,5.228287
0.3774679,2.311324e-17,1.367641,sky,5.228287
0.1885697,1.154656e-17,1.433348,sky,5.228287
-0.000328537,-2.011709e-20,1.499056,sky,5.228287
-0.1892268,-1.15868e-17,1.564763,sky,5.228287
-0.378125,-2.315348e-17,1.63047,sky,5.228287
-0.5670232,-3.472016e-17,1.696178,sky,5.228287
-0.7559214,-4.628684e-17,1.761885,sky,5.228287
