x,y,z,mattype,Wm2Front
0.3746,3.749224e-17,0.05,groundplane,182.418
0.3746,0.0254,0.05,groundplane,182.419
0.3746,0.0508,0.05,groundplane,182.41870000000003
0.3746,0.0762,0.05,groundplane,182.4185
0.3746,0.1016,0.05,groundplane,182.41829999999996
