x,y,z,mattype,Wm2Front
0.3746,4.669765e-17,0.05,groundplane,845.6533
0.3746,0.0254,0.05,groundplane,845.6554
0.3746,0.0508,0.05,groundplane,845.6547999999999
0.3746,0.0762,0.05,groundplane,845.6542
0.3746,0.1016,0.05,groundplane,845.6536
