x,y,z,rearMat,Wm2Back
0.7817013,4.78654e-17,1.670129,sky,19.284
0.5863295,3.590232e-17,1.627353,sky,19.284
0.3909576,2.393925e-17,1.584576,sky,19.284
0.1955857,1.197617e-17,1.5418,sky,19.284
0.0002138829,1.309655e-20,1.499023,sky,19.284
-0.195158,-1.194998e-17,1.456247,sky,19.284
-0.3905298,-2.391306e-17,1.41347,sky,19.284
-0.5859017,-3.587613e-17,1.370693,sky,19.284
-0.7812736,-4.783921e-17,1.327917,sky,19.284
