x,y,z,mattype,Wm2Front
1.5746,4.664028e-17,0.05,groundplane,706.3782
1.5746,0.0254,0.05,groundplane,706.3791
1.5746,0.0508,0.05,groundplane,706.3786999999999
1.5746,0.0762,0.05,groundplane,706.3784
1.5746,0.1016,0.05,groundplane,706.3781
