x,y,z,mattype,Wm2Front
0.3746,4.862236e-17,0.05,groundplane,29.177669999999996
0.3746,0.0254,0.05,groundplane,29.17854
0.3746,0.0508,0.05,groundplane,29.178520000000002
0.3746,0.0762,0.05,groundplane,29.1785
0.3746,0.1016,0.05,groundplane,29.17847
