x,y,z,mattype,Wm2Front
1.5746,4.71638e-17,0.05,groundplane,830.8586
1.5746,0.0254,0.05,groundplane,830.8593999999999
1.5746,0.0508,0.05,groundplane,830.8582
1.5746,0.0762,0.05,groundplane,830.8570999999998
1.5746,0.1016,0.05,groundplane,830.8557999999999
