x,y,z,rearMat,Wm2Back
0.7723482,4.729269e-17,1.708517,sky,138.8691
0.5793266,3.547352e-17,1.656146,sky,138.8691
0.386305,2.365436e-17,1.603776,sky,138.8691
0.1932834,1.18352e-17,1.551405,sky,138.8691
0.0002618523,1.603383e-20,1.499035,sky,138.8691
-0.1927597,-1.180313e-17,1.446664,sky,138.8691
-0.3857813,-2.362229e-17,1.394294,sky,138.8691
-0.5788029,-3.544146e-17,1.341924,sky,138.8691
-0.7718245,-4.726062e-17,1.289553,sky,138.8691
