x,y,z,mattype,Wm2Front
0.3746,3.247255e-17,0.05,groundplane,442.62180000000006
0.3746,0.0254,0.05,groundplane,442.6205
0.3746,0.0508,0.05,groundplane,442.6204
0.3746,0.0762,0.05,groundplane,442.6203
0.3746,0.1016,0.05,groundplane,442.6202
