x,y,z,mattype,Wm2Front
1.5746,4.845225e-17,0.05,groundplane,63.55895999999999
1.5746,0.0254,0.05,groundplane,63.55836
1.5746,0.0508,0.05,groundplane,63.55832999999999
1.5746,0.0762,0.05,groundplane,63.55831
1.5746,0.1016,0.05,groundplane,63.55829
