x,y,z,rearMat,Wm2Back
0.7357022,4.504877e-17,1.814234,sky,22.55636
0.5518751,3.379261e-17,1.735446,sky,22.55636
0.3680481,2.253645e-17,1.656658,sky,22.55636
0.184221,1.128028e-17,1.577869,sky,22.55636
0.0003939419,2.412198e-20,1.499081,sky,22.55636
-0.1834331,-1.123204e-17,1.420292,sky,22.55636
-0.3672602,-2.24882e-17,1.341504,sky,22.55636
-0.5510873,-3.374436e-17,1.262716,sky,22.55636
-0.7349143,-4.500052e-17,1.183927,sky,22.55636
