x,y,z,mattype,Wm2Front
0.3746,4.738711e-17,0.05,groundplane,790.1658000000001
0.3746,0.0254,0.05,groundplane,790.1730000000001
0.3746,0.0508,0.05,groundplane,790.1711
0.3746,0.0762,0.05,groundplane,790.1691999999999
0.3746,0.1016,0.05,groundplane,790.1673999999999
