x,y,z,rearMat,Wm2Back
0.728076,4.45818e-17,1.168479,sky,6.804616
0.5459537,3.343002e-17,1.251131,sky,6.804616
0.3638314,2.227825e-17,1.333784,sky,6.804616
0.181709,1.112647e-17,1.416437,sky,6.804616
-0.0004132634,-2.530508e-20,1.499089,sky,6.804616
-0.1825356,-1.117708e-17,1.581742,sky,6.804616
-0.3646579,-2.232886e-17,1.664395,sky,6.804616
-0.5467802,-3.348063e-17,1.747047,sky,6.804616
-0.7289025,-4.463241e-17,1.8297,sky,6.804616
