x,y,z,rearMat,Wm2Back
0.7430398,4.549807e-17,1.203533,sky,76.22856
0.5571875,3.41179e-17,1.277417,sky,76.22856
0.3713352,2.273772e-17,1.351302,sky,76.22856
0.1854829,1.135755e-17,1.425186,sky,76.22856
-0.0003694224,-2.26206e-20,1.499071,sky,76.22856
-0.1862217,-1.140279e-17,1.572955,sky,76.22856
-0.3720741,-2.278297e-17,1.64684,sky,76.22856
-0.5579264,-3.416314e-17,1.720724,sky,76.22856
-0.7437787,-4.554331e-17,1.794609,sky,76.22856
