x,y,z,rearMat,Wm2Back
0.7342507,4.495989e-17,1.182389,sky,6.658297
0.5505891,3.371386e-17,1.261562,sky,6.658297
0.3669274,2.246783e-17,1.340735,sky,6.658297
0.1832658,1.122179e-17,1.419908,sky,6.658297
-0.0003958661,-2.423981e-20,1.499082,sky,6.658297
-0.1840575,-1.127027e-17,1.578255,sky,6.658297
-0.3677192,-2.251631e-17,1.657428,sky,6.658297
-0.5513808,-3.376234e-17,1.736601,sky,6.658297
-0.7350425,-4.500837e-17,1.815775,sky,6.658297
