x,y,z,rearMat,Wm2Back
0.7544934,4.61994e-17,1.765971,sky,116.92630000000001
0.5659535,3.465466e-17,1.699243,sky,116.92630000000001
0.3774135,2.310991e-17,1.632514,sky,116.92630000000001
0.1888736,1.156517e-17,1.565786,sky,116.92630000000001
0.0003336423,2.04297e-20,1.499057,sky,116.92630000000001
-0.1882063,-1.152431e-17,1.432329,sky,116.92630000000001
-0.3767463,-2.306905e-17,1.3656,sky,116.92630000000001
-0.5652862,-3.46138e-17,1.298872,sky,116.92630000000001
-0.7538261,-4.615854e-17,1.232143,sky,116.92630000000001
