x,y,z,rearMat,Wm2Back
0.5874431,3.597052e-17,0.9569424,sky,12.14206
0.4404129,2.696751e-17,1.092523,sky,12.14206
0.2933826,1.79645e-17,1.228104,sky,12.14206
0.1463524,8.961497e-18,1.363684,sky,12.14206
-0.0006779031,-4.150959e-20,1.499265,sky,12.14206
-0.1477082,-9.044516e-18,1.634845,sky,12.14206
-0.2947384,-1.804752e-17,1.770426,sky,12.14206
-0.4417687,-2.705053e-17,1.906007,sky,12.14206
-0.5887989,-3.605354e-17,2.041587,sky,12.14206
