x,y,z,rearMat,Wm2Back
0.7918845,4.848894e-17,1.613666,sky,66.12616
0.5939492,3.63689e-17,1.585002,sky,66.12616
0.3960139,2.424886e-17,1.556338,sky,66.12616
0.1980786,1.212882e-17,1.527674,sky,66.12616
0.0001433199,8.775812e-21,1.49901,sky,66.12616
-0.197792,-1.211126e-17,1.470346,sky,66.12616
-0.3957272,-2.423131e-17,1.441682,sky,66.12616
-0.5936625,-3.635135e-17,1.413018,sky,66.12616
-0.7915978,-4.847139e-17,1.384354,sky,66.12616
