x,y,z,mattype,Wm2Front
1.5746,4.15822e-17,0.05,groundplane,732.6072
1.5746,0.0254,0.05,groundplane,732.6157
1.5746,0.0508,0.05,groundplane,732.6141000000001
1.5746,0.0762,0.05,groundplane,732.6124999999998
1.5746,0.1016,0.05,groundplane,732.611
