x,y,z,mattype,Wm2Front
0.3746,4.871208e-17,0.05,groundplane,892.4928999999998
0.3746,0.0254,0.05,groundplane,892.4943
0.3746,0.0508,0.05,groundplane,892.4939
0.3746,0.0762,0.05,groundplane,892.4935
0.3746,0.1016,0.05,groundplane,892.4931
