x,y,z,rearMat,Wm2Back
0.7665054,4.693492e-17,1.729064,sky,41.94127
0.5749509,3.520559e-17,1.671559,sky,41.94127
0.3833965,2.347626e-17,1.614053,sky,41.94127
0.191842,1.174693e-17,1.556548,sky,41.94127
0.0002875277,1.760599e-20,1.499042,sky,41.94127
-0.1912669,-1.171172e-17,1.441537,sky,41.94127
-0.3828214,-2.344105e-17,1.384031,sky,41.94127
-0.5743759,-3.517038e-17,1.326526,sky,41.94127
-0.7659303,-4.689971e-17,1.26902,sky,41.94127
