x,y,z,rearMat,Wm2Back
0.7323151,4.484137e-17,1.822049,sky,10.3468
0.5493372,3.36372e-17,1.741308,sky,10.3468
0.3663594,2.243304e-17,1.660567,sky,10.3468
0.1833815,1.122888e-17,1.579826,sky,10.3468
0.000403705,2.47198e-20,1.499085,sky,10.3468
-0.1825741,-1.117944e-17,1.418344,sky,10.3468
-0.365552,-2.23836e-17,1.337603,sky,10.3468
-0.5485298,-3.358776e-17,1.256862,sky,10.3468
-0.7315077,-4.479193e-17,1.176121,sky,10.3468
