x,y,z,mattype,Wm2Front
0.3746,3.247255e-17,0.05,groundplane,200.33170000000004
0.3746,0.0254,0.05,groundplane,200.3334
0.3746,0.0508,0.05,groundplane,200.33270000000002
0.3746,0.0762,0.05,groundplane,200.3321
0.3746,0.1016,0.05,groundplane,200.3314
