x,y,z,rearMat,Wm2Back
0.7891935,4.832417e-17,1.631052,sky,10.08314
0.5919364,3.624565e-17,1.598042,sky,10.08314
0.3946793,2.416714e-17,1.565033,sky,10.08314
0.1974222,1.208862e-17,1.532023,sky,10.08314
0.0001650476,1.010625e-20,1.499014,sky,10.08314
-0.1970921,-1.206841e-17,1.466004,sky,10.08314
-0.3943492,-2.414692e-17,1.432995,sky,10.08314
-0.5916063,-3.622544e-17,1.399985,sky,10.08314
-0.7888634,-4.830395e-17,1.366976,sky,10.08314
