x,y,z,rearMat,Wm2Back
0.6904236,4.227625e-17,1.095876,sky,9.423908
0.5176917,3.169947e-17,1.196691,sky,9.423908
0.3449598,2.112269e-17,1.297506,sky,9.423908
0.1722278,1.054591e-17,1.398321,sky,9.423908
-0.0005040755,-3.086572e-20,1.499136,sky,9.423908
-0.173236,-1.060765e-17,1.599951,sky,9.423908
-0.3459679,-2.118443e-17,1.700767,sky,9.423908
-0.5186998,-3.17612e-17,1.801582,sky,9.423908
-0.6914318,-4.233798e-17,1.902397,sky,9.423908
