x,y,z,rearMat,Wm2Back
0.7982984,4.888168e-17,1.552161,sky,12.72272
0.5987404,3.666227e-17,1.538871,sky,12.72272
0.3991824,2.444287e-17,1.525581,sky,12.72272
0.1996244,1.222347e-17,1.512292,sky,12.72272
6.644805e-05,4.06877e-21,1.499002,sky,12.72272
-0.1994915,-1.221533e-17,1.485713,sky,12.72272
-0.3990495,-2.443474e-17,1.472423,sky,12.72272
-0.5986075,-3.665414e-17,1.459133,sky,12.72272
-0.7981655,-4.887354e-17,1.445844,sky,12.72272
