x,y,z,rearMat,Wm2Back
0.64085,3.924074e-17,1.978866,sky,91.07481
0.4807874,2.943974e-17,1.858949,sky,91.07481
0.3207248,1.963873e-17,1.739033,sky,91.07481
0.1606622,9.837721e-18,1.619116,sky,91.07481
0.0005995825,3.671384e-20,1.4992,sky,91.07481
-0.159463,-9.764293e-18,1.379283,sky,91.07481
-0.3195256,-1.95653e-17,1.259367,sky,91.07481
-0.4795882,-2.936631e-17,1.13945,sky,91.07481
-0.6396508,-3.916732e-17,1.019534,sky,91.07481
