x,y,z,rearMat,Wm2Back
0.6851701,4.195457e-17,1.912968,sky,10.52153
0.5140069,3.147384e-17,1.809512,sky,10.52153
0.3428437,2.099312e-17,1.706056,sky,10.52153
0.1716805,1.05124e-17,1.6026,sky,10.52153
0.0005172804,3.167429e-20,1.499144,sky,10.52153
-0.1706459,-1.044905e-17,1.395688,sky,10.52153
-0.3418091,-2.092977e-17,1.292232,sky,10.52153
-0.5129723,-3.14105e-17,1.188776,sky,10.52153
-0.6841355,-4.189122e-17,1.08532,sky,10.52153
