x,y,z,rearMat,Wm2Back
0.7209734,4.414689e-17,1.153304,sky,19.87773
0.540622,3.310355e-17,1.239752,sky,19.87773
0.3602706,2.206021e-17,1.326201,sky,19.87773
0.1799192,1.101687e-17,1.41265,sky,19.87773
-0.0004322431,-2.646726e-20,1.499098,sky,19.87773
-0.1807837,-1.106981e-17,1.585547,sky,19.87773
-0.3611351,-2.211315e-17,1.671995,sky,19.87773
-0.5414865,-3.315649e-17,1.758444,sky,19.87773
-0.7218379,-4.419983e-17,1.844893,sky,19.87773
