x,y,z,mattype,Wm2Front
0.3746,4.900272e-17,0.05,groundplane,760.6186000000001
0.3746,0.0254,0.05,groundplane,760.6199
0.3746,0.0508,0.05,groundplane,760.6195000000001
0.3746,0.0762,0.05,groundplane,760.619
0.3746,0.1016,0.05,groundplane,760.6185
