x,y,z,rearMat,Wm2Back
0.7394691,4.527942e-17,1.194735,sky,10.42369
0.5545067,3.395374e-17,1.27082,sky,10.42369
0.3695443,2.262806e-17,1.346905,sky,10.42369
0.1845819,1.130238e-17,1.42299,sky,10.42369
-0.0003804248,-2.32943e-20,1.499075,sky,10.42369
-0.1853428,-1.134897e-17,1.57516,sky,10.42369
-0.3703052,-2.267465e-17,1.651245,sky,10.42369
-0.5552675,-3.400033e-17,1.72733,sky,10.42369
-0.7402299,-4.532601e-17,1.803415,sky,10.42369
