x,y,z,mattype,Wm2Front
1.5746,3.247255e-17,0.05,groundplane,67.22775
1.5746,0.0254,0.05,groundplane,67.22773
1.5746,0.0508,0.05,groundplane,67.22772
1.5746,0.0762,0.05,groundplane,67.22771
1.5746,0.1016,0.05,groundplane,67.22771
