x,y,z,mattype,Wm2Front
1.5746,4.713585e-17,0.05,groundplane,869.9083999999999
1.5746,0.0254,0.05,groundplane,869.9089
1.5746,0.0508,0.05,groundplane,869.9086000000001
1.5746,0.0762,0.05,groundplane,869.9083
1.5746,0.1016,0.05,groundplane,869.908
