x,y,z,mattype,Wm2Front
0.3746,4.840162e-17,0.05,groundplane,58.80289
0.3746,0.0254,0.05,groundplane,58.80462
0.3746,0.0508,0.05,groundplane,58.8046
0.3746,0.0762,0.05,groundplane,58.80456999999999
0.3746,0.1016,0.05,groundplane,58.80455
