x,y,z,rearMat,Wm2Back
0.7931047,4.856366e-17,1.604814,sky,17.11739
0.5948616,3.642477e-17,1.578363,sky,17.11739
0.3966185,2.428588e-17,1.551911,sky,17.11739
0.1983754,1.214699e-17,1.52546,sky,17.11739
0.0001322564,8.098368e-21,1.499009,sky,17.11739
-0.1981109,-1.213079e-17,1.472558,sky,17.11739
-0.396354,-2.426968e-17,1.446106,sky,17.11739
-0.5945971,-3.640857e-17,1.419655,sky,17.11739
-0.7928402,-4.854746e-17,1.393204,sky,17.11739
