x,y,z,rearMat,Wm2Back
0.5428193,3.32381e-17,0.9123367,sky,34.53731
0.4069311,2.491734e-17,1.059083,sky,34.53731
0.2710428,1.659658e-17,1.205829,sky,34.53731
0.1351545,8.275828e-18,1.352575,sky,34.53731
-0.0007337299,-4.4928e-20,1.499321,sky,34.53731
-0.136622,-8.365684e-18,1.646067,sky,34.53731
-0.2725103,-1.668644e-17,1.792813,sky,34.53731
-0.4083985,-2.50072e-17,1.939558,sky,34.53731
-0.5442868,-3.332795e-17,2.086304,sky,34.53731
