x,y,z,mattype,Wm2Front
1.5746,3.050247e-17,0.05,groundplane,492.2664
1.5746,0.0254,0.05,groundplane,492.269
1.5746,0.0508,0.05,groundplane,492.2689
1.5746,0.0762,0.05,groundplane,492.2688
1.5746,0.1016,0.05,groundplane,492.26860000000005
