x,y,z,rearMat,Wm2Back
0.6054288,3.707182e-17,2.022931,sky,15.32341
0.4542352,2.781389e-17,1.892009,sky,15.32341
0.3030417,1.855595e-17,1.761088,sky,15.32341
0.1518482,9.298018e-18,1.630166,sky,15.32341
0.0006546089,4.008323e-20,1.499244,sky,15.32341
-0.1505389,-9.217851e-18,1.368322,sky,15.32341
-0.3017325,-1.847579e-17,1.2374,sky,15.32341
-0.452926,-2.773372e-17,1.106479,sky,15.32341
-0.6041196,-3.699166e-17,0.9755569,sky,15.32341
