x,y,z,mattype,Wm2Front
1.5746,4.771123e-17,0.05,groundplane,80.20778
1.5746,0.0254,0.05,groundplane,80.20856
1.5746,0.0508,0.05,groundplane,80.20857
1.5746,0.0762,0.05,groundplane,80.20859
1.5746,0.1016,0.05,groundplane,80.2086
