x,y,z,mattype,Wm2Front
0.3746,3.977119e-17,0.05,groundplane,761.6249000000001
0.3746,0.0254,0.05,groundplane,761.6244
0.3746,0.0508,0.05,groundplane,761.6241
0.3746,0.0762,0.05,groundplane,761.6239
0.3746,0.1016,0.05,groundplane,761.6237
