x,y,z,mattype,Wm2Front
0.3746,4.800766e-17,0.05,groundplane,876.7761
0.3746,0.0254,0.05,groundplane,876.7765
0.3746,0.0508,0.05,groundplane,876.7761
0.3746,0.0762,0.05,groundplane,876.7758
0.3746,0.1016,0.05,groundplane,876.7752999999999
