x,y,z,rearMat,Wm2Back
0.7373374,4.51489e-17,1.810378,sky,15.20415
0.5531004,3.386763e-17,1.732553,sky,15.20415
0.3688633,2.258636e-17,1.654728,sky,15.20415
0.1846262,1.130509e-17,1.576904,sky,15.20415
0.000389124,2.382697e-20,1.499079,sky,15.20415
-0.183848,-1.125744e-17,1.421254,sky,15.20415
-0.368085,-2.253871e-17,1.343429,sky,15.20415
-0.5523221,-3.381998e-17,1.265604,sky,15.20415
-0.7365592,-4.510124e-17,1.18778,sky,15.20415
