x,y,z,mattype,Wm2Front
0.3746,3.247255e-17,0.05,groundplane,104.47859999999999
0.3746,0.0254,0.05,groundplane,104.4782
0.3746,0.0508,0.05,groundplane,104.4782
0.3746,0.0762,0.05,groundplane,104.4782
0.3746,0.1016,0.05,groundplane,104.4781
