x,y,z,mattype,Wm2Front
0.3746,4.722823e-17,0.05,groundplane,735.7258
0.3746,0.0254,0.05,groundplane,735.7264
0.3746,0.0508,0.05,groundplane,735.726
0.3746,0.0762,0.05,groundplane,735.7256000000001
0.3746,0.1016,0.05,groundplane,735.7252
