x,y,z,mattype,Wm2Front
1.5746,3.698078e-17,0.05,groundplane,682.7665000000001
1.5746,0.0254,0.05,groundplane,682.7686
1.5746,0.0508,0.05,groundplane,682.7682
1.5746,0.0762,0.05,groundplane,682.7679000000002
1.5746,0.1016,0.05,groundplane,682.7676
