x,y,z,mattype,Wm2Front
0.3746,4.86754e-17,0.05,groundplane,902.2325999999999
0.3746,0.0254,0.05,groundplane,902.2349
0.3746,0.0508,0.05,groundplane,902.2336
0.3746,0.0762,0.05,groundplane,902.2324
0.3746,0.1016,0.05,groundplane,902.2311999999998
