x,y,z,mattype,Wm2Front
1.5746,4.829732e-17,0.05,groundplane,58.95586
1.5746,0.0254,0.05,groundplane,58.95629
1.5746,0.0508,0.05,groundplane,58.9563
1.5746,0.0762,0.05,groundplane,58.9563
1.5746,0.1016,0.05,groundplane,58.95631
