x,y,z,rearMat,Wm2Back
0.6603939,4.043747e-17,1.048468,sky,24.71186
0.4951546,3.031947e-17,1.161145,sky,24.71186
0.3299153,2.020148e-17,1.273821,sky,24.71186
0.1646759,1.008349e-17,1.386497,sky,24.71186
-0.0005633819,-3.449719e-20,1.499174,sky,24.71186
-0.1658027,-1.015249e-17,1.61185,sky,24.71186
-0.331042,-2.027048e-17,1.724527,sky,24.71186
-0.4962814,-3.038847e-17,1.837203,sky,24.71186
-0.6615207,-4.050646e-17,1.949879,sky,24.71186
