x,y,z,rearMat,Wm2Back
0.796153,4.875031e-17,1.421633,sky,2.049217
0.5970906,3.656125e-17,1.440976,sky,2.049217
0.3980282,2.43722e-17,1.460319,sky,2.049217
0.1989657,1.218314e-17,1.479662,sky,2.049217
-9.671436e-05,-5.922047e-21,1.499005,sky,2.049217
-0.1991591,-1.219498e-17,1.518348,sky,2.049217
-0.3982216,-2.438404e-17,1.53769,sky,2.049217
-0.597284,-3.65731e-17,1.557033,sky,2.049217
-0.7963465,-4.876216e-17,1.576376,sky,2.049217
