x,y,z,mattype,Wm2Front
0.3746,4.743625e-17,0.05,groundplane,58.752100000000006
0.3746,0.0254,0.05,groundplane,58.75117
0.3746,0.0508,0.05,groundplane,58.75114
0.3746,0.0762,0.05,groundplane,58.751110000000004
0.3746,0.1016,0.05,groundplane,58.75108
