x,y,z,mattype,Wm2Front
0.3746,4.87719e-17,0.05,groundplane,19.73368
0.3746,0.0254,0.05,groundplane,19.73441
0.3746,0.0508,0.05,groundplane,19.73439
0.3746,0.0762,0.05,groundplane,19.73437
0.3746,0.1016,0.05,groundplane,19.73435
