x,y,z,mattype,Wm2Front
0.3746,4.740015e-17,0.05,groundplane,100.258
0.3746,0.0254,0.05,groundplane,100.2604
0.3746,0.0508,0.05,groundplane,100.26029999999999
0.3746,0.0762,0.05,groundplane,100.26029999999999
0.3746,0.1016,0.05,groundplane,100.26029999999999
