x,y,z,rearMat,Wm2Back
0.7067409,4.32754e-17,1.125142,sky,7.857808000000001
0.5299388,3.24494e-17,1.218636,sky,7.857808000000001
0.3531367,2.162339e-17,1.312129,sky,7.857808000000001
0.1763346,1.079738e-17,1.405623,sky,7.857808000000001
-0.000467467,-2.86241e-20,1.499116,sky,7.857808000000001
-0.1772696,-1.085463e-17,1.592609,sky,7.857808000000001
-0.3540717,-2.168064e-17,1.686103,sky,7.857808000000001
-0.5308738,-3.250664e-17,1.779596,sky,7.857808000000001
-0.7076759,-4.333265e-17,1.87309,sky,7.857808000000001
