x,y,z,rearMat,Wm2Back
0.668352,4.092476e-17,1.939666,sky,19.70597
0.5014017,3.0702e-17,1.829541,sky,19.70597
0.3344513,2.047924e-17,1.719416,sky,19.70597
0.167501,1.025648e-17,1.609291,sky,19.70597
0.0005506264,3.371615e-20,1.499165,sky,19.70597
-0.1663997,-1.018904e-17,1.38904,sky,19.70597
-0.3333501,-2.041181e-17,1.278915,sky,19.70597
-0.5003004,-3.063457e-17,1.168789,sky,19.70597
-0.6672508,-4.085733e-17,1.058664,sky,19.70597
