x,y,z,mattype,Wm2Front
0.3746,3.247255e-17,0.05,groundplane,86.09638
0.3746,0.0254,0.05,groundplane,86.09619000000002
0.3746,0.0508,0.05,groundplane,86.09615000000001
0.3746,0.0762,0.05,groundplane,86.09611
0.3746,0.1016,0.05,groundplane,86.09607
