x,y,z,mattype,Wm2Front
0.3746,4.861028e-17,0.05,groundplane,45.87514000000001
0.3746,0.0254,0.05,groundplane,45.87472
0.3746,0.0508,0.05,groundplane,45.87471
0.3746,0.0762,0.05,groundplane,45.87471
0.3746,0.1016,0.05,groundplane,45.8747
