x,y,z,mattype,Wm2Front
1.5746,4.726062e-17,0.05,groundplane,17.50666
1.5746,0.0254,0.05,groundplane,17.50669
1.5746,0.0508,0.05,groundplane,17.50668
1.5746,0.0762,0.05,groundplane,17.50668
1.5746,0.1016,0.05,groundplane,17.50668
