x,y,z,rearMat,Wm2Back
0.7999986,4.898579e-17,1.501793,sky,19.82648
0.5999998,3.673939e-17,1.501094,sky,19.82648
0.4000011,2.4493e-17,1.500396,sky,19.82648
0.2000023,1.224661e-17,1.499698,sky,19.82648
3.490651e-06,2.137408e-22,1.499,sky,19.82648
-0.1999953,-1.224618e-17,1.498302,sky,19.82648
-0.3999941,-2.449257e-17,1.497604,sky,19.82648
-0.5999929,-3.673897e-17,1.496906,sky,19.82648
-0.7999916,-4.898536e-17,1.496207,sky,19.82648
