x,y,z,rearMat,Wm2Back
0.7820559,4.788711e-17,1.668492,sky,4.978431
0.5865949,3.591858e-17,1.626125,sky,4.978431
0.3911339,2.395004e-17,1.583757,sky,4.978431
0.1956729,1.198151e-17,1.54139,sky,4.978431
0.0002118365,1.297125e-20,1.499023,sky,4.978431
-0.1952492,-1.195556e-17,1.456655,sky,4.978431
-0.3907102,-2.39241e-17,1.414288,sky,4.978431
-0.5861712,-3.589264e-17,1.371921,sky,4.978431
-0.7816323,-4.786117e-17,1.329553,sky,4.978431
