x,y,z,mattype,Wm2Front
1.5746,4.869318e-17,0.05,groundplane,18.49238
1.5746,0.0254,0.05,groundplane,18.49315
1.5746,0.0508,0.05,groundplane,18.49314
1.5746,0.0762,0.05,groundplane,18.49313
1.5746,0.1016,0.05,groundplane,18.49312
