x,y,z,mattype,Wm2Front
1.5746,4.823489e-17,0.05,groundplane,733.2127999999999
1.5746,0.0254,0.05,groundplane,733.2139000000001
1.5746,0.0508,0.05,groundplane,733.2135
1.5746,0.0762,0.05,groundplane,733.2131
1.5746,0.1016,0.05,groundplane,733.2127
