x,y,z,mattype,Wm2Front
1.5746,4.85396e-17,0.05,groundplane,390.37459999999993
1.5746,0.0254,0.05,groundplane,390.3803
1.5746,0.0508,0.05,groundplane,390.3785
1.5746,0.0762,0.05,groundplane,390.3767
1.5746,0.1016,0.05,groundplane,390.3749
