x,y,z,rearMat,Wm2Back
0.6919002,4.236667e-17,1.098409,sky,19.22643
0.5187999,3.176733e-17,1.198591,sky,19.22643
0.3456996,2.1168e-17,1.298772,sky,19.22643
0.1725994,1.056866e-17,1.398953,sky,19.22643
-0.0005009066,-3.067168e-20,1.499134,sky,19.22643
-0.1736012,-1.063001e-17,1.599316,sky,19.22643
-0.3467014,-2.122934e-17,1.699497,sky,19.22643
-0.5198017,-3.182867e-17,1.799678,sky,19.22643
-0.692902,-4.242801e-17,1.89986,sky,19.22643
