x,y,z,mattype,Wm2Front
0.3746,4.868058e-17,0.05,groundplane,22.34447
0.3746,0.0254,0.05,groundplane,22.344980000000003
0.3746,0.0508,0.05,groundplane,22.34499
0.3746,0.0762,0.05,groundplane,22.345
0.3746,0.1016,0.05,groundplane,22.34501
