x,y,z,rearMat,Wm2Back
0.7984234,4.888933e-17,1.55021,sky,2.443503
0.5988336,3.666798e-17,1.537408,sky,2.443503
0.3992437,2.444663e-17,1.524606,sky,2.443503
0.1996539,1.222527e-17,1.511804,sky,2.443503
6.400979e-05,3.919469e-21,1.499002,sky,2.443503
-0.1995258,-1.221743e-17,1.4862,sky,2.443503
-0.3991157,-2.443879e-17,1.473398,sky,2.443503
-0.5987056,-3.666014e-17,1.460596,sky,2.443503
-0.7982954,-4.88815e-17,1.447794,sky,2.443503
