x,y,z,mattype,Wm2Front
1.5746,4.527798e-17,0.05,groundplane,728.676
1.5746,0.0254,0.05,groundplane,728.6830999999999
1.5746,0.0508,0.05,groundplane,728.6811000000001
1.5746,0.0762,0.05,groundplane,728.6791
1.5746,0.1016,0.05,groundplane,728.6771
