x,y,z,mattype,Wm2Front
0.3746,4.280212e-17,0.05,groundplane,756.3539
0.3746,0.0254,0.05,groundplane,756.3530999999999
0.3746,0.0508,0.05,groundplane,756.3528
0.3746,0.0762,0.05,groundplane,756.3525
0.3746,0.1016,0.05,groundplane,756.3521
