x,y,z,rearMat,Wm2Back
0.5151752,3.154538e-17,0.8879579,sky,23.41077
0.3861903,2.364734e-17,1.040807,sky,23.41077
0.2572055,1.574929e-17,1.193656,sky,23.41077
0.1282206,7.851248e-18,1.346506,sky,23.41077
-0.0007642465,-4.67966e-20,1.499355,sky,23.41077
-0.1297491,-7.944841e-18,1.652204,sky,23.41077
-0.258734,-1.584289e-17,1.805054,sky,23.41077
-0.3877188,-2.374093e-17,1.957903,sky,23.41077
-0.5167037,-3.163898e-17,2.110752,sky,23.41077
