x,y,z,rearMat,Wm2Back
0.7717142,4.725387e-17,1.289149,sky,4.40615
0.5787201,3.543638e-17,1.34162,sky,4.40615
0.3857259,2.36189e-17,1.394092,sky,4.40615
0.1927318,1.180142e-17,1.446564,sky,4.40615
-0.0002623576,-1.606477e-20,1.499035,sky,4.40615
-0.1932565,-1.183355e-17,1.551507,sky,4.40615
-0.3862506,-2.365103e-17,1.603978,sky,4.40615
-0.5792448,-3.546851e-17,1.65645,sky,4.40615
-0.7722389,-4.7286e-17,1.708921,sky,4.40615
