x,y,z,mattype,Wm2Front
0.3746,4.721909e-17,0.05,groundplane,784.4094
0.3746,0.0254,0.05,groundplane,784.4099
0.3746,0.0508,0.05,groundplane,784.4094
0.3746,0.0762,0.05,groundplane,784.409
0.3746,0.1016,0.05,groundplane,784.4086000000001
