x,y,z,rearMat,Wm2Back
0.7436076,4.553284e-17,1.20496,sky,18.9529
0.5576138,3.4144e-17,1.278487,sky,18.9529
0.37162,2.275516e-17,1.352015,sky,18.9529
0.1856262,1.136633e-17,1.425542,sky,18.9529
-0.0003676377,-2.251131e-20,1.49907,sky,18.9529
-0.1863615,-1.141135e-17,1.572598,sky,18.9529
-0.3723553,-2.280019e-17,1.646125,sky,18.9529
-0.5583491,-3.418902e-17,1.719653,sky,18.9529
-0.7443429,-4.557786e-17,1.79318,sky,18.9529
