x,y,z,rearMat,Wm2Back
0.5714651,3.499214e-17,0.940153,sky,26.019449999999996
0.4284241,2.623341e-17,1.079936,sky,26.019449999999996
0.2853831,1.747467e-17,1.219719,sky,26.019449999999996
0.1423421,8.715939e-18,1.359502,sky,26.019449999999996
-0.0006989148,-4.279619e-20,1.499285,sky,26.019449999999996
-0.1437399,-8.801531e-18,1.639068,sky,26.019449999999996
-0.2867809,-1.756027e-17,1.778851,sky,26.019449999999996
-0.4298219,-2.6319e-17,1.918634,sky,26.019449999999996
-0.5728629,-3.507774e-17,2.058417,sky,26.019449999999996
