x,y,z,mattype,Wm2Front
1.5746,4.882972e-17,0.05,groundplane,1.9286900000000002
1.5746,0.0254,0.05,groundplane,1.928693
1.5746,0.0508,0.05,groundplane,1.928693
1.5746,0.0762,0.05,groundplane,1.928693
1.5746,0.1016,0.05,groundplane,1.928693
