x,y,z,rearMat,Wm2Back
0.7647104,4.682501e-17,1.265013,sky,108.2149
0.5734597,3.511428e-17,1.323521,sky,108.2149
0.3822089,2.340355e-17,1.382028,sky,108.2149
0.1909582,1.169282e-17,1.440536,sky,108.2149
-0.0002925386,-1.791282e-20,1.499044,sky,108.2149
-0.1915433,-1.172864e-17,1.557551,sky,108.2149
-0.382794,-2.343937e-17,1.616059,sky,108.2149
-0.5740448,-3.51501e-17,1.674567,sky,108.2149
-0.7652955,-4.686083e-17,1.733075,sky,108.2149
