x,y,z,mattype,Wm2Front
0.3746,3.050247e-17,0.05,groundplane,502.7534
0.3746,0.0254,0.05,groundplane,502.7554
0.3746,0.0508,0.05,groundplane,502.7552
0.3746,0.0762,0.05,groundplane,502.75499999999994
0.3746,0.1016,0.05,groundplane,502.7549000000001
