x,y,z,rearMat,Wm2Back
0.7827166,4.792757e-17,1.334605,sky,1.755024
0.5869861,3.594253e-17,1.375709,sky,1.755024
0.3912556,2.395749e-17,1.416813,sky,1.755024
0.195525,1.197245e-17,1.457917,sky,1.755024
-0.000205521,-1.258453e-20,1.499021,sky,1.755024
-0.1959361,-1.199762e-17,1.540126,sky,1.755024
-0.3916666,-2.398266e-17,1.58123,sky,1.755024
-0.5873971,-3.59677e-17,1.622334,sky,1.755024
-0.7831277,-4.795274e-17,1.663438,sky,1.755024
