x,y,z,rearMat,Wm2Back
0.6053992,3.707001e-17,0.9770346,sky,169.0038
0.4538862,2.779252e-17,1.107587,sky,169.0038
0.3023732,1.851502e-17,1.238139,sky,169.0038
0.1508602,9.237525e-18,1.36869,sky,169.0038
-0.0006527598,-3.997001e-20,1.499242,sky,169.0038
-0.1521658,-9.317465e-18,1.629794,sky,169.0038
-0.3036788,-1.859496e-17,1.760346,sky,169.0038
-0.4551918,-2.787246e-17,1.890898,sky,169.0038
-0.6067047,-3.714995e-17,2.02145,sky,169.0038
