x,y,z,mattype,Wm2Front
1.5746,3.247255e-17,0.05,groundplane,208.9733
1.5746,0.0254,0.05,groundplane,208.9713
1.5746,0.0508,0.05,groundplane,208.9705
1.5746,0.0762,0.05,groundplane,208.9698
1.5746,0.1016,0.05,groundplane,208.96899999999997
