x,y,z,rearMat,Wm2Back
0.7820464,4.788653e-17,1.331464,sky,5.305372
0.5864824,3.591169e-17,1.373353,sky,5.305372
0.3909185,2.393685e-17,1.415243,sky,5.305372
0.1953545,1.196201e-17,1.457133,sky,5.305372
-0.0002094479,-1.282499e-20,1.499022,sky,5.305372
-0.1957734,-1.198766e-17,1.540912,sky,5.305372
-0.3913374,-2.39625e-17,1.582801,sky,5.305372
-0.5869013,-3.593734e-17,1.624691,sky,5.305372
-0.7824653,-4.791218e-17,1.666581,sky,5.305372
