x,y,z,rearMat,Wm2Back
0.5547382,3.396792e-17,2.076426,sky,19.30954
0.416234,2.548698e-17,1.932146,sky,19.30954
0.2777298,1.700605e-17,1.787867,sky,19.30954
0.1392256,8.525109e-18,1.643587,sky,19.30954
0.0007213977,4.417287e-20,1.499307,sky,19.30954
-0.1377828,-8.436763e-18,1.355028,sky,19.30954
-0.276287,-1.69177e-17,1.210748,sky,19.30954
-0.4147912,-2.539864e-17,1.066469,sky,19.30954
-0.5532954,-3.387957e-17,0.9221893,sky,19.30954
