x,y,z,mattype,Wm2Front
0.3746,3.247255e-17,0.05,groundplane,361.77029999999996
0.3746,0.0254,0.05,groundplane,361.76770000000005
0.3746,0.0508,0.05,groundplane,361.76770000000005
0.3746,0.0762,0.05,groundplane,361.76759999999996
0.3746,0.1016,0.05,groundplane,361.7675
