x,y,z,rearMat,Wm2Back
0.5629978,3.447367e-17,0.9316388,sky,21.00617
0.422071,2.584439e-17,1.073553,sky,21.00617
0.2811441,1.721511e-17,1.215467,sky,21.00617
0.1402173,8.585832e-18,1.357381,sky,21.00617
-0.0007095707,-4.344868e-20,1.499295,sky,21.00617
-0.1416364,-8.672729e-18,1.64121,sky,21.00617
-0.2825633,-1.730201e-17,1.783124,sky,21.00617
-0.4234901,-2.593129e-17,1.925038,sky,21.00617
-0.5644169,-3.456057e-17,2.066952,sky,21.00617
