x,y,z,mattype,Wm2Front
0.3746,3.513436e-17,0.05,groundplane,198.2764
0.3746,0.0254,0.05,groundplane,198.2776
0.3746,0.0508,0.05,groundplane,198.27740000000003
0.3746,0.0762,0.05,groundplane,198.2772
0.3746,0.1016,0.05,groundplane,198.27699999999996
