x,y,z,mattype,Wm2Front
0.3746,3.247255e-17,0.05,groundplane,460.0474
0.3746,0.0254,0.05,groundplane,460.04580000000004
0.3746,0.0508,0.05,groundplane,460.0456
0.3746,0.0762,0.05,groundplane,460.0454
0.3746,0.1016,0.05,groundplane,460.0453
