x,y,z,mattype,Wm2Front
0.3746,4.808378e-17,0.05,groundplane,72.29117
0.3746,0.0254,0.05,groundplane,72.29221
0.3746,0.0508,0.05,groundplane,72.29218
0.3746,0.0762,0.05,groundplane,72.29215
0.3746,0.1016,0.05,groundplane,72.29213
