x,y,z,mattype,Wm2Front
1.5746,3.247255e-17,0.05,groundplane,413.6266
1.5746,0.0254,0.05,groundplane,413.6249
1.5746,0.0508,0.05,groundplane,413.6248
1.5746,0.0762,0.05,groundplane,413.62459999999993
1.5746,0.1016,0.05,groundplane,413.62450000000007
