x,y,z,mattype,Wm2Front
1.5746,4.516266e-17,0.05,groundplane,691.4164999999999
1.5746,0.0254,0.05,groundplane,691.4186
1.5746,0.0508,0.05,groundplane,691.4182
1.5746,0.0762,0.05,groundplane,691.4177
1.5746,0.1016,0.05,groundplane,691.4172
