x,y,z,mattype,Wm2Front
1.5746,4.899789e-17,0.05,groundplane,4.732561
1.5746,0.0254,0.05,groundplane,4.732406
1.5746,0.0508,0.05,groundplane,4.732406
1.5746,0.0762,0.05,groundplane,4.732406
1.5746,0.1016,0.05,groundplane,4.732405
