x,y,z,rearMat,Wm2Back
0.7997747,4.897208e-17,1.48099,sky,0.378967
0.5998254,3.672871e-17,1.485493,sky,0.378967
0.3998761,2.448535e-17,1.489995,sky,0.378967
0.1999268,1.224199e-17,1.494498,sky,0.378967
-2.251285e-05,-1.378514e-21,1.499,sky,0.378967
-0.1999718,-1.224474e-17,1.503503,sky,0.378967
-0.3999211,-2.448811e-17,1.508005,sky,0.378967
-0.5998704,-3.673147e-17,1.512508,sky,0.378967
-0.7998198,-4.897484e-17,1.517011,sky,0.378967
