x,y,z,mattype,Wm2Front
1.5746,4.17756e-17,0.05,groundplane,39.73849
1.5746,0.0254,0.05,groundplane,39.73862
1.5746,0.0508,0.05,groundplane,39.73862
1.5746,0.0762,0.05,groundplane,39.73862
1.5746,0.1016,0.05,groundplane,39.73861
