x,y,z,mattype,Wm2Front
0.3746,4.839627e-17,0.05,groundplane,38.05721
0.3746,0.0254,0.05,groundplane,38.05851
0.3746,0.0508,0.05,groundplane,38.05847
0.3746,0.0762,0.05,groundplane,38.05843
0.3746,0.1016,0.05,groundplane,38.05839
