x,y,z,mattype,Wm2Front
0.3746,4.408217e-17,0.05,groundplane,457.3077
0.3746,0.0254,0.05,groundplane,457.3082
0.3746,0.0508,0.05,groundplane,457.3079
0.3746,0.0762,0.05,groundplane,457.3075999999999
0.3746,0.1016,0.05,groundplane,457.3073
