x,y,z,rearMat,Wm2Back
0.6768927,4.144772e-17,1.9264,sky,52.07883
0.507803,3.109397e-17,1.819589,sky,52.07883
0.3387134,2.074021e-17,1.712777,sky,52.07883
0.1696237,1.038646e-17,1.605966,sky,52.07883
0.0005340573,3.270158e-20,1.499155,sky,52.07883
-0.1685556,-1.032105e-17,1.392343,sky,52.07883
-0.3376453,-2.067481e-17,1.285532,sky,52.07883
-0.5067349,-3.102857e-17,1.17872,sky,52.07883
-0.6758246,-4.138232e-17,1.071909,sky,52.07883
