x,y,z,mattype,Wm2Front
0.3746,4.887449e-17,0.05,groundplane,24.65689
0.3746,0.0254,0.05,groundplane,24.6564
0.3746,0.0508,0.05,groundplane,24.6564
0.3746,0.0762,0.05,groundplane,24.6564
0.3746,0.1016,0.05,groundplane,24.656410000000005
