x,y,z,mattype,Wm2Front
0.3746,4.277711e-17,0.05,groundplane,752.5832999999999
0.3746,0.0254,0.05,groundplane,752.5834
0.3746,0.0508,0.05,groundplane,752.583
0.3746,0.0762,0.05,groundplane,752.5826000000001
0.3746,0.1016,0.05,groundplane,752.5823
