x,y,z,rearMat,Wm2Back
0.5779725,3.539061e-17,0.9468737,sky,20.80331
0.4333068,2.653239e-17,1.084974,sky,20.80331
0.288641,1.767416e-17,1.223075,sky,20.80331
0.1439753,8.815942e-18,1.361176,sky,20.80331
-0.0006905038,-4.228116e-20,1.499277,sky,20.80331
-0.1453563,-8.900504e-18,1.637377,sky,20.80331
-0.290022,-1.775873e-17,1.775478,sky,20.80331
-0.4346878,-2.661695e-17,1.913579,sky,20.80331
-0.5793535,-3.547517e-17,2.05168,sky,20.80331
