x,y,z,mattype,Wm2Front
0.3746,4.114197e-17,0.05,groundplane,90.59559
0.3746,0.0254,0.05,groundplane,90.59556000000002
0.3746,0.0508,0.05,groundplane,90.59556000000002
0.3746,0.0762,0.05,groundplane,90.59555
0.3746,0.1016,0.05,groundplane,90.59555
