x,y,z,mattype,Wm2Front
0.3746,3.050247e-17,0.05,groundplane,355.0943
0.3746,0.0254,0.05,groundplane,355.1026
0.3746,0.0508,0.05,groundplane,355.1018000000001
0.3746,0.0762,0.05,groundplane,355.10099999999994
0.3746,0.1016,0.05,groundplane,355.10020000000003
