x,y,z,mattype,Wm2Front
1.5746,4.410829e-17,0.05,groundplane,690.6916
1.5746,0.0254,0.05,groundplane,690.6923
1.5746,0.0508,0.05,groundplane,690.6919000000001
1.5746,0.0762,0.05,groundplane,690.6915
1.5746,0.1016,0.05,groundplane,690.6911999999999
