x,y,z,mattype,Wm2Front
0.3746,4.126112e-17,0.05,groundplane,75.96665
0.3746,0.0254,0.05,groundplane,75.96667
0.3746,0.0508,0.05,groundplane,75.96666
0.3746,0.0762,0.05,groundplane,75.96664
0.3746,0.1016,0.05,groundplane,75.96664
