x,y,z,mattype,Wm2Front
0.3746,4.088801e-17,0.05,groundplane,242.7057
0.3746,0.0254,0.05,groundplane,242.7046
0.3746,0.0508,0.05,groundplane,242.70449999999997
0.3746,0.0762,0.05,groundplane,242.70449999999997
0.3746,0.1016,0.05,groundplane,242.7044
