x,y,z,mattype,Wm2Front
1.5746,3.692874e-17,0.05,groundplane,690.2267
1.5746,0.0254,0.05,groundplane,690.2264
1.5746,0.0508,0.05,groundplane,690.2261
1.5746,0.0762,0.05,groundplane,690.2259
1.5746,0.1016,0.05,groundplane,690.2256000000001
