x,y,z,mattype,Wm2Front
1.5746,3.42465e-17,0.05,groundplane,742.1735
1.5746,0.0254,0.05,groundplane,742.1767999999998
1.5746,0.0508,0.05,groundplane,742.1765
1.5746,0.0762,0.05,groundplane,742.176
1.5746,0.1016,0.05,groundplane,742.1757000000001
