x,y,z,mattype,Wm2Front
0.3746,4.137149e-17,0.05,groundplane,778.261
0.3746,0.0254,0.05,groundplane,778.261
0.3746,0.0508,0.05,groundplane,778.2607000000002
0.3746,0.0762,0.05,groundplane,778.2604
0.3746,0.1016,0.05,groundplane,778.2601
