x,y,z,mattype,Wm2Front
1.5746,4.857187e-17,0.05,groundplane,408.1017
1.5746,0.0254,0.05,groundplane,408.10639999999995
1.5746,0.0508,0.05,groundplane,408.1049
1.5746,0.0762,0.05,groundplane,408.1033
1.5746,0.1016,0.05,groundplane,408.1017
