x,y,z,rearMat,Wm2Back
0.6850025,4.194431e-17,1.086754,sky,9.888659
0.513623,3.145034e-17,1.189851,sky,9.888659
0.3422435,2.095637e-17,1.292948,sky,9.888659
0.170864,1.04624e-17,1.396046,sky,9.888659
-0.0005154868,-3.156446e-20,1.499143,sky,9.888659
-0.171895,-1.052553e-17,1.60224,sky,9.888659
-0.3432745,-2.10195e-17,1.705338,sky,9.888659
-0.514654,-3.151347e-17,1.808435,sky,9.888659
-0.6860335,-4.200744e-17,1.911533,sky,9.888659
