x,y,z,rearMat,Wm2Back
0.5177344,3.170209e-17,0.8901212,sky,46.24514
0.3881104,2.376491e-17,1.042429,sky,46.24514
0.2584864,1.582773e-17,1.194737,sky,46.24514
0.1288624,7.890549e-18,1.347044,sky,46.24514
-0.0007615383,-4.663077e-20,1.499352,sky,46.24514
-0.1303855,-7.98381e-18,1.65166,sky,46.24514
-0.2600095,-1.592099e-17,1.803967,sky,46.24514
-0.3896335,-2.385817e-17,1.956275,sky,46.24514
-0.5192575,-3.179535e-17,2.108583,sky,46.24514
