x,y,z,mattype,Wm2Front
0.3746,4.40082e-17,0.05,groundplane,170.96400000000003
0.3746,0.0254,0.05,groundplane,170.9668
0.3746,0.0508,0.05,groundplane,170.9668
0.3746,0.0762,0.05,groundplane,170.96670000000003
0.3746,0.1016,0.05,groundplane,170.9666
