x,y,z,mattype,Wm2Front
1.5746,4.568838e-17,0.05,groundplane,420.6023
1.5746,0.0254,0.05,groundplane,420.6104
1.5746,0.0508,0.05,groundplane,420.6084
1.5746,0.0762,0.05,groundplane,420.60639999999995
1.5746,0.1016,0.05,groundplane,420.6044
