x,y,z,mattype,Wm2Front
0.3746,4.650463e-17,0.05,groundplane,800.4299
0.3746,0.0254,0.05,groundplane,800.4329000000001
0.3746,0.0508,0.05,groundplane,800.4321999999999
0.3746,0.0762,0.05,groundplane,800.4315
0.3746,0.1016,0.05,groundplane,800.4308
