x,y,z,mattype,Wm2Front
0.3746,3.425262e-17,0.05,groundplane,100.3876
0.3746,0.0254,0.05,groundplane,100.3879
0.3746,0.0508,0.05,groundplane,100.3879
0.3746,0.0762,0.05,groundplane,100.38780000000001
0.3746,0.1016,0.05,groundplane,100.38780000000001
