x,y,z,rearMat,Wm2Back
0.678353,4.153714e-17,1.075927,sky,13.191650000000001
0.5086325,3.114476e-17,1.181733,sky,13.191650000000001
0.338912,2.075237e-17,1.287539,sky,13.191650000000001
0.1691915,1.035999e-17,1.393345,sky,13.191650000000001
-0.0005290309,-3.23938e-20,1.499151,sky,13.191650000000001
-0.1702495,-1.042478e-17,1.604958,sky,13.191650000000001
-0.3399701,-2.081716e-17,1.710764,sky,13.191650000000001
-0.5096906,-3.120955e-17,1.81657,sky,13.191650000000001
-0.6794111,-4.160193e-17,1.922376,sky,13.191650000000001
