x,y,z,rearMat,Wm2Back
0.6568273,4.021907e-17,1.043296,sky,15.31497
0.492478,3.015558e-17,1.157266,sky,15.31497
0.3281287,2.009209e-17,1.271237,sky,15.31497
0.1637794,1.00286e-17,1.385208,sky,15.31497
-0.0005698533,-3.489345e-20,1.499178,sky,15.31497
-0.1649191,-1.009838e-17,1.613149,sky,15.31497
-0.3292684,-2.016188e-17,1.72712,sky,15.31497
-0.4936177,-3.022537e-17,1.84109,sky,15.31497
-0.657967,-4.028886e-17,1.955061,sky,15.31497
