x,y,z,mattype,Wm2Front
1.5746,4.89961e-17,0.05,groundplane,501.36370000000005
1.5746,0.0254,0.05,groundplane,501.3667
1.5746,0.0508,0.05,groundplane,501.3651
1.5746,0.0762,0.05,groundplane,501.3635
1.5746,0.1016,0.05,groundplane,501.36179999999996
