x,y,z,mattype,Wm2Front
0.3746,3.050247e-17,0.05,groundplane,218.1477
0.3746,0.0254,0.05,groundplane,218.1523
0.3746,0.0508,0.05,groundplane,218.15199999999996
0.3746,0.0762,0.05,groundplane,218.1516
0.3746,0.1016,0.05,groundplane,218.1512
