x,y,z,mattype,Wm2Front
1.5746,4.85727e-17,0.05,groundplane,24.82597
1.5746,0.0254,0.05,groundplane,24.82521
1.5746,0.0508,0.05,groundplane,24.8252
1.5746,0.0762,0.05,groundplane,24.8252
1.5746,0.1016,0.05,groundplane,24.825190000000003
