x,y,z,rearMat,Wm2Back
0.7124148,4.362282e-17,1.136041,sky,11.11475
0.5341976,3.271017e-17,1.226808,sky,11.11475
0.3559805,2.179752e-17,1.317575,sky,11.11475
0.1777633,1.088486e-17,1.408342,sky,11.11475
-0.000453835,-2.778938e-20,1.499109,sky,11.11475
-0.178671,-1.094044e-17,1.589876,sky,11.11475
-0.3568881,-2.18531e-17,1.680643,sky,11.11475
-0.5351053,-3.276575e-17,1.77141,sky,11.11475
-0.7133224,-4.36784e-17,1.862177,sky,11.11475
