x,y,z,mattype,Wm2Front
0.3746,4.897627e-17,0.05,groundplane,902.732
0.3746,0.0254,0.05,groundplane,902.7323
0.3746,0.0508,0.05,groundplane,902.7319000000001
0.3746,0.0762,0.05,groundplane,902.7316
0.3746,0.1016,0.05,groundplane,902.7313
