x,y,z,mattype,Wm2Front
0.3746,4.899247e-17,0.05,groundplane,721.3618
0.3746,0.0254,0.05,groundplane,721.364
0.3746,0.0508,0.05,groundplane,721.3632000000001
0.3746,0.0762,0.05,groundplane,721.3624
0.3746,0.1016,0.05,groundplane,721.3615999999998
