x,y,z,mattype,Wm2Front
0.3746,4.869986e-17,0.05,groundplane,900.6306
0.3746,0.0254,0.05,groundplane,900.631
0.3746,0.0508,0.05,groundplane,900.6307
0.3746,0.0762,0.05,groundplane,900.6303000000001
0.3746,0.1016,0.05,groundplane,900.6299
