x,y,z,rearMat,Wm2Back
0.6395941,3.916384e-17,1.980542,sky,20.10082
0.479846,2.938209e-17,1.860207,sky,20.10082
0.3200979,1.960034e-17,1.739872,sky,20.10082
0.1603498,9.818592e-18,1.619536,sky,20.10082
0.0006016756,3.684201e-20,1.499201,sky,20.10082
-0.1591464,-9.744908e-18,1.378866,sky,20.10082
-0.3188945,-1.952666e-17,1.258531,sky,20.10082
-0.4786426,-2.930841e-17,1.138196,sky,20.10082
-0.6383908,-3.909016e-17,1.017861,sky,20.10082
