x,y,z,mattype,Wm2Front
1.5746,3.790061e-17,0.05,groundplane,728.1522
1.5746,0.0254,0.05,groundplane,728.1511
1.5746,0.0508,0.05,groundplane,728.1509
1.5746,0.0762,0.05,groundplane,728.1507
1.5746,0.1016,0.05,groundplane,728.1505000000001
