x,y,z,rearMat,Wm2Back
0.5843056,3.57784e-17,0.953568,sky,19.96364
0.4380587,2.682336e-17,1.089993,sky,19.96364
0.2918117,1.786832e-17,1.226418,sky,19.96364
0.1455648,8.913274e-18,1.362844,sky,19.96364
-0.000682126,-4.176817e-20,1.499269,sky,19.96364
-0.1469291,-8.99681e-18,1.635694,sky,19.96364
-0.293176,-1.795185e-17,1.772119,sky,19.96364
-0.4394229,-2.690689e-17,1.908544,sky,19.96364
-0.5856699,-3.586194e-17,2.04497,sky,19.96364
