x,y,z,mattype,Wm2Front
1.5746,4.653152e-17,0.05,groundplane,113.4035
1.5746,0.0254,0.05,groundplane,113.4069
1.5746,0.0508,0.05,groundplane,113.40680000000002
1.5746,0.0762,0.05,groundplane,113.40659999999998
1.5746,0.1016,0.05,groundplane,113.4065
