x,y,z,mattype,Wm2Front
1.5746,3.295014e-17,0.05,groundplane,67.56362
1.5746,0.0254,0.05,groundplane,67.56356
1.5746,0.0508,0.05,groundplane,67.56353
1.5746,0.0762,0.05,groundplane,67.56349
1.5746,0.1016,0.05,groundplane,67.56347
