x,y,z,mattype,Wm2Front
0.3746,4.489184e-17,0.05,groundplane,31.98958
0.3746,0.0254,0.05,groundplane,31.989549999999998
0.3746,0.0508,0.05,groundplane,31.98954
0.3746,0.0762,0.05,groundplane,31.98954
0.3746,0.1016,0.05,groundplane,31.98953
