x,y,z,mattype,Wm2Front
0.3746,4.877438e-17,0.05,groundplane,21.50769
0.3746,0.0254,0.05,groundplane,21.50794
0.3746,0.0508,0.05,groundplane,21.50794
0.3746,0.0762,0.05,groundplane,21.50793
0.3746,0.1016,0.05,groundplane,21.50792
