x,y,z,mattype,Wm2Front
0.3746,4.884874e-17,0.05,groundplane,11.69088
0.3746,0.0254,0.05,groundplane,11.69093
0.3746,0.0508,0.05,groundplane,11.69093
0.3746,0.0762,0.05,groundplane,11.69092
0.3746,0.1016,0.05,groundplane,11.69092
