x,y,z,mattype,Wm2Front
1.5746,3.996149e-17,0.05,groundplane,227.0249
1.5746,0.0254,0.05,groundplane,227.0276
1.5746,0.0508,0.05,groundplane,227.0275
1.5746,0.0762,0.05,groundplane,227.02740000000003
1.5746,0.1016,0.05,groundplane,227.0273
