x,y,z,mattype,Wm2Front
0.3746,4.715451e-17,0.05,groundplane,825.4943
0.3746,0.0254,0.05,groundplane,825.4957
0.3746,0.0508,0.05,groundplane,825.4951
0.3746,0.0762,0.05,groundplane,825.4945000000001
0.3746,0.1016,0.05,groundplane,825.4939
