x,y,z,rearMat,Wm2Back
0.6830475,4.18246e-17,1.08353,sky,90.60715999999998
0.5121558,3.13605e-17,1.187434,sky,90.60715999999998
0.341264,2.089639e-17,1.291338,sky,90.60715999999998
0.1703722,1.043229e-17,1.395242,sky,90.60715999999998
-0.0005195191,-3.181137e-20,1.499146,sky,90.60715999999998
-0.1714113,-1.049591e-17,1.603049,sky,90.60715999999998
-0.3423031,-2.096002e-17,1.706953,sky,90.60715999999998
-0.5131948,-3.142412e-17,1.810857,sky,90.60715999999998
-0.6840866,-4.188822e-17,1.914761,sky,90.60715999999998
