x,y,z,mattype,Wm2Front
1.5746,4.743896e-17,0.05,groundplane,95.26794
1.5746,0.0254,0.05,groundplane,95.26913
1.5746,0.0508,0.05,groundplane,95.2691
1.5746,0.0762,0.05,groundplane,95.26906000000001
1.5746,0.1016,0.05,groundplane,95.26903
