x,y,z,mattype,Wm2Front
0.3746,4.896245e-17,0.05,groundplane,438.1213
0.3746,0.0254,0.05,groundplane,438.1238
0.3746,0.0508,0.05,groundplane,438.1227999999999
0.3746,0.0762,0.05,groundplane,438.12180000000006
0.3746,0.1016,0.05,groundplane,438.1208
