x,y,z,mattype,Wm2Front
1.5746,4.898626e-17,0.05,groundplane,11.79959
1.5746,0.0254,0.05,groundplane,11.799439999999999
1.5746,0.0508,0.05,groundplane,11.799439999999999
1.5746,0.0762,0.05,groundplane,11.79943
1.5746,0.1016,0.05,groundplane,11.79943
