x,y,z,rearMat,Wm2Back
0.6084012,3.725383e-17,0.9805301,sky,10.39817
0.4561388,2.793045e-17,1.110207,sky,10.39817
0.3038764,1.860706e-17,1.239884,sky,10.39817
0.151614,9.283681e-18,1.369562,sky,10.39817
-0.0006483857,-3.970217e-20,1.499239,sky,10.39817
-0.1529108,-9.363086e-18,1.628916,sky,10.39817
-0.3051732,-1.868647e-17,1.758593,sky,10.39817
-0.4574356,-2.800985e-17,1.88827,sky,10.39817
-0.609698,-3.733324e-17,2.017947,sky,10.39817
