x,y,z,rearMat,Wm2Back
0.6503317,3.982133e-17,1.965907,sky,17.35097
0.4878946,2.987493e-17,1.849227,sky,17.35097
0.3254575,1.992853e-17,1.732548,sky,17.35097
0.1630205,9.982125e-18,1.615868,sky,17.35097
0.0005833995,3.572291e-20,1.499188,sky,17.35097
-0.1618537,-9.910679e-18,1.382508,sky,17.35097
-0.3242907,-1.985708e-17,1.265828,sky,17.35097
-0.4867278,-2.980348e-17,1.149148,sky,17.35097
-0.6491649,-3.974989e-17,1.032468,sky,17.35097
