x,y,z,rearMat,Wm2Back
0.699956,4.285994e-17,1.112621,sky,23.21763
0.5248462,3.213756e-17,1.209247,sky,23.21763
0.3497364,2.141518e-17,1.305873,sky,23.21763
0.1746266,1.06928e-17,1.402499,sky,23.21763
-0.0004831296,-2.958315e-20,1.499124,sky,23.21763
-0.1755929,-1.075196e-17,1.59575,sky,23.21763
-0.3507027,-2.147435e-17,1.692376,sky,23.21763
-0.5258124,-3.219673e-17,1.789002,sky,23.21763
-0.7009222,-4.291911e-17,1.885628,sky,23.21763
