x,y,z,rearMat,Wm2Back
0.7773006,4.759594e-17,1.310779,sky,4.048594
0.5829167,3.569335e-17,1.357841,sky,4.048594
0.3885327,2.379076e-17,1.404903,sky,4.048594
0.1941487,1.188818e-17,1.451966,sky,4.048594
-0.0002353117,-1.440869e-20,1.499028,sky,4.048594
-0.1946193,-1.1917e-17,1.54609,sky,4.048594
-0.3890033,-2.381958e-17,1.593153,sky,4.048594
-0.5833873,-3.572217e-17,1.640215,sky,4.048594
-0.7777713,-4.762475e-17,1.687277,sky,4.048594
