x,y,z,mattype,Wm2Front
0.3746,4.12254e-17,0.05,groundplane,714.8092
0.3746,0.0254,0.05,groundplane,714.8119
0.3746,0.0508,0.05,groundplane,714.8113
0.3746,0.0762,0.05,groundplane,714.8107999999999
0.3746,0.1016,0.05,groundplane,714.8103
