x,y,z,rearMat,Wm2Back
0.6389225,3.912272e-17,1.981434,sky,53.74151
0.4793426,2.935127e-17,1.860876,sky,53.74151
0.3197627,1.957982e-17,1.740318,sky,53.74151
0.1601827,9.808363e-18,1.61976,sky,53.74151
0.0006027903,3.691026e-20,1.499202,sky,53.74151
-0.1589771,-9.734542e-18,1.378644,sky,53.74151
-0.3185571,-1.950599e-17,1.258086,sky,53.74151
-0.478137,-2.927745e-17,1.137528,sky,53.74151
-0.6377169,-3.90489e-17,1.01697,sky,53.74151
