x,y,z,rearMat,Wm2Back
0.7494928,4.58932e-17,1.779753,sky,71.66337
0.5622073,3.442527e-17,1.70958,sky,71.66337
0.3749218,2.295734e-17,1.639408,sky,71.66337
0.1876364,1.148941e-17,1.569236,sky,71.66337
0.0003508612,2.148405e-20,1.499064,sky,71.66337
-0.1869346,-1.144644e-17,1.428891,sky,71.66337
-0.3742201,-2.291437e-17,1.358719,sky,71.66337
-0.5615056,-3.43823e-17,1.288547,sky,71.66337
-0.7487911,-4.585023e-17,1.218375,sky,71.66337
