x,y,z,rearMat,Wm2Back
0.547418,3.351969e-17,0.916618,sky,23.06034
0.4103814,2.512861e-17,1.062292,sky,23.06034
0.2733448,1.673754e-17,1.207966,sky,23.06034
0.1363082,8.346472e-18,1.353641,sky,23.06034
-0.000728371,-4.459986e-20,1.499315,sky,23.06034
-0.137765,-8.435671e-18,1.644989,sky,23.06034
-0.2748016,-1.682674e-17,1.790663,sky,23.06034
-0.4118382,-2.521781e-17,1.936337,sky,23.06034
-0.5488748,-3.360889e-17,2.082012,sky,23.06034
