x,y,z,rearMat,Wm2Back
0.6613636,4.049684e-17,1.95011,sky,26.783599999999996
0.4961636,3.038126e-17,1.837376,sky,26.783599999999996
0.3309636,2.026568e-17,1.724642,sky,26.783599999999996
0.1657637,1.01501e-17,1.611908,sky,26.783599999999996
0.0005636702,3.451485e-20,1.499174,sky,26.783599999999996
-0.1646363,-1.008107e-17,1.38644,sky,26.783599999999996
-0.3298363,-2.019665e-17,1.273706,sky,26.783599999999996
-0.4950363,-3.031223e-17,1.160972,sky,26.783599999999996
-0.6602363,-4.042781e-17,1.048238,sky,26.783599999999996
