x,y,z,rearMat,Wm2Back
0.7158335,4.383216e-17,1.857188,sky,18.60642
0.536987,3.288097e-17,1.767668,sky,18.60642
0.3581406,2.192978e-17,1.678147,sky,18.60642
0.1792941,1.09786e-17,1.588626,sky,18.60642
0.000447603,2.740778e-20,1.499106,sky,18.60642
-0.1783989,-1.092378e-17,1.409585,sky,18.60642
-0.3572453,-2.187497e-17,1.320065,sky,18.60642
-0.5360918,-3.282616e-17,1.230544,sky,18.60642
-0.7149383,-4.377734e-17,1.141023,sky,18.60642
