x,y,z,mattype,Wm2Front
0.3746,3.595691e-17,0.05,groundplane,798.5251
0.3746,0.0254,0.05,groundplane,798.5225
0.3746,0.0508,0.05,groundplane,798.5219000000001
0.3746,0.0762,0.05,groundplane,798.5212
0.3746,0.1016,0.05,groundplane,798.5206
