x,y,z,mattype,Wm2Front
0.3746,4.636253e-17,0.05,groundplane,125.3317
0.3746,0.0254,0.05,groundplane,125.3331
0.3746,0.0508,0.05,groundplane,125.3331
0.3746,0.0762,0.05,groundplane,125.33300000000001
0.3746,0.1016,0.05,groundplane,125.33300000000001
