x,y,z,mattype,Wm2Front
1.5746,4.84228e-17,0.05,groundplane,53.87661
1.5746,0.0254,0.05,groundplane,53.87717
1.5746,0.0508,0.05,groundplane,53.87717
1.5746,0.0762,0.05,groundplane,53.87716
1.5746,0.1016,0.05,groundplane,53.87716
