x,y,z,mattype,Wm2Front
0.3746,3.050247e-17,0.05,groundplane,353.2574
0.3746,0.0254,0.05,groundplane,353.2597
0.3746,0.0508,0.05,groundplane,353.25960000000003
0.3746,0.0762,0.05,groundplane,353.2594000000001
0.3746,0.1016,0.05,groundplane,353.2592
