x,y,z,rearMat,Wm2Back
0.7426771,4.547586e-17,1.202625,sky,20.33077
0.5569152,3.410122e-17,1.276737,sky,20.33077
0.3711533,2.272658e-17,1.350848,sky,20.33077
0.1853914,1.135195e-17,1.42496,sky,20.33077
-0.0003705574,-2.26901e-20,1.499071,sky,20.33077
-0.1861325,-1.139733e-17,1.573183,sky,20.33077
-0.3718944,-2.277196e-17,1.647294,sky,20.33077
-0.5576563,-3.41466e-17,1.721406,sky,20.33077
-0.7434182,-4.552124e-17,1.795517,sky,20.33077
