x,y,z,rearMat,Wm2Back
0.6725928,4.118443e-17,1.066849,sky,30.84472
0.5043095,3.088005e-17,1.174926,sky,30.84472
0.3360262,2.057567e-17,1.283004,sky,30.84472
0.1677429,1.027129e-17,1.391081,sky,30.84472
-0.0005403872,-3.308917e-20,1.499159,sky,30.84472
-0.1688237,-1.033747e-17,1.607236,sky,30.84472
-0.337107,-2.064185e-17,1.715313,sky,30.84472
-0.5053903,-3.094623e-17,1.823391,sky,30.84472
-0.6736736,-4.125061e-17,1.931468,sky,30.84472
