x,y,z,mattype,Wm2Front
1.5746,3.75073e-17,0.05,groundplane,710.8575
1.5746,0.0254,0.05,groundplane,710.8569000000001
1.5746,0.0508,0.05,groundplane,710.8566999999999
1.5746,0.0762,0.05,groundplane,710.8564
1.5746,0.1016,0.05,groundplane,710.8561999999998
