x,y,z,rearMat,Wm2Back
0.6883924,4.215188e-17,1.907574,sky,16.02816
0.5164219,3.162172e-17,1.805466,sky,16.02816
0.3444515,2.109157e-17,1.703357,sky,16.02816
0.172481,1.056142e-17,1.601249,sky,16.02816
0.0005105429,3.126174e-20,1.49914,sky,16.02816
-0.1714599,-1.049889e-17,1.397032,sky,16.02816
-0.3434304,-2.102904e-17,1.294923,sky,16.02816
-0.5154008,-3.15592e-17,1.192814,sky,16.02816
-0.6873713,-4.208935e-17,1.090706,sky,16.02816
