x,y,z,mattype,Wm2Front
1.5746,3.247255e-17,0.05,groundplane,406.49959999999993
1.5746,0.0254,0.05,groundplane,406.4983
1.5746,0.0508,0.05,groundplane,406.4983
1.5746,0.0762,0.05,groundplane,406.4982
1.5746,0.1016,0.05,groundplane,406.4982
