x,y,z,mattype,Wm2Front
1.5746,4.738493e-17,0.05,groundplane,806.3475
1.5746,0.0254,0.05,groundplane,806.3530999999999
1.5746,0.0508,0.05,groundplane,806.3512999999999
1.5746,0.0762,0.05,groundplane,806.3494999999999
1.5746,0.1016,0.05,groundplane,806.3476999999999
