x,y,z,rearMat,Wm2Back
0.7877536,4.8236e-17,1.639446,sky,110.0319
0.5908591,3.617968e-17,1.604339,sky,110.0319
0.3939646,2.412337e-17,1.569231,sky,110.0319
0.1970701,1.206706e-17,1.534123,sky,110.0319
0.0001755386,1.074864e-20,1.499016,sky,110.0319
-0.196719,-1.204556e-17,1.463908,sky,110.0319
-0.3936135,-2.410187e-17,1.4288,sky,110.0319
-0.590508,-3.615819e-17,1.393692,sky,110.0319
-0.7874025,-4.82145e-17,1.358585,sky,110.0319
