x,y,z,mattype,Wm2Front
1.5746,4.549719e-17,0.05,groundplane,704.5175
1.5746,0.0254,0.05,groundplane,704.5213
1.5746,0.0508,0.05,groundplane,704.5203
1.5746,0.0762,0.05,groundplane,704.5193
1.5746,0.1016,0.05,groundplane,704.5183000000001
