x,y,z,rearMat,Wm2Back
0.763177,4.673111e-17,1.26008,sky,16.92173
0.5723081,3.504376e-17,1.319821,sky,16.92173
0.3814392,2.335641e-17,1.379563,sky,16.92173
0.1905702,1.166906e-17,1.439304,sky,16.92173
-0.0002987077,-1.829057e-20,1.499046,sky,16.92173
-0.1911676,-1.170564e-17,1.558787,sky,16.92173
-0.3820366,-2.339299e-17,1.618529,sky,16.92173
-0.5729055,-3.508034e-17,1.67827,sky,16.92173
-0.7637744,-4.67677e-17,1.738012,sky,16.92173
