x,y,z,rearMat,Wm2Back
0.6588138,4.034071e-17,1.046166,sky,43.72021
0.4939688,3.024686e-17,1.159418,sky,43.72021
0.3291238,2.015302e-17,1.272671,sky,43.72021
0.1642787,1.005917e-17,1.385923,sky,43.72021
-0.0005662624,-3.467357e-20,1.499176,sky,43.72021
-0.1654113,-1.012852e-17,1.612428,sky,43.72021
-0.3302563,-2.022236e-17,1.725681,sky,43.72021
-0.4951013,-3.031621e-17,1.838933,sky,43.72021
-0.6599463,-4.041006e-17,1.952186,sky,43.72021
