x,y,z,rearMat,Wm2Back
0.7425732,4.54695e-17,1.202366,sky,14.09458
0.5568372,3.409645e-17,1.276542,sky,14.09458
0.3711012,2.272339e-17,1.350719,sky,14.09458
0.1853651,1.135034e-17,1.424895,sky,14.09458
-0.0003708816,-2.270995e-20,1.499071,sky,14.09458
-0.1861069,-1.139576e-17,1.573248,sky,14.09458
-0.3718429,-2.276881e-17,1.647424,sky,14.09458
-0.557579,-3.414187e-17,1.7216,sky,14.09458
-0.743315,-4.551492e-17,1.795777,sky,14.09458
