x,y,z,rearMat,Wm2Back
0.7622502,4.667436e-17,1.257151,sky,4.86551
0.571612,3.500114e-17,1.317625,sky,4.86551
0.3809739,2.332792e-17,1.378099,sky,4.86551
0.1903358,1.16547e-17,1.438573,sky,4.86551
-0.0003023699,-1.851482e-20,1.499047,sky,4.86551
-0.1909405,-1.169173e-17,1.559521,sky,4.86551
-0.3815786,-2.336495e-17,1.619995,sky,4.86551
-0.5722168,-3.503817e-17,1.680469,sky,4.86551
-0.7628549,-4.671139e-17,1.740943,sky,4.86551
