x,y,z,mattype,Wm2Front
1.5746,4.721909e-17,0.05,groundplane,440.1614
1.5746,0.0254,0.05,groundplane,440.16529999999995
1.5746,0.0508,0.05,groundplane,440.1628
1.5746,0.0762,0.05,groundplane,440.1604
1.5746,0.1016,0.05,groundplane,440.1580000000001
