x,y,z,mattype,Wm2Front
0.3746,4.53496e-17,0.05,groundplane,812.9885
0.3746,0.0254,0.05,groundplane,812.9910999999998
0.3746,0.0508,0.05,groundplane,812.9904
0.3746,0.0762,0.05,groundplane,812.9897
0.3746,0.1016,0.05,groundplane,812.989
