x,y,z,mattype,Wm2Front
1.5746,4.467662e-17,0.05,groundplane,173.8139
1.5746,0.0254,0.05,groundplane,173.8124
1.5746,0.0508,0.05,groundplane,173.8124
1.5746,0.0762,0.05,groundplane,173.81229999999996
1.5746,0.1016,0.05,groundplane,173.81229999999996
