x,y,z,mattype,Wm2Front
1.5746,4.466959e-17,0.05,groundplane,843.8572
1.5746,0.0254,0.05,groundplane,843.8570999999998
1.5746,0.0508,0.05,groundplane,843.8568
1.5746,0.0762,0.05,groundplane,843.8564
1.5746,0.1016,0.05,groundplane,843.8561
