x,y,z,mattype,Wm2Front
1.5746,3.957171e-17,0.05,groundplane,247.72580000000002
1.5746,0.0254,0.05,groundplane,247.7282
1.5746,0.0508,0.05,groundplane,247.7281
1.5746,0.0762,0.05,groundplane,247.72799999999998
1.5746,0.1016,0.05,groundplane,247.7279
