x,y,z,mattype,Wm2Front
1.5746,3.050247e-17,0.05,groundplane,102.1087
1.5746,0.0254,0.05,groundplane,102.113
1.5746,0.0508,0.05,groundplane,102.1126
1.5746,0.0762,0.05,groundplane,102.11219999999999
1.5746,0.1016,0.05,groundplane,102.1118
