x,y,z,rearMat,Wm2Back
0.7973352,4.88227e-17,1.56525,sky,1.042314
0.5980221,3.661829e-17,1.548688,sky,1.042314
0.398709,2.441389e-17,1.532127,sky,1.042314
0.1993959,1.220948e-17,1.515565,sky,1.042314
8.280821e-05,5.07054e-21,1.499003,sky,1.042314
-0.1992303,-1.219934e-17,1.482442,sky,1.042314
-0.3985434,-2.440374e-17,1.46588,sky,1.042314
-0.5978565,-3.660815e-17,1.449319,sky,1.042314
-0.7971696,-4.881256e-17,1.432757,sky,1.042314
