x,y,z,mattype,Wm2Front
0.3746,4.601045e-17,0.05,groundplane,767.0557
0.3746,0.0254,0.05,groundplane,767.0559
0.3746,0.0508,0.05,groundplane,767.0552000000001
0.3746,0.0762,0.05,groundplane,767.0544999999998
0.3746,0.1016,0.05,groundplane,767.0538
