x,y,z,mattype,Wm2Front
1.5746,4.273114e-17,0.05,groundplane,759.6444
1.5746,0.0254,0.05,groundplane,759.6444
1.5746,0.0508,0.05,groundplane,759.6439999999999
1.5746,0.0762,0.05,groundplane,759.6437
1.5746,0.1016,0.05,groundplane,759.6434
