x,y,z,mattype,Wm2Front
1.5746,4.738493e-17,0.05,groundplane,96.71674
1.5746,0.0254,0.05,groundplane,96.71916
1.5746,0.0508,0.05,groundplane,96.71918
1.5746,0.0762,0.05,groundplane,96.71918999999998
1.5746,0.1016,0.05,groundplane,96.71921000000002
