x,y,z,mattype,Wm2Front
0.3746,4.060773e-17,0.05,groundplane,82.48001
0.3746,0.0254,0.05,groundplane,82.47749
0.3746,0.0508,0.05,groundplane,82.47738
0.3746,0.0762,0.05,groundplane,82.47728
0.3746,0.1016,0.05,groundplane,82.47717
