x,y,z,mattype,Wm2Front
1.5746,4.870741e-17,0.05,groundplane,741.6339000000002
1.5746,0.0254,0.05,groundplane,741.6354
1.5746,0.0508,0.05,groundplane,741.6349999999999
1.5746,0.0762,0.05,groundplane,741.6346
1.5746,0.1016,0.05,groundplane,741.6342
