x,y,z,mattype,Wm2Front
0.3746,3.718206e-17,0.05,groundplane,75.91218
0.3746,0.0254,0.05,groundplane,75.91568
0.3746,0.0508,0.05,groundplane,75.91554
0.3746,0.0762,0.05,groundplane,75.91541
0.3746,0.1016,0.05,groundplane,75.91527
