x,y,z,rearMat,Wm2Back
0.6476929,3.965975e-17,1.030431,sky,87.17516
0.4856232,2.973584e-17,1.147621,sky,87.17516
0.3235535,1.981194e-17,1.26481,sky,87.17516
0.1614838,9.888029e-18,1.382,sky,87.17516
-0.0005859481,-3.587898e-20,1.49919,sky,87.17516
-0.1626557,-9.959787e-18,1.616379,sky,87.17516
-0.3247254,-1.988369e-17,1.733569,sky,87.17516
-0.4867951,-2.98076e-17,1.850759,sky,87.17516
-0.6488648,-3.973151e-17,1.967948,sky,87.17516
