x,y,z,mattype,Wm2Front
0.3746,4.823639e-17,0.05,groundplane,722.1782
0.3746,0.0254,0.05,groundplane,722.1823
0.3746,0.0508,0.05,groundplane,722.1803999999998
0.3746,0.0762,0.05,groundplane,722.1785999999998
0.3746,0.1016,0.05,groundplane,722.1767999999998
