x,y,z,rearMat,Wm2Back
0.527599,3.230612e-17,2.101365,sky,27.654880000000002
0.3958874,2.424111e-17,1.950859,sky,27.654880000000002
0.2641758,1.61761e-17,1.800353,sky,27.654880000000002
0.1324642,8.11109e-18,1.649847,sky,27.654880000000002
0.0007525299,4.607916e-20,1.499341,sky,27.654880000000002
-0.1309591,-8.018932e-18,1.348835,sky,27.654880000000002
-0.2626707,-1.608394e-17,1.198329,sky,27.654880000000002
-0.3943823,-2.414895e-17,1.047824,sky,27.654880000000002
-0.526094,-3.221397e-17,0.8973176,sky,27.654880000000002
