x,y,z,mattype,Wm2Front
0.3746,4.614511e-17,0.05,groundplane,56.95935
0.3746,0.0254,0.05,groundplane,56.96081999999999
0.3746,0.0508,0.05,groundplane,56.96084
0.3746,0.0762,0.05,groundplane,56.96087
0.3746,0.1016,0.05,groundplane,56.96089
