x,y,z,mattype,Wm2Front
0.3746,4.882192e-17,0.05,groundplane,810.0009
0.3746,0.0254,0.05,groundplane,810.0031
0.3746,0.0508,0.05,groundplane,810.0024
0.3746,0.0762,0.05,groundplane,810.0017000000001
0.3746,0.1016,0.05,groundplane,810.0009999999999
