x,y,z,mattype,Wm2Front
0.3746,4.788453e-17,0.05,groundplane,868.3105
0.3746,0.0254,0.05,groundplane,868.3116999999999
0.3746,0.0508,0.05,groundplane,868.3113
0.3746,0.0762,0.05,groundplane,868.311
0.3746,0.1016,0.05,groundplane,868.3106000000001
