x,y,z,mattype,Wm2Front
0.3746,4.626474e-17,0.05,groundplane,795.6171
0.3746,0.0254,0.05,groundplane,795.6187999999999
0.3746,0.0508,0.05,groundplane,795.6183
0.3746,0.0762,0.05,groundplane,795.6178
0.3746,0.1016,0.05,groundplane,795.6173
