x,y,z,rearMat,Wm2Back
0.7999747,4.898432e-17,1.493555,sky,34.90239
0.5999793,3.673814e-17,1.494916,sky,34.90239
0.3999839,2.449195e-17,1.496277,sky,34.90239
0.1999886,1.224577e-17,1.497639,sky,34.90239
-6.806732e-06,-4.167921e-22,1.499,sky,34.90239
-0.2000022,-1.22466e-17,1.500361,sky,34.90239
-0.3999975,-2.449279e-17,1.501723,sky,34.90239
-0.5999929,-3.673897e-17,1.503084,sky,34.90239
-0.7999883,-4.898515e-17,1.504445,sky,34.90239
