x,y,z,rearMat,Wm2Back
0.6585225,4.032287e-17,1.954257,sky,22.041299999999996
0.4940341,3.025086e-17,1.840487,sky,22.041299999999996
0.3295456,2.017885e-17,1.726717,sky,22.041299999999996
0.1650572,1.010684e-17,1.612947,sky,22.041299999999996
0.000568849,3.483195e-20,1.499178,sky,22.041299999999996
-0.1639196,-1.003718e-17,1.385408,sky,22.041299999999996
-0.328408,-2.010919e-17,1.271638,sky,22.041299999999996
-0.4928964,-3.01812e-17,1.157868,sky,22.041299999999996
-0.6573848,-4.025321e-17,1.044098,sky,22.041299999999996
