x,y,z,rearMat,Wm2Back
0.6004436,3.676657e-17,0.9713522,sky,66.41204
0.4501677,2.756482e-17,1.103326,sky,66.41204
0.2998919,1.836308e-17,1.2353,sky,66.41204
0.149616,9.161337e-18,1.367275,sky,66.41204
-0.0006598705,-4.040542e-20,1.499249,sky,66.41204
-0.1509357,-9.242148e-18,1.631223,sky,66.41204
-0.3012116,-1.844389e-17,1.763197,sky,66.41204
-0.4514875,-2.764563e-17,1.895171,sky,66.41204
-0.6017633,-3.684738e-17,2.027145,sky,66.41204
