x,y,z,mattype,Wm2Front
0.3746,4.689303e-17,0.05,groundplane,857.835
0.3746,0.0254,0.05,groundplane,857.8363
0.3746,0.0508,0.05,groundplane,857.8359
0.3746,0.0762,0.05,groundplane,857.8356
0.3746,0.1016,0.05,groundplane,857.8350999999999
