x,y,z,mattype,Wm2Front
1.5746,4.599867e-17,0.05,groundplane,846.4023000000001
1.5746,0.0254,0.05,groundplane,846.4023000000001
1.5746,0.0508,0.05,groundplane,846.4019
1.5746,0.0762,0.05,groundplane,846.4016
1.5746,0.1016,0.05,groundplane,846.4011999999999
