x,y,z,rearMat,Wm2Back
0.6393152,3.914677e-17,1.019087,sky,17.00753
0.4793364,2.935089e-17,1.139115,sky,17.00753
0.3193575,1.955501e-17,1.259144,sky,17.00753
0.1593787,9.759131e-18,1.379172,sky,17.00753
-0.000600141,-3.674804e-20,1.4992,sky,17.00753
-0.160579,-9.832627e-18,1.619228,sky,17.00753
-0.3205578,-1.962851e-17,1.739257,sky,17.00753
-0.4805367,-2.942438e-17,1.859285,sky,17.00753
-0.6405155,-3.922026e-17,1.979313,sky,17.00753
