x,y,z,rearMat,Wm2Back
0.7838613,4.799766e-17,1.659883,sky,4.937617
0.5879462,3.600132e-17,1.619667,sky,4.937617
0.3920312,2.400499e-17,1.579452,sky,4.937617
0.1961161,1.200865e-17,1.539236,sky,4.937617
0.0002010779,1.231247e-20,1.49902,sky,4.937617
-0.195714,-1.198402e-17,1.458805,sky,4.937617
-0.391629,-2.398036e-17,1.418589,sky,4.937617
-0.5875441,-3.59767e-17,1.378374,sky,4.937617
-0.7834591,-4.797304e-17,1.338158,sky,4.937617
