x,y,z,mattype,Wm2Front
0.3746,4.789359e-17,0.05,groundplane,706.9744999999999
0.3746,0.0254,0.05,groundplane,706.9753
0.3746,0.0508,0.05,groundplane,706.9749
0.3746,0.0762,0.05,groundplane,706.9744999999999
0.3746,0.1016,0.05,groundplane,706.9742
