x,y,z,rearMat,Wm2Back
0.6572514,4.024504e-17,1.956094,sky,65.69552
0.4930813,3.019252e-17,1.841865,sky,65.69552
0.3289113,2.014001e-17,1.727637,sky,65.69552
0.1647412,1.008749e-17,1.613408,sky,65.69552
0.0005711434,3.497245e-20,1.499179,sky,65.69552
-0.1635989,-1.001754e-17,1.38495,sky,65.69552
-0.327769,-2.007006e-17,1.270722,sky,65.69552
-0.491939,-3.012258e-17,1.156493,sky,65.69552
-0.6561091,-4.017509e-17,1.042264,sky,65.69552
