x,y,z,mattype,Wm2Front
1.5746,4.865638e-17,0.05,groundplane,41.21147
1.5746,0.0254,0.05,groundplane,41.21082
1.5746,0.0508,0.05,groundplane,41.21083
1.5746,0.0762,0.05,groundplane,41.21083
1.5746,0.1016,0.05,groundplane,41.21084
