x,y,z,mattype,Wm2Front
0.3746,3.566071e-17,0.05,groundplane,704.23
0.3746,0.0254,0.05,groundplane,704.2324
0.3746,0.0508,0.05,groundplane,704.2320999999998
0.3746,0.0762,0.05,groundplane,704.2318
0.3746,0.1016,0.05,groundplane,704.2314
