x,y,z,mattype,Wm2Front
0.3746,4.719845e-17,0.05,groundplane,833.6517
0.3746,0.0254,0.05,groundplane,833.6520999999999
0.3746,0.0508,0.05,groundplane,833.6516
0.3746,0.0762,0.05,groundplane,833.6511999999999
0.3746,0.1016,0.05,groundplane,833.6508
