x,y,z,mattype,Wm2Front
1.5746,4.743625e-17,0.05,groundplane,58.84168
1.5746,0.0254,0.05,groundplane,58.84035
1.5746,0.0508,0.05,groundplane,58.84032
1.5746,0.0762,0.05,groundplane,58.84029
1.5746,0.1016,0.05,groundplane,58.84026
