x,y,z,mattype,Wm2Front
0.3746,3.050247e-17,0.05,groundplane,198.18909999999997
0.3746,0.0254,0.05,groundplane,198.19500000000002
0.3746,0.0508,0.05,groundplane,198.1948
0.3746,0.0762,0.05,groundplane,198.1946
0.3746,0.1016,0.05,groundplane,198.1944
