x,y,z,mattype,Wm2Front
0.3746,4.546769e-17,0.05,groundplane,79.05066
0.3746,0.0254,0.05,groundplane,79.05069
0.3746,0.0508,0.05,groundplane,79.05067
0.3746,0.0762,0.05,groundplane,79.05067
0.3746,0.1016,0.05,groundplane,79.05065
