x,y,z,rearMat,Wm2Back
0.6931584,4.244371e-17,1.100585,sky,20.16461
0.5197442,3.182516e-17,1.200222,sky,20.16461
0.3463301,2.12066e-17,1.299859,sky,20.16461
0.172916,1.058805e-17,1.399496,sky,20.16461
-0.0004981851,-3.050504e-20,1.499133,sky,20.16461
-0.1739123,-1.064906e-17,1.59877,sky,20.16461
-0.3473265,-2.126761e-17,1.698407,sky,20.16461
-0.5207406,-3.188617e-17,1.798044,sky,20.16461
-0.6941547,-4.250472e-17,1.897681,sky,20.16461
