x,y,z,rearMat,Wm2Back
0.7859391,4.812489e-17,1.649334,sky,11.71758
0.5895013,3.609654e-17,1.611755,sky,11.71758
0.3930635,2.40682e-17,1.574176,sky,11.71758
0.1966257,1.203985e-17,1.536597,sky,11.71758
0.0001878956,1.150529e-20,1.499018,sky,11.71758
-0.1962499,-1.201684e-17,1.461439,sky,11.71758
-0.3926877,-2.404519e-17,1.42386,sky,11.71758
-0.5891255,-3.607353e-17,1.38628,sky,11.71758
-0.7855633,-4.810188e-17,1.348701,sky,11.71758
