x,y,z,mattype,Wm2Front
0.3746,4.892651e-17,0.05,groundplane,952.1417
0.3746,0.0254,0.05,groundplane,952.1428
0.3746,0.0508,0.05,groundplane,952.1421999999999
0.3746,0.0762,0.05,groundplane,952.1416
0.3746,0.1016,0.05,groundplane,952.1409
