x,y,z,rearMat,Wm2Back
0.7563773,4.631475e-17,1.760565,sky,20.80071
0.5673647,3.474107e-17,1.695188,sky,20.80071
0.3783521,2.316739e-17,1.62981,sky,20.80071
0.1893395,1.15937e-17,1.564433,sky,20.80071
0.000326888,2.001612e-20,1.499055,sky,20.80071
-0.1886857,-1.155367e-17,1.433677,sky,20.80071
-0.3776983,-2.312735e-17,1.3683,sky,20.80071
-0.566711,-3.470104e-17,1.302922,sky,20.80071
-0.7557236,-4.627472e-17,1.237545,sky,20.80071
