x,y,z,mattype,Wm2Front
1.5746,4.720993e-17,0.05,groundplane,788.0339
1.5746,0.0254,0.05,groundplane,788.0344
1.5746,0.0508,0.05,groundplane,788.0339
1.5746,0.0762,0.05,groundplane,788.0333999999999
1.5746,0.1016,0.05,groundplane,788.033
