x,y,z,mattype,Wm2Front
1.5746,4.9e-17,0.05,groundplane,8.252424
1.5746,0.0254,0.05,groundplane,8.252213
1.5746,0.0508,0.05,groundplane,8.252207
1.5746,0.0762,0.05,groundplane,8.252203
1.5746,0.1016,0.05,groundplane,8.252198
