x,y,z,mattype,Wm2Front
1.5746,3.247255e-17,0.05,groundplane,372.11539999999997
1.5746,0.0254,0.05,groundplane,372.1144
1.5746,0.0508,0.05,groundplane,372.1144
1.5746,0.0762,0.05,groundplane,372.1143
1.5746,0.1016,0.05,groundplane,372.1142
