x,y,z,rearMat,Wm2Back
0.761355,4.661955e-17,1.254359,sky,2.626401
0.5709398,3.495998e-17,1.315531,sky,2.626401
0.3805245,2.330041e-17,1.376703,sky,2.626401
0.1901093,1.164084e-17,1.437876,sky,2.626401
-0.0003058615,-1.872861e-20,1.499048,sky,2.626401
-0.1907211,-1.16783e-17,1.56022,sky,2.626401
-0.3811363,-2.333787e-17,1.621393,sky,2.626401
-0.5715515,-3.499743e-17,1.682565,sky,2.626401
-0.7619667,-4.6657e-17,1.743737,sky,2.626401
