x,y,z,rearMat,Wm2Back
0.7443941,4.558099e-17,1.79305,sky,3.2250910000000004
0.5583874,3.419137e-17,1.719555,sky,3.2250910000000004
0.3723808,2.280175e-17,1.64606,sky,3.2250910000000004
0.1863741,1.141212e-17,1.572565,sky,3.2250910000000004
0.0003674754,2.250138e-20,1.49907,sky,3.2250910000000004
-0.1856392,-1.136712e-17,1.425575,sky,3.2250910000000004
-0.3716458,-2.275674e-17,1.35208,sky,3.2250910000000004
-0.5576525,-3.414637e-17,1.278585,sky,3.2250910000000004
-0.7436591,-4.553599e-17,1.20509,sky,3.2250910000000004
