x,y,z,rearMat,Wm2Back
0.7199416,4.408371e-17,1.151166,sky,18.92897
0.5398475,3.305612e-17,1.238149,sky,18.92897
0.3597533,2.202854e-17,1.325133,sky,18.92897
0.1796592,1.100095e-17,1.412116,sky,18.92897
-0.0004349168,-2.663097e-20,1.4991,sky,18.92897
-0.180529,-1.105422e-17,1.586083,sky,18.92897
-0.3606232,-2.20818e-17,1.673066,sky,18.92897
-0.5407173,-3.310939e-17,1.76005,sky,18.92897
-0.7208114,-4.413697e-17,1.847033,sky,18.92897
