x,y,z,rearMat,Wm2Back
0.7171997,4.391582e-17,1.854437,sky,20.21621
0.5380108,3.294366e-17,1.765604,sky,20.21621
0.3588219,2.197151e-17,1.676771,sky,20.21621
0.1796331,1.099935e-17,1.587937,sky,20.21621
0.0004441661,2.719733e-20,1.499104,sky,20.21621
-0.1787447,-1.094496e-17,1.410271,sky,20.21621
-0.3579336,-2.191711e-17,1.321438,sky,20.21621
-0.5371225,-3.288927e-17,1.232604,sky,20.21621
-0.7163114,-4.386142e-17,1.143771,sky,20.21621
