x,y,z,mattype,Wm2Front
0.3746,3.247255e-17,0.05,groundplane,398.19159999999994
0.3746,0.0254,0.05,groundplane,398.1885
0.3746,0.0508,0.05,groundplane,398.1884
0.3746,0.0762,0.05,groundplane,398.1883
0.3746,0.1016,0.05,groundplane,398.1882
