x,y,z,mattype,Wm2Front
0.3746,4.854661e-17,0.05,groundplane,206.4584
0.3746,0.0254,0.05,groundplane,206.4592
0.3746,0.0508,0.05,groundplane,206.4589
0.3746,0.0762,0.05,groundplane,206.45860000000002
0.3746,0.1016,0.05,groundplane,206.4583
