x,y,z,mattype,Wm2Front
1.5746,3.050247e-17,0.05,groundplane,453.4582
1.5746,0.0254,0.05,groundplane,453.4599
1.5746,0.0508,0.05,groundplane,453.45970000000005
1.5746,0.0762,0.05,groundplane,453.45959999999997
1.5746,0.1016,0.05,groundplane,453.4594
