x,y,z,rearMat,Wm2Back
0.6991651,4.281151e-17,1.888805,sky,15.789319999999998
0.5244956,3.211609e-17,1.791385,sky,15.789319999999998
0.3498261,2.142067e-17,1.693966,sky,15.789319999999998
0.1751566,1.072525e-17,1.596546,sky,15.789319999999998
0.0004870977,2.982613e-20,1.499127,sky,15.789319999999998
-0.1741824,-1.06656e-17,1.401707,sky,15.789319999999998
-0.3488519,-2.136102e-17,1.304288,sky,15.789319999999998
-0.5235214,-3.205644e-17,1.206868,sky,15.789319999999998
-0.6981909,-4.275186e-17,1.109448,sky,15.789319999999998
