x,y,z,mattype,Wm2Front
0.3746,3.050247e-17,0.05,groundplane,366.1078
0.3746,0.0254,0.05,groundplane,366.1095
0.3746,0.0508,0.05,groundplane,366.1093
0.3746,0.0762,0.05,groundplane,366.10920000000004
0.3746,0.1016,0.05,groundplane,366.10909999999996
