x,y,z,rearMat,Wm2Back
0.7959917,4.874043e-17,1.579989,sky,73.98524
0.5970191,3.655687e-17,1.559743,sky,73.98524
0.3980465,2.437332e-17,1.539497,sky,73.98524
0.1990738,1.218976e-17,1.519251,sky,73.98524
0.0001012299,6.198546e-21,1.499005,sky,73.98524
-0.1988714,-1.217736e-17,1.478759,sky,73.98524
-0.397844,-2.436092e-17,1.458513,sky,73.98524
-0.5968166,-3.654448e-17,1.438267,sky,73.98524
-0.7957892,-4.872804e-17,1.418021,sky,73.98524
