x,y,z,rearMat,Wm2Back
0.6003812,3.676275e-17,2.028719,sky,12.57508
0.4504514,2.758219e-17,1.896352,sky,12.57508
0.3005215,1.840164e-17,1.763985,sky,12.57508
0.1505917,9.221081e-18,1.631617,sky,12.57508
0.0006618354,4.052573e-20,1.49925,sky,12.57508
-0.149268,-9.140029e-18,1.366883,sky,12.57508
-0.2991978,-1.832058e-17,1.234516,sky,12.57508
-0.4491277,-2.750114e-17,1.102149,sky,12.57508
-0.5990575,-3.668169e-17,0.969782,sky,12.57508
