x,y,z,mattype,Wm2Front
0.3746,4.877355e-17,0.05,groundplane,925.7136999999999
0.3746,0.0254,0.05,groundplane,925.715
0.3746,0.0508,0.05,groundplane,925.7145999999999
0.3746,0.0762,0.05,groundplane,925.7142
0.3746,0.1016,0.05,groundplane,925.7136999999999
