x,y,z,mattype,Wm2Front
1.5746,4.610468e-17,0.05,groundplane,858.0858
1.5746,0.0254,0.05,groundplane,858.0871000000001
1.5746,0.0508,0.05,groundplane,858.0867
1.5746,0.0762,0.05,groundplane,858.0863
1.5746,0.1016,0.05,groundplane,858.0859
