x,y,z,mattype,Wm2Front
1.5746,4.899378e-17,0.05,groundplane,7.255672
1.5746,0.0254,0.05,groundplane,7.255452000000001
1.5746,0.0508,0.05,groundplane,7.255444999999999
1.5746,0.0762,0.05,groundplane,7.255437
1.5746,0.1016,0.05,groundplane,7.255429
