x,y,z,mattype,Wm2Front
0.3746,4.899294e-17,0.05,groundplane,8.111233
0.3746,0.0254,0.05,groundplane,8.110916
0.3746,0.0508,0.05,groundplane,8.110915
0.3746,0.0762,0.05,groundplane,8.110914
0.3746,0.1016,0.05,groundplane,8.110913
