x,y,z,mattype,Wm2Front
0.3746,3.942356e-17,0.05,groundplane,223.649
0.3746,0.0254,0.05,groundplane,223.6481
0.3746,0.0508,0.05,groundplane,223.64790000000002
0.3746,0.0762,0.05,groundplane,223.6478
0.3746,0.1016,0.05,groundplane,223.6477
