x,y,z,rearMat,Wm2Back
0.6421014,3.931737e-17,1.977186,sky,28.00887
0.4817254,2.949718e-17,1.857689,sky,28.00887
0.3213495,1.967698e-17,1.738192,sky,28.00887
0.1609735,9.856782e-18,1.618695,sky,28.00887
0.0005974852,3.658542e-20,1.499198,sky,28.00887
-0.1597785,-9.783612e-18,1.379701,sky,28.00887
-0.3201545,-1.960381e-17,1.260204,sky,28.00887
-0.4805305,-2.942401e-17,1.140707,sky,28.00887
-0.6409065,-3.92442e-17,1.02121,sky,28.00887
