x,y,z,rearMat,Wm2Back
0.7973466,4.88234e-17,1.565111,sky,17.03724
0.5980306,3.661881e-17,1.548584,sky,17.03724
0.3987146,2.441423e-17,1.532057,sky,17.03724
0.1993986,1.220964e-17,1.51553,sky,17.03724
8.263427e-05,5.05989e-21,1.499003,sky,17.03724
-0.1992334,-1.219952e-17,1.482477,sky,17.03724
-0.3985493,-2.440411e-17,1.46595,sky,17.03724
-0.5978653,-3.660869e-17,1.449423,sky,17.03724
-0.7971813,-4.881328e-17,1.432896,sky,17.03724
