x,y,z,rearMat,Wm2Back
0.5790334,3.545557e-17,0.9479843,sky,25.728709999999996
0.4341028,2.658113e-17,1.085807,sky,25.728709999999996
0.2891721,1.770669e-17,1.22363,sky,25.728709999999996
0.1442415,8.832245e-18,1.361453,sky,25.728709999999996
-0.0006891138,-4.219605e-20,1.499275,sky,25.728709999999996
-0.1456197,-8.916637e-18,1.637098,sky,25.728709999999996
-0.2905504,-1.779108e-17,1.774921,sky,25.728709999999996
-0.435481,-2.666552e-17,1.912744,sky,25.728709999999996
-0.5804116,-3.553996e-17,2.050566,sky,25.728709999999996
