x,y,z,rearMat,Wm2Back
0.7832039,4.795741e-17,1.336928,sky,3.708465
0.5873523,3.596496e-17,1.377451,sky,3.708465
0.3915007,2.39725e-17,1.417974,sky,3.708465
0.195649,1.198005e-17,1.458497,sky,3.708465
-0.0002026164,-1.240668e-20,1.499021,sky,3.708465
-0.1960543,-1.200486e-17,1.539544,sky,3.708465
-0.3919059,-2.399731e-17,1.580067,sky,3.708465
-0.5877575,-3.598977e-17,1.620591,sky,3.708465
-0.7836092,-4.798222e-17,1.661114,sky,3.708465
