x,y,z,mattype,Wm2Front
1.5746,4.324422e-17,0.05,groundplane,823.5925000000001
1.5746,0.0254,0.05,groundplane,823.592
1.5746,0.0508,0.05,groundplane,823.5918
1.5746,0.0762,0.05,groundplane,823.5916000000001
1.5746,0.1016,0.05,groundplane,823.5912
