x,y,z,mattype,Wm2Front
1.5746,4.490303e-17,0.05,groundplane,757.118
1.5746,0.0254,0.05,groundplane,757.1202
1.5746,0.0508,0.05,groundplane,757.1196999999999
1.5746,0.0762,0.05,groundplane,757.1191
1.5746,0.1016,0.05,groundplane,757.1185
