x,y,z,mattype,Wm2Front
0.3746,4.898403e-17,0.05,groundplane,7.189343
0.3746,0.0254,0.05,groundplane,7.189384
0.3746,0.0508,0.05,groundplane,7.189384
0.3746,0.0762,0.05,groundplane,7.189384999999999
0.3746,0.1016,0.05,groundplane,7.189384999999999
