x,y,z,rearMat,Wm2Back
0.7784742,4.76678e-17,1.315666,sky,29.75894
0.5837984,3.574734e-17,1.361506,sky,29.75894
0.3891225,2.382688e-17,1.407346,sky,29.75894
0.1944467,1.190642e-17,1.453187,sky,29.75894
-0.0002292004,-1.403448e-20,1.499027,sky,29.75894
-0.1949051,-1.193449e-17,1.544867,sky,29.75894
-0.3895809,-2.385495e-17,1.590707,sky,29.75894
-0.5842568,-3.577541e-17,1.636547,sky,29.75894
-0.7789326,-4.769587e-17,1.682387,sky,29.75894
