x,y,z,mattype,Wm2Front
0.3746,4.899743e-17,0.05,groundplane,4.715703
0.3746,0.0254,0.05,groundplane,4.71556
0.3746,0.0508,0.05,groundplane,4.715557
0.3746,0.0762,0.05,groundplane,4.715554
0.3746,0.1016,0.05,groundplane,4.715551
