x,y,z,mattype,Wm2Front
1.5746,4.880367e-17,0.05,groundplane,757.6981
1.5746,0.0254,0.05,groundplane,757.6991000000002
1.5746,0.0508,0.05,groundplane,757.6986
1.5746,0.0762,0.05,groundplane,757.6981
1.5746,0.1016,0.05,groundplane,757.6976
