x,y,z,rearMat,Wm2Back
0.7556009,4.626721e-17,1.762808,sky,13.3681
0.5667831,3.470546e-17,1.69687,sky,13.3681
0.3779653,2.31437e-17,1.630932,sky,13.3681
0.1891475,1.158194e-17,1.564994,sky,13.3681
0.0003296906,2.018773e-20,1.499056,sky,13.3681
-0.1884881,-1.154157e-17,1.433118,sky,13.3681
-0.3773059,-2.310332e-17,1.36718,sky,13.3681
-0.5661237,-3.466508e-17,1.301242,sky,13.3681
-0.7549415,-4.622684e-17,1.235303,sky,13.3681
