x,y,z,rearMat,Wm2Back
0.7923474,4.851728e-17,1.389607,sky,102.5989
0.5942264,3.638587e-17,1.416958,sky,102.5989
0.3961053,2.425446e-17,1.444308,sky,102.5989
0.1979843,1.212304e-17,1.471659,sky,102.5989
-0.000136753,-8.373707e-21,1.499009,sky,102.5989
-0.1982578,-1.213979e-17,1.52636,sky,102.5989
-0.3963788,-2.42712e-17,1.553711,sky,102.5989
-0.5944999,-3.640262e-17,1.581061,sky,102.5989
-0.7926209,-4.853403e-17,1.608412,sky,102.5989
