x,y,z,rearMat,Wm2Back
0.7476049,4.57776e-17,1.215241,sky,5.859122
0.560615,3.432777e-17,1.286197,sky,5.859122
0.373625,2.287794e-17,1.357153,sky,5.859122
0.1866351,1.142811e-17,1.428109,sky,5.859122
-0.0003547806,-2.172405e-20,1.499065,sky,5.859122
-0.1873447,-1.147155e-17,1.570021,sky,5.859122
-0.3743346,-2.292138e-17,1.640977,sky,5.859122
-0.5613245,-3.437121e-17,1.711933,sky,5.859122
-0.7483144,-4.582104e-17,1.78289,sky,5.859122
