x,y,z,mattype,Wm2Front
0.3746,4.085624e-17,0.05,groundplane,710.6926
0.3746,0.0254,0.05,groundplane,710.6947999999999
0.3746,0.0508,0.05,groundplane,710.6943
0.3746,0.0762,0.05,groundplane,710.6938999999999
0.3746,0.1016,0.05,groundplane,710.6935
