x,y,z,mattype,Wm2Front
0.3746,3.050247e-17,0.05,groundplane,461.61359999999996
0.3746,0.0254,0.05,groundplane,461.6221
0.3746,0.0508,0.05,groundplane,461.6211
0.3746,0.0762,0.05,groundplane,461.6200999999999
0.3746,0.1016,0.05,groundplane,461.61910000000006
