x,y,z,mattype,Wm2Front
0.3746,4.781631e-17,0.05,groundplane,703.9988
0.3746,0.0254,0.05,groundplane,704.0000999999999
0.3746,0.0508,0.05,groundplane,703.9997
0.3746,0.0762,0.05,groundplane,703.9993
0.3746,0.1016,0.05,groundplane,703.9990000000001
