x,y,z,mattype,Wm2Front
1.5746,3.818095e-17,0.05,groundplane,195.7309
1.5746,0.0254,0.05,groundplane,195.7291
1.5746,0.0508,0.05,groundplane,195.729
1.5746,0.0762,0.05,groundplane,195.72889999999998
1.5746,0.1016,0.05,groundplane,195.7287
