x,y,z,mattype,Wm2Front
0.3746,3.72655e-17,0.05,groundplane,241.4326
0.3746,0.0254,0.05,groundplane,241.4347
0.3746,0.0508,0.05,groundplane,241.43459999999996
0.3746,0.0762,0.05,groundplane,241.43449999999999
0.3746,0.1016,0.05,groundplane,241.4344
