x,y,z,rearMat,Wm2Back
0.7613121,4.661692e-17,1.254226,sky,5.546181
0.5709075,3.495801e-17,1.315431,sky,5.546181
0.380503,2.329909e-17,1.376637,sky,5.546181
0.1900985,1.164018e-17,1.437842,sky,5.546181
-0.0003060276,-1.873879e-20,1.499048,sky,5.546181
-0.1907106,-1.167765e-17,1.560254,sky,5.546181
-0.3811151,-2.333657e-17,1.621459,sky,5.546181
-0.5715196,-3.499548e-17,1.682665,sky,5.546181
-0.7619241,-4.66544e-17,1.74387,sky,5.546181
