x,y,z,mattype,Wm2Front
1.5746,3.050247e-17,0.05,groundplane,392.6132
1.5746,0.0254,0.05,groundplane,392.61539999999997
1.5746,0.0508,0.05,groundplane,392.6153
1.5746,0.0762,0.05,groundplane,392.6152
1.5746,0.1016,0.05,groundplane,392.6151
