x,y,z,mattype,Wm2Front
0.3746,4.091157e-17,0.05,groundplane,725.873
0.3746,0.0254,0.05,groundplane,725.8721
0.3746,0.0508,0.05,groundplane,725.8718
0.3746,0.0762,0.05,groundplane,725.8714999999999
0.3746,0.1016,0.05,groundplane,725.8712
