x,y,z,rearMat,Wm2Back
0.6863924,4.202941e-17,1.910934,sky,13.837179999999998
0.514923,3.152994e-17,1.807986,sky,13.837179999999998
0.3434536,2.103046e-17,1.705038,sky,13.837179999999998
0.1719841,1.053099e-17,1.60209,sky,13.837179999999998
0.0005147388,3.151866e-20,1.499143,sky,13.837179999999998
-0.1709547,-1.046795e-17,1.396195,sky,13.837179999999998
-0.3424241,-2.096743e-17,1.293247,sky,13.837179999999998
-0.5138935,-3.14669e-17,1.190299,sky,13.837179999999998
-0.6853629,-4.196637e-17,1.087352,sky,13.837179999999998
