x,y,z,mattype,Wm2Front
0.3746,3.740804e-17,0.05,groundplane,710.3572
0.3746,0.0254,0.05,groundplane,710.3569000000001
0.3746,0.0508,0.05,groundplane,710.3566999999999
0.3746,0.0762,0.05,groundplane,710.3564
0.3746,0.1016,0.05,groundplane,710.3561999999998
