x,y,z,mattype,Wm2Front
1.5746,3.867061e-17,0.05,groundplane,773.1185
1.5746,0.0254,0.05,groundplane,773.1203
1.5746,0.0508,0.05,groundplane,773.12
1.5746,0.0762,0.05,groundplane,773.1198
1.5746,0.1016,0.05,groundplane,773.1195000000001
