x,y,z,rearMat,Wm2Back
0.7957938,4.872832e-17,1.581934,sky,121.9026
0.5968713,3.654783e-17,1.561202,sky,121.9026
0.3979488,2.436733e-17,1.54047,sky,121.9026
0.1990262,1.218684e-17,1.519737,sky,121.9026
0.0001036605,6.347377e-21,1.499005,sky,121.9026
-0.1988189,-1.217415e-17,1.478273,sky,121.9026
-0.3977414,-2.435464e-17,1.457541,sky,121.9026
-0.596664,-3.653513e-17,1.436809,sky,121.9026
-0.7955865,-4.871562e-17,1.416077,sky,121.9026
