x,y,z,mattype,Wm2Front
0.3746,4.720075e-17,0.05,groundplane,695.9757
0.3746,0.0254,0.05,groundplane,695.976
0.3746,0.0508,0.05,groundplane,695.9756000000001
0.3746,0.0762,0.05,groundplane,695.9753
0.3746,0.1016,0.05,groundplane,695.975
