x,y,z,mattype,Wm2Front
1.5746,4.860704e-17,0.05,groundplane,1014.284
1.5746,0.0254,0.05,groundplane,1014.285
1.5746,0.0508,0.05,groundplane,1014.284
1.5746,0.0762,0.05,groundplane,1014.282
1.5746,0.1016,0.05,groundplane,1014.2800000000001
