x,y,z,mattype,Wm2Front
1.5746,3.247255e-17,0.05,groundplane,86.15860000000002
1.5746,0.0254,0.05,groundplane,86.15860000000002
1.5746,0.0508,0.05,groundplane,86.15856000000001
1.5746,0.0762,0.05,groundplane,86.15852
1.5746,0.1016,0.05,groundplane,86.15848999999999
