x,y,z,rearMat,Wm2Back
0.513464,3.14406e-17,0.8865217,sky,39.45598
0.3849065,2.356873e-17,1.039731,sky,39.45598
0.256349,1.569685e-17,1.192939,sky,39.45598
0.1277915,7.824971e-18,1.346148,sky,39.45598
-0.0007660444,-4.690669e-20,1.499357,sky,39.45598
-0.1293236,-7.918785e-18,1.652566,sky,39.45598
-0.2578811,-1.579066e-17,1.805775,sky,39.45598
-0.3864386,-2.366254e-17,1.958984,sky,39.45598
-0.5149961,-3.153442e-17,2.112193,sky,39.45598
