x,y,z,mattype,Wm2Front
0.3746,3.692874e-17,0.05,groundplane,690.3650000000001
0.3746,0.0254,0.05,groundplane,690.3646
0.3746,0.0508,0.05,groundplane,690.3642999999998
0.3746,0.0762,0.05,groundplane,690.3641000000001
0.3746,0.1016,0.05,groundplane,690.3639
