x,y,z,rearMat,Wm2Back
0.6719361,4.114422e-17,1.934169,sky,16.98663
0.504088,3.086649e-17,1.825417,sky,16.98663
0.3362399,2.058876e-17,1.716665,sky,16.98663
0.1683919,1.031103e-17,1.607913,sky,16.98663
0.0005437605,3.329573e-20,1.499161,sky,16.98663
-0.1673043,-1.024444e-17,1.390409,sky,16.98663
-0.3351524,-2.052217e-17,1.281657,sky,16.98663
-0.5030005,-3.07999e-17,1.172904,sky,16.98663
-0.6708486,-4.107763e-17,1.064152,sky,16.98663
