x,y,z,mattype,Wm2Front
0.3746,4.893928e-17,0.05,groundplane,735.9119999999999
0.3746,0.0254,0.05,groundplane,735.9149000000001
0.3746,0.0508,0.05,groundplane,735.9132
0.3746,0.0762,0.05,groundplane,735.9115
0.3746,0.1016,0.05,groundplane,735.9099
