x,y,z,mattype,Wm2Front
1.5746,4.891413e-17,0.05,groundplane,5.522040999999999
1.5746,0.0254,0.05,groundplane,5.522029
1.5746,0.0508,0.05,groundplane,5.522029
1.5746,0.0762,0.05,groundplane,5.522029
1.5746,0.1016,0.05,groundplane,5.522029
