x,y,z,rearMat,Wm2Back
0.6146418,3.763595e-17,2.012071,sky,29.90966
0.4611416,2.823678e-17,1.883861,sky,29.90966
0.3076414,1.88376e-17,1.755652,sky,29.90966
0.1541412,9.438428e-18,1.627442,sky,29.90966
0.0006410479,3.925286e-20,1.499232,sky,29.90966
-0.1528591,-9.359922e-18,1.371023,sky,29.90966
-0.3063593,-1.87591e-17,1.242813,sky,29.90966
-0.4598595,-2.815827e-17,1.114604,sky,29.90966
-0.6133597,-3.755745e-17,0.9863942,sky,29.90966
