x,y,z,mattype,Wm2Front
0.3746,3.80088e-17,0.05,groundplane,41.60953
0.3746,0.0254,0.05,groundplane,41.60942
0.3746,0.0508,0.05,groundplane,41.60941
0.3746,0.0762,0.05,groundplane,41.60941
0.3746,0.1016,0.05,groundplane,41.60941
