x,y,z,rearMat,Wm2Back
0.5257072,3.219028e-17,2.10302,sky,107.29950000000001
0.394469,2.415426e-17,1.952101,sky,107.29950000000001
0.2632309,1.611824e-17,1.801182,sky,107.29950000000001
0.1319927,8.082225e-18,1.650263,sky,107.29950000000001
0.0007545951,4.620562e-20,1.499344,sky,107.29950000000001
-0.1304836,-7.989813e-18,1.348425,sky,107.29950000000001
-0.2617217,-1.602583e-17,1.197506,sky,107.29950000000001
-0.3929598,-2.406185e-17,1.046587,sky,107.29950000000001
-0.524198,-3.209787e-17,0.8956678,sky,107.29950000000001
