x,y,z,mattype,Wm2Front
1.5746,4.614511e-17,0.05,groundplane,56.92632
1.5746,0.0254,0.05,groundplane,56.9279
1.5746,0.0508,0.05,groundplane,56.92791
1.5746,0.0762,0.05,groundplane,56.92793
1.5746,0.1016,0.05,groundplane,56.92794
