x,y,z,mattype,Wm2Front
1.5746,4.852661e-17,0.05,groundplane,48.485980000000005
1.5746,0.0254,0.05,groundplane,48.48654
1.5746,0.0508,0.05,groundplane,48.48655
1.5746,0.0762,0.05,groundplane,48.48656
1.5746,0.1016,0.05,groundplane,48.48656
