x,y,z,rearMat,Wm2Back
0.7635529,4.675413e-17,1.261279,sky,25.83023
0.5725904,3.506105e-17,1.32072,sky,25.83023
0.3816279,2.336797e-17,1.380162,sky,25.83023
0.1906653,1.167488e-17,1.439604,sky,25.83023
-0.0002972082,-1.819876e-20,1.499045,sky,25.83023
-0.1912597,-1.171128e-17,1.558487,sky,25.83023
-0.3822223,-2.340436e-17,1.617928,sky,25.83023
-0.5731848,-3.509745e-17,1.67737,sky,25.83023
-0.7641474,-4.679053e-17,1.736812,sky,25.83023
