x,y,z,rearMat,Wm2Back
0.5438442,3.330085e-17,0.913285,sky,31.08636
0.4077,2.496442e-17,1.059794,sky,31.08636
0.2715558,1.6628e-17,1.206302,sky,31.08636
0.1354116,8.291571e-18,1.352811,sky,31.08636
-0.0007325429,-4.485532e-20,1.499319,sky,31.08636
-0.1368767,-8.381282e-18,1.645828,sky,31.08636
-0.2730209,-1.671771e-17,1.792336,sky,31.08636
-0.4091651,-2.505413e-17,1.938845,sky,31.08636
-0.5453092,-3.339056e-17,2.085354,sky,31.08636
