x,y,z,rearMat,Wm2Back
0.6061288,3.711469e-17,0.9778804,sky,13.7658
0.4544337,2.782604e-17,1.108221,sky,13.7658
0.3027386,1.853739e-17,1.238561,sky,13.7658
0.1510434,9.248743e-18,1.368901,sky,13.7658
-0.0006517014,-3.99052e-20,1.499242,sky,13.7658
-0.1523468,-9.328553e-18,1.629582,sky,13.7658
-0.304042,-1.86172e-17,1.759922,sky,13.7658
-0.4557371,-2.790585e-17,1.890262,sky,13.7658
-0.6074322,-3.71945e-17,2.020603,sky,13.7658
