x,y,z,mattype,Wm2Front
0.3746,4.775762e-17,0.05,groundplane,80.66586
0.3746,0.0254,0.05,groundplane,80.6672
0.3746,0.0508,0.05,groundplane,80.66721
0.3746,0.0762,0.05,groundplane,80.66721
0.3746,0.1016,0.05,groundplane,80.66722
