x,y,z,mattype,Wm2Front
1.5746,4.591636e-17,0.05,groundplane,76.44006
1.5746,0.0254,0.05,groundplane,76.44086
1.5746,0.0508,0.05,groundplane,76.44085
1.5746,0.0762,0.05,groundplane,76.44085
1.5746,0.1016,0.05,groundplane,76.44083
