x,y,z,mattype,Wm2Front
1.5746,4.751672e-17,0.05,groundplane,94.81721
1.5746,0.0254,0.05,groundplane,94.81651
1.5746,0.0508,0.05,groundplane,94.81647
1.5746,0.0762,0.05,groundplane,94.81644
1.5746,0.1016,0.05,groundplane,94.81641
