x,y,z,rearMat,Wm2Back
0.7347487,4.499038e-17,1.183543,sky,29.29471
0.5509629,3.373675e-17,1.262427,sky,29.29471
0.3671772,2.248312e-17,1.341312,sky,29.29471
0.1833914,1.122948e-17,1.420196,sky,29.29471
-0.0003944231,-2.415145e-20,1.499081,sky,29.29471
-0.1841802,-1.127779e-17,1.577966,sky,29.29471
-0.367966,-2.253142e-17,1.65685,sky,29.29471
-0.5517518,-3.378505e-17,1.735735,sky,29.29471
-0.7355376,-4.503869e-17,1.81462,sky,29.29471
