x,y,z,rearMat,Wm2Back
0.7922957,4.851412e-17,1.610763,sky,4.848783
0.5942567,3.638773e-17,1.582825,sky,4.848783
0.3962177,2.426134e-17,1.554886,sky,4.848783
0.1981787,1.213495e-17,1.526948,sky,4.848783
0.0001396916,8.553643e-21,1.49901,sky,4.848783
-0.1978993,-1.211784e-17,1.471071,sky,4.848783
-0.3959383,-2.424423e-17,1.443133,sky,4.848783
-0.5939773,-3.637062e-17,1.415195,sky,4.848783
-0.7920164,-4.849701e-17,1.387257,sky,4.848783
