x,y,z,mattype,Wm2Front
1.5746,4.730776e-17,0.05,groundplane,21.360830000000004
1.5746,0.0254,0.05,groundplane,21.36089
1.5746,0.0508,0.05,groundplane,21.360879999999998
1.5746,0.0762,0.05,groundplane,21.360879999999998
1.5746,0.1016,0.05,groundplane,21.360879999999998
