x,y,z,mattype,Wm2Front
1.5746,4.889522e-17,0.05,groundplane,22.444869999999998
1.5746,0.0254,0.05,groundplane,22.44432
1.5746,0.0508,0.05,groundplane,22.44431
1.5746,0.0762,0.05,groundplane,22.44431
1.5746,0.1016,0.05,groundplane,22.4443
