x,y,z,mattype,Wm2Front
1.5746,3.247255e-17,0.05,groundplane,407.819
1.5746,0.0254,0.05,groundplane,407.81850000000003
1.5746,0.0508,0.05,groundplane,407.8182
1.5746,0.0762,0.05,groundplane,407.818
1.5746,0.1016,0.05,groundplane,407.8178
