x,y,z,mattype,Wm2Front
1.5746,4.850981e-17,0.05,groundplane,47.93896
1.5746,0.0254,0.05,groundplane,47.93975
1.5746,0.0508,0.05,groundplane,47.93975
1.5746,0.0762,0.05,groundplane,47.93975
1.5746,0.1016,0.05,groundplane,47.93975
