x,y,z,mattype,Wm2Front
1.5746,4.77838e-17,0.05,groundplane,88.21256999999999
1.5746,0.0254,0.05,groundplane,88.21175
1.5746,0.0508,0.05,groundplane,88.21175999999998
1.5746,0.0762,0.05,groundplane,88.21175999999998
1.5746,0.1016,0.05,groundplane,88.21177
