x,y,z,mattype,Wm2Front
0.3746,4.884924e-17,0.05,groundplane,718.4242
0.3746,0.0254,0.05,groundplane,718.4249999999998
0.3746,0.0508,0.05,groundplane,718.4247
0.3746,0.0762,0.05,groundplane,718.4244
0.3746,0.1016,0.05,groundplane,718.424
