x,y,z,rearMat,Wm2Back
0.7976123,4.883967e-17,1.56177,sky,90.86232
0.5982289,3.663095e-17,1.546079,sky,90.86232
0.3988454,2.442224e-17,1.530387,sky,90.86232
0.1994619,1.221352e-17,1.514695,sky,90.86232
7.84591e-05,4.804234e-21,1.499003,sky,90.86232
-0.199305,-1.220391e-17,1.483311,sky,90.86232
-0.3986885,-2.441263e-17,1.467619,sky,90.86232
-0.5980719,-3.662134e-17,1.451928,sky,90.86232
-0.7974554,-4.883006e-17,1.436236,sky,90.86232
