x,y,z,rearMat,Wm2Back
0.7999793,4.89846e-17,1.505842,sky,15.9135
0.5999866,3.673858e-17,1.504131,sky,15.9135
0.3999939,2.449256e-17,1.502421,sky,15.9135
0.2000012,1.224654e-17,1.50071,sky,15.9135
8.552009e-06,5.236595e-22,1.499,sky,15.9135
-0.1999841,-1.22455e-17,1.49729,sky,15.9135
-0.3999768,-2.449152e-17,1.495579,sky,15.9135
-0.5999695,-3.673754e-17,1.493869,sky,15.9135
-0.7999622,-4.898356e-17,1.492158,sky,15.9135
