x,y,z,mattype,Wm2Front
0.3746,3.247255e-17,0.05,groundplane,345.4736
0.3746,0.0254,0.05,groundplane,345.47239999999994
0.3746,0.0508,0.05,groundplane,345.4723000000001
0.3746,0.0762,0.05,groundplane,345.4723000000001
0.3746,0.1016,0.05,groundplane,345.4722
