x,y,z,mattype,Wm2Front
1.5746,3.247255e-17,0.05,groundplane,442.3571
1.5746,0.0254,0.05,groundplane,442.35560000000004
1.5746,0.0508,0.05,groundplane,442.35549999999995
1.5746,0.0762,0.05,groundplane,442.3554
1.5746,0.1016,0.05,groundplane,442.3553
