x,y,z,rearMat,Wm2Back
0.7971968,4.881423e-17,1.56692,sky,14.145720000000003
0.5979188,3.661197e-17,1.549941,sky,14.145720000000003
0.3986408,2.440971e-17,1.532962,sky,14.145720000000003
0.1993629,1.220746e-17,1.515983,sky,14.145720000000003
8.489523e-05,5.198333e-21,1.499004,sky,14.145720000000003
-0.1991931,-1.219706e-17,1.482025,sky,14.145720000000003
-0.3984711,-2.439932e-17,1.465046,sky,14.145720000000003
-0.597749,-3.660157e-17,1.448066,sky,14.145720000000003
-0.797027,-4.880383e-17,1.431087,sky,14.145720000000003
