x,y,z,mattype,Wm2Front
1.5746,4.867763e-17,0.05,groundplane,7.998441
1.5746,0.0254,0.05,groundplane,7.998448
1.5746,0.0508,0.05,groundplane,7.998447
1.5746,0.0762,0.05,groundplane,7.998446
1.5746,0.1016,0.05,groundplane,7.998446
