x,y,z,mattype,Wm2Front
1.5746,4.900068e-17,0.05,groundplane,796.7765
1.5746,0.0254,0.05,groundplane,796.7802
1.5746,0.0508,0.05,groundplane,796.7796
1.5746,0.0762,0.05,groundplane,796.7791000000001
1.5746,0.1016,0.05,groundplane,796.7786
