x,y,z,rearMat,Wm2Back
0.6741759,4.128137e-17,1.069317,sky,16.33842
0.5054976,3.09528e-17,1.176777,sky,16.33842
0.3368193,2.062423e-17,1.284237,sky,16.33842
0.168141,1.029567e-17,1.391697,sky,16.33842
-0.0005372996,-3.290011e-20,1.499157,sky,16.33842
-0.1692156,-1.036147e-17,1.606617,sky,16.33842
-0.3378939,-2.069003e-17,1.714076,sky,16.33842
-0.5065722,-3.10186e-17,1.821536,sky,16.33842
-0.6752505,-4.134717e-17,1.928996,sky,16.33842
