x,y,z,rearMat,Wm2Back
0.5587165,3.421152e-17,0.9274296,sky,89.71927999999998
0.4188586,2.56477e-17,1.070397,sky,89.71927999999998
0.2790008,1.708387e-17,1.213365,sky,89.71927999999998
0.139143,8.520051e-18,1.356333,sky,89.71927999999998
-0.0007148389,-4.377126e-20,1.499301,sky,89.71927999999998
-0.1405727,-8.607593e-18,1.642268,sky,89.71927999999998
-0.2804305,-1.717142e-17,1.785236,sky,89.71927999999998
-0.4202883,-2.573524e-17,1.928204,sky,89.71927999999998
-0.5601462,-3.429906e-17,2.071172,sky,89.71927999999998
