x,y,z,rearMat,Wm2Back
0.7425213,4.546632e-17,1.202236,sky,14.098840000000001
0.5567982,3.409406e-17,1.276445,sky,14.098840000000001
0.3710751,2.27218e-17,1.350654,sky,14.098840000000001
0.185352,1.134954e-17,1.424863,sky,14.098840000000001
-0.0003710437,-2.271987e-20,1.499071,sky,14.098840000000001
-0.1860941,-1.139498e-17,1.57328,sky,14.098840000000001
-0.3718172,-2.276724e-17,1.647489,sky,14.098840000000001
-0.5575403,-3.41395e-17,1.721698,sky,14.098840000000001
-0.7432634,-4.551176e-17,1.795906,sky,14.098840000000001
