x,y,z,mattype,Wm2Front
0.3746,4.191239e-17,0.05,groundplane,82.02921
0.3746,0.0254,0.05,groundplane,82.02905
0.3746,0.0508,0.05,groundplane,82.02896
0.3746,0.0762,0.05,groundplane,82.02888
0.3746,0.1016,0.05,groundplane,82.0288
