x,y,z,mattype,Wm2Front
1.5746,3.050247e-17,0.05,groundplane,416.6602
1.5746,0.0254,0.05,groundplane,416.66630000000004
1.5746,0.0508,0.05,groundplane,416.666
1.5746,0.0762,0.05,groundplane,416.6658
1.5746,0.1016,0.05,groundplane,416.6655
