x,y,z,mattype,Wm2Front
0.3746,3.765147e-17,0.05,groundplane,207.6658
0.3746,0.0254,0.05,groundplane,207.6688
0.3746,0.0508,0.05,groundplane,207.66870000000003
0.3746,0.0762,0.05,groundplane,207.6686
0.3746,0.1016,0.05,groundplane,207.6685
