x,y,z,mattype,Wm2Front
0.3746,3.050247e-17,0.05,groundplane,231.9333
0.3746,0.0254,0.05,groundplane,231.9397
0.3746,0.0508,0.05,groundplane,231.93950000000004
0.3746,0.0762,0.05,groundplane,231.9392
0.3746,0.1016,0.05,groundplane,231.9389
