x,y,z,rearMat,Wm2Back
0.7996196,4.896258e-17,1.524687,sky,4.552252
0.5997227,3.672243e-17,1.518266,sky,4.552252
0.3998259,2.448227e-17,1.511844,sky,4.552252
0.199929,1.224212e-17,1.505422,sky,4.552252
3.210854e-05,1.966081e-21,1.499001,sky,4.552252
-0.1998648,-1.223819e-17,1.492579,sky,4.552252
-0.3997616,-2.447834e-17,1.486157,sky,4.552252
-0.5996585,-3.671849e-17,1.479735,sky,4.552252
-0.7995554,-4.895865e-17,1.473314,sky,4.552252
