x,y,z,rearMat,Wm2Back
0.5807958,3.556349e-17,2.050161,sky,39.584
0.435769,2.668316e-17,1.91244,sky,39.584
0.2907422,1.780283e-17,1.774718,sky,39.584
0.1457154,8.922496e-18,1.636996,sky,39.584
0.0006886077,4.216506e-20,1.499275,sky,39.584
-0.1443382,-8.838166e-18,1.361553,sky,39.584
-0.289365,-1.77185e-17,1.223832,sky,39.584
-0.4343918,-2.659883e-17,1.08611,sky,39.584
-0.5794186,-3.547916e-17,0.9483887,sky,39.584
