x,y,z,rearMat,Wm2Back
0.7114595,4.356433e-17,1.134177,sky,10.50788
0.5334806,3.266626e-17,1.22541,sky,10.50788
0.3555017,2.17682e-17,1.316644,sky,10.50788
0.1775227,1.087013e-17,1.407877,sky,10.50788
-0.0004561663,-2.793213e-20,1.49911,sky,10.50788
-0.1784351,-1.0926e-17,1.590343,sky,10.50788
-0.356414,-2.182406e-17,1.681577,sky,10.50788
-0.5343929,-3.272213e-17,1.77281,sky,10.50788
-0.7123718,-4.362019e-17,1.864043,sky,10.50788
