x,y,z,mattype,Wm2Front
0.3746,4.89493e-17,0.05,groundplane,895.2057
0.3746,0.0254,0.05,groundplane,895.2069
0.3746,0.0508,0.05,groundplane,895.2064999999999
0.3746,0.0762,0.05,groundplane,895.2061
0.3746,0.1016,0.05,groundplane,895.2057
