x,y,z,mattype,Wm2Front
0.3746,3.247255e-17,0.05,groundplane,493.4464
0.3746,0.0254,0.05,groundplane,493.44530000000003
0.3746,0.0508,0.05,groundplane,493.44519999999994
0.3746,0.0762,0.05,groundplane,493.4451000000001
0.3746,0.1016,0.05,groundplane,493.4449
