x,y,z,mattype,Wm2Front
0.3746,4.418993e-17,0.05,groundplane,700.3259000000002
0.3746,0.0254,0.05,groundplane,700.3259000000002
0.3746,0.0508,0.05,groundplane,700.3256
0.3746,0.0762,0.05,groundplane,700.3251999999999
0.3746,0.1016,0.05,groundplane,700.3248
