x,y,z,rearMat,Wm2Back
0.7273407,4.453678e-17,1.833131,sky,8.114892
0.5456099,3.340897e-17,1.749621,sky,8.114892
0.3638791,2.228117e-17,1.666111,sky,8.114892
0.1821483,1.115337e-17,1.582601,sky,8.114892
0.0004175499,2.556756e-20,1.499091,sky,8.114892
-0.1813132,-1.110223e-17,1.415581,sky,8.114892
-0.363044,-2.223004e-17,1.332071,sky,8.114892
-0.5447748,-3.335784e-17,1.248561,sky,8.114892
-0.7265056,-4.448564e-17,1.165051,sky,8.114892
