x,y,z,mattype,Wm2Front
1.5746,4.719216e-17,0.05,groundplane,61.68478000000001
1.5746,0.0254,0.05,groundplane,61.68635
1.5746,0.0508,0.05,groundplane,61.68634
1.5746,0.0762,0.05,groundplane,61.68634
1.5746,0.1016,0.05,groundplane,61.68634
