x,y,z,mattype,Wm2Front
0.3746,4.256377e-17,0.05,groundplane,26.57973
0.3746,0.0254,0.05,groundplane,26.57978
0.3746,0.0508,0.05,groundplane,26.57978
0.3746,0.0762,0.05,groundplane,26.57978
0.3746,0.1016,0.05,groundplane,26.57977
