x,y,z,rearMat,Wm2Back
0.7572823,4.637017e-17,1.757924,sky,46.62120000000001
0.5680426,3.478258e-17,1.693206,sky,46.62120000000001
0.3788029,2.319499e-17,1.628489,sky,46.62120000000001
0.1895633,1.16074e-17,1.563771,sky,46.62120000000001
0.0003235872,1.9814e-20,1.499054,sky,46.62120000000001
-0.1889161,-1.156777e-17,1.434336,sky,46.62120000000001
-0.3781558,-2.315536e-17,1.369619,sky,46.62120000000001
-0.5673954,-3.474295e-17,1.304902,sky,46.62120000000001
-0.7566351,-4.633054e-17,1.240184,sky,46.62120000000001
