x,y,z,rearMat,Wm2Back
0.546195,3.34448e-17,0.9154728,sky,22.205660000000005
0.4094638,2.507243e-17,1.061434,sky,22.205660000000005
0.2727326,1.670005e-17,1.207395,sky,22.205660000000005
0.1360014,8.327684e-18,1.353355,sky,22.205660000000005
-0.0007298044,-4.468763e-20,1.499316,sky,22.205660000000005
-0.137461,-8.417059e-18,1.645277,sky,22.205660000000005
-0.2741922,-1.678943e-17,1.791238,sky,22.205660000000005
-0.4109234,-2.51618e-17,1.937199,sky,22.205660000000005
-0.5476546,-3.353417e-17,2.08316,sky,22.205660000000005
