x,y,z,mattype,Wm2Front
0.3746,4.792057e-17,0.05,groundplane,715.4169
0.3746,0.0254,0.05,groundplane,715.4185000000001
0.3746,0.0508,0.05,groundplane,715.418
0.3746,0.0762,0.05,groundplane,715.4175
0.3746,0.1016,0.05,groundplane,715.4171
