x,y,z,mattype,Wm2Front
1.5746,4.807718e-17,0.05,groundplane,746.6837
1.5746,0.0254,0.05,groundplane,746.6848999999999
1.5746,0.0508,0.05,groundplane,746.6844
1.5746,0.0762,0.05,groundplane,746.6839999999999
1.5746,0.1016,0.05,groundplane,746.6836
