x,y,z,mattype,Wm2Front
0.3746,4.653956e-17,0.05,groundplane,847.8431
0.3746,0.0254,0.05,groundplane,847.8451
0.3746,0.0508,0.05,groundplane,847.8445
0.3746,0.0762,0.05,groundplane,847.8439
0.3746,0.1016,0.05,groundplane,847.8434000000001
