x,y,z,mattype,Wm2Front
0.3746,3.247255e-17,0.05,groundplane,92.64732
0.3746,0.0254,0.05,groundplane,92.64718
0.3746,0.0508,0.05,groundplane,92.64716
0.3746,0.0762,0.05,groundplane,92.64714
0.3746,0.1016,0.05,groundplane,92.64712000000002
