x,y,z,rearMat,Wm2Back
0.642657,3.935139e-17,1.023562,sky,14.04359
0.4818441,2.950444e-17,1.142471,sky,14.04359
0.3210312,1.965749e-17,1.261379,sky,14.04359
0.1602183,9.810544e-18,1.380288,sky,14.04359
-0.0005945422,-3.640521e-20,1.499196,sky,14.04359
-0.1614074,-9.883355e-18,1.618104,sky,14.04359
-0.3222203,-1.97303e-17,1.737013,sky,14.04359
-0.4830332,-2.957725e-17,1.855921,sky,14.04359
-0.6438461,-3.94242e-17,1.97483,sky,14.04359
