x,y,z,mattype,Wm2Front
1.5746,4.810183e-17,0.05,groundplane,759.3341999999999
1.5746,0.0254,0.05,groundplane,759.3353000000001
1.5746,0.0508,0.05,groundplane,759.335
1.5746,0.0762,0.05,groundplane,759.3346
1.5746,0.1016,0.05,groundplane,759.3341999999999
