x,y,z,rearMat,Wm2Back
0.5398379,3.305554e-17,0.9095968,sky,16.19161
0.4046942,2.478037e-17,1.057029,sky,16.19161
0.2695504,1.65052e-17,1.204461,sky,16.19161
0.1344066,8.230032e-18,1.351892,sky,16.19161
-0.0007371594,-4.5138e-20,1.499324,sky,16.19161
-0.1358809,-8.320308e-18,1.646756,sky,16.19161
-0.2710247,-1.659548e-17,1.794188,sky,16.19161
-0.4061685,-2.487065e-17,1.94162,sky,16.19161
-0.5413123,-3.314582e-17,2.089052,sky,16.19161
