x,y,z,rearMat,Wm2Back
0.7870127,4.819063e-17,1.643569,sky,58.33594
0.5903047,3.614574e-17,1.607431,sky,58.33594
0.3935967,2.410085e-17,1.571293,sky,58.33594
0.1968887,1.205595e-17,1.535155,sky,58.33594
0.0001806908,1.106412e-20,1.499016,sky,58.33594
-0.1965273,-1.203383e-17,1.462878,sky,58.33594
-0.3932353,-2.407872e-17,1.42674,sky,58.33594
-0.5899433,-3.612361e-17,1.390602,sky,58.33594
-0.7866513,-4.81685e-17,1.354464,sky,58.33594
