x,y,z,mattype,Wm2Front
1.5746,3.050247e-17,0.05,groundplane,232.4833
1.5746,0.0254,0.05,groundplane,232.4891
1.5746,0.0508,0.05,groundplane,232.4888
1.5746,0.0762,0.05,groundplane,232.48850000000002
1.5746,0.1016,0.05,groundplane,232.4882
