x,y,z,mattype,Wm2Front
0.3746,3.050247e-17,0.05,groundplane,437.15719999999993
0.3746,0.0254,0.05,groundplane,437.1656
0.3746,0.0508,0.05,groundplane,437.1646
0.3746,0.0762,0.05,groundplane,437.16360000000003
0.3746,0.1016,0.05,groundplane,437.16259999999994
