x,y,z,mattype,Wm2Front
1.5746,4.235886e-17,0.05,groundplane,798.658
1.5746,0.0254,0.05,groundplane,798.6594
1.5746,0.0508,0.05,groundplane,798.6591
1.5746,0.0762,0.05,groundplane,798.6588
1.5746,0.1016,0.05,groundplane,798.6583999999999
