x,y,z,rearMat,Wm2Back
0.571985,3.502398e-17,2.059316,sky,63.2437
0.4291638,2.62787e-17,1.919308,sky,63.2437
0.2863425,1.753342e-17,1.779301,sky,63.2437
0.1435213,8.788144e-18,1.639293,sky,63.2437
0.0007000373,4.286492e-20,1.499286,sky,63.2437
-0.1421212,-8.702414e-18,1.359278,sky,63.2437
-0.2849425,-1.744769e-17,1.219271,sky,63.2437
-0.4277637,-2.619297e-17,1.079263,sky,63.2437
-0.570585,-3.493825e-17,0.939256,sky,63.2437
