x,y,z,mattype,Wm2Front
1.5746,4.270711e-17,0.05,groundplane,204.7587
1.5746,0.0254,0.05,groundplane,204.7613
1.5746,0.0508,0.05,groundplane,204.7612
1.5746,0.0762,0.05,groundplane,204.7612
1.5746,0.1016,0.05,groundplane,204.76110000000003
