x,y,z,rearMat,Wm2Back
0.6014574,3.682864e-17,0.9725059,sky,18.93189
0.4509284,2.76114e-17,1.104191,sky,18.93189
0.3003995,1.839416e-17,1.235877,sky,18.93189
0.1498705,9.176923e-18,1.367562,sky,18.93189
-0.0006584268,-4.031701e-20,1.499247,sky,18.93189
-0.1511874,-9.257557e-18,1.630933,sky,18.93189
-0.3017163,-1.84748e-17,1.762618,sky,18.93189
-0.4522453,-2.769204e-17,1.894303,sky,18.93189
-0.6027743,-3.690928e-17,2.025989,sky,18.93189
