x,y,z,mattype,Wm2Front
0.3746,4.817693e-17,0.05,groundplane,61.47052
0.3746,0.0254,0.05,groundplane,61.47169
0.3746,0.0508,0.05,groundplane,61.4717
0.3746,0.0762,0.05,groundplane,61.4717
0.3746,0.1016,0.05,groundplane,61.47171
