x,y,z,rearMat,Wm2Back
0.7976015,4.883901e-17,1.56191,sky,4.402489
0.5982208,3.663046e-17,1.546183,sky,4.402489
0.3988401,2.442191e-17,1.530456,sky,4.402489
0.1994594,1.221336e-17,1.51473,sky,4.402489
7.863309e-05,4.814888e-21,1.499003,sky,4.402489
-0.1993021,-1.220373e-17,1.483276,sky,4.402489
-0.3986828,-2.441228e-17,1.46755,sky,4.402489
-0.5980635,-3.662083e-17,1.451823,sky,4.402489
-0.7974443,-4.882938e-17,1.436097,sky,4.402489
