x,y,z,rearMat,Wm2Back
0.7597528,4.652144e-17,1.249447,sky,5.176242
0.5697366,3.488631e-17,1.311848,sky,5.176242
0.3797204,2.325117e-17,1.374249,sky,5.176242
0.1897042,1.161603e-17,1.436649,sky,5.176242
-0.0003120033,-1.910469e-20,1.49905,sky,5.176242
-0.1903282,-1.165424e-17,1.561451,sky,5.176242
-0.3803444,-2.328938e-17,1.623851,sky,5.176242
-0.5703606,-3.492452e-17,1.686252,sky,5.176242
-0.7603768,-4.655965e-17,1.748653,sky,5.176242
