x,y,z,rearMat,Wm2Back
0.7910441,4.843748e-17,1.380625,sky,15.69816
0.593246,3.632584e-17,1.410222,sky,15.69816
0.395448,2.421421e-17,1.439818,sky,15.69816
0.19765,1.210257e-17,1.469415,sky,15.69816
-0.000147982,-9.061286e-21,1.499011,sky,15.69816
-0.197946,-1.21207e-17,1.528607,sky,15.69816
-0.395744,-2.423233e-17,1.558204,sky,15.69816
-0.593542,-3.634397e-17,1.5878,sky,15.69816
-0.79134,-4.84556e-17,1.617397,sky,15.69816
