x,y,z,mattype,Wm2Front
0.3746,4.881952e-17,0.05,groundplane,30.89977
0.3746,0.0254,0.05,groundplane,30.89917
0.3746,0.0508,0.05,groundplane,30.89914
0.3746,0.0762,0.05,groundplane,30.899109999999997
0.3746,0.1016,0.05,groundplane,30.89907
