x,y,z,rearMat,Wm2Back
0.6127608,3.752078e-17,2.01432,sky,32.9238
0.4597316,2.815044e-17,1.885549,sky,32.9238
0.3067023,1.87801e-17,1.756777,sky,32.9238
0.1536731,9.409763e-18,1.628006,sky,32.9238
0.0006438566,3.942485e-20,1.499235,sky,32.9238
-0.1523854,-9.330914e-18,1.370464,sky,32.9238
-0.3054146,-1.870125e-17,1.241692,sky,32.9238
-0.4584439,-2.807159e-17,1.112921,sky,32.9238
-0.6114731,-3.744193e-17,0.9841496,sky,32.9238
