x,y,z,rearMat,Wm2Back
0.7302016,4.471196e-17,1.173187,sky,17.7841
0.5475494,3.352773e-17,1.254662,sky,17.7841
0.3648971,2.234351e-17,1.336137,sky,17.7841
0.1822449,1.115928e-17,1.417612,sky,17.7841
-0.0004073743,-2.494448e-20,1.499087,sky,17.7841
-0.1830596,-1.120917e-17,1.580562,sky,17.7841
-0.3657119,-2.239339e-17,1.662036,sky,17.7841
-0.5483641,-3.357762e-17,1.743511,sky,17.7841
-0.7310164,-4.476184e-17,1.824986,sky,17.7841
