x,y,z,rearMat,Wm2Back
0.5143201,3.149302e-17,0.8872392,sky,19.97127
0.3855488,2.360806e-17,1.040268,sky,19.97127
0.2567775,1.572309e-17,1.193298,sky,19.97127
0.1280062,7.838117e-18,1.346327,sky,19.97127
-0.0007651462,-4.685169e-20,1.499356,sky,19.97127
-0.1295365,-7.931821e-18,1.652385,sky,19.97127
-0.2583078,-1.581679e-17,1.805415,sky,19.97127
-0.3870791,-2.370176e-17,1.958444,sky,19.97127
-0.5158504,-3.158673e-17,2.111473,sky,19.97127
