x,y,z,mattype,Wm2Front
1.5746,3.785322e-17,0.05,groundplane,237.3081
1.5746,0.0254,0.05,groundplane,237.3106
1.5746,0.0508,0.05,groundplane,237.31049999999996
1.5746,0.0762,0.05,groundplane,237.3103
1.5746,0.1016,0.05,groundplane,237.3102
