x,y,z,mattype,Wm2Front
1.5746,4.895138e-17,0.05,groundplane,14.063160000000002
1.5746,0.0254,0.05,groundplane,14.06348
1.5746,0.0508,0.05,groundplane,14.06348
1.5746,0.0762,0.05,groundplane,14.06349
1.5746,0.1016,0.05,groundplane,14.0635
