x,y,z,rearMat,Wm2Back
0.7968726,4.879437e-17,1.570676,sky,8.837031
0.5976768,3.659715e-17,1.552758,sky,8.837031
0.3984811,2.439993e-17,1.53484,sky,8.837031
0.1992853,1.220271e-17,1.516922,sky,8.837031
8.958964e-05,5.485783e-21,1.499004,sky,8.837031
-0.1991062,-1.219174e-17,1.481086,sky,8.837031
-0.3983019,-2.438896e-17,1.463168,sky,8.837031
-0.5974977,-3.658618e-17,1.44525,sky,8.837031
-0.7966934,-4.87834e-17,1.427332,sky,8.837031
