x,y,z,mattype,Wm2Front
1.5746,3.761312e-17,0.05,groundplane,752.6115999999998
1.5746,0.0254,0.05,groundplane,752.6168000000001
1.5746,0.0508,0.05,groundplane,752.6159000000001
1.5746,0.0762,0.05,groundplane,752.6150000000001
1.5746,0.1016,0.05,groundplane,752.6141000000001
