x,y,z,rearMat,Wm2Back
0.6285857,3.848977e-17,1.005145,sky,8.133138
0.4712848,2.885787e-17,1.128662,sky,8.133138
0.313984,1.922598e-17,1.252179,sky,8.133138
0.1566832,9.594081e-18,1.375696,sky,8.133138
-0.0006175851,-3.781618e-20,1.499213,sky,8.133138
-0.1579184,-9.669713e-18,1.622731,sky,8.133138
-0.3152192,-1.930161e-17,1.746248,sky,8.133138
-0.47252,-2.893351e-17,1.869765,sky,8.133138
-0.6298208,-3.85654e-17,1.993282,sky,8.133138
