x,y,z,mattype,Wm2Front
0.3746,4.88997e-17,0.05,groundplane,19.48002
0.3746,0.0254,0.05,groundplane,19.47935
0.3746,0.0508,0.05,groundplane,19.47936
0.3746,0.0762,0.05,groundplane,19.47937
0.3746,0.1016,0.05,groundplane,19.47938
