x,y,z,rearMat,Wm2Back
0.7634696,4.674903e-17,1.261012,sky,114.6694
0.5725278,3.505722e-17,1.32052,sky,114.6694
0.381586,2.33654e-17,1.380029,sky,114.6694
0.1906442,1.167359e-17,1.439537,sky,114.6694
-0.0002975415,-1.821916e-20,1.499045,sky,114.6694
-0.1912393,-1.171003e-17,1.558554,sky,114.6694
-0.3821811,-2.340184e-17,1.618062,sky,114.6694
-0.5731229,-3.509365e-17,1.67757,sky,114.6694
-0.7640646,-4.678547e-17,1.737078,sky,114.6694
