x,y,z,mattype,Wm2Front
0.3746,3.050247e-17,0.05,groundplane,372.16079999999994
0.3746,0.0254,0.05,groundplane,372.1625000000001
0.3746,0.0508,0.05,groundplane,372.1624
0.3746,0.0762,0.05,groundplane,372.1623
0.3746,0.1016,0.05,groundplane,372.1621
