x,y,z,rearMat,Wm2Back
0.73813,4.519743e-17,1.191512,sky,9.231711
0.5535014,3.389219e-17,1.268403,sky,9.231711
0.3688728,2.258694e-17,1.345294,sky,9.231711
0.1842442,1.12817e-17,1.422186,sky,9.231711
-0.0003844564,-2.354117e-20,1.499077,sky,9.231711
-0.1850131,-1.132878e-17,1.575968,sky,9.231711
-0.3696417,-2.263403e-17,1.652859,sky,9.231711
-0.5542703,-3.393927e-17,1.729751,sky,9.231711
-0.738899,-4.524451e-17,1.806642,sky,9.231711
