x,y,z,rearMat,Wm2Back
0.5571478,3.411547e-17,2.074097,sky,48.23217
0.4180405,2.55976e-17,1.930399,sky,48.23217
0.2789332,1.707973e-17,1.786701,sky,48.23217
0.1398258,8.561863e-18,1.643003,sky,48.23217
0.0007184906,4.399486e-20,1.499304,sky,48.23217
-0.1383888,-8.473873e-18,1.355606,sky,48.23217
-0.2774962,-1.699174e-17,1.211908,sky,48.23217
-0.4166035,-2.550961e-17,1.06821,sky,48.23217
-0.5557109,-3.402748e-17,0.924512,sky,48.23217
