x,y,z,mattype,Wm2Front
0.3746,3.185486e-17,0.05,groundplane,386.0563
0.3746,0.0254,0.05,groundplane,386.0663
0.3746,0.0508,0.05,groundplane,386.0652
0.3746,0.0762,0.05,groundplane,386.064
0.3746,0.1016,0.05,groundplane,386.06290000000007
