x,y,z,mattype,Wm2Front
1.5746,3.531867e-17,0.05,groundplane,707.6006000000001
1.5746,0.0254,0.05,groundplane,707.6043
1.5746,0.0508,0.05,groundplane,707.6038
1.5746,0.0762,0.05,groundplane,707.6032
1.5746,0.1016,0.05,groundplane,707.6026
