x,y,z,mattype,Wm2Front
1.5746,4.552172e-17,0.05,groundplane,79.20863
1.5746,0.0254,0.05,groundplane,79.20786
1.5746,0.0508,0.05,groundplane,79.20784
1.5746,0.0762,0.05,groundplane,79.20783
1.5746,0.1016,0.05,groundplane,79.20782
