x,y,z,mattype,Wm2Front
0.3746,4.444993e-17,0.05,groundplane,89.50952
0.3746,0.0254,0.05,groundplane,89.51126
0.3746,0.0508,0.05,groundplane,89.51127000000001
0.3746,0.0762,0.05,groundplane,89.51128
0.3746,0.1016,0.05,groundplane,89.51128
