x,y,z,mattype,Wm2Front
0.3746,4.900263e-17,0.05,groundplane,798.7328000000001
0.3746,0.0254,0.05,groundplane,798.7342
0.3746,0.0508,0.05,groundplane,798.7336
0.3746,0.0762,0.05,groundplane,798.7329999999998
0.3746,0.1016,0.05,groundplane,798.7324
