x,y,z,rearMat,Wm2Back
0.6246797,3.82506e-17,1.000224,sky,19.14942
0.4683539,2.86784e-17,1.124972,sky,19.14942
0.312028,1.91062e-17,1.249721,sky,19.14942
0.1557021,9.534006e-18,1.37447,sky,19.14942
-0.0006237432,-3.819325e-20,1.499218,sky,19.14942
-0.1569496,-9.610392e-18,1.623967,sky,19.14942
-0.3132755,-1.918259e-17,1.748716,sky,19.14942
-0.4696014,-2.875479e-17,1.873464,sky,19.14942
-0.6259272,-3.832699e-17,1.998213,sky,19.14942
