x,y,z,mattype,Wm2Front
0.3746,4.893498e-17,0.05,groundplane,862.7187
0.3746,0.0254,0.05,groundplane,862.7196
0.3746,0.0508,0.05,groundplane,862.7192
0.3746,0.0762,0.05,groundplane,862.7189
0.3746,0.1016,0.05,groundplane,862.7184000000001
