x,y,z,rearMat,Wm2Back
0.7932444,4.857221e-17,1.396249,sky,2.33081
0.5949012,3.642719e-17,1.421939,sky,2.33081
0.396558,2.428217e-17,1.447629,sky,2.33081
0.1982148,1.213715e-17,1.473318,sky,2.33081
-0.0001284494,-7.865259e-21,1.499008,sky,2.33081
-0.1984717,-1.215288e-17,1.524698,sky,2.33081
-0.3968149,-2.42979e-17,1.550388,sky,2.33081
-0.5951581,-3.644292e-17,1.576078,sky,2.33081
-0.7935013,-4.858794e-17,1.601768,sky,2.33081
