x,y,z,mattype,Wm2Front
0.3746,3.050247e-17,0.05,groundplane,341.6682
0.3746,0.0254,0.05,groundplane,341.6721
0.3746,0.0508,0.05,groundplane,341.6718
0.3746,0.0762,0.05,groundplane,341.67159999999996
0.3746,0.1016,0.05,groundplane,341.6714
