x,y,z,rearMat,Wm2Back
0.7648743,4.683504e-17,1.265547,sky,11.01433
0.5735828,3.512181e-17,1.323921,sky,11.01433
0.3822912,2.340859e-17,1.382295,sky,11.01433
0.1909997,1.169536e-17,1.440669,sky,11.01433
-0.0002918709,-1.787194e-20,1.499044,sky,11.01433
-0.1915834,-1.17311e-17,1.557418,sky,11.01433
-0.382875,-2.344433e-17,1.615792,sky,11.01433
-0.5741665,-3.515756e-17,1.674166,sky,11.01433
-0.765458,-4.687079e-17,1.73254,sky,11.01433
