x,y,z,rearMat,Wm2Back
0.7761303,4.752427e-17,1.306034,sky,3.921439
0.5820374,3.563951e-17,1.354283,sky,3.921439
0.3879445,2.375475e-17,1.402532,sky,3.921439
0.1938516,1.186999e-17,1.450781,sky,3.921439
-0.0002412444,-1.477196e-20,1.49903,sky,3.921439
-0.1943341,-1.189953e-17,1.547278,sky,3.921439
-0.388427,-2.378429e-17,1.595527,sky,3.921439
-0.5825199,-3.566905e-17,1.643776,sky,3.921439
-0.7766128,-4.755382e-17,1.692025,sky,3.921439
