x,y,z,rearMat,Wm2Back
0.6378012,3.905406e-17,1.017081,sky,4.041366
0.4782003,2.928132e-17,1.137611,sky,4.041366
0.3185993,1.950858e-17,1.258142,sky,4.041366
0.1589983,9.735839e-18,1.378672,sky,4.041366
-0.000602651,-3.690173e-20,1.499202,sky,4.041366
-0.1602036,-9.809643e-18,1.619732,sky,4.041366
-0.3198046,-1.958238e-17,1.740262,sky,4.041366
-0.4794056,-2.935512e-17,1.860793,sky,4.041366
-0.6390065,-3.912787e-17,1.981323,sky,4.041366
