x,y,z,rearMat,Wm2Back
0.7672212,4.697875e-17,1.726655,sky,70.05968
0.5754871,3.523842e-17,1.669752,sky,70.05968
0.3837529,2.349809e-17,1.612848,sky,70.05968
0.1920187,1.175775e-17,1.555945,sky,70.05968
0.0002845173,1.742166e-20,1.499041,sky,70.05968
-0.1914497,-1.172291e-17,1.442138,sky,70.05968
-0.3831838,-2.346324e-17,1.385234,sky,70.05968
-0.574918,-3.520358e-17,1.328331,sky,70.05968
-0.7666522,-4.694391e-17,1.271427,sky,70.05968
