x,y,z,rearMat,Wm2Back
0.7820758,4.788833e-17,1.3316,sky,14.44335
0.5865045,3.591304e-17,1.373456,sky,14.44335
0.3909333,2.393776e-17,1.415311,sky,14.44335
0.195362,1.196247e-17,1.457167,sky,14.44335
-0.0002092772,-1.281454e-20,1.499022,sky,14.44335
-0.1957805,-1.19881e-17,1.540878,sky,14.44335
-0.3913518,-2.396339e-17,1.582733,sky,14.44335
-0.5869231,-3.593867e-17,1.624588,sky,14.44335
-0.7824944,-4.791396e-17,1.666444,sky,14.44335
