x,y,z,rearMat,Wm2Back
0.604577,3.701966e-17,0.9760843,sky,29.290759999999995
0.4532693,2.775474e-17,1.106874,sky,29.290759999999995
0.3019615,1.848981e-17,1.237664,sky,29.290759999999995
0.1506538,9.224884e-18,1.368454,sky,29.290759999999995
-0.0006539489,-4.004282e-20,1.499243,sky,29.290759999999995
-0.1519617,-9.30497e-18,1.630033,sky,29.290759999999995
-0.3032694,-1.85699e-17,1.760823,sky,29.290759999999995
-0.4545772,-2.783482e-17,1.891613,sky,29.290759999999995
-0.6058849,-3.709975e-17,2.022403,sky,29.290759999999995
