x,y,z,rearMat,Wm2Back
0.7642166,4.679477e-17,1.263412,sky,15.31156
0.5730888,3.509157e-17,1.32232,sky,15.31156
0.381961,2.338837e-17,1.381228,sky,15.31156
0.1908332,1.168517e-17,1.440136,sky,15.31156
-0.0002945407,-1.803542e-20,1.499044,sky,15.31156
-0.1914223,-1.172124e-17,1.557953,sky,15.31156
-0.3825501,-2.342444e-17,1.616861,sky,15.31156
-0.5736779,-3.512764e-17,1.675769,sky,15.31156
-0.7648057,-4.683084e-17,1.734677,sky,15.31156
