x,y,z,mattype,Wm2Front
0.3746,3.050247e-17,0.05,groundplane,457.6265
0.3746,0.0254,0.05,groundplane,457.6288
0.3746,0.0508,0.05,groundplane,457.6287
0.3746,0.0762,0.05,groundplane,457.6284
0.3746,0.1016,0.05,groundplane,457.62819999999994
