x,y,z,rearMat,Wm2Back
0.5288234,3.23811e-17,0.8997111,sky,30.09743
0.3964302,2.427435e-17,1.049618,sky,30.09743
0.2640369,1.61676e-17,1.199525,sky,30.09743
0.1316437,8.060852e-18,1.349431,sky,30.09743
-0.0007495337,-4.58957e-20,1.499338,sky,30.09743
-0.1331428,-8.152644e-18,1.649245,sky,30.09743
-0.265536,-1.625939e-17,1.799152,sky,30.09743
-0.3979293,-2.436614e-17,1.949058,sky,30.09743
-0.5303225,-3.247289e-17,2.098965,sky,30.09743
