x,y,z,mattype,Wm2Front
0.3746,4.307519e-17,0.05,groundplane,745.7808
0.3746,0.0254,0.05,groundplane,745.7828
0.3746,0.0508,0.05,groundplane,745.7824
0.3746,0.0762,0.05,groundplane,745.782
0.3746,0.1016,0.05,groundplane,745.7815999999999
