x,y,z,mattype,Wm2Front
0.3746,4.810509e-17,0.05,groundplane,885.0607999999999
0.3746,0.0254,0.05,groundplane,885.0619
0.3746,0.0508,0.05,groundplane,885.0615000000001
0.3746,0.0762,0.05,groundplane,885.0611
0.3746,0.1016,0.05,groundplane,885.0607
