x,y,z,mattype,Wm2Front
0.3746,4.820443e-17,0.05,groundplane,753.243
0.3746,0.0254,0.05,groundplane,753.2441
0.3746,0.0508,0.05,groundplane,753.2436000000001
0.3746,0.0762,0.05,groundplane,753.2432
0.3746,0.1016,0.05,groundplane,753.2427000000001
