x,y,z,rearMat,Wm2Back
0.6788945,4.15703e-17,1.923206,sky,19.31014
0.5093034,3.118584e-17,1.817192,sky,19.31014
0.3397123,2.080138e-17,1.711179,sky,19.31014
0.1701212,1.041692e-17,1.605165,sky,19.31014
0.0005300673,3.245726e-20,1.499152,sky,19.31014
-0.1690611,-1.0352e-17,1.393139,sky,19.31014
-0.3386522,-2.073646e-17,1.287125,sky,19.31014
-0.5082433,-3.112093e-17,1.181112,sky,19.31014
-0.6778344,-4.150539e-17,1.075098,sky,19.31014
