x,y,z,rearMat,Wm2Back
0.799988,4.898514e-17,1.495509,sky,0.5880524
0.5999899,3.673879e-17,1.496382,sky,0.5880524
0.3999918,2.449244e-17,1.497255,sky,0.5880524
0.1999937,1.224608e-17,1.498127,sky,0.5880524
-4.363309e-06,-2.671756e-22,1.499,sky,0.5880524
-0.2000025,-1.224662e-17,1.499873,sky,0.5880524
-0.4000006,-2.449297e-17,1.500745,sky,0.5880524
-0.5999987,-3.673932e-17,1.501618,sky,0.5880524
-0.7999967,-4.898567e-17,1.502491,sky,0.5880524
