x,y,z,mattype,Wm2Front
1.5746,3.942999e-17,0.05,groundplane,766.7658
1.5746,0.0254,0.05,groundplane,766.7679000000002
1.5746,0.0508,0.05,groundplane,766.7676
1.5746,0.0762,0.05,groundplane,766.7671999999999
1.5746,0.1016,0.05,groundplane,766.7669
