x,y,z,rearMat,Wm2Back
0.7764785,4.75456e-17,1.692567,sky,29.957489999999996
0.5824194,3.56629e-17,1.644183,sky,29.957489999999996
0.3883602,2.37802e-17,1.595798,sky,29.957489999999996
0.1943011,1.189751e-17,1.547414,sky,29.957489999999996
0.0002419219,1.481344e-20,1.49903,sky,29.957489999999996
-0.1938172,-1.186788e-17,1.450645,sky,29.957489999999996
-0.3878764,-2.375058e-17,1.402261,sky,29.957489999999996
-0.5819355,-3.563327e-17,1.353877,sky,29.957489999999996
-0.7759947,-4.751597e-17,1.305492,sky,29.957489999999996
