x,y,z,rearMat,Wm2Back
0.7206296,4.412584e-17,1.84741,sky,10.869729999999999
0.5405811,3.310104e-17,1.760333,sky,10.869729999999999
0.3605325,2.207625e-17,1.673255,sky,10.869729999999999
0.1804839,1.105145e-17,1.586177,sky,10.869729999999999
0.0004353882,2.665984e-20,1.4991,sky,10.869729999999999
-0.1796132,-1.099813e-17,1.412022,sky,10.869729999999999
-0.3596617,-2.202293e-17,1.324944,sky,10.869729999999999
-0.5397103,-3.304772e-17,1.237867,sky,10.869729999999999
-0.7197588,-4.407252e-17,1.150789,sky,10.869729999999999
