x,y,z,mattype,Wm2Front
1.5746,4.839627e-17,0.05,groundplane,37.96329
1.5746,0.0254,0.05,groundplane,37.96428
1.5746,0.0508,0.05,groundplane,37.96424
1.5746,0.0762,0.05,groundplane,37.9642
1.5746,0.1016,0.05,groundplane,37.96416
