x,y,z,mattype,Wm2Front
1.5746,4.793304e-17,0.05,groundplane,27.54661
1.5746,0.0254,0.05,groundplane,27.5468
1.5746,0.0508,0.05,groundplane,27.54679
1.5746,0.0762,0.05,groundplane,27.54679
1.5746,0.1016,0.05,groundplane,27.54679
