x,y,z,mattype,Wm2Front
1.5746,4.756291e-17,0.05,groundplane,126.246
1.5746,0.0254,0.05,groundplane,126.24849999999999
1.5746,0.0508,0.05,groundplane,126.2484
1.5746,0.0762,0.05,groundplane,126.24830000000001
1.5746,0.1016,0.05,groundplane,126.2482
