x,y,z,mattype,Wm2Front
1.5746,3.958179e-17,0.05,groundplane,208.95860000000002
1.5746,0.0254,0.05,groundplane,208.9624
1.5746,0.0508,0.05,groundplane,208.9623
1.5746,0.0762,0.05,groundplane,208.96220000000002
1.5746,0.1016,0.05,groundplane,208.96220000000002
