x,y,z,mattype,Wm2Front
1.5746,4.290278e-17,0.05,groundplane,39.26205
1.5746,0.0254,0.05,groundplane,39.26217
1.5746,0.0508,0.05,groundplane,39.26216
1.5746,0.0762,0.05,groundplane,39.26216
1.5746,0.1016,0.05,groundplane,39.26215
