x,y,z,rearMat,Wm2Back
0.6862489,4.202062e-17,1.911173,sky,13.98303
0.5148154,3.152335e-17,1.808166,sky,13.98303
0.343382,2.102608e-17,1.705158,sky,13.98303
0.1719485,1.052881e-17,1.60215,sky,13.98303
0.0005150381,3.153699e-20,1.499143,sky,13.98303
-0.1709184,-1.046573e-17,1.396135,sky,13.98303
-0.3423519,-2.096301e-17,1.293128,sky,13.98303
-0.5137853,-3.146028e-17,1.19012,sky,13.98303
-0.6852188,-4.195755e-17,1.087112,sky,13.98303
