x,y,z,mattype,Wm2Front
1.5746,3.247255e-17,0.05,groundplane,366.2865
1.5746,0.0254,0.05,groundplane,366.2848000000001
1.5746,0.0508,0.05,groundplane,366.2848000000001
1.5746,0.0762,0.05,groundplane,366.2847
1.5746,0.1016,0.05,groundplane,366.2847
