x,y,z,mattype,Wm2Front
0.3746,4.850707e-17,0.05,groundplane,42.57338
0.3746,0.0254,0.05,groundplane,42.57277
0.3746,0.0508,0.05,groundplane,42.57278
0.3746,0.0762,0.05,groundplane,42.57278
0.3746,0.1016,0.05,groundplane,42.57279
