x,y,z,mattype,Wm2Front
0.3746,4.57919e-17,0.05,groundplane,691.5624000000001
0.3746,0.0254,0.05,groundplane,691.5629
0.3746,0.0508,0.05,groundplane,691.5625999999999
0.3746,0.0762,0.05,groundplane,691.5622
0.3746,0.1016,0.05,groundplane,691.5618
