x,y,z,mattype,Wm2Front
0.3746,4.885193e-17,0.05,groundplane,26.64458
0.3746,0.0254,0.05,groundplane,26.64415
0.3746,0.0508,0.05,groundplane,26.64415
0.3746,0.0762,0.05,groundplane,26.644140000000004
0.3746,0.1016,0.05,groundplane,26.64413
