x,y,z,mattype,Wm2Front
1.5746,4.162618e-17,0.05,groundplane,879.5391
1.5746,0.0254,0.05,groundplane,879.5373
1.5746,0.0508,0.05,groundplane,879.5363000000001
1.5746,0.0762,0.05,groundplane,879.5351999999999
1.5746,0.1016,0.05,groundplane,879.5342
