x,y,z,mattype,Wm2Front
0.3746,4.894605e-17,0.05,groundplane,896.4564
0.3746,0.0254,0.05,groundplane,896.4572
0.3746,0.0508,0.05,groundplane,896.4567000000001
0.3746,0.0762,0.05,groundplane,896.4562
0.3746,0.1016,0.05,groundplane,896.4558000000001
