x,y,z,mattype,Wm2Front
1.5746,4.858505e-17,0.05,groundplane,41.37971
1.5746,0.0254,0.05,groundplane,41.37846
1.5746,0.0508,0.05,groundplane,41.37847
1.5746,0.0762,0.05,groundplane,41.37848
1.5746,0.1016,0.05,groundplane,41.37849
