x,y,z,rearMat,Wm2Back
0.7799911,4.776068e-17,1.322194,sky,30.96576
0.5849381,3.581713e-17,1.366402,sky,30.96576
0.3898851,2.387357e-17,1.41061,sky,30.96576
0.194832,1.193002e-17,1.454817,sky,30.96576
-0.0002210379,-1.353467e-20,1.499025,sky,30.96576
-0.1952741,-1.195709e-17,1.543232,sky,30.96576
-0.3903271,-2.390064e-17,1.58744,sky,30.96576
-0.5853802,-3.58442e-17,1.631647,sky,30.96576
-0.7804332,-4.778775e-17,1.675855,sky,30.96576
