x,y,z,rearMat,Wm2Back
0.726583,4.449038e-17,1.834781,sky,90.15784000000001
0.5450422,3.337421e-17,1.750859,sky,90.15784000000001
0.3635013,2.225804e-17,1.666937,sky,90.15784000000001
0.1819605,1.114186e-17,1.583014,sky,90.15784000000001
0.0004196105,2.569373e-20,1.499092,sky,90.15784000000001
-0.1811212,-1.109048e-17,1.41517,sky,90.15784000000001
-0.3626621,-2.220665e-17,1.331248,sky,90.15784000000001
-0.5442029,-3.332282e-17,1.247326,sky,90.15784000000001
-0.7257438,-4.443899e-17,1.163404,sky,90.15784000000001
