x,y,z,mattype,Wm2Front
1.5746,4.304144e-17,0.05,groundplane,798.9195999999998
1.5746,0.0254,0.05,groundplane,798.9193
1.5746,0.0508,0.05,groundplane,798.9189
1.5746,0.0762,0.05,groundplane,798.9186
1.5746,0.1016,0.05,groundplane,798.9182999999999
