x,y,z,mattype,Wm2Front
0.3746,3.247255e-17,0.05,groundplane,499.7896
0.3746,0.0254,0.05,groundplane,499.78860000000003
0.3746,0.0508,0.05,groundplane,499.78849999999994
0.3746,0.0762,0.05,groundplane,499.7883
0.3746,0.1016,0.05,groundplane,499.7882
