x,y,z,rearMat,Wm2Back
0.793531,4.858976e-17,1.398464,sky,13.31332
0.5951169,3.64404e-17,1.4236,sky,13.31332
0.3967027,2.429103e-17,1.448736,sky,13.31332
0.1982885,1.214167e-17,1.473872,sky,13.31332
-0.0001256795,-7.695652e-21,1.499008,sky,13.31332
-0.1985399,-1.215706e-17,1.524144,sky,13.31332
-0.396954,-2.430642e-17,1.54928,sky,13.31332
-0.5953682,-3.645579e-17,1.574416,sky,13.31332
-0.7937824,-4.860515e-17,1.599552,sky,13.31332
