x,y,z,mattype,Wm2Front
0.3746,4.635699e-17,0.05,groundplane,63.42508999999999
0.3746,0.0254,0.05,groundplane,63.42767
0.3746,0.0508,0.05,groundplane,63.42755
0.3746,0.0762,0.05,groundplane,63.427429999999994
0.3746,0.1016,0.05,groundplane,63.42731
