x,y,z,mattype,Wm2Front
1.5746,3.050247e-17,0.05,groundplane,222.6825
1.5746,0.0254,0.05,groundplane,222.68999999999997
1.5746,0.0508,0.05,groundplane,222.6896
1.5746,0.0762,0.05,groundplane,222.6892
1.5746,0.1016,0.05,groundplane,222.6888
