x,y,z,mattype,Wm2Front
0.3746,4.429656e-17,0.05,groundplane,706.7201
0.3746,0.0254,0.05,groundplane,706.7206
0.3746,0.0508,0.05,groundplane,706.7202000000001
0.3746,0.0762,0.05,groundplane,706.7197
0.3746,0.1016,0.05,groundplane,706.7194
