x,y,z,mattype,Wm2Front
1.5746,4.895049e-17,0.05,groundplane,15.5986
1.5746,0.0254,0.05,groundplane,15.59827
1.5746,0.0508,0.05,groundplane,15.598260000000002
1.5746,0.0762,0.05,groundplane,15.59825
1.5746,0.1016,0.05,groundplane,15.598239999999999
