x,y,z,mattype,Wm2Front
0.3746,3.050247e-17,0.05,groundplane,376.20059999999995
0.3746,0.0254,0.05,groundplane,376.2037
0.3746,0.0508,0.05,groundplane,376.2035
0.3746,0.0762,0.05,groundplane,376.2032
0.3746,0.1016,0.05,groundplane,376.203
