x,y,z,mattype,Wm2Front
0.3746,4.552172e-17,0.05,groundplane,79.21458
0.3746,0.0254,0.05,groundplane,79.21401
0.3746,0.0508,0.05,groundplane,79.214
0.3746,0.0762,0.05,groundplane,79.21397
0.3746,0.1016,0.05,groundplane,79.21396
