x,y,z,mattype,Wm2Front
1.5746,4.689303e-17,0.05,groundplane,857.9672999999999
1.5746,0.0254,0.05,groundplane,857.9684000000001
1.5746,0.0508,0.05,groundplane,857.968
1.5746,0.0762,0.05,groundplane,857.9677
1.5746,0.1016,0.05,groundplane,857.9672999999999
