x,y,z,mattype,Wm2Front
0.3746,3.980613e-17,0.05,groundplane,762.3313000000002
0.3746,0.0254,0.05,groundplane,762.331
0.3746,0.0508,0.05,groundplane,762.3308000000001
0.3746,0.0762,0.05,groundplane,762.3305999999999
0.3746,0.1016,0.05,groundplane,762.3303
