x,y,z,rearMat,Wm2Back
0.7959872,4.874016e-17,1.419966,sky,2.883111
0.5969657,3.65536e-17,1.439726,sky,2.883111
0.3979442,2.436705e-17,1.459485,sky,2.883111
0.1989227,1.21805e-17,1.479245,sky,2.883111
-9.879873e-05,-6.049677e-21,1.499005,sky,2.883111
-0.1991203,-1.21926e-17,1.518765,sky,2.883111
-0.3981418,-2.437915e-17,1.538524,sky,2.883111
-0.5971633,-3.65657e-17,1.558284,sky,2.883111
-0.7961847,-4.875226e-17,1.578044,sky,2.883111
