x,y,z,mattype,Wm2Front
0.3746,4.731445e-17,0.05,groundplane,879.4600999999999
0.3746,0.0254,0.05,groundplane,879.4618999999999
0.3746,0.0508,0.05,groundplane,879.4615
0.3746,0.0762,0.05,groundplane,879.4611
0.3746,0.1016,0.05,groundplane,879.4607
