x,y,z,rearMat,Wm2Back
0.6639198,4.065337e-17,1.053669,sky,74.10121
0.4978007,3.04815e-17,1.165044,sky,74.10121
0.3316815,2.030963e-17,1.276419,sky,74.10121
0.1655623,1.013777e-17,1.387794,sky,74.10121
-0.0005568756,-3.40988e-20,1.499169,sky,74.10121
-0.1666761,-1.020596e-17,1.610545,sky,74.10121
-0.3327952,-2.037783e-17,1.72192,sky,74.10121
-0.4989144,-3.05497e-17,1.833295,sky,74.10121
-0.6650336,-4.072156e-17,1.94467,sky,74.10121
