x,y,z,mattype,Wm2Front
0.3746,4.151297e-17,0.05,groundplane,797.161
0.3746,0.0254,0.05,groundplane,797.1605
0.3746,0.0508,0.05,groundplane,797.1601999999999
0.3746,0.0762,0.05,groundplane,797.1598
0.3746,0.1016,0.05,groundplane,797.1595000000001
