x,y,z,mattype,Wm2Front
1.5746,3.050247e-17,0.05,groundplane,409.31850000000003
1.5746,0.0254,0.05,groundplane,409.3216
1.5746,0.0508,0.05,groundplane,409.3214
1.5746,0.0762,0.05,groundplane,409.32120000000003
1.5746,0.1016,0.05,groundplane,409.32109999999994
