x,y,z,rearMat,Wm2Back
0.6348394,3.88727e-17,1.013194,sky,30.083479999999998
0.4759776,2.914523e-17,1.134697,sky,30.083479999999998
0.3171159,1.941775e-17,1.2562,sky,30.083479999999998
0.1582542,9.690275e-18,1.377703,sky,30.083479999999998
-0.0006075145,-3.719953e-20,1.499206,sky,30.083479999999998
-0.1594692,-9.764674e-18,1.620709,sky,30.083479999999998
-0.318331,-1.949215e-17,1.742211,sky,30.083479999999998
-0.4771927,-2.921962e-17,1.863714,sky,30.083479999999998
-0.6360544,-3.89471e-17,1.985217,sky,30.083479999999998
