x,y,z,mattype,Wm2Front
0.3746,3.817701e-17,0.05,groundplane,714.0655
0.3746,0.0254,0.05,groundplane,714.0706999999999
0.3746,0.0508,0.05,groundplane,714.07
0.3746,0.0762,0.05,groundplane,714.0693
0.3746,0.1016,0.05,groundplane,714.0686
