x,y,z,mattype,Wm2Front
1.5746,4.707457e-17,0.05,groundplane,408.76770000000005
1.5746,0.0254,0.05,groundplane,408.7722999999999
1.5746,0.0508,0.05,groundplane,408.77
1.5746,0.0762,0.05,groundplane,408.7675
1.5746,0.1016,0.05,groundplane,408.7652
