x,y,z,mattype,Wm2Front
0.3746,4.159456e-17,0.05,groundplane,63.66352
0.3746,0.0254,0.05,groundplane,63.66335
0.3746,0.0508,0.05,groundplane,63.66331
0.3746,0.0762,0.05,groundplane,63.66326999999999
0.3746,0.1016,0.05,groundplane,63.66323
