x,y,z,mattype,Wm2Front
0.3746,4.720764e-17,0.05,groundplane,805.6666
0.3746,0.0254,0.05,groundplane,805.6677
0.3746,0.0508,0.05,groundplane,805.6673999999999
0.3746,0.0762,0.05,groundplane,805.6669
0.3746,0.1016,0.05,groundplane,805.6666
