x,y,z,mattype,Wm2Front
1.5746,4.872106e-17,0.05,groundplane,872.2604
1.5746,0.0254,0.05,groundplane,872.2612
1.5746,0.0508,0.05,groundplane,872.2605
1.5746,0.0762,0.05,groundplane,872.2598000000002
1.5746,0.1016,0.05,groundplane,872.2592
