x,y,z,rearMat,Wm2Back
0.7846517,4.804606e-17,1.344042,sky,3.5063790000000004
0.5884403,3.603158e-17,1.382787,sky,3.5063790000000004
0.392229,2.40171e-17,1.421531,sky,3.5063790000000004
0.1960176,1.200262e-17,1.460275,sky,3.5063790000000004
-0.0001937207,-1.186197e-20,1.499019,sky,3.5063790000000004
-0.1964051,-1.202634e-17,1.537763,sky,3.5063790000000004
-0.3926164,-2.404082e-17,1.576507,sky,3.5063790000000004
-0.5888278,-3.60553e-17,1.615251,sky,3.5063790000000004
-0.7850391,-4.806978e-17,1.653996,sky,3.5063790000000004
