x,y,z,rearMat,Wm2Back
0.734804,4.499377e-17,1.183671,sky,23.813910000000003
0.5510044,3.373929e-17,1.262523,sky,23.813910000000003
0.3672048,2.248481e-17,1.341376,sky,23.813910000000003
0.1834053,1.123034e-17,1.420228,sky,23.813910000000003
-0.0003942627,-2.414163e-20,1.499081,sky,23.813910000000003
-0.1841938,-1.127862e-17,1.577934,sky,23.813910000000003
-0.3679934,-2.25331e-17,1.656786,sky,23.813910000000003
-0.5517929,-3.378757e-17,1.735639,sky,23.813910000000003
-0.7355925,-4.504205e-17,1.814491,sky,23.813910000000003
