x,y,z,mattype,Wm2Front
1.5746,4.840127e-17,0.05,groundplane,11.502140000000002
1.5746,0.0254,0.05,groundplane,11.50211
1.5746,0.0508,0.05,groundplane,11.50211
1.5746,0.0762,0.05,groundplane,11.50211
1.5746,0.1016,0.05,groundplane,11.50211
