x,y,z,mattype,Wm2Front
0.3746,4.707457e-17,0.05,groundplane,408.93160000000006
0.3746,0.0254,0.05,groundplane,408.9359
0.3746,0.0508,0.05,groundplane,408.9334999999999
0.3746,0.0762,0.05,groundplane,408.9312
0.3746,0.1016,0.05,groundplane,408.92890000000006
