x,y,z,rearMat,Wm2Back
0.7888942,4.830583e-17,1.632842,sky,18.89481
0.5917124,3.623194e-17,1.599385,sky,18.89481
0.3945307,2.415804e-17,1.565928,sky,18.89481
0.197349,1.208414e-17,1.532471,sky,18.89481
0.000167285,1.024325e-20,1.499014,sky,18.89481
-0.1970144,-1.206365e-17,1.465557,sky,18.89481
-0.3941961,-2.413755e-17,1.4321,sky,18.89481
-0.5913779,-3.621145e-17,1.398643,sky,18.89481
-0.7885596,-4.828535e-17,1.365186,sky,18.89481
