x,y,z,rearMat,Wm2Back
0.7885201,4.828293e-17,1.635045,sky,45.622710000000005
0.5914326,3.62148e-17,1.601037,sky,45.622710000000005
0.3943451,2.414667e-17,1.56703,sky,45.622710000000005
0.1972576,1.207854e-17,1.533022,sky,45.622710000000005
0.0001700375,1.041179e-20,1.499015,sky,45.622710000000005
-0.1969175,-1.205772e-17,1.465007,sky,45.622710000000005
-0.394005,-2.412585e-17,1.431,sky,45.622710000000005
-0.5910925,-3.619398e-17,1.396992,sky,45.622710000000005
-0.78818,-4.826211e-17,1.362985,sky,45.622710000000005
