x,y,z,rearMat,Wm2Back
0.7980825,4.886846e-17,1.555365,sky,20.50549
0.5985795,3.665242e-17,1.541274,sky,20.50549
0.3990765,2.443639e-17,1.527184,sky,20.50549
0.1995735,1.222035e-17,1.513093,sky,20.50549
7.045289e-05,4.313995e-21,1.499002,sky,20.50549
-0.1994326,-1.221172e-17,1.484912,sky,20.50549
-0.3989356,-2.442776e-17,1.470821,sky,20.50549
-0.5984386,-3.66438e-17,1.456731,sky,20.50549
-0.7979416,-4.885983e-17,1.44264,sky,20.50549
