x,y,z,rearMat,Wm2Back
0.6857946,4.199281e-17,1.08807,sky,19.11997
0.5142175,3.148674e-17,1.190838,sky,19.11997
0.3426404,2.098067e-17,1.293606,sky,19.11997
0.1710633,1.04746e-17,1.396374,sky,19.11997
-0.0005138407,-3.146367e-20,1.499142,sky,19.11997
-0.172091,-1.053753e-17,1.60191,sky,19.11997
-0.3436681,-2.10436e-17,1.704678,sky,19.11997
-0.5152452,-3.154967e-17,1.807447,sky,19.11997
-0.6868223,-4.205574e-17,1.910215,sky,19.11997
