x,y,z,rearMat,Wm2Back
0.6805145,4.16695e-17,1.920596,sky,16.21477
0.5105176,3.126019e-17,1.815234,sky,16.21477
0.3405207,2.085088e-17,1.709873,sky,16.21477
0.1705237,1.044157e-17,1.604512,sky,16.21477
0.0005268075,3.225765e-20,1.49915,sky,16.21477
-0.1694701,-1.037705e-17,1.393789,sky,16.21477
-0.3394671,-2.078636e-17,1.288427,sky,16.21477
-0.509464,-3.119567e-17,1.183066,sky,16.21477
-0.6794609,-4.160498e-17,1.077704,sky,16.21477
