x,y,z,mattype,Wm2Front
0.3746,4.614146e-17,0.05,groundplane,113.9821
0.3746,0.0254,0.05,groundplane,113.979
0.3746,0.0508,0.05,groundplane,113.979
0.3746,0.0762,0.05,groundplane,113.9789
0.3746,0.1016,0.05,groundplane,113.97880000000002
