x,y,z,mattype,Wm2Front
0.3746,3.247255e-17,0.05,groundplane,481.7450999999999
0.3746,0.0254,0.05,groundplane,481.7446
0.3746,0.0508,0.05,groundplane,481.7444
0.3746,0.0762,0.05,groundplane,481.7441999999999
0.3746,0.1016,0.05,groundplane,481.74399999999997
