x,y,z,rearMat,Wm2Back
0.6461322,3.956419e-17,1.028286,sky,15.756639999999999
0.484452,2.966413e-17,1.146012,sky,15.756639999999999
0.3227718,1.976407e-17,1.263739,sky,15.756639999999999
0.1610916,9.864014e-18,1.381465,sky,15.756639999999999
-0.0005886321,-3.604332e-20,1.499192,sky,15.756639999999999
-0.1622688,-9.936101e-18,1.616918,sky,15.756639999999999
-0.323949,-1.983616e-17,1.734644,sky,15.756639999999999
-0.4856292,-2.973622e-17,1.852371,sky,15.756639999999999
-0.6473095,-3.963627e-17,1.970097,sky,15.756639999999999
