x,y,z,mattype,Wm2Front
1.5746,4.331748e-17,0.05,groundplane,829.4386
1.5746,0.0254,0.05,groundplane,829.4407
1.5746,0.0508,0.05,groundplane,829.4402999999999
1.5746,0.0762,0.05,groundplane,829.4399
1.5746,0.1016,0.05,groundplane,829.4396
