x,y,z,mattype,Wm2Front
1.5746,4.801451e-17,0.05,groundplane,881.7449
1.5746,0.0254,0.05,groundplane,881.7454000000001
1.5746,0.0508,0.05,groundplane,881.7449
1.5746,0.0762,0.05,groundplane,881.7446
1.5746,0.1016,0.05,groundplane,881.7442
