x,y,z,mattype,Wm2Front
0.3746,3.166598e-17,0.05,groundplane,389.981
0.3746,0.0254,0.05,groundplane,389.9911
0.3746,0.0508,0.05,groundplane,389.99
0.3746,0.0762,0.05,groundplane,389.9888
0.3746,0.1016,0.05,groundplane,389.98769999999996
