x,y,z,mattype,Wm2Front
1.5746,4.155502e-17,0.05,groundplane,13.037240000000002
1.5746,0.0254,0.05,groundplane,13.037240000000002
1.5746,0.0508,0.05,groundplane,13.037240000000002
1.5746,0.0762,0.05,groundplane,13.037240000000002
1.5746,0.1016,0.05,groundplane,13.037240000000002
