x,y,z,mattype,Wm2Front
1.5746,4.852303e-17,0.05,groundplane,33.59842
1.5746,0.0254,0.05,groundplane,33.59947
1.5746,0.0508,0.05,groundplane,33.59943
1.5746,0.0762,0.05,groundplane,33.5994
1.5746,0.1016,0.05,groundplane,33.59937
