x,y,z,rearMat,Wm2Back
0.6643091,4.06772e-17,1.054248,sky,32.07907
0.4980928,3.049939e-17,1.165479,sky,32.07907
0.3318765,2.032157e-17,1.276709,sky,32.07907
0.1656602,1.014376e-17,1.387939,sky,32.07907
-0.0005561506,-3.40544e-20,1.499169,sky,32.07907
-0.1667725,-1.021187e-17,1.610399,sky,32.07907
-0.3329888,-2.038968e-17,1.721629,sky,32.07907
-0.4992051,-3.05675e-17,1.832859,sky,32.07907
-0.6654214,-4.074531e-17,1.944089,sky,32.07907
