x,y,z,mattype,Wm2Front
0.3746,4.695954e-17,0.05,groundplane,25.25406
0.3746,0.0254,0.05,groundplane,25.25469
0.3746,0.0508,0.05,groundplane,25.25467
0.3746,0.0762,0.05,groundplane,25.25466
0.3746,0.1016,0.05,groundplane,25.25465
