x,y,z,rearMat,Wm2Back
0.6990293,4.28032e-17,1.889049,sky,15.39013
0.5243938,3.210986e-17,1.791568,sky,15.39013
0.3497584,2.141652e-17,1.694088,sky,15.39013
0.1751229,1.072318e-17,1.596607,sky,15.39013
0.0004874025,2.98448e-20,1.499127,sky,15.39013
-0.1741481,-1.066349e-17,1.401646,sky,15.39013
-0.3487836,-2.135683e-17,1.304166,sky,15.39013
-0.523419,-3.205017e-17,1.206685,sky,15.39013
-0.6980545,-4.274351e-17,1.109205,sky,15.39013
