x,y,z,rearMat,Wm2Back
0.7999847,4.898493e-17,1.494951,sky,0.1858259
0.5999873,3.673862e-17,1.495963,sky,0.1858259
0.3999898,2.449231e-17,1.496975,sky,0.1858259
0.1999924,1.2246e-17,1.497988,sky,0.1858259
-5.061433e-06,-3.099234e-22,1.499,sky,0.1858259
-0.2000025,-1.224662e-17,1.500012,sky,0.1858259
-0.3999999,-2.449293e-17,1.501025,sky,0.1858259
-0.5999974,-3.673924e-17,1.502037,sky,0.1858259
-0.7999948,-4.898555e-17,1.503049,sky,0.1858259
