x,y,z,mattype,Wm2Front
1.5746,3.348458e-17,0.05,groundplane,497.23420000000004
1.5746,0.0254,0.05,groundplane,497.23330000000004
1.5746,0.0508,0.05,groundplane,497.2327
1.5746,0.0762,0.05,groundplane,497.232
1.5746,0.1016,0.05,groundplane,497.2313
