x,y,z,mattype,Wm2Front
0.3746,4.894113e-17,0.05,groundplane,5.703226
0.3746,0.0254,0.05,groundplane,5.703374
0.3746,0.0508,0.05,groundplane,5.70338
0.3746,0.0762,0.05,groundplane,5.703385999999999
0.3746,0.1016,0.05,groundplane,5.703392
