x,y,z,mattype,Wm2Front
0.3746,4.750471e-17,0.05,groundplane,796.0007
0.3746,0.0254,0.05,groundplane,796.0023
0.3746,0.0508,0.05,groundplane,796.0018
0.3746,0.0762,0.05,groundplane,796.0014
0.3746,0.1016,0.05,groundplane,796.0009999999999
