x,y,z,mattype,Wm2Front
1.5746,3.247255e-17,0.05,groundplane,469.0187
1.5746,0.0254,0.05,groundplane,469.01680000000005
1.5746,0.0508,0.05,groundplane,469.0165
1.5746,0.0762,0.05,groundplane,469.0162
1.5746,0.1016,0.05,groundplane,469.016
