x,y,z,mattype,Wm2Front
0.3746,3.050247e-17,0.05,groundplane,455.6442
0.3746,0.0254,0.05,groundplane,455.64810000000006
0.3746,0.0508,0.05,groundplane,455.6478
0.3746,0.0762,0.05,groundplane,455.6476
0.3746,0.1016,0.05,groundplane,455.6472999999999
