x,y,z,rearMat,Wm2Back
0.7958509,4.873181e-17,1.581378,sky,5.018851
0.5969139,3.655043e-17,1.560785,sky,5.018851
0.3979769,2.436906e-17,1.540192,sky,5.018851
0.1990399,1.218768e-17,1.519599,sky,5.018851
0.0001029661,6.304858e-21,1.499005,sky,5.018851
-0.198834,-1.217507e-17,1.478412,sky,5.018851
-0.397771,-2.435645e-17,1.457819,sky,5.018851
-0.596708,-3.653782e-17,1.437226,sky,5.018851
-0.7956449,-4.87192e-17,1.416632,sky,5.018851
