x,y,z,rearMat,Wm2Back
0.7465724,4.571438e-17,1.787455,sky,69.20107
0.5600194,3.42913e-17,1.715358,sky,69.20107
0.3734665,2.286822e-17,1.643261,sky,69.20107
0.1869135,1.144515e-17,1.571164,sky,69.20107
0.0003604853,2.207336e-20,1.499067,sky,69.20107
-0.1861925,-1.1401e-17,1.42697,sky,69.20107
-0.3727455,-2.282408e-17,1.354873,sky,69.20107
-0.5592985,-3.424715e-17,1.282776,sky,69.20107
-0.7458514,-4.567023e-17,1.210679,sky,69.20107
