x,y,z,mattype,Wm2Front
1.5746,4.40981e-17,0.05,groundplane,822.5133
1.5746,0.0254,0.05,groundplane,822.5146
1.5746,0.0508,0.05,groundplane,822.5143000000002
1.5746,0.0762,0.05,groundplane,822.514
1.5746,0.1016,0.05,groundplane,822.5135999999999
