x,y,z,rearMat,Wm2Back
0.7886142,4.828869e-17,1.634494,sky,6.960801
0.591503,3.621911e-17,1.600624,sky,6.960801
0.3943918,2.414953e-17,1.566754,sky,6.960801
0.1972806,1.207995e-17,1.532884,sky,6.960801
0.0001693495,1.036967e-20,1.499014,sky,6.960801
-0.1969419,-1.205921e-17,1.465145,sky,6.960801
-0.3940531,-2.412879e-17,1.431275,sky,6.960801
-0.5911643,-3.619837e-17,1.397405,sky,6.960801
-0.7882755,-4.826795e-17,1.363535,sky,6.960801
