x,y,z,rearMat,Wm2Back
0.7370487,4.513122e-17,1.188937,sky,6.041895
0.5526896,3.384248e-17,1.266472,sky,6.041895
0.3683305,2.255374e-17,1.344008,sky,6.041895
0.1839714,1.1265e-17,1.421543,sky,6.041895
-0.0003876765,-2.373834e-20,1.499078,sky,6.041895
-0.1847468,-1.131248e-17,1.576613,sky,6.041895
-0.3691059,-2.260122e-17,1.654149,sky,6.041895
-0.553465,-3.388996e-17,1.731684,sky,6.041895
-0.7378241,-4.517869e-17,1.809219,sky,6.041895
