x,y,z,mattype,Wm2Front
1.5746,3.835332e-17,0.05,groundplane,739.7018000000002
1.5746,0.0254,0.05,groundplane,739.7035
1.5746,0.0508,0.05,groundplane,739.7032
1.5746,0.0762,0.05,groundplane,739.7028999999999
1.5746,0.1016,0.05,groundplane,739.7026
