x,y,z,rearMat,Wm2Back
0.6149098,3.765237e-17,2.011749,sky,103.9594
0.4613425,2.824908e-17,1.88362,sky,103.9594
0.3077752,1.88458e-17,1.755491,sky,103.9594
0.1542079,9.442513e-18,1.627361,sky,103.9594
0.0006406459,3.922825e-20,1.499232,sky,103.9594
-0.1529266,-9.364056e-18,1.371103,sky,103.9594
-0.3064939,-1.876734e-17,1.242974,sky,103.9594
-0.4600612,-2.817063e-17,1.114845,sky,103.9594
-0.6136285,-3.757391e-17,0.9867154,sky,103.9594
