x,y,z,mattype,Wm2Front
0.3746,4.828531e-17,0.05,groundplane,16.32825
0.3746,0.0254,0.05,groundplane,16.32824
0.3746,0.0508,0.05,groundplane,16.32824
0.3746,0.0762,0.05,groundplane,16.32823
0.3746,0.1016,0.05,groundplane,16.32823
