x,y,z,mattype,Wm2Front
1.5746,4.626474e-17,0.05,groundplane,795.5389
1.5746,0.0254,0.05,groundplane,795.5408000000001
1.5746,0.0508,0.05,groundplane,795.5403
1.5746,0.0762,0.05,groundplane,795.5399000000001
1.5746,0.1016,0.05,groundplane,795.5393
