x,y,z,mattype,Wm2Front
0.3746,4.711709e-17,0.05,groundplane,888.6403999999999
0.3746,0.0254,0.05,groundplane,888.6407
0.3746,0.0508,0.05,groundplane,888.6403999999999
0.3746,0.0762,0.05,groundplane,888.6401
0.3746,0.1016,0.05,groundplane,888.6398
