x,y,z,rearMat,Wm2Back
0.7936602,4.859767e-17,1.600521,sky,12.88238
0.5952769,3.645019e-17,1.575143,sky,12.88238
0.3968935,2.430272e-17,1.549765,sky,12.88238
0.1985102,1.215524e-17,1.524386,sky,12.88238
0.0001268915,7.769863e-21,1.499008,sky,12.88238
-0.1982564,-1.213971e-17,1.47363,sky,12.88238
-0.3966398,-2.428718e-17,1.448251,sky,12.88238
-0.5950231,-3.643465e-17,1.422873,sky,12.88238
-0.7934064,-4.858213e-17,1.397495,sky,12.88238
