x,y,z,mattype,Wm2Front
1.5746,4.719385e-17,0.05,groundplane,701.9526
1.5746,0.0254,0.05,groundplane,701.9528999999999
1.5746,0.0508,0.05,groundplane,701.9526
1.5746,0.0762,0.05,groundplane,701.9523
1.5746,0.1016,0.05,groundplane,701.9519999999999
