x,y,z,mattype,Wm2Front
0.3746,3.593366e-17,0.05,groundplane,70.88863
0.3746,0.0254,0.05,groundplane,70.88857
0.3746,0.0508,0.05,groundplane,70.88856
0.3746,0.0762,0.05,groundplane,70.88855
0.3746,0.1016,0.05,groundplane,70.88854
