x,y,z,rearMat,Wm2Back
0.7975437,4.883546e-17,1.437349,sky,92.25483000000001
0.5981385,3.662542e-17,1.452763,sky,92.25483000000001
0.3987333,2.441537e-17,1.468176,sky,92.25483000000001
0.1993281,1.220533e-17,1.48359,sky,92.25483000000001
-7.706706e-05,-4.718996e-21,1.499003,sky,92.25483000000001
-0.1994822,-1.221476e-17,1.514416,sky,92.25483000000001
-0.3988874,-2.442481e-17,1.52983,sky,92.25483000000001
-0.5982926,-3.663486e-17,1.545243,sky,92.25483000000001
-0.7976978,-4.88449e-17,1.560657,sky,92.25483000000001
