x,y,z,mattype,Wm2Front
0.3746,4.710768e-17,0.05,groundplane,33.86332
0.3746,0.0254,0.05,groundplane,33.86325
0.3746,0.0508,0.05,groundplane,33.86324
0.3746,0.0762,0.05,groundplane,33.86323
0.3746,0.1016,0.05,groundplane,33.86322
