x,y,z,rearMat,Wm2Back
0.7855897,4.81035e-17,1.348838,sky,4.718269
0.5891453,3.607475e-17,1.386383,sky,4.718269
0.392701,2.4046e-17,1.423928,sky,4.718269
0.1962566,1.201725e-17,1.461473,sky,4.718269
-0.0001877242,-1.149479e-20,1.499018,sky,4.718269
-0.1966321,-1.204024e-17,1.536563,sky,4.718269
-0.3930764,-2.406899e-17,1.574107,sky,4.718269
-0.5895208,-3.609774e-17,1.611652,sky,4.718269
-0.7859652,-4.812649e-17,1.649197,sky,4.718269
