x,y,z,rearMat,Wm2Back
0.7996776,4.896613e-17,1.522733,sky,3.196218
0.5997656,3.672505e-17,1.5168,sky,3.196218
0.3998536,2.448397e-17,1.510867,sky,3.196218
0.1999416,1.224289e-17,1.504934,sky,3.196218
2.966624e-05,1.816534e-21,1.499,sky,3.196218
-0.1998823,-1.223926e-17,1.493067,sky,3.196218
-0.3997943,-2.448034e-17,1.487134,sky,3.196218
-0.5997062,-3.672142e-17,1.481201,sky,3.196218
-0.7996182,-4.896249e-17,1.475267,sky,3.196218
