x,y,z,mattype,Wm2Front
0.3746,4.052265e-17,0.05,groundplane,234.87209999999996
0.3746,0.0254,0.05,groundplane,234.87340000000003
0.3746,0.0508,0.05,groundplane,234.8733
0.3746,0.0762,0.05,groundplane,234.8733
0.3746,0.1016,0.05,groundplane,234.8733
