x,y,z,mattype,Wm2Front
0.3746,3.050247e-17,0.05,groundplane,386.78849999999994
0.3746,0.0254,0.05,groundplane,386.7964
0.3746,0.0508,0.05,groundplane,386.796
0.3746,0.0762,0.05,groundplane,386.7954
0.3746,0.1016,0.05,groundplane,386.79490000000004
