x,y,z,rearMat,Wm2Back
0.7999966,4.898566e-17,1.497464,sky,150.379
0.599997,3.673922e-17,1.497848,sky,150.379
0.3999973,2.449277e-17,1.498232,sky,150.379
0.1999977,1.224633e-17,1.498616,sky,150.379
-1.919861e-06,-1.175576e-22,1.499,sky,150.379
-0.2000016,-1.224656e-17,1.499384,sky,150.379
-0.4000012,-2.449301e-17,1.499768,sky,150.379
-0.6000008,-3.673945e-17,1.500152,sky,150.379
-0.8000004,-4.89859e-17,1.500536,sky,150.379
