x,y,z,rearMat,Wm2Back
0.7480178,4.580288e-17,1.783673,sky,13.45874
0.5611023,3.435761e-17,1.712521,sky,13.45874
0.3741868,2.291233e-17,1.641369,sky,13.45874
0.1872713,1.146706e-17,1.570217,sky,13.45874
0.0003557595,2.178399e-20,1.499065,sky,13.45874
-0.1865597,-1.142349e-17,1.427914,sky,13.45874
-0.3734753,-2.286876e-17,1.356762,sky,13.45874
-0.5603908,-3.431404e-17,1.28561,sky,13.45874
-0.7473063,-4.575931e-17,1.214458,sky,13.45874
