x,y,z,rearMat,Wm2Back
0.7431433,4.55044e-17,1.203792,sky,15.24199
0.5572652,3.412265e-17,1.277612,sky,15.24199
0.3713871,2.27409e-17,1.351431,sky,15.24199
0.185509,1.135915e-17,1.425251,sky,15.24199
-0.000369098,-2.260073e-20,1.499071,sky,15.24199
-0.1862472,-1.140435e-17,1.57289,sky,15.24199
-0.3721253,-2.27861e-17,1.64671,sky,15.24199
-0.5580034,-3.416785e-17,1.720529,sky,15.24199
-0.7438815,-4.55496e-17,1.794349,sky,15.24199
