x,y,z,mattype,Wm2Front
1.5746,4.497374e-17,0.05,groundplane,24.555400000000002
1.5746,0.0254,0.05,groundplane,24.555449999999997
1.5746,0.0508,0.05,groundplane,24.555449999999997
1.5746,0.0762,0.05,groundplane,24.555449999999997
1.5746,0.1016,0.05,groundplane,24.555449999999997
