x,y,z,mattype,Wm2Front
0.3746,4.295639e-17,0.05,groundplane,99.40372
0.3746,0.0254,0.05,groundplane,99.4037
0.3746,0.0508,0.05,groundplane,99.40369
0.3746,0.0762,0.05,groundplane,99.40369
0.3746,0.1016,0.05,groundplane,99.40369
