x,y,z,mattype,Wm2Front
0.3746,4.819053e-17,0.05,groundplane,68.12544
0.3746,0.0254,0.05,groundplane,68.12479
0.3746,0.0508,0.05,groundplane,68.12478
0.3746,0.0762,0.05,groundplane,68.12477
0.3746,0.1016,0.05,groundplane,68.12476
