x,y,z,mattype,Wm2Front
1.5746,3.886278e-17,0.05,groundplane,696.0005
1.5746,0.0254,0.05,groundplane,695.9999000000001
1.5746,0.0508,0.05,groundplane,695.9997
1.5746,0.0762,0.05,groundplane,695.9994
1.5746,0.1016,0.05,groundplane,695.9991
