x,y,z,rearMat,Wm2Back
0.7883308,4.827134e-17,1.636145,sky,8.447413
0.5912909,3.620613e-17,1.601863,sky,8.447413
0.3942511,2.414092e-17,1.56758,sky,8.447413
0.1972113,1.207571e-17,1.533297,sky,8.447413
0.0001714133,1.049604e-20,1.499015,sky,8.447413
-0.1968684,-1.205471e-17,1.464732,sky,8.447413
-0.3939083,-2.411993e-17,1.430449,sky,8.447413
-0.5909481,-3.618514e-17,1.396167,sky,8.447413
-0.787988,-4.825035e-17,1.361884,sky,8.447413
