x,y,z,mattype,Wm2Front
1.5746,4.862236e-17,0.05,groundplane,29.11882
1.5746,0.0254,0.05,groundplane,29.11953
1.5746,0.0508,0.05,groundplane,29.119510000000002
1.5746,0.0762,0.05,groundplane,29.11949
1.5746,0.1016,0.05,groundplane,29.119469999999996
