x,y,z,mattype,Wm2Front
0.3746,4.8834e-17,0.05,groundplane,503.7195
0.3746,0.0254,0.05,groundplane,503.7358
0.3746,0.0508,0.05,groundplane,503.73319999999995
0.3746,0.0762,0.05,groundplane,503.73049999999995
0.3746,0.1016,0.05,groundplane,503.72790000000003
