x,y,z,mattype,Wm2Front
1.5746,4.068544e-17,0.05,groundplane,236.9229
1.5746,0.0254,0.05,groundplane,236.9252
1.5746,0.0508,0.05,groundplane,236.92510000000001
1.5746,0.0762,0.05,groundplane,236.92510000000001
1.5746,0.1016,0.05,groundplane,236.92500000000004
