x,y,z,mattype,Wm2Front
1.5746,4.899157e-17,0.05,groundplane,7.242028
1.5746,0.0254,0.05,groundplane,7.241808
1.5746,0.0508,0.05,groundplane,7.241806999999999
1.5746,0.0762,0.05,groundplane,7.241806
1.5746,0.1016,0.05,groundplane,7.241805
