x,y,z,mattype,Wm2Front
1.5746,3.880679e-17,0.05,groundplane,704.5225999999999
1.5746,0.0254,0.05,groundplane,704.5248
1.5746,0.0508,0.05,groundplane,704.5243999999999
1.5746,0.0762,0.05,groundplane,704.524
1.5746,0.1016,0.05,groundplane,704.5236
