x,y,z,rearMat,Wm2Back
0.777989,4.763808e-17,1.313629,sky,7.425998
0.5834338,3.572502e-17,1.359978,sky,7.425998
0.3888786,2.381195e-17,1.406328,sky,7.425998
0.1943234,1.189888e-17,1.452678,sky,7.425998
-0.0002317479,-1.419047e-20,1.499027,sky,7.425998
-0.1947869,-1.192726e-17,1.545377,sky,7.425998
-0.3893421,-2.384033e-17,1.591726,sky,7.425998
-0.5838973,-3.57534e-17,1.638076,sky,7.425998
-0.7784525,-4.766647e-17,1.684426,sky,7.425998
