x,y,z,rearMat,Wm2Back
0.7876316,4.822853e-17,1.640134,sky,4.651758
0.5907678,3.617409e-17,1.604854,sky,4.651758
0.393904,2.411966e-17,1.569575,sky,4.651758
0.1970402,1.206523e-17,1.534295,sky,4.651758
0.0001763976,1.080124e-20,1.499016,sky,4.651758
-0.1966874,-1.204363e-17,1.463736,sky,4.651758
-0.3935512,-2.409806e-17,1.428457,sky,4.651758
-0.590415,-3.615249e-17,1.393177,sky,4.651758
-0.7872788,-4.820692e-17,1.357898,sky,4.651758
