x,y,z,mattype,Wm2Front
1.5746,4.827252e-17,0.05,groundplane,25.60579
1.5746,0.0254,0.05,groundplane,25.60596
1.5746,0.0508,0.05,groundplane,25.605949999999996
1.5746,0.0762,0.05,groundplane,25.60594
1.5746,0.1016,0.05,groundplane,25.60593
