x,y,z,rearMat,Wm2Back
0.7985494,4.889705e-17,1.451835,sky,1.281705
0.5988973,3.667188e-17,1.463627,sky,1.281705
0.3992452,2.444672e-17,1.475419,sky,1.281705
0.1995931,1.222155e-17,1.48721,sky,1.281705
-5.895792e-05,-3.610131e-21,1.499002,sky,1.281705
-0.1997111,-1.222878e-17,1.510793,sky,1.281705
-0.3993631,-2.445394e-17,1.522585,sky,1.281705
-0.5990152,-3.66791e-17,1.534376,sky,1.281705
-0.7986673,-4.890427e-17,1.546168,sky,1.281705
