x,y,z,mattype,Wm2Front
1.5746,4.60024e-17,0.05,groundplane,198.81139999999996
1.5746,0.0254,0.05,groundplane,198.8151
1.5746,0.0508,0.05,groundplane,198.81499999999997
1.5746,0.0762,0.05,groundplane,198.8148
1.5746,0.1016,0.05,groundplane,198.8146
