x,y,z,mattype,Wm2Front
1.5746,4.837562e-17,0.05,groundplane,56.42188000000001
1.5746,0.0254,0.05,groundplane,56.42073
1.5746,0.0508,0.05,groundplane,56.42074
1.5746,0.0762,0.05,groundplane,56.42075
1.5746,0.1016,0.05,groundplane,56.42075
