x,y,z,rearMat,Wm2Back
0.5497554,3.366281e-17,0.9188202,sky,48.2748
0.4121352,2.5236e-17,1.063943,sky,48.2748
0.2745149,1.680919e-17,1.209066,sky,48.2748
0.1368947,8.38238e-18,1.354189,sky,48.2748
-0.0007256146,-4.443108e-20,1.499312,sky,48.2748
-0.1383459,-8.471242e-18,1.644435,sky,48.2748
-0.2759661,-1.689805e-17,1.789558,sky,48.2748
-0.4135864,-2.532486e-17,1.934681,sky,48.2748
-0.5512067,-3.375167e-17,2.079804,sky,48.2748
