x,y,z,mattype,Wm2Front
0.3746,4.170391e-17,0.05,groundplane,72.60079
0.3746,0.0254,0.05,groundplane,72.60333
0.3746,0.0508,0.05,groundplane,72.60332
0.3746,0.0762,0.05,groundplane,72.60331
0.3746,0.1016,0.05,groundplane,72.6033
