x,y,z,rearMat,Wm2Back
0.6950329,4.255849e-17,1.103856,sky,25.267530000000004
0.5211511,3.19113e-17,1.202674,sky,25.267530000000004
0.3472694,2.126412e-17,1.301493,sky,25.267530000000004
0.1733876,1.061693e-17,1.400312,sky,25.267530000000004
-0.0004940936,-3.025451e-20,1.499131,sky,25.267530000000004
-0.1743758,-1.067744e-17,1.597949,sky,25.267530000000004
-0.3482576,-2.132463e-17,1.696768,sky,25.267530000000004
-0.5221393,-3.197181e-17,1.795587,sky,25.267530000000004
-0.6960211,-4.2619e-17,1.894405,sky,25.267530000000004
