x,y,z,mattype,Wm2Front
0.3746,3.247255e-17,0.05,groundplane,451.792
0.3746,0.0254,0.05,groundplane,451.79029999999995
0.3746,0.0508,0.05,groundplane,451.7899
0.3746,0.0762,0.05,groundplane,451.78950000000003
0.3746,0.1016,0.05,groundplane,451.789
