x,y,z,mattype,Wm2Front
0.3746,4.767931e-17,0.05,groundplane,85.95174000000002
0.3746,0.0254,0.05,groundplane,85.95120000000001
0.3746,0.0508,0.05,groundplane,85.95117999999998
0.3746,0.0762,0.05,groundplane,85.95116
0.3746,0.1016,0.05,groundplane,85.95112999999999
