x,y,z,rearMat,Wm2Back
0.7280947,4.458294e-17,1.83148,sky,53.92327
0.5461749,3.344357e-17,1.748383,sky,53.92327
0.3642551,2.230419e-17,1.665285,sky,53.92327
0.1823353,1.116482e-17,1.582188,sky,53.92327
0.0004154872,2.544125e-20,1.49909,sky,53.92327
-0.1815043,-1.111393e-17,1.415993,sky,53.92327
-0.3634241,-2.225331e-17,1.332896,sky,53.92327
-0.5453439,-3.339269e-17,1.249798,sky,53.92327
-0.7272637,-4.453206e-17,1.166701,sky,53.92327
