x,y,z,rearMat,Wm2Back
0.7998903,4.897915e-17,1.486713,sky,72.12331
0.5999139,3.673413e-17,1.489785,sky,72.12331
0.3999375,2.448911e-17,1.492857,sky,72.12331
0.1999611,1.224408e-17,1.495928,sky,72.12331
-1.535829e-05,-9.404243e-22,1.499,sky,72.12331
-0.1999918,-1.224596e-17,1.502072,sky,72.12331
-0.3999682,-2.449099e-17,1.505143,sky,72.12331
-0.5999446,-3.673601e-17,1.508215,sky,72.12331
-0.799921,-4.898103e-17,1.511287,sky,72.12331
