x,y,z,rearMat,Wm2Back
0.5300795,3.245801e-17,0.90082,sky,112.5516
0.3973726,2.433205e-17,1.050449,sky,112.5516
0.2646657,1.62061e-17,1.200078,sky,112.5516
0.1319588,8.080144e-18,1.349707,sky,112.5516
-0.0007481456,-4.581071e-20,1.499336,sky,112.5516
-0.1334551,-8.171766e-18,1.648966,sky,112.5516
-0.266162,-1.629772e-17,1.798595,sky,112.5516
-0.3988689,-2.442368e-17,1.948224,sky,112.5516
-0.5315758,-3.254963e-17,2.097853,sky,112.5516
