x,y,z,rearMat,Wm2Back
0.6865358,4.203819e-17,1.910694,sky,17.35609
0.5150304,3.153652e-17,1.807806,sky,17.35609
0.3435251,2.103485e-17,1.704918,sky,17.35609
0.1720198,1.053317e-17,1.60203,sky,17.35609
0.0005144395,3.150034e-20,1.499142,sky,17.35609
-0.1709909,-1.047017e-17,1.396255,sky,17.35609
-0.3424962,-2.097185e-17,1.293367,sky,17.35609
-0.5140016,-3.147352e-17,1.190479,sky,17.35609
-0.6855069,-4.197519e-17,1.087591,sky,17.35609
