x,y,z,mattype,Wm2Front
0.3746,4.803998e-17,0.05,groundplane,78.47739
0.3746,0.0254,0.05,groundplane,78.47686
0.3746,0.0508,0.05,groundplane,78.47684
0.3746,0.0762,0.05,groundplane,78.47681
0.3746,0.1016,0.05,groundplane,78.47679
