x,y,z,rearMat,Wm2Back
0.5258124,3.219673e-17,2.102928,sky,63.69789
0.3945479,2.415909e-17,1.952032,sky,63.69789
0.2632835,1.612146e-17,1.801136,sky,63.69789
0.132019,8.08383e-18,1.65024,sky,63.69789
0.0007544805,4.619861e-20,1.499344,sky,63.69789
-0.13051,-7.991433e-18,1.348448,sky,63.69789
-0.2617745,-1.602906e-17,1.197551,sky,63.69789
-0.393039,-2.40667e-17,1.046655,sky,63.69789
-0.5243035,-3.210433e-17,0.8957593,sky,63.69789
