x,y,z,rearMat,Wm2Back
0.5493825,3.363997e-17,2.081532,sky,13.636069999999998
0.4122188,2.524112e-17,1.935978,sky,13.636069999999998
0.2750551,1.684227e-17,1.790423,sky,13.636069999999998
0.1378914,8.443416e-18,1.644869,sky,13.636069999999998
0.0007277728,4.456323e-20,1.499314,sky,13.636069999999998
-0.1364359,-8.354289e-18,1.35376,sky,13.636069999999998
-0.2735996,-1.675314e-17,1.208205,sky,13.636069999999998
-0.4107632,-2.515199e-17,1.062651,sky,13.636069999999998
-0.5479269,-3.355085e-17,0.917096,sky,13.636069999999998
