x,y,z,mattype,Wm2Front
0.3746,4.722366e-17,0.05,groundplane,866.1151999999998
0.3746,0.0254,0.05,groundplane,866.1195000000001
0.3746,0.0508,0.05,groundplane,866.1173
0.3746,0.0762,0.05,groundplane,866.1151999999998
0.3746,0.1016,0.05,groundplane,866.1129
