x,y,z,mattype,Wm2Front
1.5746,4.893225e-17,0.05,groundplane,1.161626
1.5746,0.0254,0.05,groundplane,1.161679
1.5746,0.0508,0.05,groundplane,1.161678
1.5746,0.0762,0.05,groundplane,1.161677
1.5746,0.1016,0.05,groundplane,1.161675
