x,y,z,rearMat,Wm2Back
0.676943,4.14508e-17,1.07368,sky,41.94069
0.5075743,3.107996e-17,1.180048,sky,41.94069
0.3382056,2.070912e-17,1.286416,sky,41.94069
0.1688369,1.033828e-17,1.392785,sky,41.94069
-0.0005318421,-3.256593e-20,1.499153,sky,41.94069
-0.1699006,-1.040341e-17,1.605522,sky,41.94069
-0.3392693,-2.077425e-17,1.71189,sky,41.94069
-0.508638,-3.114509e-17,1.818258,sky,41.94069
-0.6780067,-4.151594e-17,1.924627,sky,41.94069
