x,y,z,rearMat,Wm2Back
0.7899131,4.836823e-17,1.626642,sky,16.88227
0.5924747,3.627862e-17,1.594735,sky,16.88227
0.3950363,2.4189e-17,1.562827,sky,16.88227
0.1975979,1.209938e-17,1.53092,sky,16.88227
0.0001595366,9.768799e-21,1.499013,sky,16.88227
-0.1972789,-1.207985e-17,1.467105,sky,16.88227
-0.3947173,-2.416946e-17,1.435198,sky,16.88227
-0.5921557,-3.625908e-17,1.403291,sky,16.88227
-0.7895941,-4.834869e-17,1.371384,sky,16.88227
