x,y,z,rearMat,Wm2Back
0.5198945,3.183436e-17,2.108038,sky,35.14932
0.3901111,2.388741e-17,1.955867,sky,35.14932
0.2603277,1.594047e-17,1.803695,sky,35.14932
0.1305443,7.993531e-18,1.651523,sky,35.14932
0.0007608592,4.658919e-20,1.499351,sky,35.14932
-0.1290225,-7.900352e-18,1.347179,sky,35.14932
-0.258806,-1.584729e-17,1.195007,sky,35.14932
-0.3885894,-2.379424e-17,1.042836,sky,35.14932
-0.5183728,-3.174118e-17,0.8906637,sky,35.14932
