x,y,z,mattype,Wm2Front
0.3746,3.888361e-17,0.05,groundplane,179.3221
0.3746,0.0254,0.05,groundplane,179.3223
0.3746,0.0508,0.05,groundplane,179.322
0.3746,0.0762,0.05,groundplane,179.32180000000002
0.3746,0.1016,0.05,groundplane,179.3215
