x,y,z,rearMat,Wm2Back
0.5227198,3.200735e-17,0.8943887,sky,16.9342
0.3918508,2.399394e-17,1.045628,sky,16.9342
0.2609818,1.598053e-17,1.196867,sky,16.9342
0.1301128,7.967111e-18,1.348106,sky,16.9342
-0.0007561962,-4.630366e-20,1.499346,sky,16.9342
-0.1316252,-8.059718e-18,1.650585,sky,16.9342
-0.2624942,-1.607313e-17,1.801824,sky,16.9342
-0.3933632,-2.408655e-17,1.953063,sky,16.9342
-0.5242322,-3.209996e-17,2.104303,sky,16.9342
