x,y,z,mattype,Wm2Front
0.3746,3.998491e-17,0.05,groundplane,442.9936
0.3746,0.0254,0.05,groundplane,442.99860000000007
0.3746,0.0508,0.05,groundplane,442.9976
0.3746,0.0762,0.05,groundplane,442.9966
0.3746,0.1016,0.05,groundplane,442.9955
