x,y,z,mattype,Wm2Front
1.5746,4.788453e-17,0.05,groundplane,868.4971
1.5746,0.0254,0.05,groundplane,868.4981000000001
1.5746,0.0508,0.05,groundplane,868.4977
1.5746,0.0762,0.05,groundplane,868.4973999999999
1.5746,0.1016,0.05,groundplane,868.497
