x,y,z,mattype,Wm2Front
1.5746,4.900236e-17,0.05,groundplane,834.2631
1.5746,0.0254,0.05,groundplane,834.2652000000002
1.5746,0.0508,0.05,groundplane,834.2644
1.5746,0.0762,0.05,groundplane,834.2635
1.5746,0.1016,0.05,groundplane,834.2628
