x,y,z,rearMat,Wm2Back
0.7157509,4.382711e-17,1.142646,sky,14.91314
0.5367018,3.286351e-17,1.231761,sky,14.91314
0.3576527,2.189991e-17,1.320876,sky,14.91314
0.1786036,1.093631e-17,1.40999,sky,14.91314
-0.0004455729,-2.728347e-20,1.499105,sky,14.91314
-0.1794947,-1.099088e-17,1.588219,sky,14.91314
-0.3585438,-2.195448e-17,1.677334,sky,14.91314
-0.537593,-3.291808e-17,1.766449,sky,14.91314
-0.7166421,-4.388167e-17,1.855563,sky,14.91314
