x,y,z,mattype,Wm2Front
1.5746,3.780429e-17,0.05,groundplane,123.8454
1.5746,0.0254,0.05,groundplane,123.84999999999998
1.5746,0.0508,0.05,groundplane,123.8497
1.5746,0.0762,0.05,groundplane,123.84949999999999
1.5746,0.1016,0.05,groundplane,123.8492
