x,y,z,rearMat,Wm2Back
0.7999535,4.898303e-17,1.491321,sky,10.04653
0.5999628,3.673712e-17,1.493241,sky,10.04653
0.399972,2.449122e-17,1.49516,sky,10.04653
0.1999812,1.224532e-17,1.49708,sky,10.04653
-9.599163e-06,-5.877792e-22,1.499,sky,10.04653
-0.2000004,-1.224649e-17,1.50092,sky,10.04653
-0.3999912,-2.44924e-17,1.50284,sky,10.04653
-0.599982,-3.67383e-17,1.50476,sky,10.04653
-0.7999727,-4.89842e-17,1.506679,sky,10.04653
