x,y,z,rearMat,Wm2Back
0.651523,3.989428e-17,1.03576,sky,10.719519999999997
0.4884974,2.991184e-17,1.151616,sky,10.719519999999997
0.3254718,1.99294e-17,1.267472,sky,10.719519999999997
0.1624463,9.946966e-18,1.383329,sky,10.719519999999997
-0.0005792812,-3.547074e-20,1.499185,sky,10.719519999999997
-0.1636048,-1.001791e-17,1.615041,sky,10.719519999999997
-0.3266304,-2.000034e-17,1.730897,sky,10.719519999999997
-0.489656,-2.998278e-17,1.846754,sky,10.719519999999997
-0.6526815,-3.996522e-17,1.96261,sky,10.719519999999997
