x,y,z,mattype,Wm2Front
1.5746,3.431372e-17,0.05,groundplane,488.6242
1.5746,0.0254,0.05,groundplane,488.6285
1.5746,0.0508,0.05,groundplane,488.6279
1.5746,0.0762,0.05,groundplane,488.62729999999993
1.5746,0.1016,0.05,groundplane,488.6267
