x,y,z,rearMat,Wm2Back
0.6343292,3.884146e-17,1.01253,sky,36.11749
0.4755948,2.912178e-17,1.134199,sky,36.11749
0.3168604,1.940211e-17,1.255868,sky,36.11749
0.158126,9.682428e-18,1.377537,sky,36.11749
-0.0006083459,-3.725045e-20,1.499206,sky,36.11749
-0.1593427,-9.756929e-18,1.620876,sky,36.11749
-0.3180771,-1.947661e-17,1.742545,sky,36.11749
-0.4768115,-2.919629e-17,1.864214,sky,36.11749
-0.6355459,-3.891596e-17,1.985883,sky,36.11749
