x,y,z,rearMat,Wm2Back
0.7920949,4.850182e-17,1.387809,sky,2.108213
0.5940364,3.637424e-17,1.41561,sky,2.108213
0.3959779,2.424666e-17,1.44341,sky,2.108213
0.1979195,1.211907e-17,1.47121,sky,2.108213
-0.0001390003,-8.511311e-21,1.49901,sky,2.108213
-0.1981975,-1.213609e-17,1.52681,sky,2.108213
-0.3962559,-2.426368e-17,1.55461,sky,2.108213
-0.5943144,-3.639126e-17,1.58241,sky,2.108213
-0.7923729,-4.851885e-17,1.61021,sky,2.108213
