x,y,z,mattype,Wm2Front
0.3746,4.788816e-17,0.05,groundplane,24.950239999999997
0.3746,0.0254,0.05,groundplane,24.950419999999998
0.3746,0.0508,0.05,groundplane,24.95041
0.3746,0.0762,0.05,groundplane,24.9504
0.3746,0.1016,0.05,groundplane,24.95039
