x,y,z,mattype,Wm2Front
0.3746,4.260919e-17,0.05,groundplane,725.4088
0.3746,0.0254,0.05,groundplane,725.4088
0.3746,0.0508,0.05,groundplane,725.4083999999999
0.3746,0.0762,0.05,groundplane,725.4081
0.3746,0.1016,0.05,groundplane,725.4077000000001
