x,y,z,mattype,Wm2Front
0.3746,4.721909e-17,0.05,groundplane,440.98229999999995
0.3746,0.0254,0.05,groundplane,440.99399999999997
0.3746,0.0508,0.05,groundplane,440.9916
0.3746,0.0762,0.05,groundplane,440.9892
0.3746,0.1016,0.05,groundplane,440.9867
