x,y,z,mattype,Wm2Front
0.3746,3.829861e-17,0.05,groundplane,394.1407
0.3746,0.0254,0.05,groundplane,394.1404
0.3746,0.0508,0.05,groundplane,394.13910000000004
0.3746,0.0762,0.05,groundplane,394.1377
0.3746,0.1016,0.05,groundplane,394.13640000000004
