x,y,z,rearMat,Wm2Back
0.5597473,3.427463e-17,2.071563,sky,107.5478
0.4199893,2.571693e-17,1.928497,sky,107.5478
0.2802313,1.715922e-17,1.785432,sky,107.5478
0.1404733,8.60151e-18,1.642367,sky,107.5478
0.0007153269,4.380114e-20,1.499301,sky,107.5478
-0.1390427,-8.513907e-18,1.356236,sky,107.5478
-0.2788006,-1.707162e-17,1.21317,sky,107.5478
-0.4185586,-2.562932e-17,1.070105,sky,107.5478
-0.5583166,-3.418703e-17,0.9270397,sky,107.5478
