x,y,z,mattype,Wm2Front
0.3746,4.385946e-17,0.05,groundplane,174.11070000000004
0.3746,0.0254,0.05,groundplane,174.1099
0.3746,0.0508,0.05,groundplane,174.10980000000004
0.3746,0.0762,0.05,groundplane,174.1097
0.3746,0.1016,0.05,groundplane,174.1096
