x,y,z,mattype,Wm2Front
0.3746,4.822278e-17,0.05,groundplane,745.9453
0.3746,0.0254,0.05,groundplane,745.946
0.3746,0.0508,0.05,groundplane,745.9456
0.3746,0.0762,0.05,groundplane,745.9452
0.3746,0.1016,0.05,groundplane,745.9447999999999
