x,y,z,mattype,Wm2Front
1.5746,4.09786e-17,0.05,groundplane,728.4002999999999
1.5746,0.0254,0.05,groundplane,728.4024
1.5746,0.0508,0.05,groundplane,728.402
1.5746,0.0762,0.05,groundplane,728.4016
1.5746,0.1016,0.05,groundplane,728.4011
