x,y,z,mattype,Wm2Front
1.5746,4.829982e-17,0.05,groundplane,85.39923
1.5746,0.0254,0.05,groundplane,85.39811000000002
1.5746,0.0508,0.05,groundplane,85.39808
1.5746,0.0762,0.05,groundplane,85.39804
1.5746,0.1016,0.05,groundplane,85.39801
