x,y,z,mattype,Wm2Front
0.3746,4.771655e-17,0.05,groundplane,60.60508000000001
0.3746,0.0254,0.05,groundplane,60.60368
0.3746,0.0508,0.05,groundplane,60.60369
0.3746,0.0762,0.05,groundplane,60.60371
0.3746,0.1016,0.05,groundplane,60.60371
