x,y,z,rearMat,Wm2Back
0.7992822,4.894192e-17,1.533896,sky,3.955986
0.5994726,3.670711e-17,1.525173,sky,3.955986
0.3996629,2.44723e-17,1.516449,sky,3.955986
0.1998533,1.223748e-17,1.507725,sky,3.955986
4.361939e-05,2.670917e-21,1.499001,sky,3.955986
-0.199766,-1.223214e-17,1.490277,sky,3.955986
-0.3995757,-2.446695e-17,1.481553,sky,3.955986
-0.5993853,-3.670177e-17,1.472829,sky,3.955986
-0.799195,-4.893658e-17,1.464105,sky,3.955986
