x,y,z,rearMat,Wm2Back
0.707741,4.333664e-17,1.872966,sky,10.732710000000003
0.5309226,3.250963e-17,1.779504,sky,10.732710000000003
0.3541041,2.168263e-17,1.686041,sky,10.732710000000003
0.1772857,1.085562e-17,1.592578,sky,10.732710000000003
0.0004673127,2.861465e-20,1.499116,sky,10.732710000000003
-0.1763511,-1.079839e-17,1.405653,sky,10.732710000000003
-0.3531695,-2.16254e-17,1.312191,sky,10.732710000000003
-0.5299879,-3.24524e-17,1.218728,sky,10.732710000000003
-0.7068064,-4.327941e-17,1.125266,sky,10.732710000000003
