x,y,z,mattype,Wm2Front
1.5746,3.247255e-17,0.05,groundplane,428.05379999999997
1.5746,0.0254,0.05,groundplane,428.0526
1.5746,0.0508,0.05,groundplane,428.0526
1.5746,0.0762,0.05,groundplane,428.0525
1.5746,0.1016,0.05,groundplane,428.0524
