x,y,z,mattype,Wm2Front
0.3746,4.857946e-17,0.05,groundplane,916.6619
0.3746,0.0254,0.05,groundplane,916.6625
0.3746,0.0508,0.05,groundplane,916.6622000000001
0.3746,0.0762,0.05,groundplane,916.6619
0.3746,0.1016,0.05,groundplane,916.6615
