x,y,z,mattype,Wm2Front
1.5746,3.393152e-17,0.05,groundplane,380.9632
1.5746,0.0254,0.05,groundplane,380.9632
1.5746,0.0508,0.05,groundplane,380.9617
1.5746,0.0762,0.05,groundplane,380.9602
1.5746,0.1016,0.05,groundplane,380.95869999999996
