x,y,z,rearMat,Wm2Back
0.5215561,3.19361e-17,0.8933863,sky,255.8475
0.3909777,2.394048e-17,1.044876,sky,255.8475
0.2603993,1.594486e-17,1.196367,sky,255.8475
0.1298209,7.94924e-18,1.347857,sky,255.8475
-0.000757451,-4.63805e-20,1.499347,sky,255.8475
-0.1313358,-8.042001e-18,1.650837,sky,255.8475
-0.2619142,-1.603762e-17,1.802328,sky,255.8475
-0.3924926,-2.403324e-17,1.953818,sky,255.8475
-0.523071,-3.202886e-17,2.105308,sky,255.8475
