x,y,z,rearMat,Wm2Back
0.6194406,3.792979e-17,2.006255,sky,29.65067
0.4647389,2.845705e-17,1.879498,sky,29.65067
0.3100372,1.89843e-17,1.752741,sky,29.65067
0.1553355,9.511555e-18,1.625984,sky,29.65067
0.000633786,3.88082e-20,1.499226,sky,29.65067
-0.1540679,-9.433938e-18,1.372469,sky,29.65067
-0.3087696,-1.890669e-17,1.245712,sky,29.65067
-0.4634713,-2.837943e-17,1.118955,sky,29.65067
-0.618173,-3.785218e-17,0.9921977,sky,29.65067
