x,y,z,mattype,Wm2Front
1.5746,3.247255e-17,0.05,groundplane,407.5671
1.5746,0.0254,0.05,groundplane,407.5665000000001
1.5746,0.0508,0.05,groundplane,407.5662
1.5746,0.0762,0.05,groundplane,407.566
1.5746,0.1016,0.05,groundplane,407.56569999999994
