x,y,z,rearMat,Wm2Back
0.6937849,4.248207e-17,1.101674,sky,38.22113
0.5202145,3.185395e-17,1.201039,sky,38.22113
0.346644,2.122583e-17,1.300403,sky,38.22113
0.1730736,1.05977e-17,1.399768,sky,38.22113
-0.0004968225,-3.04216e-20,1.499132,sky,38.22113
-0.1740673,-1.065855e-17,1.598497,sky,38.22113
-0.3476377,-2.128667e-17,1.697861,sky,38.22113
-0.5212081,-3.191479e-17,1.797226,sky,38.22113
-0.6947786,-4.254292e-17,1.89659,sky,38.22113
