x,y,z,rearMat,Wm2Back
0.7538413,4.615947e-17,1.767814,sky,1.1423
0.565465,3.462474e-17,1.700625,sky,1.1423
0.3770886,2.309002e-17,1.633436,sky,1.1423
0.1887123,1.155529e-17,1.566247,sky,1.1423
0.0003359448,2.057069e-20,1.499058,sky,1.1423
-0.1880404,-1.151415e-17,1.431869,sky,1.1423
-0.3764167,-2.304888e-17,1.36468,sky,1.1423
-0.5647931,-3.45836e-17,1.297491,sky,1.1423
-0.7531694,-4.611832e-17,1.230302,sky,1.1423
