x,y,z,mattype,Wm2Front
1.5746,3.050247e-17,0.05,groundplane,207.6842
1.5746,0.0254,0.05,groundplane,207.6857
1.5746,0.0508,0.05,groundplane,207.68549999999996
1.5746,0.0762,0.05,groundplane,207.6853
1.5746,0.1016,0.05,groundplane,207.6852
