x,y,z,rearMat,Wm2Back
0.6788207,4.156578e-17,1.923324,sky,31.50404
0.5092481,3.118245e-17,1.817281,sky,31.50404
0.3396754,2.079912e-17,1.711238,sky,31.50404
0.1701028,1.041579e-17,1.605195,sky,31.50404
0.0005302153,3.246632e-20,1.499152,sky,31.50404
-0.1690424,-1.035086e-17,1.393109,sky,31.50404
-0.338615,-2.073419e-17,1.287066,sky,31.50404
-0.5081876,-3.111752e-17,1.181023,sky,31.50404
-0.6777602,-4.150085e-17,1.07498,sky,31.50404
