x,y,z,mattype,Wm2Front
1.5746,4.819714e-17,0.05,groundplane,847.8413
1.5746,0.0254,0.05,groundplane,847.8461000000001
1.5746,0.0508,0.05,groundplane,847.8442
1.5746,0.0762,0.05,groundplane,847.8424
1.5746,0.1016,0.05,groundplane,847.8406
