x,y,z,rearMat,Wm2Back
0.6712287,4.11009e-17,1.064738,sky,10.31191
0.5032858,3.081737e-17,1.173344,sky,10.31191
0.3353428,2.053383e-17,1.281949,sky,10.31191
0.1673999,1.025029e-17,1.390555,sky,10.31191
-0.0005430279,-3.325087e-20,1.49916,sky,10.31191
-0.168486,-1.031679e-17,1.607766,sky,10.31191
-0.3364289,-2.060033e-17,1.716371,sky,10.31191
-0.5043718,-3.088387e-17,1.824977,sky,10.31191
-0.6723148,-4.116741e-17,1.933583,sky,10.31191
