x,y,z,rearMat,Wm2Back
0.5911564,3.619789e-17,2.039013,sky,31.89981
0.443536,2.715875e-17,1.904075,sky,31.89981
0.2959156,1.81196e-17,1.769137,sky,31.89981
0.1482951,9.080457e-18,1.6342,sky,31.89981
0.0006746889,4.131278e-20,1.499262,sky,31.89981
-0.1469457,-8.997832e-18,1.364324,sky,31.89981
-0.2945662,-1.803698e-17,1.229386,sky,31.89981
-0.4421866,-2.707612e-17,1.094449,sky,31.89981
-0.5898071,-3.611527e-17,0.9595107,sky,31.89981
