x,y,z,mattype,Wm2Front
0.3746,4.084081e-17,0.05,groundplane,742.9483999999999
0.3746,0.0254,0.05,groundplane,742.9481
0.3746,0.0508,0.05,groundplane,742.9478
0.3746,0.0762,0.05,groundplane,742.9474
0.3746,0.1016,0.05,groundplane,742.947
