x,y,z,mattype,Wm2Front
1.5746,4.812937e-17,0.05,groundplane,895.0876
1.5746,0.0254,0.05,groundplane,895.0885
1.5746,0.0508,0.05,groundplane,895.0882
1.5746,0.0762,0.05,groundplane,895.0877999999999
1.5746,0.1016,0.05,groundplane,895.0875
