x,y,z,mattype,Wm2Front
1.5746,4.507836e-17,0.05,groundplane,49.50784000000001
1.5746,0.0254,0.05,groundplane,49.50777
1.5746,0.0508,0.05,groundplane,49.50775000000001
1.5746,0.0762,0.05,groundplane,49.50772
1.5746,0.1016,0.05,groundplane,49.5077
