x,y,z,rearMat,Wm2Back
0.6140762,3.760132e-17,0.9872511,sky,20.52202
0.4603972,2.81912e-17,1.115246,sky,20.52202
0.3067181,1.878107e-17,1.243241,sky,20.52202
0.1530391,9.37094e-18,1.371236,sky,20.52202
-0.0006399756,-3.91872e-20,1.499232,sky,20.52202
-0.154319,-9.449315e-18,1.627227,sky,20.52202
-0.3079981,-1.885944e-17,1.755222,sky,20.52202
-0.4616771,-2.826957e-17,1.883217,sky,20.52202
-0.6153562,-3.76797e-17,2.011212,sky,20.52202
