x,y,z,rearMat,Wm2Back
0.7179205,4.395995e-17,1.147025,sky,15.411
0.5383304,3.296323e-17,1.235045,sky,15.411
0.3587402,2.19665e-17,1.323064,sky,15.411
0.1791501,1.096978e-17,1.411083,sky,15.411
-0.0004400959,-2.69481e-20,1.499102,sky,15.411
-0.1800303,-1.102367e-17,1.587121,sky,15.411
-0.3596204,-2.20204e-17,1.67514,sky,15.411
-0.5392106,-3.301712e-17,1.76316,sky,15.411
-0.7188007,-4.401385e-17,1.851179,sky,15.411
