x,y,z,mattype,Wm2Front
1.5746,4.322516e-17,0.05,groundplane,191.8871
1.5746,0.0254,0.05,groundplane,191.889
1.5746,0.0508,0.05,groundplane,191.8889
1.5746,0.0762,0.05,groundplane,191.88880000000003
1.5746,0.1016,0.05,groundplane,191.88880000000003
