x,y,z,mattype,Wm2Front
0.3746,4.387952e-17,0.05,groundplane,763.042
0.3746,0.0254,0.05,groundplane,763.0452
0.3746,0.0508,0.05,groundplane,763.0445999999998
0.3746,0.0762,0.05,groundplane,763.0439
0.3746,0.1016,0.05,groundplane,763.0432999999999
