x,y,z,mattype,Wm2Front
1.5746,4.880233e-17,0.05,groundplane,761.2506
1.5746,0.0254,0.05,groundplane,761.2538
1.5746,0.0508,0.05,groundplane,761.2527999999999
1.5746,0.0762,0.05,groundplane,761.2518
1.5746,0.1016,0.05,groundplane,761.2508000000001
