x,y,z,mattype,Wm2Front
0.3746,4.900244e-17,0.05,groundplane,5.7273439999999995
0.3746,0.0254,0.05,groundplane,5.727132999999999
0.3746,0.0508,0.05,groundplane,5.727132999999999
0.3746,0.0762,0.05,groundplane,5.727132999999999
0.3746,0.1016,0.05,groundplane,5.727132999999999
