x,y,z,rearMat,Wm2Back
0.6012732,3.681737e-17,0.972296,sky,217.6235
0.4507903,2.760294e-17,1.104034,sky,217.6235
0.3003073,1.838852e-17,1.235772,sky,217.6235
0.1498243,9.174092e-18,1.36751,sky,217.6235
-0.0006586895,-4.03331e-20,1.499248,sky,217.6235
-0.1511417,-9.254758e-18,1.630985,sky,217.6235
-0.3016247,-1.846918e-17,1.762723,sky,217.6235
-0.4521076,-2.768361e-17,1.894461,sky,217.6235
-0.6025906,-3.689803e-17,2.026199,sky,217.6235
