x,y,z,mattype,Wm2Front
0.3746,4.588562e-17,0.05,groundplane,731.3930999999999
0.3746,0.0254,0.05,groundplane,731.3936
0.3746,0.0508,0.05,groundplane,731.3932
0.3746,0.0762,0.05,groundplane,731.3929000000002
0.3746,0.1016,0.05,groundplane,731.3926
