x,y,z,mattype,Wm2Front
1.5746,4.543017e-17,0.05,groundplane,445.1275
1.5746,0.0254,0.05,groundplane,445.1358
1.5746,0.0508,0.05,groundplane,445.13359999999994
1.5746,0.0762,0.05,groundplane,445.1314
1.5746,0.1016,0.05,groundplane,445.1292
