x,y,z,mattype,Wm2Front
0.3746,4.055628e-17,0.05,groundplane,497.95250000000004
0.3746,0.0254,0.05,groundplane,497.9624999999999
0.3746,0.0508,0.05,groundplane,497.9604
0.3746,0.0762,0.05,groundplane,497.9584
0.3746,0.1016,0.05,groundplane,497.9565
