x,y,z,rearMat,Wm2Back
0.7744081,4.741882e-17,1.299268,sky,4.776181
0.5807436,3.556029e-17,1.349209,sky,4.776181
0.3870792,2.370176e-17,1.39915,sky,4.776181
0.1934147,1.184324e-17,1.449091,sky,4.776181
-0.000249704,-1.528996e-20,1.499032,sky,4.776181
-0.1939141,-1.187382e-17,1.548972,sky,4.776181
-0.3875786,-2.373234e-17,1.598913,sky,4.776181
-0.581243,-3.559087e-17,1.648854,sky,4.776181
-0.7749075,-4.74494e-17,1.698795,sky,4.776181
