x,y,z,rearMat,Wm2Back
0.7380936,4.51952e-17,1.808575,sky,3.973614
0.553667,3.390232e-17,1.731201,sky,3.973614
0.3692403,2.260944e-17,1.653827,sky,3.973614
0.1848136,1.131657e-17,1.576452,sky,3.973614
0.0003868719,2.368907e-20,1.499078,sky,3.973614
-0.1840398,-1.126919e-17,1.421703,sky,3.973614
-0.3684665,-2.256207e-17,1.344329,sky,3.973614
-0.5528932,-3.385494e-17,1.266955,sky,3.973614
-0.7373199,-4.514782e-17,1.18958,sky,3.973614
