x,y,z,mattype,Wm2Front
0.3746,4.294295e-17,0.05,groundplane,734.2198
0.3746,0.0254,0.05,groundplane,734.2198
0.3746,0.0508,0.05,groundplane,734.2187
0.3746,0.0762,0.05,groundplane,734.2175000000001
0.3746,0.1016,0.05,groundplane,734.2163999999999
