x,y,z,mattype,Wm2Front
0.3746,4.726227e-17,0.05,groundplane,43.01966000000001
0.3746,0.0254,0.05,groundplane,43.01791
0.3746,0.0508,0.05,groundplane,43.017869999999995
0.3746,0.0762,0.05,groundplane,43.01783
0.3746,0.1016,0.05,groundplane,43.01779
