x,y,z,mattype,Wm2Front
1.5746,4.662907e-17,0.05,groundplane,85.24201
1.5746,0.0254,0.05,groundplane,85.24063
1.5746,0.0508,0.05,groundplane,85.24051
1.5746,0.0762,0.05,groundplane,85.24039
1.5746,0.1016,0.05,groundplane,85.24028
