x,y,z,rearMat,Wm2Back
0.799957,4.898324e-17,1.508355,sky,2.938788
0.5999707,3.673761e-17,1.506016,sky,2.938788
0.3999843,2.449198e-17,1.503677,sky,2.938788
0.199998,1.224635e-17,1.501339,sky,2.938788
1.169344e-05,7.160167e-22,1.499,sky,2.938788
-0.1999746,-1.224491e-17,1.496661,sky,2.938788
-0.399961,-2.449055e-17,1.494323,sky,2.938788
-0.5999473,-3.673618e-17,1.491984,sky,2.938788
-0.7999336,-4.898181e-17,1.489645,sky,2.938788
