x,y,z,rearMat,Wm2Back
0.6302232,3.859004e-17,1.007233,sky,22.80283
0.4725137,2.893312e-17,1.130227,sky,22.80283
0.3148041,1.927619e-17,1.253222,sky,22.80283
0.1570946,9.619268e-18,1.376217,sky,22.80283
-0.0006149736,-3.765627e-20,1.499211,sky,22.80283
-0.1583245,-9.694581e-18,1.622206,sky,22.80283
-0.3160341,-1.935151e-17,1.745201,sky,22.80283
-0.4737436,-2.900843e-17,1.868196,sky,22.80283
-0.6314531,-3.866535e-17,1.99119,sky,22.80283
