x,y,z,rearMat,Wm2Back
0.5845272,3.579197e-17,2.046195,sky,46.19141
0.4385663,2.685444e-17,1.909464,sky,46.19141
0.2926054,1.791691e-17,1.772733,sky,46.19141
0.1466445,8.979388e-18,1.636001,sky,46.19141
0.000683656,4.186186e-20,1.49927,sky,46.19141
-0.1452772,-8.895665e-18,1.362539,sky,46.19141
-0.2912381,-1.783319e-17,1.225808,sky,46.19141
-0.437199,-2.677072e-17,1.089077,sky,46.19141
-0.5831599,-3.570824e-17,0.9523454,sky,46.19141
