x,y,z,mattype,Wm2Front
0.3746,4.878797e-17,0.05,groundplane,27.50395
0.3746,0.0254,0.05,groundplane,27.504049999999996
0.3746,0.0508,0.05,groundplane,27.50403
0.3746,0.0762,0.05,groundplane,27.504010000000005
0.3746,0.1016,0.05,groundplane,27.50399
