x,y,z,mattype,Wm2Front
1.5746,4.853222e-17,0.05,groundplane,56.31944000000001
1.5746,0.0254,0.05,groundplane,56.31841
1.5746,0.0508,0.05,groundplane,56.31841
1.5746,0.0762,0.05,groundplane,56.3184
1.5746,0.1016,0.05,groundplane,56.31839
