x,y,z,rearMat,Wm2Back
0.7957462,4.87254e-17,1.417605,sky,87.87642999999998
0.5967842,3.654249e-17,1.437955,sky,87.87642999999998
0.3978222,2.435959e-17,1.458305,sky,87.87642999999998
0.1988602,1.217668e-17,1.478655,sky,87.87642999999998
-0.0001017508,-6.230441e-21,1.499005,sky,87.87642999999998
-0.1990637,-1.218914e-17,1.519355,sky,87.87642999999998
-0.3980257,-2.437205e-17,1.539706,sky,87.87642999999998
-0.5969877,-3.655495e-17,1.560056,sky,87.87642999999998
-0.7959497,-4.873786e-17,1.580406,sky,87.87642999999998
