x,y,z,mattype,Wm2Front
0.3746,4.835083e-17,0.05,groundplane,42.60871
0.3746,0.0254,0.05,groundplane,42.60752
0.3746,0.0508,0.05,groundplane,42.60751
0.3746,0.0762,0.05,groundplane,42.60749
0.3746,0.1016,0.05,groundplane,42.60748
