x,y,z,mattype,Wm2Front
1.5746,3.050247e-17,0.05,groundplane,82.55108
1.5746,0.0254,0.05,groundplane,82.55161
1.5746,0.0508,0.05,groundplane,82.55157
1.5746,0.0762,0.05,groundplane,82.55152
1.5746,0.1016,0.05,groundplane,82.55149
