x,y,z,rearMat,Wm2Back
0.528543,3.236392e-17,2.100536,sky,63.19754
0.3965951,2.428445e-17,1.950237,sky,63.19754
0.2646472,1.620497e-17,1.799938,sky,63.19754
0.1326994,8.125493e-18,1.649639,sky,63.19754
0.0007514945,4.601576e-20,1.49934,sky,63.19754
-0.1311964,-8.033462e-18,1.349041,sky,63.19754
-0.2631443,-1.611294e-17,1.198742,sky,63.19754
-0.3950921,-2.419242e-17,1.048444,sky,63.19754
-0.52704,-3.227189e-17,0.8981447,sky,63.19754
