x,y,z,mattype,Wm2Front
0.3746,4.087386e-17,0.05,groundplane,722.7401
0.3746,0.0254,0.05,groundplane,722.7400000000001
0.3746,0.0508,0.05,groundplane,722.7396
0.3746,0.0762,0.05,groundplane,722.7392999999998
0.3746,0.1016,0.05,groundplane,722.739
