x,y,z,rearMat,Wm2Back
0.6832164,4.183494e-17,1.916193,sky,24.26818
0.5125426,3.138418e-17,1.811931,sky,24.26818
0.3418689,2.093343e-17,1.70767,sky,24.26818
0.1711951,1.048268e-17,1.603408,sky,24.26818
0.0005213075,3.192088e-20,1.499147,sky,24.26818
-0.1701525,-1.041883e-17,1.394885,sky,24.26818
-0.3408262,-2.086959e-17,1.290624,sky,24.26818
-0.5115,-3.132034e-17,1.186362,sky,24.26818
-0.6821738,-4.17711e-17,1.082101,sky,24.26818
