x,y,z,mattype,Wm2Front
1.5746,4.894272e-17,0.05,groundplane,996.7788999999999
1.5746,0.0254,0.05,groundplane,996.7809000000001
1.5746,0.0508,0.05,groundplane,996.7796
1.5746,0.0762,0.05,groundplane,996.7783
1.5746,0.1016,0.05,groundplane,996.7770999999999
