x,y,z,mattype,Wm2Front
0.3746,4.079475e-17,0.05,groundplane,786.9342
0.3746,0.0254,0.05,groundplane,786.9366999999999
0.3746,0.0508,0.05,groundplane,786.9362
0.3746,0.0762,0.05,groundplane,786.9357999999999
0.3746,0.1016,0.05,groundplane,786.9354
