x,y,z,rearMat,Wm2Back
0.655149,4.01163e-17,1.040891,sky,11.67827
0.4912185,3.007846e-17,1.155464,sky,11.67827
0.327288,2.004061e-17,1.270036,sky,11.67827
0.1633576,1.000277e-17,1.384608,sky,11.67827
-0.0005728614,-3.507764e-20,1.49918,sky,11.67827
-0.1645033,-1.007292e-17,1.613753,sky,11.67827
-0.3284338,-2.011077e-17,1.728325,sky,11.67827
-0.4923642,-3.014861e-17,1.842897,sky,11.67827
-0.6562947,-4.018646e-17,1.957469,sky,11.67827
