x,y,z,mattype,Wm2Front
1.5746,4.42047e-17,0.05,groundplane,182.68680000000003
1.5746,0.0254,0.05,groundplane,182.6852
1.5746,0.0508,0.05,groundplane,182.6852
1.5746,0.0762,0.05,groundplane,182.6852
1.5746,0.1016,0.05,groundplane,182.6852
