x,y,z,mattype,Wm2Front
1.5746,4.719845e-17,0.05,groundplane,833.4896
1.5746,0.0254,0.05,groundplane,833.4901999999998
1.5746,0.0508,0.05,groundplane,833.4898
1.5746,0.0762,0.05,groundplane,833.4894
1.5746,0.1016,0.05,groundplane,833.4889
