x,y,z,mattype,Wm2Front
0.3746,4.873932e-17,0.05,groundplane,782.7571000000002
0.3746,0.0254,0.05,groundplane,782.7586
0.3746,0.0508,0.05,groundplane,782.7579
0.3746,0.0762,0.05,groundplane,782.7572
0.3746,0.1016,0.05,groundplane,782.7565
