x,y,z,mattype,Wm2Front
0.3746,4.528452e-17,0.05,groundplane,34.40981
0.3746,0.0254,0.05,groundplane,34.41127
0.3746,0.0508,0.05,groundplane,34.41121
0.3746,0.0762,0.05,groundplane,34.41114
0.3746,0.1016,0.05,groundplane,34.41107
