x,y,z,rearMat,Wm2Back
0.7990982,4.893066e-17,1.462013,sky,0.3246993
0.5993121,3.669728e-17,1.47126,sky,0.3246993
0.399526,2.446391e-17,1.480507,sky,0.3246993
0.1997399,1.223054e-17,1.489754,sky,0.3246993
-4.623474e-05,-2.831061e-21,1.499001,sky,0.3246993
-0.1998324,-1.22362e-17,1.508248,sky,0.3246993
-0.3996185,-2.446957e-17,1.517495,sky,0.3246993
-0.5994046,-3.670295e-17,1.526742,sky,0.3246993
-0.7991907,-4.893632e-17,1.535989,sky,0.3246993
