x,y,z,mattype,Wm2Front
0.3746,4.095983e-17,0.05,groundplane,224.778
0.3746,0.0254,0.05,groundplane,224.7807
0.3746,0.0508,0.05,groundplane,224.7807
0.3746,0.0762,0.05,groundplane,224.7807
0.3746,0.1016,0.05,groundplane,224.78059999999996
