x,y,z,mattype,Wm2Front
1.5746,3.247255e-17,0.05,groundplane,489.37729999999993
1.5746,0.0254,0.05,groundplane,489.3757
1.5746,0.0508,0.05,groundplane,489.3752
1.5746,0.0762,0.05,groundplane,489.37459999999993
1.5746,0.1016,0.05,groundplane,489.3741
