x,y,z,rearMat,Wm2Back
0.552084,3.38054e-17,0.9210317,sky,24.11102
0.4138823,2.534298e-17,1.065601,sky,24.11102
0.2756806,1.688057e-17,1.21017,sky,24.11102
0.1374789,8.418153e-18,1.35474,sky,24.11102
-0.0007228466,-4.426159e-20,1.499309,sky,24.11102
-0.1389246,-8.506676e-18,1.643878,sky,24.11102
-0.2771263,-1.696909e-17,1.788448,sky,24.11102
-0.415328,-2.543151e-17,1.933017,sky,24.11102
-0.5535297,-3.389392e-17,2.077586,sky,24.11102
