x,y,z,mattype,Wm2Front
0.3746,4.896837e-17,0.05,groundplane,6.554596
0.3746,0.0254,0.05,groundplane,6.554390000000001
0.3746,0.0508,0.05,groundplane,6.554390000000001
0.3746,0.0762,0.05,groundplane,6.554391
0.3746,0.1016,0.05,groundplane,6.554391
