x,y,z,rearMat,Wm2Back
0.7915574,4.846891e-17,1.384078,sky,27.681570000000004
0.5936321,3.634948e-17,1.412811,sky,27.681570000000004
0.3957069,2.423006e-17,1.441544,sky,27.681570000000004
0.1977816,1.211063e-17,1.470277,sky,27.681570000000004
-0.0001436653,-8.796965e-21,1.49901,sky,27.681570000000004
-0.1980689,-1.212822e-17,1.527743,sky,27.681570000000004
-0.3959942,-2.424765e-17,1.556477,sky,27.681570000000004
-0.5939195,-3.636708e-17,1.58521,sky,27.681570000000004
-0.7918447,-4.848651e-17,1.613943,sky,27.681570000000004
