x,y,z,mattype,Wm2Front
0.3746,3.247255e-17,0.05,groundplane,483.9419
0.3746,0.0254,0.05,groundplane,483.94159999999994
0.3746,0.0508,0.05,groundplane,483.9414
0.3746,0.0762,0.05,groundplane,483.9413
0.3746,0.1016,0.05,groundplane,483.9411
