x,y,z,mattype,Wm2Front
1.5746,3.715977e-17,0.05,groundplane,95.85909
1.5746,0.0254,0.05,groundplane,95.86008
1.5746,0.0508,0.05,groundplane,95.86002
1.5746,0.0762,0.05,groundplane,95.85994999999998
1.5746,0.1016,0.05,groundplane,95.85989
