x,y,z,mattype,Wm2Front
0.3746,3.247255e-17,0.05,groundplane,183.4899
0.3746,0.0254,0.05,groundplane,183.4858
0.3746,0.0508,0.05,groundplane,183.48570000000004
0.3746,0.0762,0.05,groundplane,183.4856
0.3746,0.1016,0.05,groundplane,183.4855
