x,y,z,mattype,Wm2Front
0.3746,4.55573e-17,0.05,groundplane,826.8436
0.3746,0.0254,0.05,groundplane,826.8451
0.3746,0.0508,0.05,groundplane,826.8447
0.3746,0.0762,0.05,groundplane,826.8443000000001
0.3746,0.1016,0.05,groundplane,826.8439
