x,y,z,mattype,Wm2Front
1.5746,3.050247e-17,0.05,groundplane,66.12712
1.5746,0.0254,0.05,groundplane,66.12721
1.5746,0.0508,0.05,groundplane,66.1272
1.5746,0.0762,0.05,groundplane,66.12717
1.5746,0.1016,0.05,groundplane,66.12716
