x,y,z,rearMat,Wm2Back
0.7385064,4.522047e-17,1.192414,sky,27.72687
0.553784,3.390949e-17,1.269079,sky,27.72687
0.3690615,2.25985e-17,1.345745,sky,27.72687
0.1843391,1.128751e-17,1.422411,sky,27.72687
-0.0003833283,-2.347209e-20,1.499076,sky,27.72687
-0.1851058,-1.133446e-17,1.575742,sky,27.72687
-0.3698282,-2.264545e-17,1.652408,sky,27.72687
-0.5545506,-3.395643e-17,1.729073,sky,27.72687
-0.739273,-4.526742e-17,1.805739,sky,27.72687
