x,y,z,mattype,Wm2Front
1.5746,4.867763e-17,0.05,groundplane,30.71011
1.5746,0.0254,0.05,groundplane,30.71105
1.5746,0.0508,0.05,groundplane,30.71102
1.5746,0.0762,0.05,groundplane,30.71099
1.5746,0.1016,0.05,groundplane,30.71095
