x,y,z,mattype,Wm2Front
0.3746,4.723278e-17,0.05,groundplane,110.0691
0.3746,0.0254,0.05,groundplane,110.0686
0.3746,0.0508,0.05,groundplane,110.0686
0.3746,0.0762,0.05,groundplane,110.06850000000001
0.3746,0.1016,0.05,groundplane,110.06850000000001
