x,y,z,mattype,Wm2Front
0.3746,4.513606e-17,0.05,groundplane,838.2424
0.3746,0.0254,0.05,groundplane,838.2487
0.3746,0.0508,0.05,groundplane,838.2472000000001
0.3746,0.0762,0.05,groundplane,838.2457
0.3746,0.1016,0.05,groundplane,838.2443
