x,y,z,rearMat,Wm2Back
0.5747115,3.519093e-17,2.056514,sky,33.66396
0.4312078,2.640386e-17,1.917206,sky,33.66396
0.287704,1.761679e-17,1.777898,sky,33.66396
0.1442003,8.829721e-18,1.63859,sky,33.66396
0.0006965392,4.265073e-20,1.499282,sky,33.66396
-0.1428072,-8.744419e-18,1.359975,sky,33.66396
-0.286311,-1.753149e-17,1.220667,sky,33.66396
-0.4298147,-2.631856e-17,1.081359,sky,33.66396
-0.5733184,-3.510563e-17,0.9420511,sky,33.66396
