x,y,z,rearMat,Wm2Back
0.6482926,3.969647e-17,1.968741,sky,5.337702
0.4863662,2.978134e-17,1.851353,sky,5.337702
0.3244398,1.986621e-17,1.733965,sky,5.337702
0.1625134,9.951073e-18,1.616578,sky,5.337702
0.0005869377,3.593957e-20,1.49919,sky,5.337702
-0.1613395,-9.879194e-18,1.381803,sky,5.337702
-0.3232659,-1.979433e-17,1.264415,sky,5.337702
-0.4851923,-2.970946e-17,1.147028,sky,5.337702
-0.6471187,-3.962459e-17,1.02964,sky,5.337702
