x,y,z,rearMat,Wm2Back
0.7956642,4.872038e-17,1.583184,sky,1.680835
0.5967744,3.654189e-17,1.562139,sky,1.680835
0.3978847,2.436341e-17,1.541095,sky,1.680835
0.198995,1.218493e-17,1.52005,sky,1.680835
0.0001052227,6.443035e-21,1.499006,sky,1.680835
-0.1987845,-1.217204e-17,1.477961,sky,1.680835
-0.3976742,-2.435052e-17,1.456916,sky,1.680835
-0.596564,-3.652901e-17,1.435872,sky,1.680835
-0.7954537,-4.870749e-17,1.414827,sky,1.680835
