x,y,z,mattype,Wm2Front
1.5746,4.848532e-17,0.05,groundplane,418.5205
1.5746,0.0254,0.05,groundplane,418.5251
1.5746,0.0508,0.05,groundplane,418.5231999999999
1.5746,0.0762,0.05,groundplane,418.52119999999996
1.5746,0.1016,0.05,groundplane,418.5192
