x,y,z,mattype,Wm2Front
1.5746,3.050247e-17,0.05,groundplane,433.5152
1.5746,0.0254,0.05,groundplane,433.5173
1.5746,0.0508,0.05,groundplane,433.5172
1.5746,0.0762,0.05,groundplane,433.5169
1.5746,0.1016,0.05,groundplane,433.51669999999996
