x,y,z,mattype,Wm2Front
1.5746,3.050247e-17,0.05,groundplane,466.9182
1.5746,0.0254,0.05,groundplane,466.91979999999995
1.5746,0.0508,0.05,groundplane,466.9197
1.5746,0.0762,0.05,groundplane,466.9196
1.5746,0.1016,0.05,groundplane,466.9195
