x,y,z,mattype,Wm2Front
0.3746,4.48299e-17,0.05,groundplane,46.00002
0.3746,0.0254,0.05,groundplane,45.99994999999999
0.3746,0.0508,0.05,groundplane,45.99994
0.3746,0.0762,0.05,groundplane,45.99993
0.3746,0.1016,0.05,groundplane,45.99992
