x,y,z,mattype,Wm2Front
1.5746,3.247255e-17,0.05,groundplane,73.6132
1.5746,0.0254,0.05,groundplane,73.61319
1.5746,0.0508,0.05,groundplane,73.61318
1.5746,0.0762,0.05,groundplane,73.61317
1.5746,0.1016,0.05,groundplane,73.61316
