x,y,z,rearMat,Wm2Back
0.6762221,4.140666e-17,1.927463,sky,13.42739
0.5073004,3.106319e-17,1.820386,sky,13.42739
0.3383787,2.071972e-17,1.713309,sky,13.42739
0.1694571,1.037625e-17,1.606232,sky,13.42739
0.0005353846,3.278285e-20,1.499155,sky,13.42739
-0.1683863,-1.031069e-17,1.392078,sky,13.42739
-0.337308,-2.065416e-17,1.285002,sky,13.42739
-0.5062296,-3.099763e-17,1.177925,sky,13.42739
-0.6751513,-4.134109e-17,1.070848,sky,13.42739
