x,y,z,rearMat,Wm2Back
0.7941365,4.862683e-17,1.403314,sky,44.88181
0.5955724,3.646829e-17,1.427237,sky,44.88181
0.3970084,2.430975e-17,1.45116,sky,44.88181
0.1984444,1.215122e-17,1.475084,sky,44.88181
-0.000119617,-7.32443e-21,1.499007,sky,44.88181
-0.1986836,-1.216586e-17,1.522931,sky,44.88181
-0.3972477,-2.43244e-17,1.546854,sky,44.88181
-0.5958117,-3.648294e-17,1.570777,sky,44.88181
-0.7943757,-4.864148e-17,1.594701,sky,44.88181
