x,y,z,mattype,Wm2Front
0.3746,4.234165e-17,0.05,groundplane,120.02389999999998
0.3746,0.0254,0.05,groundplane,120.026
0.3746,0.0508,0.05,groundplane,120.0259
0.3746,0.0762,0.05,groundplane,120.0258
0.3746,0.1016,0.05,groundplane,120.02569999999999
