x,y,z,rearMat,Wm2Back
0.7712829,4.722746e-17,1.712423,sky,92.75501000000001
0.5785289,3.542468e-17,1.659076,sky,92.75501000000001
0.3857748,2.36219e-17,1.60573,sky,92.75501000000001
0.1930208,1.181911e-17,1.552383,sky,92.75501000000001
0.0002667338,1.633273e-20,1.499036,sky,92.75501000000001
-0.1924873,-1.178645e-17,1.445689,sky,92.75501000000001
-0.3852414,-2.358923e-17,1.392343,sky,92.75501000000001
-0.5779954,-3.539201e-17,1.338996,sky,92.75501000000001
-0.7707495,-4.719479e-17,1.285649,sky,92.75501000000001
