x,y,z,mattype,Wm2Front
1.5746,4.175323e-17,0.05,groundplane,237.91240000000002
1.5746,0.0254,0.05,groundplane,237.9324
1.5746,0.0508,0.05,groundplane,237.93230000000003
1.5746,0.0762,0.05,groundplane,237.9322
1.5746,0.1016,0.05,groundplane,237.932
