x,y,z,rearMat,Wm2Back
0.7936952,4.859982e-17,1.600244,sky,4.184022
0.595303,3.64518e-17,1.574935,sky,4.184022
0.3969109,2.430378e-17,1.549626,sky,4.184022
0.1985187,1.215577e-17,1.524317,sky,4.184022
0.0001265452,7.748661e-21,1.499008,sky,4.184022
-0.1982656,-1.214027e-17,1.473699,sky,4.184022
-0.3966578,-2.428828e-17,1.44839,sky,4.184022
-0.59505,-3.64363e-17,1.423081,sky,4.184022
-0.7934421,-4.858432e-17,1.397772,sky,4.184022
