x,y,z,mattype,Wm2Front
1.5746,4.295639e-17,0.05,groundplane,99.33341
1.5746,0.0254,0.05,groundplane,99.33353
1.5746,0.0508,0.05,groundplane,99.33351999999998
1.5746,0.0762,0.05,groundplane,99.3335
1.5746,0.1016,0.05,groundplane,99.3335
