x,y,z,rearMat,Wm2Back
0.7587995,4.646307e-17,1.753425,sky,8.398085
0.5691791,3.485217e-17,1.689832,sky,8.398085
0.3795587,2.324127e-17,1.626239,sky,8.398085
0.1899383,1.163037e-17,1.562645,sky,8.398085
0.0003179666,1.946984e-20,1.499052,sky,8.398085
-0.1893024,-1.159143e-17,1.435459,sky,8.398085
-0.3789228,-2.320233e-17,1.371865,sky,8.398085
-0.5685432,-3.481323e-17,1.308272,sky,8.398085
-0.7581636,-4.642413e-17,1.244679,sky,8.398085
