x,y,z,mattype,Wm2Front
0.3746,4.418352e-17,0.05,groundplane,383.1451
0.3746,0.0254,0.05,groundplane,383.1479
0.3746,0.0508,0.05,groundplane,383.14720000000005
0.3746,0.0762,0.05,groundplane,383.1465
0.3746,0.1016,0.05,groundplane,383.1457
