x,y,z,mattype,Wm2Front
1.5746,3.589875e-17,0.05,groundplane,689.6385999999999
1.5746,0.0254,0.05,groundplane,689.6373
1.5746,0.0508,0.05,groundplane,689.6371
1.5746,0.0762,0.05,groundplane,689.6370000000001
1.5746,0.1016,0.05,groundplane,689.6367999999999
