x,y,z,mattype,Wm2Front
0.3746,4.785846e-17,0.05,groundplane,79.89955
0.3746,0.0254,0.05,groundplane,79.89892
0.3746,0.0508,0.05,groundplane,79.89888
0.3746,0.0762,0.05,groundplane,79.89883
0.3746,0.1016,0.05,groundplane,79.8988
