x,y,z,mattype,Wm2Front
1.5746,4.474406e-17,0.05,groundplane,776.0054999999999
1.5746,0.0254,0.05,groundplane,776.0074
1.5746,0.0508,0.05,groundplane,776.0069
1.5746,0.0762,0.05,groundplane,776.0063999999999
1.5746,0.1016,0.05,groundplane,776.0059
