x,y,z,rearMat,Wm2Back
0.7062169,4.324331e-17,1.124156,sky,9.520094
0.5295455,3.242531e-17,1.217896,sky,9.520094
0.3528741,2.160731e-17,1.311636,sky,9.520094
0.1762027,1.07893e-17,1.405376,sky,9.520094
-0.0004687009,-2.869965e-20,1.499117,sky,9.520094
-0.1771401,-1.08467e-17,1.592857,sky,9.520094
-0.3538115,-2.16647e-17,1.686597,sky,9.520094
-0.5304829,-3.248271e-17,1.780337,sky,9.520094
-0.7071543,-4.330071e-17,1.874077,sky,9.520094
