x,y,z,rearMat,Wm2Back
0.7671817,4.697633e-17,1.726789,sky,15.85977
0.5754574,3.52366e-17,1.669852,sky,15.85977
0.3837332,2.349688e-17,1.612915,sky,15.85977
0.1920089,1.175716e-17,1.555978,sky,15.85977
0.0002846847,1.743191e-20,1.499041,sky,15.85977
-0.1914396,-1.172229e-17,1.442104,sky,15.85977
-0.3831638,-2.346202e-17,1.385168,sky,15.85977
-0.574888,-3.520174e-17,1.328231,sky,15.85977
-0.7666123,-4.694146e-17,1.271294,sky,15.85977
