x,y,z,rearMat,Wm2Back
0.7919043,4.849015e-17,1.613528,sky,45.42231
0.593964,3.636981e-17,1.584899,sky,45.42231
0.3960237,2.424946e-17,1.556269,sky,45.42231
0.1980834,1.212911e-17,1.52764,sky,45.42231
0.0001431472,8.765236e-21,1.49901,sky,45.42231
-0.1977971,-1.211158e-17,1.470381,sky,45.42231
-0.3957374,-2.423193e-17,1.441751,sky,45.42231
-0.5936777,-3.635227e-17,1.413122,sky,45.42231
-0.791618,-4.847262e-17,1.384493,sky,45.42231
