x,y,z,rearMat,Wm2Back
0.7688881,4.708082e-17,1.279066,sky,4.347542
0.5765974,3.530641e-17,1.334059,sky,4.347542
0.3843066,2.353199e-17,1.389052,sky,4.347542
0.1920158,1.175758e-17,1.444045,sky,4.347542
-0.0002749662,-1.683682e-20,1.499039,sky,4.347542
-0.1925657,-1.179125e-17,1.554032,sky,4.347542
-0.3848565,-2.356567e-17,1.609025,sky,4.347542
-0.5771473,-3.534008e-17,1.664018,sky,4.347542
-0.7694381,-4.711449e-17,1.719012,sky,4.347542
