x,y,z,rearMat,Wm2Back
0.7970429,4.88048e-17,1.568728,sky,15.83159
0.597804,3.660494e-17,1.551297,sky,15.83159
0.398565,2.440507e-17,1.533866,sky,15.83159
0.1993261,1.22052e-17,1.516435,sky,15.83159
8.715574e-05,5.33675e-21,1.499004,sky,15.83159
-0.1991518,-1.219453e-17,1.481573,sky,15.83159
-0.3983907,-2.43944e-17,1.464142,sky,15.83159
-0.5976297,-3.659426e-17,1.44671,sky,15.83159
-0.7968686,-4.879413e-17,1.429279,sky,15.83159
