x,y,z,mattype,Wm2Front
0.3746,3.050247e-17,0.05,groundplane,510.60200000000003
0.3746,0.0254,0.05,groundplane,510.60459999999995
0.3746,0.0508,0.05,groundplane,510.6044
0.3746,0.0762,0.05,groundplane,510.6042
0.3746,0.1016,0.05,groundplane,510.6039
