x,y,z,mattype,Wm2Front
1.5746,3.631084e-17,0.05,groundplane,738.0985999999999
1.5746,0.0254,0.05,groundplane,738.1084
1.5746,0.0508,0.05,groundplane,738.1068
1.5746,0.0762,0.05,groundplane,738.1053
1.5746,0.1016,0.05,groundplane,738.1038
