x,y,z,mattype,Wm2Front
1.5746,4.881225e-17,0.05,groundplane,802.1563
1.5746,0.0254,0.05,groundplane,802.1577000000001
1.5746,0.0508,0.05,groundplane,802.1571
1.5746,0.0762,0.05,groundplane,802.1565999999999
1.5746,0.1016,0.05,groundplane,802.1559000000001
