x,y,z,mattype,Wm2Front
1.5746,4.664552e-17,0.05,groundplane,850.8644
1.5746,0.0254,0.05,groundplane,850.8705999999999
1.5746,0.0508,0.05,groundplane,850.8687
1.5746,0.0762,0.05,groundplane,850.8666
1.5746,0.1016,0.05,groundplane,850.8647
