x,y,z,mattype,Wm2Front
0.3746,3.247255e-17,0.05,groundplane,484.9927
0.3746,0.0254,0.05,groundplane,484.99230000000006
0.3746,0.0508,0.05,groundplane,484.992
0.3746,0.0762,0.05,groundplane,484.9917
0.3746,0.1016,0.05,groundplane,484.99140000000006
