x,y,z,mattype,Wm2Front
0.3746,4.290581e-17,0.05,groundplane,789.6461
0.3746,0.0254,0.05,groundplane,789.6461
0.3746,0.0508,0.05,groundplane,789.6457999999999
0.3746,0.0762,0.05,groundplane,789.6454
0.3746,0.1016,0.05,groundplane,789.6451000000001
