x,y,z,mattype,Wm2Front
0.3746,3.689499e-17,0.05,groundplane,93.50163000000002
0.3746,0.0254,0.05,groundplane,93.49878
0.3746,0.0508,0.05,groundplane,93.49861
0.3746,0.0762,0.05,groundplane,93.49845999999998
0.3746,0.1016,0.05,groundplane,93.49829
