x,y,z,rearMat,Wm2Back
0.7790495,4.770302e-17,1.318113,sky,16.51758
0.5842306,3.57738e-17,1.363341,sky,16.51758
0.3894117,2.384459e-17,1.408569,sky,16.51758
0.1945928,1.191537e-17,1.453798,sky,16.51758
-0.0002261413,-1.384716e-20,1.499026,sky,16.51758
-0.195045,-1.194306e-17,1.544254,sky,16.51758
-0.3898639,-2.387228e-17,1.589482,sky,16.51758
-0.5846828,-3.58015e-17,1.634711,sky,16.51758
-0.7795017,-4.773072e-17,1.679939,sky,16.51758
