x,y,z,mattype,Wm2Front
0.3746,4.722823e-17,0.05,groundplane,727.7017
0.3746,0.0254,0.05,groundplane,727.7031000000001
0.3746,0.0508,0.05,groundplane,727.7019999999999
0.3746,0.0762,0.05,groundplane,727.701
0.3746,0.1016,0.05,groundplane,727.7001
