x,y,z,mattype,Wm2Front
0.3746,4.900062e-17,0.05,groundplane,769.2037
0.3746,0.0254,0.05,groundplane,769.2048
0.3746,0.0508,0.05,groundplane,769.2042
0.3746,0.0762,0.05,groundplane,769.2037
0.3746,0.1016,0.05,groundplane,769.2031000000001
