x,y,z,mattype,Wm2Front
1.5746,4.858505e-17,0.05,groundplane,935.2446999999999
1.5746,0.0254,0.05,groundplane,935.2458
1.5746,0.0508,0.05,groundplane,935.2452
1.5746,0.0762,0.05,groundplane,935.2446999999999
1.5746,0.1016,0.05,groundplane,935.2442
