x,y,z,rearMat,Wm2Back
0.7680468,4.70293e-17,1.723842,sky,16.54899
0.5761054,3.527628e-17,1.667641,sky,16.54899
0.3841639,2.352325e-17,1.611441,sky,16.54899
0.1922225,1.177023e-17,1.555241,sky,16.54899
0.0002810017,1.720639e-20,1.49904,sky,16.54899
-0.1916605,-1.173582e-17,1.44284,sky,16.54899
-0.3836019,-2.348884e-17,1.38664,sky,16.54899
-0.5755434,-3.524187e-17,1.330439,sky,16.54899
-0.7674848,-4.699489e-17,1.274239,sky,16.54899
