x,y,z,mattype,Wm2Front
0.3746,3.247255e-17,0.05,groundplane,212.77290000000002
0.3746,0.0254,0.05,groundplane,212.7717
0.3746,0.0508,0.05,groundplane,212.77149999999997
0.3746,0.0762,0.05,groundplane,212.7713
0.3746,0.1016,0.05,groundplane,212.77110000000002
