x,y,z,mattype,Wm2Front
0.3746,4.44129e-17,0.05,groundplane,769.3847
0.3746,0.0254,0.05,groundplane,769.3848000000002
0.3746,0.0508,0.05,groundplane,769.3844
0.3746,0.0762,0.05,groundplane,769.384
0.3746,0.1016,0.05,groundplane,769.3835
