x,y,z,rearMat,Wm2Back
0.7143735,4.374276e-17,1.139901,sky,13.313719999999998
0.5356679,3.28002e-17,1.229702,sky,13.313719999999998
0.3569623,2.185763e-17,1.319504,sky,13.313719999999998
0.1782566,1.091507e-17,1.409305,sky,13.313719999999998
-0.0004490071,-2.749376e-20,1.499106,sky,13.313719999999998
-0.1791546,-1.097006e-17,1.588908,sky,13.313719999999998
-0.3578603,-2.191262e-17,1.678709,sky,13.313719999999998
-0.5365659,-3.285519e-17,1.768511,sky,13.313719999999998
-0.7152715,-4.379775e-17,1.858312,sky,13.313719999999998
