x,y,z,rearMat,Wm2Back
0.7676943,4.700772e-17,1.725048,sky,6.558331
0.5758413,3.526011e-17,1.668546,sky,6.558331
0.3839884,2.351251e-17,1.612044,sky,6.558331
0.1921354,1.17649e-17,1.555543,sky,6.558331
0.0002825089,1.729868e-20,1.499041,sky,6.558331
-0.1915704,-1.173031e-17,1.442539,sky,6.558331
-0.3834234,-2.347791e-17,1.386037,sky,6.558331
-0.5752763,-3.522551e-17,1.329535,sky,6.558331
-0.7671292,-4.697312e-17,1.273034,sky,6.558331
