x,y,z,mattype,Wm2Front
1.5746,4.445257e-17,0.05,groundplane,770.4973
1.5746,0.0254,0.05,groundplane,770.4973999999999
1.5746,0.0508,0.05,groundplane,770.497
1.5746,0.0762,0.05,groundplane,770.4966
1.5746,0.1016,0.05,groundplane,770.4963000000001
