x,y,z,mattype,Wm2Front
1.5746,4.68431e-17,0.05,groundplane,117.2275
1.5746,0.0254,0.05,groundplane,117.2287
1.5746,0.0508,0.05,groundplane,117.22859999999999
1.5746,0.0762,0.05,groundplane,117.22859999999999
1.5746,0.1016,0.05,groundplane,117.2285
