x,y,z,rearMat,Wm2Back
0.7629674,4.671828e-17,1.259414,sky,20.75137
0.5721506,3.503412e-17,1.319322,sky,20.75137
0.3813339,2.334997e-17,1.37923,sky,20.75137
0.1905172,1.166581e-17,1.439138,sky,20.75137
-0.0002995404,-1.834156e-20,1.499046,sky,20.75137
-0.1911163,-1.17025e-17,1.558954,sky,20.75137
-0.381933,-2.338665e-17,1.618862,sky,20.75137
-0.5727497,-3.507081e-17,1.67877,sky,20.75137
-0.7635664,-4.675496e-17,1.738678,sky,20.75137
