x,y,z,mattype,Wm2Front
0.3746,4.552488e-17,0.05,groundplane,108.9713
0.3746,0.0254,0.05,groundplane,108.96819999999998
0.3746,0.0508,0.05,groundplane,108.96819999999998
0.3746,0.0762,0.05,groundplane,108.9683
0.3746,0.1016,0.05,groundplane,108.9683
