x,y,z,mattype,Wm2Front
0.3746,4.14264e-17,0.05,groundplane,814.7490000000001
0.3746,0.0254,0.05,groundplane,814.7484
0.3746,0.0508,0.05,groundplane,814.748
0.3746,0.0762,0.05,groundplane,814.7476
0.3746,0.1016,0.05,groundplane,814.7473
