x,y,z,mattype,Wm2Front
1.5746,3.491144e-17,0.05,groundplane,457.0598
1.5746,0.0254,0.05,groundplane,457.0562
1.5746,0.0508,0.05,groundplane,457.05480000000006
1.5746,0.0762,0.05,groundplane,457.0535
1.5746,0.1016,0.05,groundplane,457.0522
