x,y,z,mattype,Wm2Front
0.3746,4.593942e-17,0.05,groundplane,760.0025
0.3746,0.0254,0.05,groundplane,760.0036
0.3746,0.0508,0.05,groundplane,760.0027999999999
0.3746,0.0762,0.05,groundplane,760.002
0.3746,0.1016,0.05,groundplane,760.0012
