x,y,z,mattype,Wm2Front
0.3746,3.247255e-17,0.05,groundplane,125.6401
0.3746,0.0254,0.05,groundplane,125.6398
0.3746,0.0508,0.05,groundplane,125.63960000000002
0.3746,0.0762,0.05,groundplane,125.6395
0.3746,0.1016,0.05,groundplane,125.63939999999998
