x,y,z,mattype,Wm2Front
0.3746,4.819981e-17,0.05,groundplane,740.5036999999999
0.3746,0.0254,0.05,groundplane,740.5054
0.3746,0.0508,0.05,groundplane,740.5043
0.3746,0.0762,0.05,groundplane,740.5033
0.3746,0.1016,0.05,groundplane,740.5023
