x,y,z,rearMat,Wm2Back
0.6711773,4.109776e-17,1.935341,sky,74.2329
0.5035193,3.083167e-17,1.826296,sky,74.2329
0.3358613,2.056557e-17,1.717251,sky,74.2329
0.1682033,1.029948e-17,1.608207,sky,74.2329
0.0005452244,3.338537e-20,1.499162,sky,74.2329
-0.1671128,-1.023271e-17,1.390117,sky,74.2329
-0.3347708,-2.04988e-17,1.281072,sky,74.2329
-0.5024289,-3.076489e-17,1.172027,sky,74.2329
-0.6700869,-4.103099e-17,1.062982,sky,74.2329
