x,y,z,rearMat,Wm2Back
0.7828894,4.793815e-17,1.335424,sky,9.960258
0.5871159,3.595048e-17,1.376324,sky,9.960258
0.3913425,2.396281e-17,1.417223,sky,9.960258
0.195569,1.197515e-17,1.458122,sky,9.960258
-0.0002044961,-1.252177e-20,1.499021,sky,9.960258
-0.195978,-1.200019e-17,1.53992,sky,9.960258
-0.3917515,-2.398786e-17,1.58082,sky,9.960258
-0.5875249,-3.597553e-17,1.621719,sky,9.960258
-0.7832984,-4.796319e-17,1.662618,sky,9.960258
