x,y,z,mattype,Wm2Front
1.5746,3.247255e-17,0.05,groundplane,393.76140000000004
1.5746,0.0254,0.05,groundplane,393.76
1.5746,0.0508,0.05,groundplane,393.7599
1.5746,0.0762,0.05,groundplane,393.7599
1.5746,0.1016,0.05,groundplane,393.7598
