x,y,z,rearMat,Wm2Back
0.7702988,4.71672e-17,1.284035,sky,4.883069
0.5776569,3.537129e-17,1.337786,sky,4.883069
0.385015,2.357537e-17,1.391536,sky,4.883069
0.1923731,1.177946e-17,1.445286,sky,4.883069
-0.0002687517,-1.64563e-20,1.499037,sky,4.883069
-0.1929106,-1.181237e-17,1.552787,sky,4.883069
-0.3855525,-2.360828e-17,1.606537,sky,4.883069
-0.5781944,-3.54042e-17,1.660288,sky,4.883069
-0.7708363,-4.720011e-17,1.714038,sky,4.883069
