x,y,z,mattype,Wm2Front
1.5746,4.668727e-17,0.05,groundplane,698.4712
1.5746,0.0254,0.05,groundplane,698.4725
1.5746,0.0508,0.05,groundplane,698.4722
1.5746,0.0762,0.05,groundplane,698.4717999999999
1.5746,0.1016,0.05,groundplane,698.4714
