x,y,z,mattype,Wm2Front
1.5746,4.899328e-17,0.05,groundplane,848.5994
1.5746,0.0254,0.05,groundplane,848.6005
1.5746,0.0508,0.05,groundplane,848.6001
1.5746,0.0762,0.05,groundplane,848.5997000000001
1.5746,0.1016,0.05,groundplane,848.5992
