x,y,z,rearMat,Wm2Back
0.5896489,3.610558e-17,2.040662,sky,33.90088
0.4424059,2.708955e-17,1.905312,sky,33.90088
0.2951628,1.807351e-17,1.769963,sky,33.90088
0.1479198,9.057475e-18,1.634613,sky,33.90088
0.0006767475,4.143883e-20,1.499264,sky,33.90088
-0.1465663,-8.974597e-18,1.363914,sky,33.90088
-0.2938093,-1.799063e-17,1.228565,sky,33.90088
-0.4410524,-2.700667e-17,1.093215,sky,33.90088
-0.5882954,-3.602271e-17,0.9578658,sky,33.90088
