x,y,z,rearMat,Wm2Back
0.7353178,4.502523e-17,1.815133,sky,12.96731
0.5515871,3.377497e-17,1.73612,sky,12.96731
0.3678564,2.252471e-17,1.657107,sky,12.96731
0.1841257,1.127445e-17,1.578094,sky,12.96731
0.0003950646,2.419073e-20,1.499081,sky,12.96731
-0.1833356,-1.122607e-17,1.420068,sky,12.96731
-0.3670663,-2.247633e-17,1.341056,sky,12.96731
-0.550797,-3.372659e-17,1.262043,sky,12.96731
-0.7345276,-4.497685e-17,1.18303,sky,12.96731
