x,y,z,rearMat,Wm2Back
0.7803003,4.777961e-17,1.323556,sky,3.826623
0.5851704,3.583135e-17,1.367423,sky,3.826623
0.3900405,2.388309e-17,1.41129,sky,3.826623
0.1949106,1.193483e-17,1.455157,sky,3.826623
-0.0002193354,-1.343042e-20,1.499024,sky,3.826623
-0.1953492,-1.196169e-17,1.542891,sky,3.826623
-0.3904791,-2.390995e-17,1.586759,sky,3.826623
-0.585609,-3.585821e-17,1.630626,sky,3.826623
-0.780739,-4.780647e-17,1.674493,sky,3.826623
