x,y,z,mattype,Wm2Front
0.3746,4.868739e-17,0.05,groundplane,890.1196999999999
0.3746,0.0254,0.05,groundplane,890.121
0.3746,0.0508,0.05,groundplane,890.1205999999999
0.3746,0.0762,0.05,groundplane,890.1202
0.3746,0.1016,0.05,groundplane,890.1198
