x,y,z,mattype,Wm2Front
0.3746,3.050247e-17,0.05,groundplane,99.17676999999999
0.3746,0.0254,0.05,groundplane,99.17726999999998
0.3746,0.0508,0.05,groundplane,99.17721999999999
0.3746,0.0762,0.05,groundplane,99.17719
0.3746,0.1016,0.05,groundplane,99.17715
