x,y,z,mattype,Wm2Front
0.3746,3.698078e-17,0.05,groundplane,682.795
0.3746,0.0254,0.05,groundplane,682.7975
0.3746,0.0508,0.05,groundplane,682.7971000000001
0.3746,0.0762,0.05,groundplane,682.7968
0.3746,0.1016,0.05,groundplane,682.7963999999998
