x,y,z,rearMat,Wm2Back
0.7999324,4.898173e-17,1.510449,sky,167.7117
0.5999529,3.673652e-17,1.507587,sky,167.7117
0.3999733,2.44913e-17,1.504725,sky,167.7117
0.1999938,1.224609e-17,1.501862,sky,167.7117
1.431121e-05,8.76309e-22,1.499,sky,167.7117
-0.1999652,-1.224434e-17,1.496138,sky,167.7117
-0.3999447,-2.448955e-17,1.493276,sky,167.7117
-0.5999242,-3.673477e-17,1.490413,sky,167.7117
-0.7999038,-4.897998e-17,1.487551,sky,167.7117
