x,y,z,mattype,Wm2Front
0.3746,3.056936e-17,0.05,groundplane,490.0771
0.3746,0.0254,0.05,groundplane,490.0825
0.3746,0.0508,0.05,groundplane,490.08189999999996
0.3746,0.0762,0.05,groundplane,490.0813
0.3746,0.1016,0.05,groundplane,490.0807
