x,y,z,mattype,Wm2Front
1.5746,4.095983e-17,0.05,groundplane,224.681
1.5746,0.0254,0.05,groundplane,224.68369999999996
1.5746,0.0508,0.05,groundplane,224.68369999999996
1.5746,0.0762,0.05,groundplane,224.68369999999996
1.5746,0.1016,0.05,groundplane,224.68359999999998
