x,y,z,mattype,Wm2Front
1.5746,4.68431e-17,0.05,groundplane,37.27071
1.5746,0.0254,0.05,groundplane,37.27096
1.5746,0.0508,0.05,groundplane,37.27096
1.5746,0.0762,0.05,groundplane,37.27095
1.5746,0.1016,0.05,groundplane,37.27095
