x,y,z,rearMat,Wm2Back
0.6702394,4.104033e-17,1.063216,sky,10.04097
0.5025433,3.07719e-17,1.172202,sky,10.04097
0.3348472,2.050348e-17,1.281189,sky,10.04097
0.1671511,1.023506e-17,1.390175,sky,10.04097
-0.0005449318,-3.336745e-20,1.499162,sky,10.04097
-0.168241,-1.030179e-17,1.608148,sky,10.04097
-0.3359371,-2.057021e-17,1.717134,sky,10.04097
-0.5036332,-3.083864e-17,1.826121,sky,10.04097
-0.6713293,-4.110706e-17,1.935107,sky,10.04097
