x,y,z,mattype,Wm2Front
0.3746,4.856277e-17,0.05,groundplane,41.60254
0.3746,0.0254,0.05,groundplane,41.60346
0.3746,0.0508,0.05,groundplane,41.60348
0.3746,0.0762,0.05,groundplane,41.60349
0.3746,0.1016,0.05,groundplane,41.6035
