x,y,z,mattype,Wm2Front
0.3746,3.050247e-17,0.05,groundplane,370.37180000000006
0.3746,0.0254,0.05,groundplane,370.3774
0.3746,0.0508,0.05,groundplane,370.3771
0.3746,0.0762,0.05,groundplane,370.3768
0.3746,0.1016,0.05,groundplane,370.3766
