x,y,z,mattype,Wm2Front
1.5746,4.222813e-17,0.05,groundplane,215.29280000000003
1.5746,0.0254,0.05,groundplane,215.2915
1.5746,0.0508,0.05,groundplane,215.2915
1.5746,0.0762,0.05,groundplane,215.29139999999998
1.5746,0.1016,0.05,groundplane,215.29139999999998
