x,y,z,rearMat,Wm2Back
0.6577029,4.027269e-17,1.044557,sky,10.47178
0.4931351,3.019582e-17,1.158212,sky,10.47178
0.3285673,2.011894e-17,1.271867,sky,10.47178
0.1639995,1.004207e-17,1.385522,sky,10.47178
-0.0005682747,-3.479679e-20,1.499177,sky,10.47178
-0.1651361,-1.011167e-17,1.612832,sky,10.47178
-0.3297038,-2.018854e-17,1.726487,sky,10.47178
-0.4942716,-3.026541e-17,1.840142,sky,10.47178
-0.6588394,-4.034228e-17,1.953797,sky,10.47178
