x,y,z,rearMat,Wm2Back
0.7252333,4.440773e-17,1.837695,sky,7.868357
0.5440308,3.331228e-17,1.753045,sky,7.868357
0.3628283,2.221682e-17,1.668394,sky,7.868357
0.1816258,1.112137e-17,1.583744,sky,7.868357
0.0004232509,2.591664e-20,1.499094,sky,7.868357
-0.1807793,-1.106954e-17,1.414444,sky,7.868357
-0.3619818,-2.216499e-17,1.329794,sky,7.868357
-0.5431843,-3.326044e-17,1.245143,sky,7.868357
-0.7243868,-4.43559e-17,1.160493,sky,7.868357
