x,y,z,mattype,Wm2Front
0.3746,4.344475e-17,0.05,groundplane,695.3767000000001
0.3746,0.0254,0.05,groundplane,695.3786999999999
0.3746,0.0508,0.05,groundplane,695.3783
0.3746,0.0762,0.05,groundplane,695.3779
0.3746,0.1016,0.05,groundplane,695.3774
