x,y,z,mattype,Wm2Front
1.5746,4.767931e-17,0.05,groundplane,85.8147
1.5746,0.0254,0.05,groundplane,85.81383
1.5746,0.0508,0.05,groundplane,85.8138
1.5746,0.0762,0.05,groundplane,85.81377000000002
1.5746,0.1016,0.05,groundplane,85.81374999999998
