x,y,z,rearMat,Wm2Back
0.7254498,4.442099e-17,1.162771,sky,7.429927
0.5439822,3.330931e-17,1.246851,sky,7.429927
0.3625147,2.219762e-17,1.330932,sky,7.429927
0.1810471,1.108594e-17,1.415012,sky,7.429927
-0.0004204025,-2.574223e-20,1.499093,sky,7.429927
-0.1818879,-1.113742e-17,1.583173,sky,7.429927
-0.3633555,-2.224911e-17,1.667254,sky,7.429927
-0.544823,-3.336079e-17,1.751334,sky,7.429927
-0.7262906,-4.447247e-17,1.835415,sky,7.429927
