x,y,z,mattype,Wm2Front
0.3746,4.715916e-17,0.05,groundplane,696.3812000000001
0.3746,0.0254,0.05,groundplane,696.3822999999999
0.3746,0.0508,0.05,groundplane,696.3813
0.3746,0.0762,0.05,groundplane,696.3803000000001
0.3746,0.1016,0.05,groundplane,696.3793
