x,y,z,rearMat,Wm2Back
0.7826682,4.792461e-17,1.665624,sky,68.89841
0.5870532,3.594664e-17,1.623974,sky,68.89841
0.3914382,2.396868e-17,1.582323,sky,68.89841
0.1958232,1.199072e-17,1.540673,sky,68.89841
0.0002082531,1.275183e-20,1.499022,sky,68.89841
-0.1954067,-1.196521e-17,1.457371,sky,68.89841
-0.3910217,-2.394318e-17,1.415721,sky,68.89841
-0.5866367,-3.592114e-17,1.37407,sky,68.89841
-0.7822517,-4.78991e-17,1.332419,sky,68.89841
