x,y,z,mattype,Wm2Front
0.3746,4.713413e-17,0.05,groundplane,176.5888
0.3746,0.0254,0.05,groundplane,176.5891
0.3746,0.0508,0.05,groundplane,176.58900000000003
0.3746,0.0762,0.05,groundplane,176.5889
0.3746,0.1016,0.05,groundplane,176.5888
