x,y,z,mattype,Wm2Front
0.3746,4.240494e-17,0.05,groundplane,83.82506
0.3746,0.0254,0.05,groundplane,83.82432
0.3746,0.0508,0.05,groundplane,83.82429
0.3746,0.0762,0.05,groundplane,83.82425
0.3746,0.1016,0.05,groundplane,83.82421
