x,y,z,rearMat,Wm2Back
0.6484297,3.970487e-17,1.031449,sky,104.7411
0.4861761,2.97697e-17,1.148384,sky,104.7411
0.3239225,1.983453e-17,1.265319,sky,104.7411
0.1616689,9.899366e-18,1.382254,sky,104.7411
-0.0005846745,-3.580099e-20,1.499189,sky,104.7411
-0.1628383,-9.970968e-18,1.616124,sky,104.7411
-0.3250919,-1.990614e-17,1.733059,sky,104.7411
-0.4873454,-2.98413e-17,1.849993,sky,104.7411
-0.649599,-3.977647e-17,1.966928,sky,104.7411
