x,y,z,rearMat,Wm2Back
0.7519378,4.604291e-17,1.226887,sky,5.547595
0.5638683,3.452698e-17,1.29493,sky,5.547595
0.3757988,2.301104e-17,1.362973,sky,5.547595
0.1877293,1.14951e-17,1.431017,sky,5.547595
-0.0003402154,-2.083219e-20,1.49906,sky,5.547595
-0.1884097,-1.153677e-17,1.567103,sky,5.547595
-0.3764792,-2.30527e-17,1.635146,sky,5.547595
-0.5645487,-3.456864e-17,1.703189,sky,5.547595
-0.7526182,-4.608458e-17,1.771232,sky,5.547595
