x,y,z,mattype,Wm2Front
0.3746,4.900068e-17,0.05,groundplane,796.5363000000001
0.3746,0.0254,0.05,groundplane,796.5374
0.3746,0.0508,0.05,groundplane,796.5369
0.3746,0.0762,0.05,groundplane,796.5364
0.3746,0.1016,0.05,groundplane,796.5359
