x,y,z,mattype,Wm2Front
0.3746,4.370685e-17,0.05,groundplane,185.6691
0.3746,0.0254,0.05,groundplane,185.6715
0.3746,0.0508,0.05,groundplane,185.67140000000003
0.3746,0.0762,0.05,groundplane,185.67140000000003
0.3746,0.1016,0.05,groundplane,185.6713
