x,y,z,rearMat,Wm2Back
0.5909378,3.61845e-17,0.9607472,sky,195.4191
0.443035,2.712807e-17,1.095376,sky,195.4191
0.2951323,1.807164e-17,1.230004,sky,195.4191
0.1472296,9.015212e-18,1.364632,sky,195.4191
-0.0006731416,-4.121803e-20,1.49926,sky,195.4191
-0.1485759,-9.097648e-18,1.633889,sky,195.4191
-0.2964786,-1.815408e-17,1.768517,sky,195.4191
-0.4443813,-2.721051e-17,1.903145,sky,195.4191
-0.592284,-3.626694e-17,2.037774,sky,195.4191
