x,y,z,mattype,Wm2Front
1.5746,4.849486e-17,0.05,groundplane,33.36722
1.5746,0.0254,0.05,groundplane,33.36654
1.5746,0.0508,0.05,groundplane,33.36652
1.5746,0.0762,0.05,groundplane,33.36651
1.5746,0.1016,0.05,groundplane,33.3665
