x,y,z,mattype,Wm2Front
0.3746,4.869318e-17,0.05,groundplane,18.52878
0.3746,0.0254,0.05,groundplane,18.52936
0.3746,0.0508,0.05,groundplane,18.52935
0.3746,0.0762,0.05,groundplane,18.52934
0.3746,0.1016,0.05,groundplane,18.52934
