x,y,z,rearMat,Wm2Back
0.7380398,4.51919e-17,1.808704,sky,8.125069
0.5536266,3.389985e-17,1.731298,sky,8.125069
0.3692134,2.26078e-17,1.653891,sky,8.125069
0.1848002,1.131575e-17,1.576485,sky,8.125069
0.0003870328,2.369893e-20,1.499078,sky,8.125069
-0.1840262,-1.126835e-17,1.421671,sky,8.125069
-0.3684393,-2.25604e-17,1.344265,sky,8.125069
-0.5528525,-3.385245e-17,1.266858,sky,8.125069
-0.7372657,-4.51445e-17,1.189452,sky,8.125069
