x,y,z,rearMat,Wm2Back
0.6467346,3.960108e-17,1.970888,sky,21.43529
0.4851984,2.970983e-17,1.852964,sky,21.43529
0.3236621,1.981859e-17,1.73504,sky,21.43529
0.1621259,9.927347e-18,1.617116,sky,21.43529
0.0005896193,3.610377e-20,1.499192,sky,21.43529
-0.1609466,-9.855139e-18,1.381268,sky,21.43529
-0.3224829,-1.974638e-17,1.263345,sky,21.43529
-0.4840191,-2.963762e-17,1.145421,sky,21.43529
-0.6455554,-3.952887e-17,1.027497,sky,21.43529
