x,y,z,mattype,Wm2Front
1.5746,4.767733e-17,0.05,groundplane,68.36709
1.5746,0.0254,0.05,groundplane,68.36555
1.5746,0.0508,0.05,groundplane,68.36552
1.5746,0.0762,0.05,groundplane,68.36549
1.5746,0.1016,0.05,groundplane,68.36547
