x,y,z,rearMat,Wm2Back
0.5879475,3.60014e-17,2.042512,sky,17.57239
0.4411304,2.701144e-17,1.9067,sky,17.57239
0.2943133,1.802149e-17,1.770889,sky,17.57239
0.1474962,9.031535e-18,1.635077,sky,17.57239
0.000679057,4.158025e-20,1.499266,sky,17.57239
-0.146138,-8.948375e-18,1.363455,sky,17.57239
-0.2929552,-1.793833e-17,1.227643,sky,17.57239
-0.4397723,-2.692828e-17,1.091832,sky,17.57239
-0.5865894,-3.591824e-17,0.9560203,sky,17.57239
