x,y,z,mattype,Wm2Front
1.5746,4.805387e-17,0.05,groundplane,126.665
1.5746,0.0254,0.05,groundplane,126.66519999999998
1.5746,0.0508,0.05,groundplane,126.6651
1.5746,0.0762,0.05,groundplane,126.6651
1.5746,0.1016,0.05,groundplane,126.6651
