x,y,z,rearMat,Wm2Back
0.6833616,4.184383e-17,1.915954,sky,31.28626
0.5126515,3.139085e-17,1.811752,sky,31.28626
0.3419413,2.093787e-17,1.70755,sky,31.28626
0.1712312,1.048489e-17,1.603348,sky,31.28626
0.0005210096,3.190264e-20,1.499146,sky,31.28626
-0.1701891,-1.042108e-17,1.394945,sky,31.28626
-0.3408993,-2.087406e-17,1.290743,sky,31.28626
-0.5116095,-3.132704e-17,1.186541,sky,31.28626
-0.6823196,-4.178003e-17,1.082339,sky,31.28626
