x,y,z,rearMat,Wm2Back
0.5354255,3.278535e-17,2.094408,sky,25.75668
0.4017551,2.46004e-17,1.945639,sky,25.75668
0.2680847,1.641545e-17,1.79687,sky,25.75668
0.1344142,8.230499e-18,1.648101,sky,25.75668
0.0007438451,4.554738e-20,1.499332,sky,25.75668
-0.1329266,-8.139404e-18,1.350563,sky,25.75668
-0.266597,-1.632436e-17,1.201794,sky,25.75668
-0.4002674,-2.450931e-17,1.053025,sky,25.75668
-0.5339378,-3.269426e-17,0.9042555,sky,25.75668
