x,y,z,mattype,Wm2Front
0.3746,4.59036e-17,0.05,groundplane,122.6467
0.3746,0.0254,0.05,groundplane,122.64659999999999
0.3746,0.0508,0.05,groundplane,122.64659999999999
0.3746,0.0762,0.05,groundplane,122.64659999999999
0.3746,0.1016,0.05,groundplane,122.6465
