x,y,z,mattype,Wm2Front
0.3746,3.785322e-17,0.05,groundplane,237.2576
0.3746,0.0254,0.05,groundplane,237.2603
0.3746,0.0508,0.05,groundplane,237.26020000000003
0.3746,0.0762,0.05,groundplane,237.26
0.3746,0.1016,0.05,groundplane,237.2599
