x,y,z,rearMat,Wm2Back
0.6518469,3.991411e-17,1.036215,sky,16.89187
0.4887405,2.992672e-17,1.151957,sky,16.89187
0.3256341,1.993934e-17,1.2677,sky,16.89187
0.1625277,9.951951e-18,1.383442,sky,16.89187
-0.000578712,-3.543589e-20,1.499184,sky,16.89187
-0.1636851,-1.002282e-17,1.614927,sky,16.89187
-0.3267915,-2.001021e-17,1.730669,sky,16.89187
-0.4898979,-2.99976e-17,1.846412,sky,16.89187
-0.6530043,-3.998498e-17,1.962154,sky,16.89187
