x,y,z,rearMat,Wm2Back
0.6505492,3.983465e-17,1.034396,sky,18.79252
0.4877667,2.986709e-17,1.150594,sky,18.79252
0.3249841,1.989954e-17,1.266791,sky,18.79252
0.1622016,9.931981e-18,1.382989,sky,18.79252
-0.0005809871,-3.55752e-20,1.499186,sky,18.79252
-0.1633635,-1.000313e-17,1.615384,sky,18.79252
-0.3261461,-1.997069e-17,1.731581,sky,18.79252
-0.4889286,-2.993825e-17,1.847778,sky,18.79252
-0.6517112,-3.99058e-17,1.963976,sky,18.79252
