x,y,z,rearMat,Wm2Back
0.7862501,4.814394e-17,1.647688,sky,9.037497
0.5897341,3.61108e-17,1.61052,sky,9.037497
0.393218,2.407766e-17,1.573353,sky,9.037497
0.1967019,1.204452e-17,1.536185,sky,9.037497
0.0001858381,1.13793e-20,1.499017,sky,9.037497
-0.1963302,-1.202176e-17,1.46185,sky,9.037497
-0.3928463,-2.40549e-17,1.424682,sky,9.037497
-0.5893624,-3.608804e-17,1.387515,sky,9.037497
-0.7858785,-4.812118e-17,1.350347,sky,9.037497
