x,y,z,mattype,Wm2Front
1.5746,3.050247e-17,0.05,groundplane,107.7695
1.5746,0.0254,0.05,groundplane,107.77
1.5746,0.0508,0.05,groundplane,107.7699
1.5746,0.0762,0.05,groundplane,107.7699
1.5746,0.1016,0.05,groundplane,107.76979999999999
