x,y,z,rearMat,Wm2Back
0.6647755,4.070576e-17,1.054944,sky,32.25711
0.4984428,3.052082e-17,1.166,sky,32.25711
0.3321101,2.033588e-17,1.277056,sky,32.25711
0.1657774,1.015094e-17,1.388112,sky,32.25711
-0.00055528,-3.400109e-20,1.499168,sky,32.25711
-0.166888,-1.021894e-17,1.610224,sky,32.25711
-0.3332207,-2.040388e-17,1.72128,sky,32.25711
-0.4995534,-3.058882e-17,1.832336,sky,32.25711
-0.6658861,-4.077376e-17,1.943392,sky,32.25711
