x,y,z,rearMat,Wm2Back
0.7968479,4.879286e-17,1.570954,sky,3.32085
0.5976584,3.659602e-17,1.552966,sky,3.32085
0.3984689,2.439918e-17,1.534979,sky,3.32085
0.1992794,1.220235e-17,1.516992,sky,3.32085
8.99373e-05,5.507071e-21,1.499004,sky,3.32085
-0.1990995,-1.219133e-17,1.481017,sky,3.32085
-0.398289,-2.438817e-17,1.463029,sky,3.32085
-0.5974785,-3.658501e-17,1.445042,sky,3.32085
-0.796668,-4.878185e-17,1.427054,sky,3.32085
