x,y,z,rearMat,Wm2Back
0.7439328,4.555275e-17,1.794219,sky,14.45014
0.5580419,3.417021e-17,1.720432,sky,14.45014
0.3721509,2.278767e-17,1.646645,sky,14.45014
0.1862599,1.140513e-17,1.572858,sky,14.45014
0.0003689358,2.25908e-20,1.499071,sky,14.45014
-0.185522,-1.135995e-17,1.425283,sky,14.45014
-0.371413,-2.274249e-17,1.351496,sky,14.45014
-0.557304,-3.412503e-17,1.277709,sky,14.45014
-0.743195,-4.550757e-17,1.203922,sky,14.45014
