x,y,z,mattype,Wm2Front
0.3746,3.422651e-17,0.05,groundplane,89.51826
0.3746,0.0254,0.05,groundplane,89.51803
0.3746,0.0508,0.05,groundplane,89.51797
0.3746,0.0762,0.05,groundplane,89.51793000000002
0.3746,0.1016,0.05,groundplane,89.51788
