x,y,z,rearMat,Wm2Back
0.7844146,4.803154e-17,1.657146,sky,22.29652
0.5883604,3.602668e-17,1.617614,sky,22.29652
0.3923061,2.402182e-17,1.578083,sky,22.29652
0.1962519,1.201696e-17,1.538551,sky,22.29652
0.0001976573,1.210302e-20,1.49902,sky,22.29652
-0.1958566,-1.199276e-17,1.459488,sky,22.29652
-0.3919108,-2.399762e-17,1.419957,sky,22.29652
-0.587965,-3.600248e-17,1.380425,sky,22.29652
-0.7840193,-4.800734e-17,1.340894,sky,22.29652
