x,y,z,rearMat,Wm2Back
0.7301631,4.470959e-17,1.826899,sky,13.61188
0.5477248,3.353847e-17,1.744946,sky,13.61188
0.3652864,2.236734e-17,1.662993,sky,13.61188
0.1828481,1.119622e-17,1.581041,sky,13.61188
0.0004097638,2.50908e-20,1.499088,sky,13.61188
-0.1820286,-1.114604e-17,1.417135,sky,13.61188
-0.3644669,-2.231716e-17,1.335182,sky,13.61188
-0.5469052,-3.348829e-17,1.25323,sky,13.61188
-0.7293436,-4.465941e-17,1.171277,sky,13.61188
