x,y,z,mattype,Wm2Front
0.3746,3.247255e-17,0.05,groundplane,66.51875
0.3746,0.0254,0.05,groundplane,66.51868
0.3746,0.0508,0.05,groundplane,66.51864
0.3746,0.0762,0.05,groundplane,66.51862
0.3746,0.1016,0.05,groundplane,66.51859
