x,y,z,mattype,Wm2Front
1.5746,4.86881e-17,0.05,groundplane,876.3864
1.5746,0.0254,0.05,groundplane,876.3869
1.5746,0.0508,0.05,groundplane,876.3865
1.5746,0.0762,0.05,groundplane,876.3862
1.5746,0.1016,0.05,groundplane,876.3858999999999
