x,y,z,rearMat,Wm2Back
0.720569,4.412212e-17,1.847536,sky,8.95827
0.5405356,3.309826e-17,1.760427,sky,8.95827
0.3605023,2.20744e-17,1.673318,sky,8.95827
0.1804689,1.105053e-17,1.586209,sky,8.95827
0.0004355453,2.666946e-20,1.4991,sky,8.95827
-0.1795978,-1.099719e-17,1.411991,sky,8.95827
-0.3596312,-2.202106e-17,1.324882,sky,8.95827
-0.5396645,-3.304492e-17,1.237773,sky,8.95827
-0.7196979,-4.406879e-17,1.150664,sky,8.95827
