x,y,z,mattype,Wm2Front
1.5746,3.920026e-17,0.05,groundplane,15.433640000000002
1.5746,0.0254,0.05,groundplane,15.43363
1.5746,0.0508,0.05,groundplane,15.43363
1.5746,0.0762,0.05,groundplane,15.43363
1.5746,0.1016,0.05,groundplane,15.43363
