x,y,z,rearMat,Wm2Back
0.782514,4.791516e-17,1.333648,sky,69.75518
0.5868338,3.593321e-17,1.374992,sky,69.75518
0.3911536,2.395125e-17,1.416335,sky,69.75518
0.1954735,1.19693e-17,1.457678,sky,69.75518
-0.0002067165,-1.265774e-20,1.499022,sky,69.75518
-0.1958869,-1.199461e-17,1.540365,sky,69.75518
-0.3915671,-2.397657e-17,1.581708,sky,69.75518
-0.5872472,-3.595852e-17,1.623052,sky,69.75518
-0.7829274,-4.794048e-17,1.664395,sky,69.75518
