x,y,z,rearMat,Wm2Back
0.6601574,4.042298e-17,1.048123,sky,106.25169999999999
0.4949771,3.030861e-17,1.160885,sky,106.25169999999999
0.3297968,2.019423e-17,1.273648,sky,106.25169999999999
0.1646165,1.007985e-17,1.386411,sky,106.25169999999999
-0.0005638144,-3.452367e-20,1.499174,sky,106.25169999999999
-0.1657441,-1.01489e-17,1.611937,sky,106.25169999999999
-0.3309244,-2.026328e-17,1.7247,sky,106.25169999999999
-0.4961047,-3.037765e-17,1.837463,sky,106.25169999999999
-0.661285,-4.049203e-17,1.950226,sky,106.25169999999999
