x,y,z,mattype,Wm2Front
0.3746,4.759917e-17,0.05,groundplane,66.87017
0.3746,0.0254,0.05,groundplane,66.86905
0.3746,0.0508,0.05,groundplane,66.869
0.3746,0.0762,0.05,groundplane,66.86897
0.3746,0.1016,0.05,groundplane,66.86892
