x,y,z,rearMat,Wm2Back
0.7965654,4.877556e-17,1.425942,sky,2.059891
0.5974012,3.658027e-17,1.444207,sky,2.059891
0.398237,2.438498e-17,1.462473,sky,2.059891
0.1990728,1.21897e-17,1.480739,sky,2.059891
-9.132782e-05,-5.592216e-21,1.499004,sky,2.059891
-0.1992555,-1.220088e-17,1.51727,sky,2.059891
-0.3984197,-2.439617e-17,1.535535,sky,2.059891
-0.5975839,-3.659146e-17,1.553801,sky,2.059891
-0.796748,-4.878675e-17,1.572066,sky,2.059891
