x,y,z,mattype,Wm2Front
1.5746,4.509266e-17,0.05,groundplane,685.7495
1.5746,0.0254,0.05,groundplane,685.7509999999999
1.5746,0.0508,0.05,groundplane,685.7506
1.5746,0.0762,0.05,groundplane,685.7503
1.5746,0.1016,0.05,groundplane,685.7499000000001
