x,y,z,mattype,Wm2Front
1.5746,4.871208e-17,0.05,groundplane,892.5463
1.5746,0.0254,0.05,groundplane,892.5477
1.5746,0.0508,0.05,groundplane,892.5472999999998
1.5746,0.0762,0.05,groundplane,892.5468999999999
1.5746,0.1016,0.05,groundplane,892.5463999999998
