x,y,z,rearMat,Wm2Back
0.7652141,4.685585e-17,1.733342,sky,23.83217
0.5739838,3.514637e-17,1.674767,sky,23.83217
0.3827535,2.343689e-17,1.616193,sky,23.83217
0.1915232,1.172741e-17,1.557618,sky,23.83217
0.0002928724,1.793326e-20,1.499044,sky,23.83217
-0.1909374,-1.169155e-17,1.440469,sky,23.83217
-0.3821677,-2.340103e-17,1.381895,sky,23.83217
-0.5733981,-3.51105e-17,1.32332,sky,23.83217
-0.7646284,-4.681998e-17,1.264746,sky,23.83217
