x,y,z,mattype,Wm2Front
1.5746,4.896245e-17,0.05,groundplane,438.1573
1.5746,0.0254,0.05,groundplane,438.1602
1.5746,0.0508,0.05,groundplane,438.1591
1.5746,0.0762,0.05,groundplane,438.15809999999993
1.5746,0.1016,0.05,groundplane,438.157
