x,y,z,rearMat,Wm2Back
0.5987798,3.666469e-17,0.9694685,sky,25.61257
0.4489193,2.748838e-17,1.101914,sky,25.61257
0.2990588,1.831207e-17,1.23436,sky,25.61257
0.1491983,9.13576e-18,1.366805,sky,25.61257
-0.0006622278,-4.054976e-20,1.499251,sky,25.61257
-0.1505227,-9.21686e-18,1.631696,sky,25.61257
-0.3003833,-1.839317e-17,1.764142,sky,25.61257
-0.4502438,-2.756948e-17,1.896587,sky,25.61257
-0.6001043,-3.674579e-17,2.029033,sky,25.61257
