x,y,z,rearMat,Wm2Back
0.793007,4.855767e-17,1.394449,sky,13.56521
0.5947225,3.641625e-17,1.420589,sky,13.56521
0.3964381,2.427483e-17,1.446729,sky,13.56521
0.1981537,1.213342e-17,1.472869,sky,13.56521
-0.0001306992,-8.00302e-21,1.499009,sky,13.56521
-0.1984151,-1.214942e-17,1.525148,sky,13.56521
-0.3966995,-2.429084e-17,1.551288,sky,13.56521
-0.5949839,-3.643226e-17,1.577428,sky,13.56521
-0.7932684,-4.857368e-17,1.603568,sky,13.56521
