x,y,z,rearMat,Wm2Back
0.7521437,4.605552e-17,1.772545,sky,7.246435000000001
0.5641932,3.454687e-17,1.704174,sky,7.246435000000001
0.3762428,2.303823e-17,1.635803,sky,7.246435000000001
0.1882923,1.152958e-17,1.567431,sky,7.246435000000001
0.0003418561,2.093265e-20,1.49906,sky,7.246435000000001
-0.1876086,-1.148771e-17,1.430689,sky,7.246435000000001
-0.3755591,-2.299636e-17,1.362318,sky,7.246435000000001
-0.5635095,-3.450501e-17,1.293947,sky,7.246435000000001
-0.75146,-4.601365e-17,1.225575,sky,7.246435000000001
