x,y,z,rearMat,Wm2Back
0.7554942,4.626068e-17,1.236885,sky,5.00605
0.5665388,3.469049e-17,1.302428,sky,5.00605
0.3775833,2.312031e-17,1.36797,sky,5.00605
0.1886278,1.155012e-17,1.433513,sky,5.00605
-0.0003277126,-2.006661e-20,1.499055,sky,5.00605
-0.1892832,-1.159025e-17,1.564598,sky,5.00605
-0.3782387,-2.316044e-17,1.63014,sky,5.00605
-0.5671942,-3.473063e-17,1.695683,sky,5.00605
-0.7561497,-4.630081e-17,1.761225,sky,5.00605
