x,y,z,mattype,Wm2Front
0.3746,3.050247e-17,0.05,groundplane,440.53219999999993
0.3746,0.0254,0.05,groundplane,440.5363
0.3746,0.0508,0.05,groundplane,440.536
0.3746,0.0762,0.05,groundplane,440.5357000000001
0.3746,0.1016,0.05,groundplane,440.5353
