x,y,z,rearMat,Wm2Back
0.6078863,3.72223e-17,2.020072,sky,77.24289
0.4560775,2.792669e-17,1.889864,sky,77.24289
0.3042687,1.863108e-17,1.759657,sky,77.24289
0.1524599,9.335474e-18,1.629449,sky,77.24289
0.0006510392,3.986465e-20,1.499241,sky,77.24289
-0.1511578,-9.255745e-18,1.369033,sky,77.24289
-0.3029666,-1.855135e-17,1.238825,sky,77.24289
-0.4547754,-2.784696e-17,1.108617,sky,77.24289
-0.6065842,-3.714257e-17,0.9784096,sky,77.24289
