x,y,z,rearMat,Wm2Back
0.7628413,4.671056e-17,1.259014,sky,63.39139
0.572056,3.502832e-17,1.319022,sky,63.39139
0.3812706,2.334609e-17,1.37903,sky,63.39139
0.1904853,1.166386e-17,1.439038,sky,63.39139
-0.0003000399,-1.837215e-20,1.499046,sky,63.39139
-0.1910854,-1.17006e-17,1.559054,sky,63.39139
-0.3818707,-2.338284e-17,1.619062,sky,63.39139
-0.572656,-3.506507e-17,1.67907,sky,63.39139
-0.7634414,-4.67473e-17,1.739078,sky,63.39139
