x,y,z,rearMat,Wm2Back
0.5606444,3.432957e-17,2.070683,sky,14.41814
0.4206618,2.575811e-17,1.927837,sky,14.41814
0.2806793,1.718665e-17,1.784991,sky,14.41814
0.1406968,8.615192e-18,1.642146,sky,14.41814
0.0007142284,4.373388e-20,1.4993,sky,14.41814
-0.1392683,-8.527725e-18,1.356454,sky,14.41814
-0.2792508,-1.709918e-17,1.213609,sky,14.41814
-0.4192334,-2.567064e-17,1.070763,sky,14.41814
-0.5592159,-3.42421e-17,0.9279174,sky,14.41814
