x,y,z,rearMat,Wm2Back
0.7580744,4.641867e-17,1.244414,sky,5.029655
0.5684762,3.480913e-17,1.308073,sky,5.029655
0.378878,2.319959e-17,1.371733,sky,5.029655
0.1892799,1.159005e-17,1.435392,sky,5.029655
-0.0003182976,-1.94901e-20,1.499052,sky,5.029655
-0.1899165,-1.162903e-17,1.562712,sky,5.029655
-0.3795146,-2.323857e-17,1.626371,sky,5.029655
-0.5691128,-3.484811e-17,1.690031,sky,5.029655
-0.758711,-4.645765e-17,1.75369,sky,5.029655
