x,y,z,mattype,Wm2Front
0.3746,4.672351e-17,0.05,groundplane,3.4009060000000004
0.3746,0.0254,0.05,groundplane,3.400904
0.3746,0.0508,0.05,groundplane,3.400904
0.3746,0.0762,0.05,groundplane,3.400904
0.3746,0.1016,0.05,groundplane,3.400904
