x,y,z,rearMat,Wm2Back
0.6106913,3.739406e-17,2.016776,sky,59.08999
0.4581802,2.805544e-17,1.887391,sky,59.08999
0.3056691,1.871683e-17,1.758007,sky,59.08999
0.153158,9.378223e-18,1.628622,sky,59.08999
0.0006469229,3.96126e-20,1.499237,sky,59.08999
-0.1518642,-9.298998e-18,1.369853,sky,59.08999
-0.3043752,-1.863761e-17,1.240468,sky,59.08999
-0.4568863,-2.797622e-17,1.111084,sky,59.08999
-0.6093974,-3.731483e-17,0.9816991,sky,59.08999
