x,y,z,mattype,Wm2Front
0.3746,4.883134e-17,0.05,groundplane,856.7629000000001
0.3746,0.0254,0.05,groundplane,856.7665000000001
0.3746,0.0508,0.05,groundplane,856.7653999999999
0.3746,0.0762,0.05,groundplane,856.7642
0.3746,0.1016,0.05,groundplane,856.7631
