x,y,z,rearMat,Wm2Back
0.5214502,3.192962e-17,0.8932953,sky,24.00077
0.3908983,2.393562e-17,1.044808,sky,24.00077
0.2603463,1.594162e-17,1.196321,sky,24.00077
0.1297944,7.947614e-18,1.347834,sky,24.00077
-0.000757565,-4.638748e-20,1.499347,sky,24.00077
-0.1313095,-8.040389e-18,1.65086,sky,24.00077
-0.2618615,-1.603439e-17,1.802373,sky,24.00077
-0.3924134,-2.402839e-17,1.953886,sky,24.00077
-0.5229654,-3.202239e-17,2.105399,sky,24.00077
