x,y,z,rearMat,Wm2Back
0.7993552,4.894639e-17,1.467872,sky,13.27137
0.5995067,3.67092e-17,1.475654,sky,13.27137
0.3996582,2.4472e-17,1.483436,sky,13.27137
0.1998096,1.223481e-17,1.491219,sky,13.27137
-3.891102e-05,-2.382613e-21,1.499001,sky,13.27137
-0.1998874,-1.223958e-17,1.506783,sky,13.27137
-0.399736,-2.447677e-17,1.514565,sky,13.27137
-0.5995845,-3.671396e-17,1.522347,sky,13.27137
-0.7994331,-4.895116e-17,1.53013,sky,13.27137
