x,y,z,rearMat,Wm2Back
0.6978036,4.272815e-17,1.891243,sky,14.26759
0.5234753,3.205362e-17,1.793214,sky,14.26759
0.3491469,2.137908e-17,1.695186,sky,14.26759
0.1748185,1.070455e-17,1.597157,sky,14.26759
0.0004901433,3.001262e-20,1.499128,sky,14.26759
-0.1738382,-1.064452e-17,1.4011,sky,14.26759
-0.3481666,-2.131906e-17,1.303071,sky,14.26759
-0.522495,-3.199359e-17,1.205042,sky,14.26759
-0.6968234,-4.266812e-17,1.107014,sky,14.26759
