x,y,z,mattype,Wm2Front
1.5746,4.557219e-17,0.05,groundplane,48.9689
1.5746,0.0254,0.05,groundplane,48.967819999999996
1.5746,0.0508,0.05,groundplane,48.96778
1.5746,0.0762,0.05,groundplane,48.96774
1.5746,0.1016,0.05,groundplane,48.9677
