x,y,z,mattype,Wm2Front
1.5746,3.247255e-17,0.05,groundplane,389.06200000000007
1.5746,0.0254,0.05,groundplane,389.0605
1.5746,0.0508,0.05,groundplane,389.0604
1.5746,0.0762,0.05,groundplane,389.0602999999999
1.5746,0.1016,0.05,groundplane,389.06020000000007
