x,y,z,mattype,Wm2Front
0.3746,3.247255e-17,0.05,groundplane,407.32469999999995
0.3746,0.0254,0.05,groundplane,407.3241
0.3746,0.0508,0.05,groundplane,407.32390000000004
0.3746,0.0762,0.05,groundplane,407.3236
0.3746,0.1016,0.05,groundplane,407.3234
