x,y,z,rearMat,Wm2Back
0.7900014,4.837363e-17,1.626091,sky,4.40159
0.5925407,3.628266e-17,1.594321,sky,4.40159
0.3950801,2.419168e-17,1.562552,sky,4.40159
0.1976195,1.21007e-17,1.530782,sky,4.40159
0.0001588474,9.726596e-21,1.499013,sky,4.40159
-0.1973018,-1.208125e-17,1.467243,sky,4.40159
-0.3947624,-2.417223e-17,1.435474,sky,4.40159
-0.592223,-3.62632e-17,1.403704,sky,4.40159
-0.7896837,-4.835418e-17,1.371935,sky,4.40159
