x,y,z,mattype,Wm2Front
0.3746,4.782887e-17,0.05,groundplane,87.44081
0.3746,0.0254,0.05,groundplane,87.44042
0.3746,0.0508,0.05,groundplane,87.4404
0.3746,0.0762,0.05,groundplane,87.44038
0.3746,0.1016,0.05,groundplane,87.44036
