x,y,z,rearMat,Wm2Back
0.7928774,4.854974e-17,1.39348,sky,14.25609
0.5946251,3.641028e-17,1.419863,sky,14.25609
0.3963727,2.427083e-17,1.446245,sky,14.25609
0.1981204,1.213138e-17,1.472627,sky,14.25609
-0.0001319104,-8.077181e-21,1.499009,sky,14.25609
-0.1983842,-1.214753e-17,1.525391,sky,14.25609
-0.3966366,-2.428699e-17,1.551773,sky,14.25609
-0.5948889,-3.642644e-17,1.578155,sky,14.25609
-0.7931412,-4.856589e-17,1.604537,sky,14.25609
