x,y,z,mattype,Wm2Front
0.3746,4.823378e-17,0.05,groundplane,67.33914
0.3746,0.0254,0.05,groundplane,67.3407
0.3746,0.0508,0.05,groundplane,67.34068
0.3746,0.0762,0.05,groundplane,67.34065
0.3746,0.1016,0.05,groundplane,67.34064
