x,y,z,rearMat,Wm2Back
0.5468398,3.348428e-17,2.083924,sky,18.99683
0.4103126,2.51244e-17,1.937772,sky,18.99683
0.2737853,1.676451e-17,1.791621,sky,18.99683
0.137258,8.40463e-18,1.645469,sky,18.99683
0.0007307583,4.474604e-20,1.499317,sky,18.99683
-0.1357965,-8.315138e-18,1.353166,sky,18.99683
-0.2723238,-1.667502e-17,1.207014,sky,18.99683
-0.408851,-2.503491e-17,1.060862,sky,18.99683
-0.5453783,-3.339479e-17,0.9147107,sky,18.99683
