x,y,z,mattype,Wm2Front
1.5746,4.788816e-17,0.05,groundplane,24.94508
1.5746,0.0254,0.05,groundplane,24.94519
1.5746,0.0508,0.05,groundplane,24.945180000000004
1.5746,0.0762,0.05,groundplane,24.94517
1.5746,0.1016,0.05,groundplane,24.94517
