x,y,z,mattype,Wm2Front
0.3746,4.681034e-17,0.05,groundplane,50.60927
0.3746,0.0254,0.05,groundplane,50.60994
0.3746,0.0508,0.05,groundplane,50.60995
0.3746,0.0762,0.05,groundplane,50.60995
0.3746,0.1016,0.05,groundplane,50.60996
