x,y,z,mattype,Wm2Front
1.5746,4.42929e-17,0.05,groundplane,116.12349999999999
1.5746,0.0254,0.05,groundplane,116.1216
1.5746,0.0508,0.05,groundplane,116.1214
1.5746,0.0762,0.05,groundplane,116.1211
1.5746,0.1016,0.05,groundplane,116.1209
