x,y,z,rearMat,Wm2Back
0.5378771,3.293548e-17,0.9078098,sky,102.2147
0.403223,2.469029e-17,1.055689,sky,102.2147
0.2685689,1.64451e-17,1.203568,sky,102.2147
0.1339147,8.199913e-18,1.351448,sky,102.2147
-0.0007393961,-4.527495e-20,1.499327,sky,102.2147
-0.1353935,-8.290462e-18,1.647206,sky,102.2147
-0.2700477,-1.653565e-17,1.795085,sky,102.2147
-0.4047018,-2.478084e-17,1.942964,sky,102.2147
-0.5393559,-3.302602e-17,2.090844,sky,102.2147
