x,y,z,mattype,Wm2Front
1.5746,4.601045e-17,0.05,groundplane,767.1559000000001
1.5746,0.0254,0.05,groundplane,767.1552
1.5746,0.0508,0.05,groundplane,767.1544
1.5746,0.0762,0.05,groundplane,767.1537
1.5746,0.1016,0.05,groundplane,767.1531
