x,y,z,rearMat,Wm2Back
0.5861452,3.589104e-17,2.044458,sky,93.94257
0.4397793,2.692871e-17,1.908161,sky,93.94257
0.2934133,1.796639e-17,1.771863,sky,93.94257
0.1470474,9.004057e-18,1.635566,sky,93.94257
0.0006814876,4.172908e-20,1.499268,sky,93.94257
-0.1456844,-8.920599e-18,1.362971,sky,93.94257
-0.2920504,-1.788293e-17,1.226673,sky,93.94257
-0.4384163,-2.684526e-17,1.090376,sky,93.94257
-0.5847822,-3.580758e-17,0.9540781,sky,93.94257
