x,y,z,mattype,Wm2Front
0.3746,4.636253e-17,0.05,groundplane,784.4085
0.3746,0.0254,0.05,groundplane,784.4131000000001
0.3746,0.0508,0.05,groundplane,784.4119
0.3746,0.0762,0.05,groundplane,784.4106
0.3746,0.1016,0.05,groundplane,784.4092999999999
