x,y,z,mattype,Wm2Front
0.3746,3.696394e-17,0.05,groundplane,82.45712
0.3746,0.0254,0.05,groundplane,82.45723
0.3746,0.0508,0.05,groundplane,82.45721
0.3746,0.0762,0.05,groundplane,82.45719
0.3746,0.1016,0.05,groundplane,82.45717
