x,y,z,mattype,Wm2Front
0.3746,3.050247e-17,0.05,groundplane,229.50660000000002
0.3746,0.0254,0.05,groundplane,229.51149999999998
0.3746,0.0508,0.05,groundplane,229.5114
0.3746,0.0762,0.05,groundplane,229.5112
0.3746,0.1016,0.05,groundplane,229.51110000000003
