x,y,z,mattype,Wm2Front
0.3746,3.935742e-17,0.05,groundplane,255.66050000000004
0.3746,0.0254,0.05,groundplane,255.6591
0.3746,0.0508,0.05,groundplane,255.6591
0.3746,0.0762,0.05,groundplane,255.659
0.3746,0.1016,0.05,groundplane,255.659
