x,y,z,mattype,Wm2Front
0.3746,4.899905e-17,0.05,groundplane,386.983
0.3746,0.0254,0.05,groundplane,386.9955
0.3746,0.0508,0.05,groundplane,386.9943
0.3746,0.0762,0.05,groundplane,386.99309999999997
0.3746,0.1016,0.05,groundplane,386.9919
