x,y,z,mattype,Wm2Front
0.3746,4.255417e-17,0.05,groundplane,717.8195
0.3746,0.0254,0.05,groundplane,717.8197
0.3746,0.0508,0.05,groundplane,717.8192
0.3746,0.0762,0.05,groundplane,717.8187000000001
0.3746,0.1016,0.05,groundplane,717.8182
