x,y,z,mattype,Wm2Front
1.5746,4.612204e-17,0.05,groundplane,191.63929999999996
1.5746,0.0254,0.05,groundplane,191.6404
1.5746,0.0508,0.05,groundplane,191.6401
1.5746,0.0762,0.05,groundplane,191.6399
1.5746,0.1016,0.05,groundplane,191.6396
