x,y,z,rearMat,Wm2Back
0.6582845,4.03083e-17,1.954601,sky,17.93569
0.4938557,3.023994e-17,1.840746,sky,17.93569
0.3294269,2.017158e-17,1.72689,sky,17.93569
0.1649981,1.010322e-17,1.613034,sky,17.93569
0.0005692795,3.485832e-20,1.499178,sky,17.93569
-0.1638595,-1.00335e-17,1.385322,sky,17.93569
-0.3282883,-2.010186e-17,1.271466,sky,17.93569
-0.4927171,-3.017022e-17,1.15761,sky,17.93569
-0.657146,-4.023858e-17,1.043754,sky,17.93569
