x,y,z,mattype,Wm2Front
0.3746,4.898159e-17,0.05,groundplane,896.7189
0.3746,0.0254,0.05,groundplane,896.7197
0.3746,0.0508,0.05,groundplane,896.7193000000001
0.3746,0.0762,0.05,groundplane,896.7189
0.3746,0.1016,0.05,groundplane,896.7185
