x,y,z,rearMat,Wm2Back
0.7561041,4.629802e-17,1.761357,sky,6.630426
0.56716,3.472854e-17,1.695782,sky,6.630426
0.378216,2.315905e-17,1.630206,sky,6.630426
0.1892719,1.158956e-17,1.564631,sky,6.630426
0.0003278775,2.007671e-20,1.499055,sky,6.630426
-0.1886162,-1.154941e-17,1.43348,sky,6.630426
-0.3775602,-2.31189e-17,1.367904,sky,6.630426
-0.5665043,-3.468838e-17,1.302329,sky,6.630426
-0.7554483,-4.625787e-17,1.236753,sky,6.630426
