x,y,z,mattype,Wm2Front
1.5746,4.362923e-17,0.05,groundplane,685.2885
1.5746,0.0254,0.05,groundplane,685.2977
1.5746,0.0508,0.05,groundplane,685.2954999999998
1.5746,0.0762,0.05,groundplane,685.2932999999999
1.5746,0.1016,0.05,groundplane,685.2911
