x,y,z,mattype,Wm2Front
0.3746,3.050247e-17,0.05,groundplane,345.3205
0.3746,0.0254,0.05,groundplane,345.32559999999995
0.3746,0.0508,0.05,groundplane,345.3253
0.3746,0.0762,0.05,groundplane,345.3251
0.3746,0.1016,0.05,groundplane,345.3249
