x,y,z,mattype,Wm2Front
0.3746,3.954007e-17,0.05,groundplane,747.2500999999999
0.3746,0.0254,0.05,groundplane,747.2497
0.3746,0.0508,0.05,groundplane,747.2494
0.3746,0.0762,0.05,groundplane,747.2491
0.3746,0.1016,0.05,groundplane,747.2489
