x,y,z,rearMat,Wm2Back
0.7800942,4.776699e-17,1.677353,sky,14.08855
0.5851263,3.582866e-17,1.632771,sky,14.08855
0.3901585,2.389032e-17,1.588189,sky,14.08855
0.1951907,1.195198e-17,1.543607,sky,14.08855
0.0002229098,1.364929e-20,1.499025,sky,14.08855
-0.1947449,-1.192469e-17,1.454443,sky,14.08855
-0.3897127,-2.386302e-17,1.409861,sky,14.08855
-0.5846805,-3.580136e-17,1.365279,sky,14.08855
-0.7796483,-4.773969e-17,1.320697,sky,14.08855
