x,y,z,mattype,Wm2Front
0.3746,4.430484e-17,0.05,groundplane,48.66208
0.3746,0.0254,0.05,groundplane,48.66208
0.3746,0.0508,0.05,groundplane,48.66208
0.3746,0.0762,0.05,groundplane,48.66208
0.3746,0.1016,0.05,groundplane,48.66208
