x,y,z,mattype,Wm2Front
0.3746,3.43991e-17,0.05,groundplane,715.0975
0.3746,0.0254,0.05,groundplane,715.1017
0.3746,0.0508,0.05,groundplane,715.1012999999999
0.3746,0.0762,0.05,groundplane,715.1008
0.3746,0.1016,0.05,groundplane,715.1003999999999
