x,y,z,mattype,Wm2Front
0.3746,4.602515e-17,0.05,groundplane,895.8138
0.3746,0.0254,0.05,groundplane,895.8139
0.3746,0.0508,0.05,groundplane,895.8134
0.3746,0.0762,0.05,groundplane,895.8129
0.3746,0.1016,0.05,groundplane,895.8124000000001
