x,y,z,mattype,Wm2Front
0.3746,3.295014e-17,0.05,groundplane,67.54561
0.3746,0.0254,0.05,groundplane,67.54543
0.3746,0.0508,0.05,groundplane,67.54539
0.3746,0.0762,0.05,groundplane,67.54536
0.3746,0.1016,0.05,groundplane,67.54533
