x,y,z,mattype,Wm2Front
0.3746,4.356676e-17,0.05,groundplane,109.90839999999999
0.3746,0.0254,0.05,groundplane,109.9085
0.3746,0.0508,0.05,groundplane,109.9085
0.3746,0.0762,0.05,groundplane,109.9085
0.3746,0.1016,0.05,groundplane,109.9085
