x,y,z,mattype,Wm2Front
1.5746,3.982242e-17,0.05,groundplane,88.11469
1.5746,0.0254,0.05,groundplane,88.1157
1.5746,0.0508,0.05,groundplane,88.11561999999999
1.5746,0.0762,0.05,groundplane,88.11552999999999
1.5746,0.1016,0.05,groundplane,88.11545
