x,y,z,mattype,Wm2Front
1.5746,4.899488e-17,0.05,groundplane,844.5207
1.5746,0.0254,0.05,groundplane,844.5215
1.5746,0.0508,0.05,groundplane,844.5211
1.5746,0.0762,0.05,groundplane,844.5207999999999
1.5746,0.1016,0.05,groundplane,844.5203
