x,y,z,mattype,Wm2Front
1.5746,3.050247e-17,0.05,groundplane,85.88311
1.5746,0.0254,0.05,groundplane,85.88355
1.5746,0.0508,0.05,groundplane,85.88354
1.5746,0.0762,0.05,groundplane,85.88352000000002
1.5746,0.1016,0.05,groundplane,85.88351
