x,y,z,rearMat,Wm2Back
0.7343616,4.496668e-17,1.182645,sky,85.46426000000001
0.5506723,3.371895e-17,1.261754,sky,85.46426000000001
0.366983,2.247123e-17,1.340863,sky,85.46426000000001
0.1832937,1.12235e-17,1.419972,sky,85.46426000000001
-0.0003955455,-2.422018e-20,1.499082,sky,85.46426000000001
-0.1840848,-1.127194e-17,1.578191,sky,85.46426000000001
-0.3677741,-2.251967e-17,1.6573,sky,85.46426000000001
-0.5514634,-3.376739e-17,1.736409,sky,85.46426000000001
-0.7351527,-4.501512e-17,1.815518,sky,85.46426000000001
