x,y,z,mattype,Wm2Front
1.5746,4.687063e-17,0.05,groundplane,125.07350000000001
1.5746,0.0254,0.05,groundplane,125.0766
1.5746,0.0508,0.05,groundplane,125.0765
1.5746,0.0762,0.05,groundplane,125.07639999999999
1.5746,0.1016,0.05,groundplane,125.0763
