x,y,z,mattype,Wm2Front
1.5746,4.452071e-17,0.05,groundplane,691.8849
1.5746,0.0254,0.05,groundplane,691.8857000000002
1.5746,0.0508,0.05,groundplane,691.8845
1.5746,0.0762,0.05,groundplane,691.8833
1.5746,0.1016,0.05,groundplane,691.8821000000002
