x,y,z,mattype,Wm2Front
1.5746,4.852184e-17,0.05,groundplane,430.2394
1.5746,0.0254,0.05,groundplane,430.2438
1.5746,0.0508,0.05,groundplane,430.2421
1.5746,0.0762,0.05,groundplane,430.24039999999997
1.5746,0.1016,0.05,groundplane,430.23859999999996
