x,y,z,rearMat,Wm2Back
0.6124914,3.750428e-17,2.014641,sky,12.278330000000002
0.4595296,2.813808e-17,1.885789,sky,12.278330000000002
0.3065678,1.877187e-17,1.756938,sky,12.278330000000002
0.1536061,9.405658e-18,1.628087,sky,12.278330000000002
0.0006442571,3.944937e-20,1.499235,sky,12.278330000000002
-0.1523175,-9.326759e-18,1.370384,sky,12.278330000000002
-0.3052793,-1.869297e-17,1.241532,sky,12.278330000000002
-0.4582411,-2.805918e-17,1.112681,sky,12.278330000000002
-0.6112029,-3.742538e-17,0.9838295,sky,12.278330000000002
