x,y,z,rearMat,Wm2Back
0.7637194,4.676433e-17,1.261812,sky,61.14849999999999
0.5727154,3.506871e-17,1.32112,sky,61.14849999999999
0.3817114,2.337308e-17,1.380428,sky,61.14849999999999
0.1907074,1.167746e-17,1.439737,sky,61.14849999999999
-0.0002965416,-1.815793e-20,1.499045,sky,61.14849999999999
-0.1913005,-1.171378e-17,1.558353,sky,61.14849999999999
-0.3823045,-2.34094e-17,1.617662,sky,61.14849999999999
-0.5733085,-3.510502e-17,1.67697,sky,61.14849999999999
-0.7643125,-4.680064e-17,1.736278,sky,61.14849999999999
