x,y,z,mattype,Wm2Front
1.5746,4.44283e-17,0.05,groundplane,821.8553
1.5746,0.0254,0.05,groundplane,821.8574
1.5746,0.0508,0.05,groundplane,821.8569000000001
1.5746,0.0762,0.05,groundplane,821.8564
1.5746,0.1016,0.05,groundplane,821.8559
