x,y,z,mattype,Wm2Front
0.3746,4.856391e-17,0.05,groundplane,35.50812
0.3746,0.0254,0.05,groundplane,35.50893
0.3746,0.0508,0.05,groundplane,35.50891
0.3746,0.0762,0.05,groundplane,35.50889
0.3746,0.1016,0.05,groundplane,35.50887
