x,y,z,rearMat,Wm2Back
0.6901642,4.226037e-17,1.904567,sky,21.8276
0.5177498,3.170303e-17,1.80321,sky,21.8276
0.3453355,2.11457e-17,1.701852,sky,21.8276
0.1729211,1.058837e-17,1.600495,sky,21.8276
0.0005067863,3.103171e-20,1.499138,sky,21.8276
-0.1719076,-1.05263e-17,1.397781,sky,21.8276
-0.3443219,-2.108364e-17,1.296423,sky,21.8276
-0.5167363,-3.164097e-17,1.195066,sky,21.8276
-0.6891506,-4.21983e-17,1.093709,sky,21.8276
