x,y,z,mattype,Wm2Front
0.3746,4.881281e-17,0.05,groundplane,765.1420000000002
0.3746,0.0254,0.05,groundplane,765.1426
0.3746,0.0508,0.05,groundplane,765.1421999999999
0.3746,0.0762,0.05,groundplane,765.1418
0.3746,0.1016,0.05,groundplane,765.1415000000001
