x,y,z,rearMat,Wm2Back
0.7003156,4.288196e-17,1.886729,sky,14.21654
0.5253578,3.216889e-17,1.789828,sky,14.21654
0.3504001,2.145582e-17,1.692927,sky,14.21654
0.1754423,1.074274e-17,1.596026,sky,14.21654
0.0004845043,2.966733e-20,1.499125,sky,14.21654
-0.1744733,-1.068341e-17,1.402224,sky,14.21654
-0.349431,-2.139648e-17,1.305323,sky,14.21654
-0.5243888,-3.210955e-17,1.208423,sky,14.21654
-0.6993466,-4.282263e-17,1.111522,sky,14.21654
