x,y,z,mattype,Wm2Front
0.3746,3.050247e-17,0.05,groundplane,444.0555
0.3746,0.0254,0.05,groundplane,444.0587
0.3746,0.0508,0.05,groundplane,444.0586
0.3746,0.0762,0.05,groundplane,444.0584999999999
0.3746,0.1016,0.05,groundplane,444.05840000000006
