x,y,z,rearMat,Wm2Back
0.6302511,3.859175e-17,1.992732,sky,16.05398
0.4728425,2.895325e-17,1.869352,sky,16.05398
0.315434,1.931476e-17,1.745972,sky,16.05398
0.1580254,9.676267e-18,1.622593,sky,16.05398
0.0006168985,3.777414e-20,1.499213,sky,16.05398
-0.1567916,-9.600719e-18,1.375833,sky,16.05398
-0.3142002,-1.923921e-17,1.252454,sky,16.05398
-0.4716087,-2.887771e-17,1.129074,sky,16.05398
-0.6290173,-3.85162e-17,1.005694,sky,16.05398
