x,y,z,mattype,Wm2Front
1.5746,4.896451e-17,0.05,groundplane,12.10698
1.5746,0.0254,0.05,groundplane,12.10709
1.5746,0.0508,0.05,groundplane,12.10709
1.5746,0.0762,0.05,groundplane,12.107080000000002
1.5746,0.1016,0.05,groundplane,12.107080000000002
