x,y,z,mattype,Wm2Front
0.3746,4.704181e-17,0.05,groundplane,105.6209
0.3746,0.0254,0.05,groundplane,105.62259999999999
0.3746,0.0508,0.05,groundplane,105.62259999999999
0.3746,0.0762,0.05,groundplane,105.62259999999999
0.3746,0.1016,0.05,groundplane,105.62259999999999
