x,y,z,rearMat,Wm2Back
0.7980697,4.886768e-17,1.444451,sky,2.270155
0.5985352,3.664971e-17,1.458089,sky,2.270155
0.3990008,2.443175e-17,1.471727,sky,2.270155
0.1994663,1.221379e-17,1.485364,sky,2.270155
-6.818942e-05,-4.175398e-21,1.499002,sky,2.270155
-0.1996027,-1.222214e-17,1.51264,sky,2.270155
-0.3991371,-2.44401e-17,1.526278,sky,2.270155
-0.5986716,-3.665806e-17,1.539916,sky,2.270155
-0.7982061,-4.887603e-17,1.553554,sky,2.270155
