x,y,z,mattype,Wm2Front
0.3746,4.563874e-17,0.05,groundplane,91.56221
0.3746,0.0254,0.05,groundplane,91.56595
0.3746,0.0508,0.05,groundplane,91.56589000000001
0.3746,0.0762,0.05,groundplane,91.56583
0.3746,0.1016,0.05,groundplane,91.56577
