x,y,z,rearMat,Wm2Back
0.6911982,4.232368e-17,1.097202,sky,80.64153
0.518273,3.173507e-17,1.197686,sky,80.64153
0.3453479,2.114646e-17,1.298169,sky,80.64153
0.1724227,1.055785e-17,1.398652,sky,80.64153
-0.0005024164,-3.076413e-20,1.499135,sky,80.64153
-0.1734276,-1.061938e-17,1.599619,sky,80.64153
-0.3463527,-2.120799e-17,1.700102,sky,80.64153
-0.5192779,-3.17966e-17,1.800585,sky,80.64153
-0.692203,-4.238521e-17,1.901069,sky,80.64153
