x,y,z,mattype,Wm2Front
0.3746,4.857863e-17,0.05,groundplane,4.672682
0.3746,0.0254,0.05,groundplane,4.672684
0.3746,0.0508,0.05,groundplane,4.672684
0.3746,0.0762,0.05,groundplane,4.672684
0.3746,0.1016,0.05,groundplane,4.672683
