x,y,z,mattype,Wm2Front
1.5746,4.879216e-17,0.05,groundplane,762.3638
1.5746,0.0254,0.05,groundplane,762.3651
1.5746,0.0508,0.05,groundplane,762.3646
1.5746,0.0762,0.05,groundplane,762.3641000000001
1.5746,0.1016,0.05,groundplane,762.3636
