x,y,z,rearMat,Wm2Back
0.7985994,4.890011e-17,1.452672,sky,1.036264
0.5989351,3.66742e-17,1.464254,sky,1.036264
0.3992708,2.444828e-17,1.475837,sky,1.036264
0.1996064,1.222237e-17,1.487419,sky,1.036264
-5.791251e-05,-3.546119e-21,1.499002,sky,1.036264
-0.1997222,-1.222946e-17,1.510584,sky,1.036264
-0.3993866,-2.445537e-17,1.522167,sky,1.036264
-0.5990509,-3.668129e-17,1.533749,sky,1.036264
-0.7987152,-4.89072e-17,1.545332,sky,1.036264
