x,y,z,mattype,Wm2Front
0.3746,4.900054e-17,0.05,groundplane,5.037415
0.3746,0.0254,0.05,groundplane,5.037271
0.3746,0.0508,0.05,groundplane,5.03727
0.3746,0.0762,0.05,groundplane,5.037269
0.3746,0.1016,0.05,groundplane,5.037268
