x,y,z,mattype,Wm2Front
0.3746,3.805734e-17,0.05,groundplane,79.78651
0.3746,0.0254,0.05,groundplane,79.78644
0.3746,0.0508,0.05,groundplane,79.78643
0.3746,0.0762,0.05,groundplane,79.78643
0.3746,0.1016,0.05,groundplane,79.78642
