x,y,z,rearMat,Wm2Back
0.7952584,4.869553e-17,1.413023,sky,40.3393
0.5964169,3.652001e-17,1.434519,sky,40.3393
0.3975755,2.434448e-17,1.456014,sky,40.3393
0.198734,1.216895e-17,1.47751,sky,40.3393
-0.0001074788,-6.581179e-21,1.499006,sky,40.3393
-0.198949,-1.218211e-17,1.520502,sky,40.3393
-0.3977904,-2.435764e-17,1.541997,sky,40.3393
-0.5966319,-3.653317e-17,1.563493,sky,40.3393
-0.7954734,-4.87087e-17,1.584989,sky,40.3393
