x,y,z,rearMat,Wm2Back
0.7657416,4.688815e-17,1.731605,sky,11.30296
0.5743789,3.517056e-17,1.673465,sky,11.30296
0.3830161,2.345297e-17,1.615324,sky,11.30296
0.1916534,1.173539e-17,1.557184,sky,11.30296
0.0002907022,1.780038e-20,1.499043,sky,11.30296
-0.191072,-1.169979e-17,1.440903,sky,11.30296
-0.3824347,-2.341737e-17,1.382762,sky,11.30296
-0.5737974,-3.513496e-17,1.324622,sky,11.30296
-0.7651602,-4.685255e-17,1.266481,sky,11.30296
