x,y,z,rearMat,Wm2Back
0.7949394,4.8676e-17,1.589846,sky,4.583563
0.5962329,3.650874e-17,1.567136,sky,4.583563
0.3975265,2.434148e-17,1.544426,sky,4.583563
0.19882,1.217421e-17,1.521716,sky,4.583563
0.00011355,6.952934e-21,1.499006,sky,4.583563
-0.1985929,-1.216031e-17,1.476296,sky,4.583563
-0.3972994,-2.432757e-17,1.453586,sky,4.583563
-0.5960058,-3.649483e-17,1.430876,sky,4.583563
-0.7947123,-4.866209e-17,1.408166,sky,4.583563
