x,y,z,rearMat,Wm2Back
0.716622,4.388044e-17,1.144396,sky,16.00878
0.5373556,3.290354e-17,1.233073,sky,16.00878
0.3580893,2.192665e-17,1.32175,sky,16.00878
0.178823,1.094975e-17,1.410427,sky,16.00878
-0.0004433841,-2.714945e-20,1.499104,sky,16.00878
-0.1797097,-1.100405e-17,1.58778,sky,16.00878
-0.3589761,-2.198094e-17,1.676457,sky,16.00878
-0.5382424,-3.295784e-17,1.765134,sky,16.00878
-0.7175088,-4.393474e-17,1.853811,sky,16.00878
