x,y,z,mattype,Wm2Front
0.3746,3.050247e-17,0.05,groundplane,395.7428
0.3746,0.0254,0.05,groundplane,395.74410000000006
0.3746,0.0508,0.05,groundplane,395.74399999999997
0.3746,0.0762,0.05,groundplane,395.74399999999997
0.3746,0.1016,0.05,groundplane,395.7439
