x,y,z,rearMat,Wm2Back
0.7649561,4.684005e-17,1.265814,sky,5.228036
0.5736442,3.512558e-17,1.324121,sky,5.228036
0.3823323,2.34111e-17,1.382429,sky,5.228036
0.1910204,1.169662e-17,1.440736,sky,5.228036
-0.0002915371,-1.78515e-20,1.499043,sky,5.228036
-0.1916034,-1.173233e-17,1.557351,sky,5.228036
-0.3829154,-2.34468e-17,1.615658,sky,5.228036
-0.5742273,-3.516128e-17,1.673966,sky,5.228036
-0.7655392,-4.687575e-17,1.732273,sky,5.228036
