x,y,z,rearMat,Wm2Back
0.779617,4.773778e-17,1.320561,sky,49.05131
0.584657,3.579992e-17,1.365177,sky,49.05131
0.389697,2.386206e-17,1.409793,sky,49.05131
0.1947369,1.19242e-17,1.454409,sky,49.05131
-0.00022308,-1.365971e-20,1.499025,sky,49.05131
-0.1951831,-1.195152e-17,1.543641,sky,49.05131
-0.3901431,-2.388938e-17,1.588257,sky,49.05131
-0.5851032,-3.582724e-17,1.632873,sky,49.05131
-0.7800632,-4.776509e-17,1.677489,sky,49.05131
