x,y,z,mattype,Wm2Front
0.3746,4.83284e-17,0.05,groundplane,49.39066
0.3746,0.0254,0.05,groundplane,49.3896
0.3746,0.0508,0.05,groundplane,49.38962
0.3746,0.0762,0.05,groundplane,49.38964000000001
0.3746,0.1016,0.05,groundplane,49.38966
