x,y,z,mattype,Wm2Front
1.5746,4.282292e-17,0.05,groundplane,758.7704
1.5746,0.0254,0.05,groundplane,758.7702
1.5746,0.0508,0.05,groundplane,758.7698
1.5746,0.0762,0.05,groundplane,758.7695
1.5746,0.1016,0.05,groundplane,758.7692000000001
