x,y,z,rearMat,Wm2Back
0.5551079,3.399056e-17,0.9239304,sky,25.691549999999996
0.4161511,2.548191e-17,1.067774,sky,25.691549999999996
0.2771943,1.697326e-17,1.211618,sky,25.691549999999996
0.1382376,8.464609e-18,1.355462,sky,25.691549999999996
-0.0007192185,-4.403943e-20,1.499305,sky,25.691549999999996
-0.139676,-8.552688e-18,1.643149,sky,25.691549999999996
-0.2786328,-1.706134e-17,1.786993,sky,25.691549999999996
-0.4175896,-2.556999e-17,1.930836,sky,25.691549999999996
-0.5565463,-3.407864e-17,2.07468,sky,25.691549999999996
