x,y,z,mattype,Wm2Front
1.5746,3.050247e-17,0.05,groundplane,388.47790000000003
1.5746,0.0254,0.05,groundplane,388.48139999999995
1.5746,0.0508,0.05,groundplane,388.48139999999995
1.5746,0.0762,0.05,groundplane,388.4813
1.5746,0.1016,0.05,groundplane,388.4812
