x,y,z,mattype,Wm2Front
0.3746,3.247255e-17,0.05,groundplane,447.945
0.3746,0.0254,0.05,groundplane,447.9445
0.3746,0.0508,0.05,groundplane,447.94429999999994
0.3746,0.0762,0.05,groundplane,447.944
0.3746,0.1016,0.05,groundplane,447.9437
