x,y,z,mattype,Wm2Front
1.5746,4.837871e-17,0.05,groundplane,37.15897
1.5746,0.0254,0.05,groundplane,37.16
1.5746,0.0508,0.05,groundplane,37.16001
1.5746,0.0762,0.05,groundplane,37.16002
1.5746,0.1016,0.05,groundplane,37.16003
