x,y,z,mattype,Wm2Front
0.3746,4.871831e-17,0.05,groundplane,34.45582
0.3746,0.0254,0.05,groundplane,34.45544
0.3746,0.0508,0.05,groundplane,34.45541
0.3746,0.0762,0.05,groundplane,34.45539
0.3746,0.1016,0.05,groundplane,34.45538
