x,y,z,mattype,Wm2Front
0.3746,3.247255e-17,0.05,groundplane,449.6683
0.3746,0.0254,0.05,groundplane,449.66810000000004
0.3746,0.0508,0.05,groundplane,449.6678
0.3746,0.0762,0.05,groundplane,449.6676
0.3746,0.1016,0.05,groundplane,449.6673
