x,y,z,rearMat,Wm2Back
0.6388113,3.911591e-17,1.018418,sky,14.54069
0.4789582,2.932773e-17,1.138614,sky,14.54069
0.3191051,1.953955e-17,1.258809,sky,14.54069
0.1592521,9.751377e-18,1.379005,sky,14.54069
-0.0006009784,-3.679931e-20,1.499201,sky,14.54069
-0.160454,-9.824976e-18,1.619396,sky,14.54069
-0.3203071,-1.961315e-17,1.739592,sky,14.54069
-0.4801602,-2.940133e-17,1.859788,sky,14.54069
-0.6400132,-3.918951e-17,1.979983,sky,14.54069
