x,y,z,rearMat,Wm2Back
0.632395,3.872303e-17,1.989977,sky,20.82405
0.4744496,2.905166e-17,1.867285,sky,20.82405
0.3165042,1.938029e-17,1.744594,sky,20.82405
0.1585588,9.708929e-18,1.621902,sky,20.82405
0.0006134585,3.75635e-20,1.49921,sky,20.82405
-0.1573319,-9.633802e-18,1.376519,sky,20.82405
-0.3152773,-1.930517e-17,1.253827,sky,20.82405
-0.4732227,-2.897653e-17,1.131135,sky,20.82405
-0.6311681,-3.86479e-17,1.008443,sky,20.82405
