x,y,z,mattype,Wm2Front
0.3746,4.896245e-17,0.05,groundplane,12.312689999999998
0.3746,0.0254,0.05,groundplane,12.31302
0.3746,0.0508,0.05,groundplane,12.31303
0.3746,0.0762,0.05,groundplane,12.31304
0.3746,0.1016,0.05,groundplane,12.313049999999999
