x,y,z,mattype,Wm2Front
1.5746,4.72168e-17,0.05,groundplane,25.95994
1.5746,0.0254,0.05,groundplane,25.95988
1.5746,0.0508,0.05,groundplane,25.95988
1.5746,0.0762,0.05,groundplane,25.95987
1.5746,0.1016,0.05,groundplane,25.95987
