x,y,z,mattype,Wm2Front
1.5746,4.713351e-17,0.05,groundplane,867.0126
1.5746,0.0254,0.05,groundplane,867.0128
1.5746,0.0508,0.05,groundplane,867.0125000000002
1.5746,0.0762,0.05,groundplane,867.0121
1.5746,0.1016,0.05,groundplane,867.0117
