x,y,z,rearMat,Wm2Back
0.7730238,4.733406e-17,1.294002,sky,4.080473
0.5797038,3.549662e-17,1.34526,sky,4.080473
0.3863838,2.365918e-17,1.396518,sky,4.080473
0.1930637,1.182174e-17,1.447776,sky,4.080473
-0.0002562894,-1.56932e-20,1.499033,sky,4.080473
-0.1935763,-1.185313e-17,1.550291,sky,4.080473
-0.3868963,-2.369057e-17,1.601549,sky,4.080473
-0.5802164,-3.5528e-17,1.652807,sky,4.080473
-0.7735364,-4.736544e-17,1.704065,sky,4.080473
