x,y,z,mattype,Wm2Front
1.5746,4.779187e-17,0.05,groundplane,708.6559000000001
1.5746,0.0254,0.05,groundplane,708.6572
1.5746,0.0508,0.05,groundplane,708.6569
1.5746,0.0762,0.05,groundplane,708.6565999999999
1.5746,0.1016,0.05,groundplane,708.6562
