x,y,z,mattype,Wm2Front
1.5746,3.371037e-17,0.05,groundplane,415.3706
1.5746,0.0254,0.05,groundplane,415.37549999999993
1.5746,0.0508,0.05,groundplane,415.3748
1.5746,0.0762,0.05,groundplane,415.3741
1.5746,0.1016,0.05,groundplane,415.3735
