x,y,z,mattype,Wm2Front
1.5746,4.870176e-17,0.05,groundplane,9.34887
1.5746,0.0254,0.05,groundplane,9.348889
1.5746,0.0508,0.05,groundplane,9.348889
1.5746,0.0762,0.05,groundplane,9.348889
1.5746,0.1016,0.05,groundplane,9.348889
