x,y,z,rearMat,Wm2Back
0.797726,4.884663e-17,1.439716,sky,1.085878
0.598276,3.663384e-17,1.454538,sky,1.085878
0.398826,2.442105e-17,1.469359,sky,1.085878
0.1993759,1.220825e-17,1.484181,sky,1.085878
-7.410849e-05,-4.537836e-21,1.499003,sky,1.085878
-0.1995241,-1.221733e-17,1.513824,sky,1.085878
-0.3989742,-2.443012e-17,1.528646,sky,1.085878
-0.5984242,-3.664292e-17,1.543468,sky,1.085878
-0.7978743,-4.885571e-17,1.55829,sky,1.085878
