x,y,z,mattype,Wm2Front
0.3746,4.889579e-17,0.05,groundplane,22.835979999999996
0.3746,0.0254,0.05,groundplane,22.83575
0.3746,0.0508,0.05,groundplane,22.83574
0.3746,0.0762,0.05,groundplane,22.83573
0.3746,0.1016,0.05,groundplane,22.83572
