x,y,z,mattype,Wm2Front
1.5746,4.854778e-17,0.05,groundplane,39.54132
1.5746,0.0254,0.05,groundplane,39.54214
1.5746,0.0508,0.05,groundplane,39.54213
1.5746,0.0762,0.05,groundplane,39.54211
1.5746,0.1016,0.05,groundplane,39.5421
