x,y,z,rearMat,Wm2Back
0.7787628,4.768547e-17,1.316889,sky,157.6746
0.5840152,3.576062e-17,1.362424,sky,157.6746
0.3892676,2.383576e-17,1.407958,sky,157.6746
0.1945199,1.191091e-17,1.453492,sky,157.6746
-0.0002276711,-1.394084e-20,1.499026,sky,157.6746
-0.1949753,-1.193879e-17,1.54456,sky,157.6746
-0.3897229,-2.386365e-17,1.590095,sky,157.6746
-0.5844705,-3.57885e-17,1.635629,sky,157.6746
-0.7792181,-4.771335e-17,1.681163,sky,157.6746
