x,y,z,rearMat,Wm2Back
0.7969584,4.879962e-17,1.569702,sky,2.536934
0.5977409,3.660107e-17,1.552028,sky,2.536934
0.3985234,2.440252e-17,1.534353,sky,2.536934
0.1993059,1.220396e-17,1.516678,sky,2.536934
8.837276e-05,5.411271e-21,1.499004,sky,2.536934
-0.1991291,-1.219314e-17,1.481329,sky,2.536934
-0.3983466,-2.43917e-17,1.463655,sky,2.536934
-0.5975641,-3.659025e-17,1.44598,sky,2.536934
-0.7967816,-4.87888e-17,1.428306,sky,2.536934
