x,y,z,rearMat,Wm2Back
0.5627994,3.446152e-17,0.9314423,sky,30.616740000000004
0.4219221,2.583528e-17,1.073406,sky,30.616740000000004
0.2810448,1.720903e-17,1.215369,sky,30.616740000000004
0.1401675,8.582783e-18,1.357332,sky,30.616740000000004
-0.0007098167,-4.346373e-20,1.499296,sky,30.616740000000004
-0.1415871,-8.66971e-18,1.641259,sky,30.616740000000004
-0.2824644,-1.729596e-17,1.783222,sky,30.616740000000004
-0.4233417,-2.59222e-17,1.925186,sky,30.616740000000004
-0.564219,-3.454845e-17,2.067149,sky,30.616740000000004
