x,y,z,rearMat,Wm2Back
0.7824268,4.790982e-17,1.333239,sky,47.6992
0.5867683,3.592919e-17,1.374684,sky,47.6992
0.3911098,2.394857e-17,1.41613,sky,47.6992
0.1954513,1.196794e-17,1.457576,sky,47.6992
-0.0002072288,-1.26891e-20,1.499022,sky,47.6992
-0.1958657,-1.199332e-17,1.540467,sky,47.6992
-0.3915242,-2.397394e-17,1.581913,sky,47.6992
-0.5871827,-3.595457e-17,1.623359,sky,47.6992
-0.7828412,-4.79352e-17,1.664805,sky,47.6992
