x,y,z,mattype,Wm2Front
1.5746,4.788816e-17,0.05,groundplane,77.19271
1.5746,0.0254,0.05,groundplane,77.19359
1.5746,0.0508,0.05,groundplane,77.19357
1.5746,0.0762,0.05,groundplane,77.19355
1.5746,0.1016,0.05,groundplane,77.19353
