x,y,z,rearMat,Wm2Back
0.7937768,4.860481e-17,1.400404,sky,14.50427
0.5953018,3.645172e-17,1.425055,sky,14.50427
0.3968268,2.429863e-17,1.449706,sky,14.50427
0.1983517,1.214554e-17,1.474357,sky,14.50427
-0.0001232551,-7.547197e-21,1.499008,sky,14.50427
-0.1985983,-1.216064e-17,1.523659,sky,14.50427
-0.3970733,-2.431373e-17,1.54831,sky,14.50427
-0.5955483,-3.646681e-17,1.572961,sky,14.50427
-0.7940233,-4.86199e-17,1.597612,sky,14.50427
