x,y,z,mattype,Wm2Front
1.5746,4.40981e-17,0.05,groundplane,173.2332
1.5746,0.0254,0.05,groundplane,173.23480000000004
1.5746,0.0508,0.05,groundplane,173.23480000000004
1.5746,0.0762,0.05,groundplane,173.2347
1.5746,0.1016,0.05,groundplane,173.2346
