x,y,z,mattype,Wm2Front
1.5746,4.153567e-17,0.05,groundplane,231.05869999999996
1.5746,0.0254,0.05,groundplane,231.0574
1.5746,0.0508,0.05,groundplane,231.0574
1.5746,0.0762,0.05,groundplane,231.05730000000003
1.5746,0.1016,0.05,groundplane,231.05730000000003
