x,y,z,rearMat,Wm2Back
0.6305949,3.86128e-17,1.992292,sky,36.99936
0.4731003,2.896904e-17,1.869022,sky,36.99936
0.3156056,1.932527e-17,1.745752,sky,36.99936
0.158111,9.681506e-18,1.622482,sky,36.99936
0.0006163489,3.774049e-20,1.499213,sky,36.99936
-0.1568783,-9.606025e-18,1.375943,sky,36.99936
-0.3143729,-1.924979e-17,1.252673,sky,36.99936
-0.4718676,-2.889356e-17,1.129403,sky,36.99936
-0.6293622,-3.853732e-17,1.006133,sky,36.99936
