x,y,z,rearMat,Wm2Back
0.6870138,4.206746e-17,1.090106,sky,17.31654
0.5151326,3.154277e-17,1.192365,sky,17.31654
0.3432513,2.101808e-17,1.294623,sky,17.31654
0.17137,1.049339e-17,1.396882,sky,17.31654
-0.0005112931,-3.130767e-20,1.499141,sky,17.31654
-0.1723926,-1.0556e-17,1.601399,sky,17.31654
-0.3442739,-2.108069e-17,1.703658,sky,17.31654
-0.5161551,-3.160539e-17,1.805916,sky,17.31654
-0.6880364,-4.213008e-17,1.908175,sky,17.31654
