x,y,z,mattype,Wm2Front
1.5746,4.835398e-17,0.05,groundplane,1.082412
1.5746,0.0254,0.05,groundplane,1.08241
1.5746,0.0508,0.05,groundplane,1.08241
1.5746,0.0762,0.05,groundplane,1.08241
1.5746,0.1016,0.05,groundplane,1.08241
