x,y,z,mattype,Wm2Front
0.3746,3.247255e-17,0.05,groundplane,377.3767
0.3746,0.0254,0.05,groundplane,377.3705
0.3746,0.0508,0.05,groundplane,377.37000000000006
0.3746,0.0762,0.05,groundplane,377.3694
0.3746,0.1016,0.05,groundplane,377.3689
