x,y,z,mattype,Wm2Front
1.5746,3.935742e-17,0.05,groundplane,255.77789999999996
1.5746,0.0254,0.05,groundplane,255.7768
1.5746,0.0508,0.05,groundplane,255.7768
1.5746,0.0762,0.05,groundplane,255.7768
1.5746,0.1016,0.05,groundplane,255.7768
