x,y,z,rearMat,Wm2Back
0.7365224,4.509899e-17,1.812307,sky,10.72578
0.5524896,3.383023e-17,1.734,sky,10.72578
0.3684569,2.256148e-17,1.655694,sky,10.72578
0.1844242,1.129273e-17,1.577387,sky,10.72578
0.0003915343,2.397456e-20,1.49908,sky,10.72578
-0.1836412,-1.124478e-17,1.420773,sky,10.72578
-0.3676739,-2.251353e-17,1.342466,sky,10.72578
-0.5517066,-3.378228e-17,1.264159,sky,10.72578
-0.7357393,-4.505104e-17,1.185852,sky,10.72578
