x,y,z,rearMat,Wm2Back
0.7784098,4.766385e-17,1.315395,sky,17.16699
0.58375,3.574438e-17,1.361303,sky,17.16699
0.3890901,2.38249e-17,1.407211,sky,17.16699
0.1944303,1.190542e-17,1.453119,sky,17.16699
-0.0002295402,-1.405528e-20,1.499027,sky,17.16699
-0.1948894,-1.193353e-17,1.544935,sky,17.16699
-0.3895492,-2.385301e-17,1.590843,sky,17.16699
-0.5842091,-3.577249e-17,1.636751,sky,17.16699
-0.7788689,-4.769196e-17,1.682659,sky,17.16699
