x,y,z,mattype,Wm2Front
0.3746,4.709116e-17,0.05,groundplane,475.42890000000006
0.3746,0.0254,0.05,groundplane,475.4332
0.3746,0.0508,0.05,groundplane,475.4304
0.3746,0.0762,0.05,groundplane,475.4276
0.3746,0.1016,0.05,groundplane,475.4249
