x,y,z,mattype,Wm2Front
0.3746,4.575832e-17,0.05,groundplane,687.3119
0.3746,0.0254,0.05,groundplane,687.3124000000001
0.3746,0.0508,0.05,groundplane,687.3121
0.3746,0.0762,0.05,groundplane,687.3118
0.3746,0.1016,0.05,groundplane,687.3115000000001
