x,y,z,rearMat,Wm2Back
0.76068,4.657822e-17,1.747723,sky,16.02026
0.5705877,3.493842e-17,1.685555,sky,16.02026
0.3804954,2.329863e-17,1.623386,sky,16.02026
0.1904031,1.165883e-17,1.561218,sky,16.02026
0.0003108423,1.90336e-20,1.49905,sky,16.02026
-0.1897815,-1.162076e-17,1.436881,sky,16.02026
-0.3798738,-2.326056e-17,1.374713,sky,16.02026
-0.5699661,-3.490036e-17,1.312544,sky,16.02026
-0.7600584,-4.654015e-17,1.250376,sky,16.02026
