x,y,z,rearMat,Wm2Back
0.7999856,4.898499e-17,1.49509,sky,0.2440493
0.5999879,3.673867e-17,1.496068,sky,0.2440493
0.3999903,2.449234e-17,1.497045,sky,0.2440493
0.1999927,1.224602e-17,1.498023,sky,0.2440493
-4.886902e-06,-2.992365e-22,1.499,sky,0.2440493
-0.2000025,-1.224662e-17,1.499977,sky,0.2440493
-0.4000001,-2.449294e-17,1.500955,sky,0.2440493
-0.5999977,-3.673926e-17,1.501932,sky,0.2440493
-0.7999953,-4.898559e-17,1.50291,sky,0.2440493
