x,y,z,rearMat,Wm2Back
0.6224054,3.811134e-17,0.9973943,sky,13.43521
0.4666472,2.85739e-17,1.122851,sky,13.43521
0.3108891,1.903646e-17,1.248308,sky,13.43521
0.1551309,9.499027e-18,1.373764,sky,13.43521
-0.0006272837,-3.841005e-20,1.499221,sky,13.43521
-0.1563855,-9.575847e-18,1.624678,sky,13.43521
-0.3121436,-1.911328e-17,1.750135,sky,13.43521
-0.4679018,-2.865072e-17,1.875591,sky,13.43521
-0.62366,-3.818816e-17,2.001048,sky,13.43521
