x,y,z,mattype,Wm2Front
0.3746,4.751728e-17,0.05,groundplane,917.8586
0.3746,0.0254,0.05,groundplane,917.8606999999998
0.3746,0.0508,0.05,groundplane,917.8601
0.3746,0.0762,0.05,groundplane,917.8596000000001
0.3746,0.1016,0.05,groundplane,917.8591
