x,y,z,rearMat,Wm2Back
0.6811744,4.17099e-17,1.919527,sky,10.03726
0.5110121,3.129047e-17,1.814432,sky,10.03726
0.3408499,2.087104e-17,1.709338,sky,10.03726
0.1706877,1.045161e-17,1.604244,sky,10.03726
0.0005254717,3.217586e-20,1.499149,sky,10.03726
-0.1696368,-1.038726e-17,1.394055,sky,10.03726
-0.339799,-2.080669e-17,1.288961,sky,10.03726
-0.5099612,-3.122612e-17,1.183866,sky,10.03726
-0.6801234,-4.164555e-17,1.078772,sky,10.03726
