x,y,z,mattype,Wm2Front
0.3746,4.18247e-17,0.05,groundplane,101.65860000000002
0.3746,0.0254,0.05,groundplane,101.66199999999999
0.3746,0.0508,0.05,groundplane,101.66180000000001
0.3746,0.0762,0.05,groundplane,101.6617
0.3746,0.1016,0.05,groundplane,101.6616
