x,y,z,mattype,Wm2Front
1.5746,4.820176e-17,0.05,groundplane,765.1048999999999
1.5746,0.0254,0.05,groundplane,765.1084
1.5746,0.0508,0.05,groundplane,765.1074
1.5746,0.0762,0.05,groundplane,765.1064
1.5746,0.1016,0.05,groundplane,765.1055
