x,y,z,rearMat,Wm2Back
0.7979349,4.885942e-17,1.557454,sky,9.855365
0.5984694,3.664568e-17,1.542841,sky,9.855365
0.399004,2.443195e-17,1.528228,sky,9.855365
0.1995385,1.221821e-17,1.513615,sky,9.855365
7.306413e-05,4.473888e-21,1.499003,sky,9.855365
-0.1993924,-1.220926e-17,1.48439,sky,9.855365
-0.3988578,-2.4423e-17,1.469777,sky,9.855365
-0.5983233,-3.663673e-17,1.455164,sky,9.855365
-0.7977887,-4.885047e-17,1.440551,sky,9.855365
