x,y,z,mattype,Wm2Front
1.5746,4.875307e-17,0.05,groundplane,810.1761
1.5746,0.0254,0.05,groundplane,810.1769
1.5746,0.0508,0.05,groundplane,810.1764
1.5746,0.0762,0.05,groundplane,810.1758999999998
1.5746,0.1016,0.05,groundplane,810.1754
