x,y,z,mattype,Wm2Front
0.3746,3.904439e-17,0.05,groundplane,724.0989
0.3746,0.0254,0.05,groundplane,724.0985999999999
0.3746,0.0508,0.05,groundplane,724.0984
0.3746,0.0762,0.05,groundplane,724.0981
0.3746,0.1016,0.05,groundplane,724.0979000000001
