x,y,z,mattype,Wm2Front
1.5746,4.898076e-17,0.05,groundplane,862.0663
1.5746,0.0254,0.05,groundplane,862.0670999999999
1.5746,0.0508,0.05,groundplane,862.0667
1.5746,0.0762,0.05,groundplane,862.0663
1.5746,0.1016,0.05,groundplane,862.0660000000001
