x,y,z,rearMat,Wm2Back
0.786121,4.813603e-17,1.648374,sky,13.497840000000002
0.5896374,3.610488e-17,1.611035,sky,13.497840000000002
0.3931538,2.407373e-17,1.573696,sky,13.497840000000002
0.1966703,1.204258e-17,1.536357,sky,13.497840000000002
0.0001866955,1.14318e-20,1.499018,sky,13.497840000000002
-0.1962969,-1.201972e-17,1.461678,sky,13.497840000000002
-0.3927804,-2.405087e-17,1.424339,sky,13.497840000000002
-0.589264,-3.608201e-17,1.387,sky,13.497840000000002
-0.7857476,-4.811316e-17,1.349661,sky,13.497840000000002
