x,y,z,mattype,Wm2Front
0.3746,4.821098e-17,0.05,groundplane,60.36524
0.3746,0.0254,0.05,groundplane,60.36678
0.3746,0.0508,0.05,groundplane,60.36679999999999
0.3746,0.0762,0.05,groundplane,60.36683
0.3746,0.1016,0.05,groundplane,60.36684
