x,y,z,rearMat,Wm2Back
0.6983492,4.276156e-17,1.890268,sky,17.09596
0.5238842,3.207865e-17,1.792483,sky,17.09596
0.3494191,2.139575e-17,1.694698,sky,17.09596
0.174954,1.071284e-17,1.596913,sky,17.09596
0.0004889258,2.993807e-20,1.499128,sky,17.09596
-0.1739762,-1.065297e-17,1.401343,sky,17.09596
-0.3484412,-2.133587e-17,1.303557,sky,17.09596
-0.5229063,-3.201878e-17,1.205772,sky,17.09596
-0.6973714,-4.270168e-17,1.107987,sky,17.09596
