x,y,z,rearMat,Wm2Back
0.5477564,3.35404e-17,2.083064,sky,149.6805
0.4109997,2.516647e-17,1.937127,sky,149.6805
0.274243,1.679254e-17,1.79119,sky,149.6805
0.1374864,8.418611e-18,1.645253,sky,149.6805
0.0007296851,4.468033e-20,1.499316,sky,149.6805
-0.136027,-8.329251e-18,1.353379,sky,149.6805
-0.2727837,-1.670318e-17,1.207442,sky,149.6805
-0.4095403,-2.507711e-17,1.061505,sky,149.6805
-0.546297,-3.345104e-17,0.9155681,sky,149.6805
