x,y,z,mattype,Wm2Front
0.3746,4.769309e-17,0.05,groundplane,98.23269999999998
0.3746,0.0254,0.05,groundplane,98.23197999999998
0.3746,0.0508,0.05,groundplane,98.23196
0.3746,0.0762,0.05,groundplane,98.23192999999999
0.3746,0.1016,0.05,groundplane,98.23191000000001
