x,y,z,mattype,Wm2Front
1.5746,4.829587e-17,0.05,groundplane,779.014
1.5746,0.0254,0.05,groundplane,779.0191
1.5746,0.0508,0.05,groundplane,779.0171999999999
1.5746,0.0762,0.05,groundplane,779.0153999999999
1.5746,0.1016,0.05,groundplane,779.0134000000002
