x,y,z,rearMat,Wm2Back
0.6662728,4.079744e-17,1.942811,sky,89.44567
0.4998432,3.060657e-17,1.8319,sky,89.44567
0.3334137,2.04157e-17,1.720989,sky,89.44567
0.1669841,1.022483e-17,1.610079,sky,89.44567
0.000554554,3.395664e-20,1.499168,sky,89.44567
-0.165875,-1.015691e-17,1.388257,sky,89.44567
-0.3323045,-2.034778e-17,1.277346,sky,89.44567
-0.4987341,-3.053866e-17,1.166435,sky,89.44567
-0.6651636,-4.072953e-17,1.055525,sky,89.44567
