x,y,z,mattype,Wm2Front
1.5746,4.878012e-17,0.05,groundplane,5.10184
1.5746,0.0254,0.05,groundplane,5.101837
1.5746,0.0508,0.05,groundplane,5.101837
1.5746,0.0762,0.05,groundplane,5.101837
1.5746,0.1016,0.05,groundplane,5.101838
