x,y,z,mattype,Wm2Front
0.3746,4.881823e-17,0.05,groundplane,20.08026
0.3746,0.0254,0.05,groundplane,20.08056
0.3746,0.0508,0.05,groundplane,20.08056
0.3746,0.0762,0.05,groundplane,20.08055
0.3746,0.1016,0.05,groundplane,20.08054
