x,y,z,mattype,Wm2Front
0.3746,4.678938e-17,0.05,groundplane,127.35340000000001
0.3746,0.0254,0.05,groundplane,127.3523
0.3746,0.0508,0.05,groundplane,127.3523
0.3746,0.0762,0.05,groundplane,127.3523
0.3746,0.1016,0.05,groundplane,127.3523
