x,y,z,mattype,Wm2Front
1.5746,4.895845e-17,0.05,groundplane,908.8329
1.5746,0.0254,0.05,groundplane,908.8339
1.5746,0.0508,0.05,groundplane,908.8332999999999
1.5746,0.0762,0.05,groundplane,908.8327
1.5746,0.1016,0.05,groundplane,908.8321
