x,y,z,rearMat,Wm2Back
0.5658006,3.464529e-17,2.065571,sky,23.635409999999997
0.4245274,2.599481e-17,1.924002,sky,23.635409999999997
0.2832542,1.734432e-17,1.782432,sky,23.635409999999997
0.141981,8.693831e-18,1.640863,sky,23.635409999999997
0.0007078469,4.334312e-20,1.499294,sky,23.635409999999997
-0.1405653,-8.607144e-18,1.357724,sky,23.635409999999997
-0.2818385,-1.725763e-17,1.216155,sky,23.635409999999997
-0.4231117,-2.590812e-17,1.074586,sky,23.635409999999997
-0.5643849,-3.455861e-17,0.9330161,sky,23.635409999999997
