x,y,z,rearMat,Wm2Back
0.6814434,4.172637e-17,1.080911,sky,14.842980000000003
0.5109518,3.128678e-17,1.18547,sky,14.842980000000003
0.3404603,2.084718e-17,1.290029,sky,14.842980000000003
0.1699687,1.040758e-17,1.394588,sky,14.842980000000003
-0.0005227962,-3.201203e-20,1.499148,sky,14.842980000000003
-0.1710143,-1.047161e-17,1.603707,sky,14.842980000000003
-0.3415059,-2.09112e-17,1.708266,sky,14.842980000000003
-0.5119974,-3.13508e-17,1.812825,sky,14.842980000000003
-0.682489,-4.17904e-17,1.917384,sky,14.842980000000003
