x,y,z,mattype,Wm2Front
0.3746,4.35354e-17,0.05,groundplane,195.7508
0.3746,0.0254,0.05,groundplane,195.7532
0.3746,0.0508,0.05,groundplane,195.7531
0.3746,0.0762,0.05,groundplane,195.7531
0.3746,0.1016,0.05,groundplane,195.75300000000001
