x,y,z,rearMat,Wm2Back
0.7984147,4.88888e-17,1.550349,sky,27.97811
0.598827,3.666758e-17,1.537512,sky,27.97811
0.3992394,2.444636e-17,1.524676,sky,27.97811
0.1996518,1.222515e-17,1.511839,sky,27.97811
6.418397e-05,3.930134e-21,1.499002,sky,27.97811
-0.1995234,-1.221729e-17,1.486165,sky,27.97811
-0.399111,-2.44385e-17,1.473328,sky,27.97811
-0.5986987,-3.665972e-17,1.460492,sky,27.97811
-0.7982863,-4.888094e-17,1.447655,sky,27.97811
