x,y,z,mattype,Wm2Front
1.5746,4.030857e-17,0.05,groundplane,87.68590999999999
1.5746,0.0254,0.05,groundplane,87.68581
1.5746,0.0508,0.05,groundplane,87.68581
1.5746,0.0762,0.05,groundplane,87.68580000000001
1.5746,0.1016,0.05,groundplane,87.68579
