x,y,z,mattype,Wm2Front
0.3746,3.050247e-17,0.05,groundplane,504.66979999999995
0.3746,0.0254,0.05,groundplane,504.6715
0.3746,0.0508,0.05,groundplane,504.6713
0.3746,0.0762,0.05,groundplane,504.6711
0.3746,0.1016,0.05,groundplane,504.6709
