x,y,z,mattype,Wm2Front
0.3746,4.88806e-17,0.05,groundplane,23.89446
0.3746,0.0254,0.05,groundplane,23.89386
0.3746,0.0508,0.05,groundplane,23.89388
0.3746,0.0762,0.05,groundplane,23.89389
0.3746,0.1016,0.05,groundplane,23.8939
