x,y,z,mattype,Wm2Front
0.3746,3.077613e-17,0.05,groundplane,254.19130000000004
0.3746,0.0254,0.05,groundplane,254.1971
0.3746,0.0508,0.05,groundplane,254.1964
0.3746,0.0762,0.05,groundplane,254.1957
0.3746,0.1016,0.05,groundplane,254.19500000000002
