x,y,z,mattype,Wm2Front
1.5746,3.547245e-17,0.05,groundplane,109.2298
1.5746,0.0254,0.05,groundplane,109.2312
1.5746,0.0508,0.05,groundplane,109.23110000000001
1.5746,0.0762,0.05,groundplane,109.23110000000001
1.5746,0.1016,0.05,groundplane,109.231
