x,y,z,rearMat,Wm2Back
0.599365,3.670052e-17,2.02987,sky,146.3842
0.4496896,2.753555e-17,1.897216,sky,146.3842
0.3000141,1.837057e-17,1.764561,sky,146.3842
0.1503387,9.205591e-18,1.631906,sky,146.3842
0.0006632734,4.061378e-20,1.499252,sky,146.3842
-0.1490122,-9.124364e-18,1.366597,sky,146.3842
-0.2986876,-1.828934e-17,1.233942,sky,146.3842
-0.448363,-2.745432e-17,1.101288,sky,146.3842
-0.5980385,-3.66193e-17,0.9686329,sky,146.3842
