x,y,z,mattype,Wm2Front
1.5746,3.050247e-17,0.05,groundplane,376.4856
1.5746,0.0254,0.05,groundplane,376.4899
1.5746,0.0508,0.05,groundplane,376.4897
1.5746,0.0762,0.05,groundplane,376.48960000000005
1.5746,0.1016,0.05,groundplane,376.4894
