x,y,z,mattype,Wm2Front
0.3746,3.780284e-17,0.05,groundplane,729.3755
0.3746,0.0254,0.05,groundplane,729.3750999999999
0.3746,0.0508,0.05,groundplane,729.3749000000001
0.3746,0.0762,0.05,groundplane,729.3747
0.3746,0.1016,0.05,groundplane,729.3745
