x,y,z,rearMat,Wm2Back
0.7202457,4.410233e-17,1.151794,sky,186.1613
0.5400758,3.30701e-17,1.238621,sky,186.1613
0.3599058,2.203787e-17,1.325447,sky,186.1613
0.1797358,1.100565e-17,1.412273,sky,186.1613
-0.0004341308,-2.658285e-20,1.499099,sky,186.1613
-0.1806041,-1.105881e-17,1.585925,sky,186.1613
-0.3607741,-2.209104e-17,1.672751,sky,186.1613
-0.540944,-3.312327e-17,1.759578,sky,186.1613
-0.721114,-4.41555e-17,1.846404,sky,186.1613
