x,y,z,mattype,Wm2Front
1.5746,4.884856e-17,0.05,groundplane,22.940160000000002
1.5746,0.0254,0.05,groundplane,22.939810000000005
1.5746,0.0508,0.05,groundplane,22.9398
1.5746,0.0762,0.05,groundplane,22.93979
1.5746,0.1016,0.05,groundplane,22.93977
