x,y,z,mattype,Wm2Front
0.3746,3.869547e-17,0.05,groundplane,241.91739999999996
0.3746,0.0254,0.05,groundplane,241.91819999999998
0.3746,0.0508,0.05,groundplane,241.9176
0.3746,0.0762,0.05,groundplane,241.9171
0.3746,0.1016,0.05,groundplane,241.9165
