x,y,z,mattype,Wm2Front
0.3746,3.890962e-17,0.05,groundplane,700.5719
0.3746,0.0254,0.05,groundplane,700.5715
0.3746,0.0508,0.05,groundplane,700.5713
0.3746,0.0762,0.05,groundplane,700.571
0.3746,0.1016,0.05,groundplane,700.5706999999999
