x,y,z,rearMat,Wm2Back
0.6487566,3.972489e-17,1.031902,sky,12.54947
0.4864215,2.978472e-17,1.148724,sky,12.54947
0.3240863,1.984456e-17,1.265545,sky,12.54947
0.1617511,9.904397e-18,1.382367,sky,12.54947
-0.000584108,-3.57663e-20,1.499188,sky,12.54947
-0.1629193,-9.97593e-18,1.61601,sky,12.54947
-0.3252545,-1.991609e-17,1.732832,sky,12.54947
-0.4875897,-2.985626e-17,1.849653,sky,12.54947
-0.6499249,-3.979642e-17,1.966475,sky,12.54947
