x,y,z,mattype,Wm2Front
1.5746,4.868739e-17,0.05,groundplane,890.215
1.5746,0.0254,0.05,groundplane,890.2158
1.5746,0.0508,0.05,groundplane,890.2154999999999
1.5746,0.0762,0.05,groundplane,890.215
1.5746,0.1016,0.05,groundplane,890.2145999999999
