x,y,z,mattype,Wm2Front
1.5746,4.82379e-17,0.05,groundplane,702.8948999999999
1.5746,0.0254,0.05,groundplane,702.8957999999999
1.5746,0.0508,0.05,groundplane,702.8954
1.5746,0.0762,0.05,groundplane,702.8951000000001
1.5746,0.1016,0.05,groundplane,702.8947
