x,y,z,mattype,Wm2Front
0.3746,4.26609e-17,0.05,groundplane,753.3372
0.3746,0.0254,0.05,groundplane,753.3413
0.3746,0.0508,0.05,groundplane,753.3406
0.3746,0.0762,0.05,groundplane,753.3398000000001
0.3746,0.1016,0.05,groundplane,753.3391
