x,y,z,mattype,Wm2Front
1.5746,3.050247e-17,0.05,groundplane,107.57009999999998
1.5746,0.0254,0.05,groundplane,107.5706
1.5746,0.0508,0.05,groundplane,107.5706
1.5746,0.0762,0.05,groundplane,107.5706
1.5746,0.1016,0.05,groundplane,107.5706
