x,y,z,rearMat,Wm2Back
0.7953941,4.870384e-17,1.414272,sky,8.687399
0.5965191,3.652626e-17,1.435455,sky,8.687399
0.3976441,2.434868e-17,1.456639,sky,8.687399
0.1987691,1.21711e-17,1.477822,sky,8.687399
-0.000105917,-6.485544e-21,1.499006,sky,8.687399
-0.1989809,-1.218407e-17,1.520189,sky,8.687399
-0.3978559,-2.436165e-17,1.541372,sky,8.687399
-0.5967309,-3.653923e-17,1.562556,sky,8.687399
-0.7956059,-4.871681e-17,1.583739,sky,8.687399
