x,y,z,mattype,Wm2Front
1.5746,4.126112e-17,0.05,groundplane,75.95164
1.5746,0.0254,0.05,groundplane,75.95175
1.5746,0.0508,0.05,groundplane,75.95174
1.5746,0.0762,0.05,groundplane,75.95173
1.5746,0.1016,0.05,groundplane,75.95171
