x,y,z,mattype,Wm2Front
1.5746,4.874635e-17,0.05,groundplane,21.47684
1.5746,0.0254,0.05,groundplane,21.47758
1.5746,0.0508,0.05,groundplane,21.47757
1.5746,0.0762,0.05,groundplane,21.47756
1.5746,0.1016,0.05,groundplane,21.47756
