x,y,z,mattype,Wm2Front
0.3746,4.434763e-17,0.05,groundplane,74.24899
0.3746,0.0254,0.05,groundplane,74.2467
0.3746,0.0508,0.05,groundplane,74.24664
0.3746,0.0762,0.05,groundplane,74.24657
0.3746,0.1016,0.05,groundplane,74.2465
