x,y,z,mattype,Wm2Front
0.3746,4.158099e-17,0.05,groundplane,225.4937
0.3746,0.0254,0.05,groundplane,225.4923
0.3746,0.0508,0.05,groundplane,225.4922
0.3746,0.0762,0.05,groundplane,225.49210000000002
0.3746,0.1016,0.05,groundplane,225.49210000000002
