x,y,z,rearMat,Wm2Back
0.7694763,4.711683e-17,1.718877,sky,87.87650000000001
0.5771759,3.534183e-17,1.663918,sky,87.87650000000001
0.3848755,2.356683e-17,1.608958,sky,87.87650000000001
0.1925752,1.179183e-17,1.553998,sky,87.87650000000001
0.0002747984,1.682655e-20,1.499038,sky,87.87650000000001
-0.1920256,-1.175818e-17,1.444079,sky,87.87650000000001
-0.3843259,-2.353318e-17,1.389119,sky,87.87650000000001
-0.5766263,-3.530818e-17,1.334159,sky,87.87650000000001
-0.7689267,-4.708318e-17,1.2792,sky,87.87650000000001
