x,y,z,mattype,Wm2Front
1.5746,4.900266e-17,0.05,groundplane,6.01376
1.5746,0.0254,0.05,groundplane,6.013526
1.5746,0.0508,0.05,groundplane,6.013529000000001
1.5746,0.0762,0.05,groundplane,6.013531
1.5746,0.1016,0.05,groundplane,6.013534
