x,y,z,mattype,Wm2Front
0.3746,3.965226e-17,0.05,groundplane,726.3596000000001
0.3746,0.0254,0.05,groundplane,726.3613
0.3746,0.0508,0.05,groundplane,726.361
0.3746,0.0762,0.05,groundplane,726.3606
0.3746,0.1016,0.05,groundplane,726.3602
