x,y,z,rearMat,Wm2Back
0.7075245,4.332338e-17,1.126623,sky,52.151019999999995
0.530527,3.248541e-17,1.219746,sky,52.151019999999995
0.3535294,2.164743e-17,1.312869,sky,52.151019999999995
0.1765319,1.080946e-17,1.405992,sky,52.151019999999995
-0.0004656145,-2.851067e-20,1.499115,sky,52.151019999999995
-0.1774631,-1.086648e-17,1.592238,sky,52.151019999999995
-0.3544607,-2.170446e-17,1.685361,sky,52.151019999999995
-0.5314582,-3.254243e-17,1.778484,sky,52.151019999999995
-0.7084557,-4.33804e-17,1.871607,sky,52.151019999999995
