x,y,z,rearMat,Wm2Back
0.7977609,4.884877e-17,1.559821,sky,3.007647
0.5983397,3.663774e-17,1.544617,sky,3.007647
0.3989185,2.442671e-17,1.529412,sky,3.007647
0.1994972,1.221568e-17,1.514207,sky,3.007647
7.602294e-05,4.655062e-21,1.499003,sky,3.007647
-0.1993452,-1.220637e-17,1.483798,sky,3.007647
-0.3987664,-2.44174e-17,1.468594,sky,3.007647
-0.5981876,-3.662843e-17,1.453389,sky,3.007647
-0.7976088,-4.883946e-17,1.438185,sky,3.007647
