x,y,z,mattype,Wm2Front
1.5746,4.861028e-17,0.05,groundplane,45.89766
1.5746,0.0254,0.05,groundplane,45.89713
1.5746,0.0508,0.05,groundplane,45.89712
1.5746,0.0762,0.05,groundplane,45.89712
1.5746,0.1016,0.05,groundplane,45.89712
