x,y,z,rearMat,Wm2Back
0.7953539,4.870138e-17,1.586099,sky,19.07794
0.5965427,3.65277e-17,1.564326,sky,19.07794
0.3977314,2.435402e-17,1.542553,sky,19.07794
0.1989201,1.218035e-17,1.520779,sky,19.07794
0.0001088669,6.666173e-21,1.499006,sky,19.07794
-0.1987024,-1.216701e-17,1.477233,sky,19.07794
-0.3975137,-2.434069e-17,1.455459,sky,19.07794
-0.5963249,-3.651437e-17,1.433686,sky,19.07794
-0.7951362,-4.868805e-17,1.411912,sky,19.07794
