x,y,z,rearMat,Wm2Back
0.7638025,4.676942e-17,1.262078,sky,8.706662
0.5727778,3.507253e-17,1.32132,sky,8.706662
0.3817532,2.337564e-17,1.380562,sky,8.706662
0.1907285,1.167875e-17,1.439803,sky,8.706662
-0.0002962082,-1.813752e-20,1.499045,sky,8.706662
-0.1913209,-1.171503e-17,1.558287,sky,8.706662
-0.3823456,-2.341191e-17,1.617528,sky,8.706662
-0.5733702,-3.51088e-17,1.67677,sky,8.706662
-0.7643949,-4.680569e-17,1.736011,sky,8.706662
