x,y,z,rearMat,Wm2Back
0.7039293,4.310324e-17,1.880111,sky,144.4745
0.528066,3.233472e-17,1.784864,sky,144.4745
0.3522028,2.15662e-17,1.689616,sky,144.4745
0.1763395,1.079768e-17,1.594368,sky,144.4745
0.0004762382,2.916118e-20,1.499121,sky,144.4745
-0.175387,-1.073936e-17,1.403873,sky,144.4745
-0.3512503,-2.150788e-17,1.308625,sky,144.4745
-0.5271135,-3.22764e-17,1.213378,sky,144.4745
-0.7029768,-4.304492e-17,1.11813,sky,144.4745
