x,y,z,mattype,Wm2Front
0.3746,3.941848e-17,0.05,groundplane,743.8708
0.3746,0.0254,0.05,groundplane,743.8707
0.3746,0.0508,0.05,groundplane,743.8704000000001
0.3746,0.0762,0.05,groundplane,743.8701
0.3746,0.1016,0.05,groundplane,743.8699
