x,y,z,mattype,Wm2Front
0.3746,3.913344e-17,0.05,groundplane,241.77599999999998
0.3746,0.0254,0.05,groundplane,241.79869999999997
0.3746,0.0508,0.05,groundplane,241.7975
0.3746,0.0762,0.05,groundplane,241.7962
0.3746,0.1016,0.05,groundplane,241.795
