x,y,z,mattype,Wm2Front
1.5746,4.838549e-17,0.05,groundplane,803.3253
1.5746,0.0254,0.05,groundplane,803.3268000000002
1.5746,0.0508,0.05,groundplane,803.3262
1.5746,0.0762,0.05,groundplane,803.3257
1.5746,0.1016,0.05,groundplane,803.3251
