x,y,z,rearMat,Wm2Back
0.747422,4.57664e-17,1.785239,sky,3.878917
0.5606559,3.433028e-17,1.713696,sky,3.878917
0.3738899,2.289415e-17,1.642153,sky,3.878917
0.1871238,1.145803e-17,1.570609,sky,3.878917
0.0003577161,2.190379e-20,1.499066,sky,3.878917
-0.1864084,-1.141422e-17,1.427523,sky,3.878917
-0.3731744,-2.285034e-17,1.35598,sky,3.878917
-0.5599405,-3.428647e-17,1.284437,sky,3.878917
-0.7467066,-4.572259e-17,1.212893,sky,3.878917
