x,y,z,mattype,Wm2Front
0.3746,4.236202e-17,0.05,groundplane,691.7211000000001
0.3746,0.0254,0.05,groundplane,691.7211000000001
0.3746,0.0508,0.05,groundplane,691.7208
0.3746,0.0762,0.05,groundplane,691.7205
0.3746,0.1016,0.05,groundplane,691.7202000000001
