x,y,z,rearMat,Wm2Back
0.6779326,4.15114e-17,1.924745,sky,26.52739
0.5085824,3.114169e-17,1.818347,sky,26.52739
0.3392323,2.077199e-17,1.711949,sky,26.52739
0.1698821,1.040228e-17,1.605551,sky,26.52739
0.0005319899,3.257498e-20,1.499153,sky,26.52739
-0.1688182,-1.033713e-17,1.392755,sky,26.52739
-0.3381683,-2.070684e-17,1.286357,sky,26.52739
-0.5075184,-3.107654e-17,1.179959,sky,26.52739
-0.6768686,-4.144625e-17,1.073561,sky,26.52739
