x,y,z,rearMat,Wm2Back
0.7097921,4.346223e-17,1.130952,sky,9.149989
0.532229,3.258963e-17,1.222992,sky,9.149989
0.354666,2.171703e-17,1.315032,sky,9.149989
0.1771029,1.084442e-17,1.407072,sky,9.149989
-0.0004601998,-2.817911e-20,1.499112,sky,9.149989
-0.1780233,-1.090078e-17,1.591152,sky,9.149989
-0.3555864,-2.177338e-17,1.683192,sky,9.149989
-0.5331494,-3.264599e-17,1.775232,sky,9.149989
-0.7107125,-4.351859e-17,1.867272,sky,9.149989
