x,y,z,rearMat,Wm2Back
0.6537839,4.003272e-17,1.038949,sky,16.77941
0.4901941,3.001573e-17,1.154008,sky,16.77941
0.3266043,1.999874e-17,1.269066,sky,16.77941
0.1630145,9.981759e-18,1.384124,sky,16.77941
-0.0005752908,-3.52264e-20,1.499182,sky,16.77941
-0.1641651,-1.005221e-17,1.61424,sky,16.77941
-0.3277549,-2.00692e-17,1.729298,sky,16.77941
-0.4913447,-3.008618e-17,1.844357,sky,16.77941
-0.6549345,-4.010317e-17,1.959415,sky,16.77941
