x,y,z,rearMat,Wm2Back
0.6426008,3.934795e-17,1.976514,sky,74.07825
0.4820998,2.95201e-17,1.857185,sky,74.07825
0.3215987,1.969224e-17,1.737856,sky,74.07825
0.1610977,9.864388e-18,1.618527,sky,74.07825
0.0005966451,3.653398e-20,1.499197,sky,74.07825
-0.1599044,-9.79132e-18,1.379868,sky,74.07825
-0.3204054,-1.961917e-17,1.260539,sky,74.07825
-0.4809065,-2.944703e-17,1.14121,sky,74.07825
-0.6414075,-3.927488e-17,1.021881,sky,74.07825
