x,y,z,mattype,Wm2Front
1.5746,4.868058e-17,0.05,groundplane,22.30665
1.5746,0.0254,0.05,groundplane,22.30705
1.5746,0.0508,0.05,groundplane,22.307059999999996
1.5746,0.0762,0.05,groundplane,22.30707
1.5746,0.1016,0.05,groundplane,22.30708
