x,y,z,mattype,Wm2Front
0.3746,4.884378e-17,0.05,groundplane,718.4384
0.3746,0.0254,0.05,groundplane,718.4393
0.3746,0.0508,0.05,groundplane,718.4389
0.3746,0.0762,0.05,groundplane,718.4384999999999
0.3746,0.1016,0.05,groundplane,718.4381
