x,y,z,mattype,Wm2Front
0.3746,4.197548e-17,0.05,groundplane,700.3451
0.3746,0.0254,0.05,groundplane,700.3508
0.3746,0.0508,0.05,groundplane,700.3498
0.3746,0.0762,0.05,groundplane,700.3488000000001
0.3746,0.1016,0.05,groundplane,700.3478
