x,y,z,mattype,Wm2Front
0.3746,4.304144e-17,0.05,groundplane,799.1646
0.3746,0.0254,0.05,groundplane,799.1644
0.3746,0.0508,0.05,groundplane,799.1641
0.3746,0.0762,0.05,groundplane,799.1637999999999
0.3746,0.1016,0.05,groundplane,799.1635
