x,y,z,rearMat,Wm2Back
0.6885116,4.215917e-17,1.092627,sky,64.03413
0.5162566,3.16116e-17,1.194255,sky,64.03413
0.3440017,2.106403e-17,1.295883,sky,64.03413
0.1717468,1.051646e-17,1.397511,sky,64.03413
-0.0005081398,-3.111459e-20,1.499139,sky,64.03413
-0.1727631,-1.057869e-17,1.600767,sky,64.03413
-0.345018,-2.112626e-17,1.702395,sky,64.03413
-0.5172729,-3.167383e-17,1.804023,sky,64.03413
-0.6895278,-4.22214e-17,1.905651,sky,64.03413
