x,y,z,rearMat,Wm2Back
0.7882517,4.826649e-17,1.363397,sky,3.425177
0.5911464,3.619728e-17,1.397302,sky,3.425177
0.3940411,2.412806e-17,1.431206,sky,3.425177
0.1969358,1.205884e-17,1.46511,sky,3.425177
-0.0001695215,-1.03802e-20,1.499014,sky,3.425177
-0.1972748,-1.20796e-17,1.532919,sky,3.425177
-0.3943801,-2.414882e-17,1.566823,sky,3.425177
-0.5914854,-3.621804e-17,1.600727,sky,3.425177
-0.7885907,-4.828725e-17,1.634632,sky,3.425177
