x,y,z,rearMat,Wm2Back
0.541279,3.314378e-17,0.9109176,sky,22.79567
0.4057753,2.484657e-17,1.058019,sky,22.79567
0.2702717,1.654937e-17,1.20512,sky,22.79567
0.1347681,8.252167e-18,1.352221,sky,22.79567
-0.0007355061,-4.503676e-20,1.499322,sky,22.79567
-0.1362391,-8.34224e-18,1.646424,sky,22.79567
-0.2717427,-1.663944e-17,1.793525,sky,22.79567
-0.4072464,-2.493665e-17,1.940626,sky,22.79567
-0.54275,-3.323385e-17,2.087727,sky,22.79567
