x,y,z,mattype,Wm2Front
1.5746,4.887589e-17,0.05,groundplane,19.73877
1.5746,0.0254,0.05,groundplane,19.73901
1.5746,0.0508,0.05,groundplane,19.739
1.5746,0.0762,0.05,groundplane,19.739
1.5746,0.1016,0.05,groundplane,19.73899
