x,y,z,rearMat,Wm2Back
0.77132,4.722973e-17,1.712289,sky,14.8564
0.5785566,3.542638e-17,1.658976,sky,14.8564
0.3857933,2.362303e-17,1.605662,sky,14.8564
0.1930299,1.181967e-17,1.552349,sky,14.8564
0.0002665656,1.632243e-20,1.499036,sky,14.8564
-0.1924968,-1.178703e-17,1.445723,sky,14.8564
-0.3852601,-2.359038e-17,1.39241,sky,14.8564
-0.5780235,-3.539373e-17,1.339097,sky,14.8564
-0.7707869,-4.719708e-17,1.285784,sky,14.8564
