x,y,z,mattype,Wm2Front
0.3746,4.599572e-17,0.05,groundplane,209.2913
0.3746,0.0254,0.05,groundplane,209.2912
0.3746,0.0508,0.05,groundplane,209.2911
0.3746,0.0762,0.05,groundplane,209.29100000000003
0.3746,0.1016,0.05,groundplane,209.2909
