x,y,z,rearMat,Wm2Back
0.5706167,3.494019e-17,2.060712,sky,29.55107
0.4281379,2.621589e-17,1.920356,sky,29.55107
0.2856592,1.749158e-17,1.78,sky,29.55107
0.1431805,8.767277e-18,1.639644,sky,29.55107
0.0007017801,4.297164e-20,1.499288,sky,29.55107
-0.1417769,-8.681334e-18,1.358932,sky,29.55107
-0.2842557,-1.740564e-17,1.218576,sky,29.55107
-0.4267344,-2.612994e-17,1.07822,sky,29.55107
-0.5692131,-3.485425e-17,0.9378635,sky,29.55107
