x,y,z,rearMat,Wm2Back
0.7403887,4.533573e-17,1.803027,sky,15.664210000000002
0.5553865,3.400761e-17,1.727039,sky,15.664210000000002
0.3703843,2.26795e-17,1.651051,sky,15.664210000000002
0.1853821,1.135138e-17,1.575063,sky,15.664210000000002
0.0003799405,2.326465e-20,1.499075,sky,15.664210000000002
-0.1846222,-1.130485e-17,1.423087,sky,15.664210000000002
-0.3696244,-2.263297e-17,1.347099,sky,15.664210000000002
-0.5546266,-3.396108e-17,1.271111,sky,15.664210000000002
-0.7396288,-4.52892e-17,1.195123,sky,15.664210000000002
