x,y,z,mattype,Wm2Front
1.5746,3.247255e-17,0.05,groundplane,176.2137
1.5746,0.0254,0.05,groundplane,176.21130000000002
1.5746,0.0508,0.05,groundplane,176.2109
1.5746,0.0762,0.05,groundplane,176.21040000000002
1.5746,0.1016,0.05,groundplane,176.21
