x,y,z,rearMat,Wm2Back
0.6932507,4.244936e-17,1.899255,sky,13.98429
0.520063,3.184468e-17,1.799225,sky,13.98429
0.3468754,2.123999e-17,1.699195,sky,13.98429
0.1736878,1.063531e-17,1.599164,sky,13.98429
0.0005001511,3.062542e-20,1.499134,sky,13.98429
-0.1726875,-1.057406e-17,1.399104,sky,13.98429
-0.3458751,-2.117874e-17,1.299074,sky,13.98429
-0.5190627,-3.178343e-17,1.199043,sky,13.98429
-0.6922503,-4.238811e-17,1.099013,sky,13.98429
