x,y,z,mattype,Wm2Front
0.3746,4.825328e-17,0.05,groundplane,63.624159999999996
0.3746,0.0254,0.05,groundplane,63.62532000000001
0.3746,0.0508,0.05,groundplane,63.62530999999999
0.3746,0.0762,0.05,groundplane,63.62530999999999
0.3746,0.1016,0.05,groundplane,63.6253
