x,y,z,rearMat,Wm2Back
0.6772645,4.147049e-17,1.92581,sky,79.18748
0.5080817,3.111103e-17,1.819146,sky,79.18748
0.3388989,2.075157e-17,1.712482,sky,79.18748
0.1697161,1.039212e-17,1.605818,sky,79.18748
0.0005333193,3.265639e-20,1.499154,sky,79.18748
-0.1686495,-1.03268e-17,1.39249,sky,79.18748
-0.3378323,-2.068626e-17,1.285826,sky,79.18748
-0.5070151,-3.104572e-17,1.179163,sky,79.18748
-0.6761979,-4.140518e-17,1.072499,sky,79.18748
