x,y,z,mattype,Wm2Front
0.3746,4.865942e-17,0.05,groundplane,42.54115
0.3746,0.0254,0.05,groundplane,42.54089
0.3746,0.0508,0.05,groundplane,42.54088
0.3746,0.0762,0.05,groundplane,42.54087
0.3746,0.1016,0.05,groundplane,42.54086
