x,y,z,rearMat,Wm2Back
0.7546639,4.620984e-17,1.234513,sky,5.646566
0.5659153,3.465232e-17,1.300649,sky,5.646566
0.3771666,2.309479e-17,1.366785,sky,5.646566
0.188418,1.153727e-17,1.43292,sky,5.646566
-0.0003306791,-2.024826e-20,1.499056,sky,5.646566
-0.1890793,-1.157777e-17,1.565192,sky,5.646566
-0.377828,-2.313529e-17,1.631328,sky,5.646566
-0.5665766,-3.469281e-17,1.697464,sky,5.646566
-0.7553253,-4.625033e-17,1.7636,sky,5.646566
