x,y,z,mattype,Wm2Front
0.3746,4.493039e-17,0.05,groundplane,69.81349
0.3746,0.0254,0.05,groundplane,69.81626
0.3746,0.0508,0.05,groundplane,69.81621
0.3746,0.0762,0.05,groundplane,69.81615
0.3746,0.1016,0.05,groundplane,69.81611
