x,y,z,mattype,Wm2Front
0.3746,3.247255e-17,0.05,groundplane,182.6097
0.3746,0.0254,0.05,groundplane,182.6093
0.3746,0.0508,0.05,groundplane,182.60890000000003
0.3746,0.0762,0.05,groundplane,182.60849999999996
0.3746,0.1016,0.05,groundplane,182.6081
