x,y,z,mattype,Wm2Front
1.5746,3.982607e-17,0.05,groundplane,222.0045
1.5746,0.0254,0.05,groundplane,222.0037
1.5746,0.0508,0.05,groundplane,222.0036
1.5746,0.0762,0.05,groundplane,222.0035
1.5746,0.1016,0.05,groundplane,222.00339999999997
