x,y,z,mattype,Wm2Front
1.5746,3.247255e-17,0.05,groundplane,504.8839
1.5746,0.0254,0.05,groundplane,504.8817000000001
1.5746,0.0508,0.05,groundplane,504.8813
1.5746,0.0762,0.05,groundplane,504.88100000000003
1.5746,0.1016,0.05,groundplane,504.8806
