x,y,z,rearMat,Wm2Back
0.7455138,4.564956e-17,1.79019,sky,19.92355
0.5592263,3.424274e-17,1.71741,sky,19.92355
0.3729389,2.283592e-17,1.644629,sky,19.92355
0.1866514,1.14291e-17,1.571849,sky,19.92355
0.0003639016,2.228255e-20,1.499069,sky,19.92355
-0.1859236,-1.138454e-17,1.426288,sky,19.92355
-0.3722111,-2.279135e-17,1.353508,sky,19.92355
-0.5584985,-3.419817e-17,1.280728,sky,19.92355
-0.744786,-4.560499e-17,1.207947,sky,19.92355
