x,y,z,rearMat,Wm2Back
0.6973251,4.269885e-17,1.892095,sky,84.64099
0.5231166,3.203166e-17,1.793854,sky,84.64099
0.3489082,2.136446e-17,1.695612,sky,84.64099
0.1746997,1.069727e-17,1.597371,sky,84.64099
0.0004912078,3.007781e-20,1.499129,sky,84.64099
-0.1737173,-1.063712e-17,1.400887,sky,84.64099
-0.3479258,-2.130431e-17,1.302646,sky,84.64099
-0.5221342,-3.19715e-17,1.204404,sky,84.64099
-0.6963427,-4.263869e-17,1.106163,sky,84.64099
