x,y,z,mattype,Wm2Front
1.5746,4.896475e-17,0.05,groundplane,15.32965
1.5746,0.0254,0.05,groundplane,15.32949
1.5746,0.0508,0.05,groundplane,15.329479999999998
1.5746,0.0762,0.05,groundplane,15.32947
1.5746,0.1016,0.05,groundplane,15.32947
