x,y,z,mattype,Wm2Front
0.3746,3.755678e-17,0.05,groundplane,712.7333
0.3746,0.0254,0.05,groundplane,712.7327
0.3746,0.0508,0.05,groundplane,712.7325
0.3746,0.0762,0.05,groundplane,712.7322
0.3746,0.1016,0.05,groundplane,712.7320999999998
