x,y,z,rearMat,Wm2Back
0.7435561,4.552968e-17,1.20483,sky,29.96645
0.5575752,3.414163e-17,1.27839,sky,29.96645
0.3715942,2.275358e-17,1.35195,sky,29.96645
0.1856132,1.136553e-17,1.42551,sky,29.96645
-0.0003678,-2.252125e-20,1.49907,sky,29.96645
-0.1863488,-1.141057e-17,1.57263,sky,29.96645
-0.3723298,-2.279862e-17,1.64619,sky,29.96645
-0.5583108,-3.418667e-17,1.71975,sky,29.96645
-0.7442917,-4.557473e-17,1.79331,sky,29.96645
