x,y,z,mattype,Wm2Front
1.5746,3.247255e-17,0.05,groundplane,361.04209999999995
1.5746,0.0254,0.05,groundplane,361.0416
1.5746,0.0508,0.05,groundplane,361.0415
1.5746,0.0762,0.05,groundplane,361.0414
1.5746,0.1016,0.05,groundplane,361.04130000000004
