x,y,z,mattype,Wm2Front
1.5746,4.311482e-17,0.05,groundplane,804.1382
1.5746,0.0254,0.05,groundplane,804.1381
1.5746,0.0508,0.05,groundplane,804.1378
1.5746,0.0762,0.05,groundplane,804.1375000000002
1.5746,0.1016,0.05,groundplane,804.1371
