x,y,z,mattype,Wm2Front
1.5746,4.446695e-17,0.05,groundplane,782.6509
1.5746,0.0254,0.05,groundplane,782.6511
1.5746,0.0508,0.05,groundplane,782.6507
1.5746,0.0762,0.05,groundplane,782.6502999999999
1.5746,0.1016,0.05,groundplane,782.65
