x,y,z,mattype,Wm2Front
0.3746,3.967737e-17,0.05,groundplane,775.3425000000001
0.3746,0.0254,0.05,groundplane,775.3449
0.3746,0.0508,0.05,groundplane,775.3446
0.3746,0.0762,0.05,groundplane,775.3443000000001
0.3746,0.1016,0.05,groundplane,775.344
