x,y,z,rearMat,Wm2Back
0.6934371,4.246077e-17,1.101069,sky,20.34145
0.5199534,3.183796e-17,1.200585,sky,20.34145
0.3464697,2.121515e-17,1.300101,sky,20.34145
0.1729861,1.059234e-17,1.399617,sky,20.34145
-0.0004975797,-3.046797e-20,1.499133,sky,20.34145
-0.1739812,-1.065328e-17,1.598649,sky,20.34145
-0.3474649,-2.127609e-17,1.698164,sky,20.34145
-0.5209486,-3.18989e-17,1.79768,sky,20.34145
-0.6944322,-4.252171e-17,1.897196,sky,20.34145
