x,y,z,mattype,Wm2Front
1.5746,4.881952e-17,0.05,groundplane,31.03174
1.5746,0.0254,0.05,groundplane,31.031140000000004
1.5746,0.0508,0.05,groundplane,31.0311
1.5746,0.0762,0.05,groundplane,31.03106
1.5746,0.1016,0.05,groundplane,31.03103
