x,y,z,mattype,Wm2Front
0.3746,4.142761e-17,0.05,groundplane,223.76059999999998
0.3746,0.0254,0.05,groundplane,223.7619
0.3746,0.0508,0.05,groundplane,223.7619
0.3746,0.0762,0.05,groundplane,223.7618
0.3746,0.1016,0.05,groundplane,223.7617
