x,y,z,mattype,Wm2Front
0.3746,4.252133e-17,0.05,groundplane,210.0344
0.3746,0.0254,0.05,groundplane,210.0384
0.3746,0.0508,0.05,groundplane,210.03830000000002
0.3746,0.0762,0.05,groundplane,210.0382
0.3746,0.1016,0.05,groundplane,210.0381
