x,y,z,mattype,Wm2Front
0.3746,3.937779e-17,0.05,groundplane,740.6379000000001
0.3746,0.0254,0.05,groundplane,740.6375000000002
0.3746,0.0508,0.05,groundplane,740.6372
0.3746,0.0762,0.05,groundplane,740.6370000000001
0.3746,0.1016,0.05,groundplane,740.6367
