x,y,z,mattype,Wm2Front
0.3746,3.535856e-17,0.05,groundplane,684.2471
0.3746,0.0254,0.05,groundplane,684.2463000000001
0.3746,0.0508,0.05,groundplane,684.2462
0.3746,0.0762,0.05,groundplane,684.246
0.3746,0.1016,0.05,groundplane,684.2458
