x,y,z,rearMat,Wm2Back
0.7422091,4.54472e-17,1.201459,sky,5.774632999999999
0.5565638,3.40797e-17,1.275862,sky,5.774632999999999
0.3709185,2.271221e-17,1.350265,sky,5.774632999999999
0.1852733,1.134471e-17,1.424669,sky,5.774632999999999
-0.000372016,-2.277941e-20,1.499072,sky,5.774632999999999
-0.1860173,-1.139027e-17,1.573475,sky,5.774632999999999
-0.3716626,-2.275777e-17,1.647878,sky,5.774632999999999
-0.5573078,-3.412526e-17,1.722281,sky,5.774632999999999
-0.7429531,-4.549276e-17,1.796685,sky,5.774632999999999
