x,y,z,rearMat,Wm2Back
0.6412676,3.926632e-17,1.978306,sky,36.88118
0.4811004,2.945891e-17,1.858529,sky,36.88118
0.3209332,1.965149e-17,1.738753,sky,36.88118
0.1607661,9.844082e-18,1.618976,sky,36.88118
0.0005988838,3.667106e-20,1.499199,sky,36.88118
-0.1595683,-9.77074e-18,1.379422,sky,36.88118
-0.3197355,-1.957815e-17,1.259646,sky,36.88118
-0.4799027,-2.938556e-17,1.139869,sky,36.88118
-0.6400698,-3.919297e-17,1.020092,sky,36.88118
