x,y,z,rearMat,Wm2Back
0.7983793,4.888663e-17,1.550907,sky,106.5195
0.5988007,3.666597e-17,1.53793,sky,106.5195
0.3992221,2.44453e-17,1.524954,sky,106.5195
0.1996435,1.222464e-17,1.511978,sky,106.5195
6.488064e-05,3.972794e-21,1.499002,sky,106.5195
-0.1995137,-1.221669e-17,1.486026,sky,106.5195
-0.3990923,-2.443736e-17,1.47305,sky,106.5195
-0.5986709,-3.665802e-17,1.460074,sky,106.5195
-0.7982495,-4.887869e-17,1.447098,sky,106.5195
