x,y,z,mattype,Wm2Front
0.3746,3.247255e-17,0.05,groundplane,360.5921
0.3746,0.0254,0.05,groundplane,360.5863
0.3746,0.0508,0.05,groundplane,360.5856999999999
0.3746,0.0762,0.05,groundplane,360.5851
0.3746,0.1016,0.05,groundplane,360.5844
