x,y,z,mattype,Wm2Front
1.5746,4.818898e-17,0.05,groundplane,822.5917
1.5746,0.0254,0.05,groundplane,822.5942
1.5746,0.0508,0.05,groundplane,822.5928
1.5746,0.0762,0.05,groundplane,822.5913999999999
1.5746,0.1016,0.05,groundplane,822.5901
