x,y,z,mattype,Wm2Front
0.3746,3.050247e-17,0.05,groundplane,433.4338
0.3746,0.0254,0.05,groundplane,433.4366
0.3746,0.0508,0.05,groundplane,433.4364
0.3746,0.0762,0.05,groundplane,433.43619999999993
0.3746,0.1016,0.05,groundplane,433.4359
