x,y,z,mattype,Wm2Front
0.3746,4.898962e-17,0.05,groundplane,10.59953
0.3746,0.0254,0.05,groundplane,10.59936
0.3746,0.0508,0.05,groundplane,10.59936
0.3746,0.0762,0.05,groundplane,10.59935
0.3746,0.1016,0.05,groundplane,10.59935
