x,y,z,rearMat,Wm2Back
0.7997485,4.897047e-17,1.520081,sky,12.93206
0.599818,3.672826e-17,1.514811,sky,12.93206
0.3998874,2.448604e-17,1.509541,sky,12.93206
0.1999569,1.224383e-17,1.504271,sky,12.93206
2.635142e-05,1.613559e-21,1.499,sky,12.93206
-0.1999042,-1.22406e-17,1.49373,sky,12.93206
-0.3998347,-2.448282e-17,1.48846,sky,12.93206
-0.5997653,-3.672503e-17,1.483189,sky,12.93206
-0.7996958,-4.896725e-17,1.477919,sky,12.93206
