x,y,z,mattype,Wm2Front
1.5746,4.58744e-17,0.05,groundplane,838.1697
1.5746,0.0254,0.05,groundplane,838.1715
1.5746,0.0508,0.05,groundplane,838.1709999999999
1.5746,0.0762,0.05,groundplane,838.1704999999998
1.5746,0.1016,0.05,groundplane,838.17
