x,y,z,mattype,Wm2Front
0.3746,3.050247e-17,0.05,groundplane,395.33830000000006
0.3746,0.0254,0.05,groundplane,395.3416
0.3746,0.0508,0.05,groundplane,395.3415
0.3746,0.0762,0.05,groundplane,395.3414
0.3746,0.1016,0.05,groundplane,395.3413
