x,y,z,mattype,Wm2Front
1.5746,4.681472e-17,0.05,groundplane,80.97444
1.5746,0.0254,0.05,groundplane,80.97353
1.5746,0.0508,0.05,groundplane,80.97347
1.5746,0.0762,0.05,groundplane,80.97342
1.5746,0.1016,0.05,groundplane,80.97336
