x,y,z,mattype,Wm2Front
0.3746,4.133937e-17,0.05,groundplane,785.9211
0.3746,0.0254,0.05,groundplane,785.9207
0.3746,0.0508,0.05,groundplane,785.9204999999998
0.3746,0.0762,0.05,groundplane,785.9202
0.3746,0.1016,0.05,groundplane,785.92
