x,y,z,rearMat,Wm2Back
0.7131755,4.36694e-17,1.137534,sky,43.00285
0.5347686,3.274513e-17,1.227927,sky,43.00285
0.3563618,2.182086e-17,1.318321,sky,43.00285
0.1779549,1.089659e-17,1.408714,sky,43.00285
-0.0004519677,-2.767504e-20,1.499108,sky,43.00285
-0.1788588,-1.095194e-17,1.589502,sky,43.00285
-0.3572657,-2.187621e-17,1.679895,sky,43.00285
-0.5356725,-3.280048e-17,1.770289,sky,43.00285
-0.7140794,-4.372475e-17,1.860682,sky,43.00285
