x,y,z,mattype,Wm2Front
0.3746,3.247255e-17,0.05,groundplane,472.02490000000006
0.3746,0.0254,0.05,groundplane,472.0242
0.3746,0.0508,0.05,groundplane,472.02400000000006
0.3746,0.0762,0.05,groundplane,472.02389999999997
0.3746,0.1016,0.05,groundplane,472.0237
