x,y,z,rearMat,Wm2Back
0.6888668,4.218093e-17,1.093228,sky,70.22266
0.5165232,3.162793e-17,1.194705,sky,70.22266
0.3441797,2.107493e-17,1.296183,sky,70.22266
0.1718362,1.052193e-17,1.397661,sky,70.22266
-0.000507388,-3.106855e-20,1.499138,sky,70.22266
-0.1728509,-1.058407e-17,1.600616,sky,70.22266
-0.3451945,-2.113707e-17,1.702093,sky,70.22266
-0.517538,-3.169006e-17,1.803571,sky,70.22266
-0.6898816,-4.224306e-17,1.905049,sky,70.22266
