x,y,z,mattype,Wm2Front
0.3746,4.861888e-17,0.05,groundplane,887.2126
0.3746,0.0254,0.05,groundplane,887.2131
0.3746,0.0508,0.05,groundplane,887.2127
0.3746,0.0762,0.05,groundplane,887.2123
0.3746,0.1016,0.05,groundplane,887.2118999999999
