x,y,z,mattype,Wm2Front
0.3746,4.845514e-17,0.05,groundplane,48.94186
0.3746,0.0254,0.05,groundplane,48.942730000000005
0.3746,0.0508,0.05,groundplane,48.94275
0.3746,0.0762,0.05,groundplane,48.94276
0.3746,0.1016,0.05,groundplane,48.94276
