x,y,z,mattype,Wm2Front
1.5746,4.864924e-17,0.05,groundplane,192.9136
1.5746,0.0254,0.05,groundplane,192.9139
1.5746,0.0508,0.05,groundplane,192.9138
1.5746,0.0762,0.05,groundplane,192.9138
1.5746,0.1016,0.05,groundplane,192.91369999999998
