x,y,z,rearMat,Wm2Back
0.7185969,4.400137e-17,1.148404,sky,23.42245
0.5388381,3.299432e-17,1.236079,sky,23.42245
0.3590792,2.198726e-17,1.323753,sky,23.42245
0.1793204,1.098021e-17,1.411427,sky,23.42245
-0.0004383711,-2.684249e-20,1.499101,sky,23.42245
-0.1801972,-1.10339e-17,1.586775,sky,23.42245
-0.359956,-2.204095e-17,1.67445,sky,23.42245
-0.5397148,-3.3048e-17,1.762124,sky,23.42245
-0.7194736,-4.405505e-17,1.849798,sky,23.42245
