x,y,z,mattype,Wm2Front
1.5746,4.413805e-17,0.05,groundplane,479.0017
1.5746,0.0254,0.05,groundplane,479.0036
1.5746,0.0508,0.05,groundplane,479.00139999999993
1.5746,0.0762,0.05,groundplane,478.9992
1.5746,0.1016,0.05,groundplane,478.997
