x,y,z,rearMat,Wm2Back
0.7962255,4.875475e-17,1.577627,sky,3.686545
0.5971937,3.656757e-17,1.557971,sky,3.686545
0.3981619,2.438038e-17,1.538316,sky,3.686545
0.1991301,1.21932e-17,1.51866,sky,3.686545
9.827768e-05,6.017772e-21,1.499005,sky,3.686545
-0.1989335,-1.218117e-17,1.479349,sky,3.686545
-0.3979653,-2.436835e-17,1.459694,sky,3.686545
-0.5969971,-3.655553e-17,1.440038,sky,3.686545
-0.7960289,-4.874272e-17,1.420383,sky,3.686545
