x,y,z,mattype,Wm2Front
1.5746,4.840562e-17,0.05,groundplane,827.0477
1.5746,0.0254,0.05,groundplane,827.0488
1.5746,0.0508,0.05,groundplane,827.0484
1.5746,0.0762,0.05,groundplane,827.0480000000001
1.5746,0.1016,0.05,groundplane,827.0475
