x,y,z,mattype,Wm2Front
1.5746,3.714304e-17,0.05,groundplane,704.0778999999999
1.5746,0.0254,0.05,groundplane,704.0795000000002
1.5746,0.0508,0.05,groundplane,704.0792
1.5746,0.0762,0.05,groundplane,704.0789
1.5746,0.1016,0.05,groundplane,704.0786000000002
