x,y,z,rearMat,Wm2Back
0.7116078,4.357341e-17,1.865534,sky,34.69442
0.5338204,3.268707e-17,1.773929,sky,34.69442
0.3560329,2.180073e-17,1.682323,sky,34.69442
0.1782455,1.091439e-17,1.590717,sky,34.69442
0.0004580291,2.804619e-20,1.499111,sky,34.69442
-0.1773294,-1.085829e-17,1.407505,sky,34.69442
-0.3551169,-2.174464e-17,1.315899,sky,34.69442
-0.5329043,-3.263098e-17,1.224294,sky,34.69442
-0.7106917,-4.351732e-17,1.132688,sky,34.69442
