x,y,z,rearMat,Wm2Back
0.7922119,4.850899e-17,1.388639,sky,12.80252
0.5941245,3.637963e-17,1.416232,sky,12.80252
0.396037,2.425027e-17,1.443824,sky,12.80252
0.1979495,1.212091e-17,1.471417,sky,12.80252
-0.0001379632,-8.447807e-21,1.49901,sky,12.80252
-0.1982254,-1.213781e-17,1.526602,sky,12.80252
-0.3963129,-2.426717e-17,1.554195,sky,12.80252
-0.5944004,-3.639653e-17,1.581787,sky,12.80252
-0.7924879,-4.852589e-17,1.60938,sky,12.80252
