x,y,z,mattype,Wm2Front
1.5746,4.877908e-17,0.05,groundplane,34.37909
1.5746,0.0254,0.05,groundplane,34.37859
1.5746,0.0508,0.05,groundplane,34.37859
1.5746,0.0762,0.05,groundplane,34.37859
1.5746,0.1016,0.05,groundplane,34.3786
