x,y,z,rearMat,Wm2Back
0.7405301,4.534439e-17,1.197318,sky,69.16219
0.5553033,3.400252e-17,1.272757,sky,69.16219
0.3700765,2.266065e-17,1.348196,sky,69.16219
0.1848496,1.131878e-17,1.423635,sky,69.16219
-0.0003771943,-2.309649e-20,1.499074,sky,69.16219
-0.185604,-1.136497e-17,1.574513,sky,69.16219
-0.3708309,-2.270684e-17,1.649952,sky,69.16219
-0.5560577,-3.404871e-17,1.72539,sky,69.16219
-0.7412845,-4.539058e-17,1.800829,sky,69.16219
