x,y,z,mattype,Wm2Front
1.5746,4.707282e-17,0.05,groundplane,846.3993999999999
1.5746,0.0254,0.05,groundplane,846.4011999999999
1.5746,0.0508,0.05,groundplane,846.4007
1.5746,0.0762,0.05,groundplane,846.4001
1.5746,0.1016,0.05,groundplane,846.3997
