x,y,z,rearMat,Wm2Back
0.7645051,4.681243e-17,1.264346,sky,5.842032
0.5733055,3.510484e-17,1.32302,sky,5.842032
0.3821059,2.339724e-17,1.381695,sky,5.842032
0.1909062,1.168964e-17,1.440369,sky,5.842032
-0.000293373,-1.796391e-20,1.499044,sky,5.842032
-0.191493,-1.172556e-17,1.557719,sky,5.842032
-0.3826926,-2.343316e-17,1.616393,sky,5.842032
-0.5738922,-3.514076e-17,1.675068,sky,5.842032
-0.7650918,-4.684836e-17,1.733742,sky,5.842032
