x,y,z,mattype,Wm2Front
1.5746,4.819981e-17,0.05,groundplane,740.5078
1.5746,0.0254,0.05,groundplane,740.5099999999999
1.5746,0.0508,0.05,groundplane,740.5089000000002
1.5746,0.0762,0.05,groundplane,740.5079
1.5746,0.1016,0.05,groundplane,740.5068
