x,y,z,mattype,Wm2Front
0.3746,4.879216e-17,0.05,groundplane,762.6928000000001
0.3746,0.0254,0.05,groundplane,762.6938999999999
0.3746,0.0508,0.05,groundplane,762.6934
0.3746,0.0762,0.05,groundplane,762.6929999999999
0.3746,0.1016,0.05,groundplane,762.6925
