x,y,z,mattype,Wm2Front
1.5746,4.900227e-17,0.05,groundplane,767.9918000000001
1.5746,0.0254,0.05,groundplane,767.9927000000001
1.5746,0.0508,0.05,groundplane,767.9924
1.5746,0.0762,0.05,groundplane,767.9919999999998
1.5746,0.1016,0.05,groundplane,767.9916
