x,y,z,mattype,Wm2Front
1.5746,4.895954e-17,0.05,groundplane,16.50966
1.5746,0.0254,0.05,groundplane,16.50897
1.5746,0.0508,0.05,groundplane,16.50898
1.5746,0.0762,0.05,groundplane,16.50899
1.5746,0.1016,0.05,groundplane,16.509
