x,y,z,mattype,Wm2Front
1.5746,3.050247e-17,0.05,groundplane,425.1866
1.5746,0.0254,0.05,groundplane,425.1918
1.5746,0.0508,0.05,groundplane,425.19159999999994
1.5746,0.0762,0.05,groundplane,425.1914
1.5746,0.1016,0.05,groundplane,425.1912
