x,y,z,mattype,Wm2Front
1.5746,4.327341e-17,0.05,groundplane,766.2865
1.5746,0.0254,0.05,groundplane,766.2882
1.5746,0.0508,0.05,groundplane,766.2878
1.5746,0.0762,0.05,groundplane,766.2874
1.5746,0.1016,0.05,groundplane,766.2869999999999
