x,y,z,rearMat,Wm2Back
0.526935,3.226546e-17,0.8980527,sky,25.88346
0.3950133,2.418759e-17,1.048375,sky,25.88346
0.2630917,1.610972e-17,1.198697,sky,25.88346
0.13117,8.031848e-18,1.349018,sky,25.88346
-0.0007516096,-4.602281e-20,1.49934,sky,25.88346
-0.1326733,-8.123894e-18,1.649662,sky,25.88346
-0.2645949,-1.620176e-17,1.799984,sky,25.88346
-0.3965165,-2.427964e-17,1.950306,sky,25.88346
-0.5284382,-3.235751e-17,2.100628,sky,25.88346
