x,y,z,rearMat,Wm2Back
0.5979457,3.661362e-17,0.9685285,sky,26.785440000000005
0.4482934,2.745006e-17,1.101209,sky,26.785440000000005
0.2986412,1.82865e-17,1.23389,sky,26.785440000000005
0.1489889,9.122938e-18,1.366571,sky,26.785440000000005
-0.000663404,-4.062178e-20,1.499252,sky,26.785440000000005
-0.1503157,-9.204181e-18,1.631933,sky,26.785440000000005
-0.299968,-1.836774e-17,1.764613,sky,26.785440000000005
-0.4496203,-2.75313e-17,1.897294,sky,26.785440000000005
-0.5992725,-3.669486e-17,2.029975,sky,26.785440000000005
