x,y,z,rearMat,Wm2Back
0.7621229,4.666657e-17,1.256752,sky,92.28217
0.5715165,3.499529e-17,1.317326,sky,92.28217
0.38091,2.332401e-17,1.377899,sky,92.28217
0.1903036,1.165273e-17,1.438473,sky,92.28217
-0.0003028689,-1.854537e-20,1.499047,sky,92.28217
-0.1909093,-1.168982e-17,1.559621,sky,92.28217
-0.3815158,-2.33611e-17,1.620195,sky,92.28217
-0.5721222,-3.503238e-17,1.680768,sky,92.28217
-0.7627286,-4.670366e-17,1.741342,sky,92.28217
