x,y,z,rearMat,Wm2Back
0.7455645,4.565266e-17,1.79006,sky,11.930169999999999
0.5592643,3.424506e-17,1.717312,sky,11.930169999999999
0.3729641,2.283746e-17,1.644564,sky,11.930169999999999
0.1866639,1.142987e-17,1.571816,sky,11.930169999999999
0.000363739,2.227259e-20,1.499068,sky,11.930169999999999
-0.1859364,-1.138532e-17,1.426321,sky,11.930169999999999
-0.3722366,-2.279292e-17,1.353573,sky,11.930169999999999
-0.5585368,-3.420052e-17,1.280825,sky,11.930169999999999
-0.744837,-4.560811e-17,1.208077,sky,11.930169999999999
