x,y,z,rearMat,Wm2Back
0.7198395,4.407746e-17,1.849045,sky,77.37624
0.539989,3.306479e-17,1.761559,sky,77.37624
0.3601385,2.205212e-17,1.674073,sky,77.37624
0.180288,1.103945e-17,1.586587,sky,77.37624
0.0004374297,2.678484e-20,1.499101,sky,77.37624
-0.1794131,-1.098588e-17,1.411615,sky,77.37624
-0.3592636,-2.199855e-17,1.324129,sky,77.37624
-0.5391141,-3.301122e-17,1.236643,sky,77.37624
-0.7189647,-4.402389e-17,1.149157,sky,77.37624
