x,y,z,rearMat,Wm2Back
0.5637908,3.452223e-17,0.9324254,sky,28.61201
0.422666,2.588083e-17,1.074143,sky,28.61201
0.2815411,1.723942e-17,1.21586,sky,28.61201
0.1404163,8.598017e-18,1.357577,sky,28.61201
-0.0007085862,-4.338839e-20,1.499294,sky,28.61201
-0.1418334,-8.684793e-18,1.641012,sky,28.61201
-0.2829583,-1.73262e-17,1.782729,sky,28.61201
-0.4240831,-2.59676e-17,1.924446,sky,28.61201
-0.565208,-3.460901e-17,2.066163,sky,28.61201
