x,y,z,rearMat,Wm2Back
0.5691468,3.485019e-17,2.062204,sky,17.42668
0.427036,2.614841e-17,1.921475,sky,17.42668
0.2849252,1.744664e-17,1.780747,sky,17.42668
0.1428144,8.744861e-18,1.640018,sky,17.42668
0.0007036428,4.308569e-20,1.499289,sky,17.42668
-0.1414071,-8.65869e-18,1.358561,sky,17.42668
-0.2835179,-1.736047e-17,1.217832,sky,17.42668
-0.4256287,-2.606224e-17,1.077104,sky,17.42668
-0.5677395,-3.476402e-17,0.9363752,sky,17.42668
