x,y,z,mattype,Wm2Front
1.5746,4.692453e-17,0.05,groundplane,30.09546
1.5746,0.0254,0.05,groundplane,30.09536
1.5746,0.0508,0.05,groundplane,30.09536
1.5746,0.0762,0.05,groundplane,30.09535
1.5746,0.1016,0.05,groundplane,30.095340000000004
