x,y,z,mattype,Wm2Front
1.5746,4.738711e-17,0.05,groundplane,789.9056
1.5746,0.0254,0.05,groundplane,789.9113000000001
1.5746,0.0508,0.05,groundplane,789.9094
1.5746,0.0762,0.05,groundplane,789.9074999999999
1.5746,0.1016,0.05,groundplane,789.9056
