x,y,z,rearMat,Wm2Back
0.5138922,3.146682e-17,0.8868803,sky,27.497779999999995
0.3852278,2.35884e-17,1.039999,sky,27.497779999999995
0.2565633,1.570997e-17,1.193118,sky,27.497779999999995
0.1278989,7.831546e-18,1.346238,sky,27.497779999999995
-0.0007655955,-4.68792e-20,1.499357,sky,27.497779999999995
-0.12943,-7.925305e-18,1.652476,sky,27.497779999999995
-0.2580945,-1.580373e-17,1.805595,sky,27.497779999999995
-0.3867589,-2.368216e-17,1.958714,sky,27.497779999999995
-0.5154234,-3.156058e-17,2.111833,sky,27.497779999999995
