x,y,z,mattype,Wm2Front
0.3746,4.440663e-17,0.05,groundplane,172.72889999999998
0.3746,0.0254,0.05,groundplane,172.7311
0.3746,0.0508,0.05,groundplane,172.731
0.3746,0.0762,0.05,groundplane,172.731
0.3746,0.1016,0.05,groundplane,172.7309
