x,y,z,rearMat,Wm2Back
0.7324275,4.484825e-17,1.821793,sky,16.99097
0.5494214,3.364236e-17,1.741116,sky,16.99097
0.3664154,2.243647e-17,1.660439,sky,16.99097
0.1834094,1.123059e-17,1.579762,sky,16.99097
0.0004033856,2.470024e-20,1.499085,sky,16.99097
-0.1826026,-1.118119e-17,1.418408,sky,16.99097
-0.3656086,-2.238707e-17,1.337731,sky,16.99097
-0.5486147,-3.359296e-17,1.257054,sky,16.99097
-0.7316207,-4.479885e-17,1.176376,sky,16.99097
