x,y,z,mattype,Wm2Front
0.3746,4.874525e-17,0.05,groundplane,38.8444
0.3746,0.0254,0.05,groundplane,38.84392
0.3746,0.0508,0.05,groundplane,38.84392
0.3746,0.0762,0.05,groundplane,38.84391
0.3746,0.1016,0.05,groundplane,38.84391
