x,y,z,mattype,Wm2Front
0.3746,4.878012e-17,0.05,groundplane,5.105282
0.3746,0.0254,0.05,groundplane,5.105292
0.3746,0.0508,0.05,groundplane,5.105293
0.3746,0.0762,0.05,groundplane,5.105293
0.3746,0.1016,0.05,groundplane,5.105293
