x,y,z,mattype,Wm2Front
0.3746,4.598687e-17,0.05,groundplane,121.23129999999999
0.3746,0.0254,0.05,groundplane,121.23110000000001
0.3746,0.0508,0.05,groundplane,121.23110000000001
0.3746,0.0762,0.05,groundplane,121.23110000000001
0.3746,0.1016,0.05,groundplane,121.23110000000001
