x,y,z,rearMat,Wm2Back
0.7229179,4.426595e-17,1.842623,sky,9.804803
0.5422958,3.320604e-17,1.756742,sky,9.804803
0.3616736,2.214612e-17,1.67086,sky,9.804803
0.1810515,1.108621e-17,1.584979,sky,9.804803
0.0004294081,2.629366e-20,1.499097,sky,9.804803
-0.1801927,-1.103362e-17,1.413215,sky,9.804803
-0.3608148,-2.209354e-17,1.327334,sky,9.804803
-0.5414369,-3.315345e-17,1.241452,sky,9.804803
-0.7220591,-4.421337e-17,1.15557,sky,9.804803
