x,y,z,mattype,Wm2Front
1.5746,3.180284e-17,0.05,groundplane,212.7598
1.5746,0.0254,0.05,groundplane,212.7669
1.5746,0.0508,0.05,groundplane,212.766
1.5746,0.0762,0.05,groundplane,212.76519999999996
1.5746,0.1016,0.05,groundplane,212.76429999999996
