x,y,z,rearMat,Wm2Back
0.5550399,3.398639e-17,2.076135,sky,44.73407
0.4164602,2.550083e-17,1.931928,sky,44.73407
0.2778805,1.701527e-17,1.787721,sky,44.73407
0.1393008,8.529711e-18,1.643514,sky,44.73407
0.000721035,4.415066e-20,1.499307,sky,44.73407
-0.1378587,-8.44141e-18,1.3551,sky,44.73407
-0.2764384,-1.692697e-17,1.210893,sky,44.73407
-0.4150181,-2.541253e-17,1.066686,sky,44.73407
-0.5535979,-3.389809e-17,0.9224791,sky,44.73407
