x,y,z,mattype,Wm2Front
1.5746,4.371844e-17,0.05,groundplane,358.4304
1.5746,0.0254,0.05,groundplane,358.4352999999999
1.5746,0.0508,0.05,groundplane,358.4342
1.5746,0.0762,0.05,groundplane,358.433
1.5746,0.1016,0.05,groundplane,358.4319
