x,y,z,rearMat,Wm2Back
0.7210535,4.415179e-17,1.84653,sky,37.83815
0.5408987,3.312049e-17,1.759672,sky,37.83815
0.3607439,2.208919e-17,1.672814,sky,37.83815
0.1805891,1.105789e-17,1.585957,sky,37.83815
0.000434288,2.659247e-20,1.499099,sky,37.83815
-0.1797205,-1.100471e-17,1.412242,sky,37.83815
-0.3598753,-2.203601e-17,1.325384,sky,37.83815
-0.5400301,-3.306731e-17,1.238526,sky,37.83815
-0.720185,-4.409861e-17,1.151669,sky,37.83815
