x,y,z,mattype,Wm2Front
0.3746,4.879532e-17,0.05,groundplane,15.81514
0.3746,0.0254,0.05,groundplane,15.81579
0.3746,0.0508,0.05,groundplane,15.81579
0.3746,0.0762,0.05,groundplane,15.815779999999998
0.3746,0.1016,0.05,groundplane,15.81577
