x,y,z,rearMat,Wm2Back
0.563097,3.447975e-17,0.931737,sky,16.52851
0.4221454,2.584895e-17,1.073627,sky,16.52851
0.2811938,1.721815e-17,1.215516,sky,16.52851
0.1402422,8.587356e-18,1.357406,sky,16.52851
-0.0007094477,-4.344115e-20,1.499295,sky,16.52851
-0.1416611,-8.674238e-18,1.641185,sky,16.52851
-0.2826127,-1.730503e-17,1.783074,sky,16.52851
-0.4235643,-2.593583e-17,1.924964,sky,16.52851
-0.5645159,-3.456663e-17,2.066853,sky,16.52851
