x,y,z,rearMat,Wm2Back
0.5971102,3.656245e-17,0.96759,sky,22.48035
0.4476665,2.741167e-17,1.100506,sky,22.48035
0.2982228,1.826088e-17,1.233421,sky,22.48035
0.1487791,9.110093e-18,1.366337,sky,22.48035
-0.0006645785,-4.06937e-20,1.499253,sky,22.48035
-0.1501083,-9.19148e-18,1.632168,sky,22.48035
-0.2995519,-1.834227e-17,1.765084,sky,22.48035
-0.4489956,-2.749305e-17,1.898,sky,22.48035
-0.5984393,-3.664384e-17,2.030916,sky,22.48035
