x,y,z,mattype,Wm2Front
1.5746,4.89912e-17,0.05,groundplane,708.8452000000001
1.5746,0.0254,0.05,groundplane,708.8458999999999
1.5746,0.0508,0.05,groundplane,708.8456
1.5746,0.0762,0.05,groundplane,708.8453
1.5746,0.1016,0.05,groundplane,708.8449999999999
