x,y,z,rearMat,Wm2Back
0.6260142,3.833231e-17,1.998104,sky,64.28936
0.4696665,2.875878e-17,1.873382,sky,64.28936
0.3133189,1.918525e-17,1.748661,sky,64.28936
0.1569712,9.611717e-18,1.62394,sky,64.28936
0.0006236068,3.81849e-20,1.499218,sky,64.28936
-0.155724,-9.535347e-18,1.374497,sky,64.28936
-0.3120717,-1.910888e-17,1.249776,sky,64.28936
-0.4684193,-2.868241e-17,1.125054,sky,64.28936
-0.624767,-3.825594e-17,1.000333,sky,64.28936
