x,y,z,mattype,Wm2Front
0.3746,4.653956e-17,0.05,groundplane,123.68760000000002
0.3746,0.0254,0.05,groundplane,123.6895
0.3746,0.0508,0.05,groundplane,123.68940000000002
0.3746,0.0762,0.05,groundplane,123.68940000000002
0.3746,0.1016,0.05,groundplane,123.6893
