x,y,z,mattype,Wm2Front
1.5746,3.050247e-17,0.05,groundplane,112.70300000000002
1.5746,0.0254,0.05,groundplane,112.7074
1.5746,0.0508,0.05,groundplane,112.7072
1.5746,0.0762,0.05,groundplane,112.707
1.5746,0.1016,0.05,groundplane,112.7068
