x,y,z,mattype,Wm2Front
1.5746,4.795027e-17,0.05,groundplane,20.98207
1.5746,0.0254,0.05,groundplane,20.98202
1.5746,0.0508,0.05,groundplane,20.98202
1.5746,0.0762,0.05,groundplane,20.98202
1.5746,0.1016,0.05,groundplane,20.98202
