x,y,z,mattype,Wm2Front
0.3746,4.899193e-17,0.05,groundplane,4.392991
0.3746,0.0254,0.05,groundplane,4.392847
0.3746,0.0508,0.05,groundplane,4.392848
0.3746,0.0762,0.05,groundplane,4.392849
0.3746,0.1016,0.05,groundplane,4.39285
