x,y,z,mattype,Wm2Front
1.5746,3.050247e-17,0.05,groundplane,234.6554
1.5746,0.0254,0.05,groundplane,234.6589
1.5746,0.0508,0.05,groundplane,234.65870000000004
1.5746,0.0762,0.05,groundplane,234.6585
1.5746,0.1016,0.05,groundplane,234.6584
