x,y,z,mattype,Wm2Front
0.3746,3.050247e-17,0.05,groundplane,99.74729
0.3746,0.0254,0.05,groundplane,99.7479
0.3746,0.0508,0.05,groundplane,99.74785000000001
0.3746,0.0762,0.05,groundplane,99.7478
0.3746,0.1016,0.05,groundplane,99.74775
