x,y,z,mattype,Wm2Front
1.5746,4.429656e-17,0.05,groundplane,706.6709999999999
1.5746,0.0254,0.05,groundplane,706.6713
1.5746,0.0508,0.05,groundplane,706.6708
1.5746,0.0762,0.05,groundplane,706.6704999999998
1.5746,0.1016,0.05,groundplane,706.67
