x,y,z,mattype,Wm2Front
1.5746,4.599867e-17,0.05,groundplane,842.5538
1.5746,0.0254,0.05,groundplane,842.5538
1.5746,0.0508,0.05,groundplane,842.5535
1.5746,0.0762,0.05,groundplane,842.5531
1.5746,0.1016,0.05,groundplane,842.5526999999998
