x,y,z,rearMat,Wm2Back
0.7961984,4.875309e-17,1.577905,sky,25.17314
0.5971734,3.656633e-17,1.55818,sky,25.17314
0.3981485,2.437956e-17,1.538455,sky,25.17314
0.1991236,1.21928e-17,1.51873,sky,25.17314
9.862505e-05,6.039042e-21,1.499005,sky,25.17314
-0.1989263,-1.218072e-17,1.47928,sky,25.17314
-0.3979512,-2.436749e-17,1.459555,sky,25.17314
-0.5969762,-3.655425e-17,1.43983,sky,25.17314
-0.7960011,-4.874101e-17,1.420105,sky,25.17314
