x,y,z,rearMat,Wm2Back
0.7987598,4.890993e-17,1.45546,sky,87.34057
0.5990562,3.668161e-17,1.466345,sky,87.34057
0.3993527,2.44533e-17,1.477231,sky,87.34057
0.1996491,1.222498e-17,1.488116,sky,87.34057
-5.442736e-05,-3.332715e-21,1.499001,sky,87.34057
-0.199758,-1.223165e-17,1.509887,sky,87.34057
-0.3994615,-2.445996e-17,1.520772,sky,87.34057
-0.5991651,-3.668828e-17,1.531658,sky,87.34057
-0.7988686,-4.891659e-17,1.542543,sky,87.34057
