x,y,z,rearMat,Wm2Back
0.6981227,4.274769e-17,1.109327,sky,7.107709
0.5234702,3.205331e-17,1.206777,sky,7.107709
0.3488177,2.135893e-17,1.304227,sky,7.107709
0.1741652,1.066455e-17,1.401677,sky,7.107709
-0.0004872501,-2.983547e-20,1.499127,sky,7.107709
-0.1751397,-1.072422e-17,1.596577,sky,7.107709
-0.3497922,-2.14186e-17,1.694027,sky,7.107709
-0.5244447,-3.211298e-17,1.791477,sky,7.107709
-0.6990972,-4.280736e-17,1.888927,sky,7.107709
