x,y,z,rearMat,Wm2Back
0.7946854,4.866045e-17,1.592066,sky,18.74028
0.5960431,3.649711e-17,1.568801,sky,18.74028
0.3974008,2.433378e-17,1.545536,sky,18.74028
0.1987586,1.217045e-17,1.522272,sky,18.74028
0.000116324,7.122794e-21,1.499007,sky,18.74028
-0.1985259,-1.215621e-17,1.475742,sky,18.74028
-0.3971682,-2.431954e-17,1.452477,sky,18.74028
-0.5958105,-3.648287e-17,1.429212,sky,18.74028
-0.7944527,-4.86462e-17,1.405948,sky,18.74028
