x,y,z,mattype,Wm2Front
0.3746,4.876246e-17,0.05,groundplane,34.84621
0.3746,0.0254,0.05,groundplane,34.84588
0.3746,0.0508,0.05,groundplane,34.84587
0.3746,0.0762,0.05,groundplane,34.84586
0.3746,0.1016,0.05,groundplane,34.84585
