x,y,z,mattype,Wm2Front
0.3746,3.867061e-17,0.05,groundplane,773.0924
0.3746,0.0254,0.05,groundplane,773.0947
0.3746,0.0508,0.05,groundplane,773.0944
0.3746,0.0762,0.05,groundplane,773.0940999999999
0.3746,0.1016,0.05,groundplane,773.0939
