x,y,z,rearMat,Wm2Back
0.7452946,4.563613e-17,1.209248,sky,16.04807
0.5588804,3.422155e-17,1.281703,sky,16.04807
0.3724662,2.280698e-17,1.354158,sky,16.04807
0.1860519,1.13924e-17,1.426613,sky,16.04807
-0.0003622754,-2.218297e-20,1.499068,sky,16.04807
-0.1867765,-1.143676e-17,1.571523,sky,16.04807
-0.3731907,-2.285134e-17,1.643978,sky,16.04807
-0.5596049,-3.426592e-17,1.716433,sky,16.04807
-0.7460192,-4.56805e-17,1.788888,sky,16.04807
