x,y,z,mattype,Wm2Front
1.5746,4.825586e-17,0.05,groundplane,63.03994
1.5746,0.0254,0.05,groundplane,63.03923
1.5746,0.0508,0.05,groundplane,63.03923
1.5746,0.0762,0.05,groundplane,63.03923
1.5746,0.1016,0.05,groundplane,63.03924
