x,y,z,rearMat,Wm2Back
0.5771997,3.534329e-17,0.9460672,sky,63.13572
0.4327269,2.649688e-17,1.08437,sky,63.13572
0.2882541,1.765047e-17,1.222672,sky,63.13572
0.1437813,8.804064e-18,1.360975,sky,63.13572
-0.0006915131,-4.234296e-20,1.499278,sky,63.13572
-0.1451643,-8.88875e-18,1.63758,sky,63.13572
-0.2896371,-1.773516e-17,1.775883,sky,63.13572
-0.4341099,-2.658156e-17,1.914185,sky,63.13572
-0.5785827,-3.542797e-17,2.052488,sky,63.13572
