x,y,z,mattype,Wm2Front
0.3746,4.077926e-17,0.05,groundplane,237.356
0.3746,0.0254,0.05,groundplane,237.3545
0.3746,0.0508,0.05,groundplane,237.3545
0.3746,0.0762,0.05,groundplane,237.35440000000003
0.3746,0.1016,0.05,groundplane,237.35440000000003
