x,y,z,rearMat,Wm2Back
0.7709483,4.720697e-17,1.713635,sky,14.466479999999999
0.5782783,3.540933e-17,1.659985,sky,14.466479999999999
0.3856083,2.36117e-17,1.606336,sky,14.466479999999999
0.1929383,1.181406e-17,1.552686,sky,14.466479999999999
0.0002682473,1.642541e-20,1.499037,sky,14.466479999999999
-0.1924018,-1.178121e-17,1.445387,sky,14.466479999999999
-0.3850718,-2.357885e-17,1.391738,sky,14.466479999999999
-0.5777418,-3.537648e-17,1.338088,sky,14.466479999999999
-0.7704118,-4.717412e-17,1.284439,sky,14.466479999999999
