x,y,z,rearMat,Wm2Back
0.74316,4.550543e-17,1.796166,sky,76.8355
0.5574629,3.413476e-17,1.721892,sky,76.8355
0.3717657,2.276408e-17,1.647619,sky,76.8355
0.1860685,1.139341e-17,1.573345,sky,76.8355
0.0003713678,2.273972e-20,1.499072,sky,76.8355
-0.1853258,-1.134793e-17,1.424798,sky,76.8355
-0.371023,-2.27186e-17,1.350524,sky,76.8355
-0.5567201,-3.408928e-17,1.276251,sky,76.8355
-0.7424173,-4.545995e-17,1.201977,sky,76.8355
