x,y,z,mattype,Wm2Front
1.5746,3.247255e-17,0.05,groundplane,508.8097
1.5746,0.0254,0.05,groundplane,508.8088
1.5746,0.0508,0.05,groundplane,508.8087
1.5746,0.0762,0.05,groundplane,508.8086
1.5746,0.1016,0.05,groundplane,508.8084999999999
