x,y,z,rearMat,Wm2Back
0.6562148,4.018157e-17,1.957584,sky,63.78947
0.4923044,3.014495e-17,1.842983,sky,63.78947
0.3283939,2.010833e-17,1.728382,sky,63.78947
0.1644835,1.007171e-17,1.613781,sky,63.78947
0.0005730044,3.50864e-20,1.49918,sky,63.78947
-0.1633375,-1.000153e-17,1.38458,sky,63.78947
-0.3272479,-2.003816e-17,1.269979,sky,63.78947
-0.4911584,-3.007478e-17,1.155378,sky,63.78947
-0.6550688,-4.01114e-17,1.040777,sky,63.78947
