x,y,z,mattype,Wm2Front
0.3746,3.19652e-17,0.05,groundplane,240.34669999999997
0.3746,0.0254,0.05,groundplane,240.3538
0.3746,0.0508,0.05,groundplane,240.3527
0.3746,0.0762,0.05,groundplane,240.3516
0.3746,0.1016,0.05,groundplane,240.3506
