x,y,z,rearMat,Wm2Back
0.7969787,4.880087e-17,1.430531,sky,1.581537
0.5977126,3.659934e-17,1.447649,sky,1.581537
0.3984466,2.439782e-17,1.464767,sky,1.581537
0.1991805,1.219629e-17,1.481886,sky,1.581537
-8.559082e-05,-5.240926e-21,1.499004,sky,1.581537
-0.1993517,-1.220677e-17,1.516122,sky,1.581537
-0.3986177,-2.44083e-17,1.53324,sky,1.581537
-0.5978838,-3.660982e-17,1.550358,sky,1.581537
-0.7971499,-4.881135e-17,1.567476,sky,1.581537
