x,y,z,mattype,Wm2Front
0.3746,4.46951e-17,0.05,groundplane,59.89024
0.3746,0.0254,0.05,groundplane,59.89052999999999
0.3746,0.0508,0.05,groundplane,59.89052999999999
0.3746,0.0762,0.05,groundplane,59.89052999999999
0.3746,0.1016,0.05,groundplane,59.89052999999999
