x,y,z,mattype,Wm2Front
0.3746,3.257661e-17,0.05,groundplane,241.9003
0.3746,0.0254,0.05,groundplane,241.9048
0.3746,0.0508,0.05,groundplane,241.90469999999996
0.3746,0.0762,0.05,groundplane,241.9046
0.3746,0.1016,0.05,groundplane,241.9046
