x,y,z,mattype,Wm2Front
0.3746,4.900265e-17,0.05,groundplane,5.662704000000001
0.3746,0.0254,0.05,groundplane,5.6625380000000005
0.3746,0.0508,0.05,groundplane,5.662534
0.3746,0.0762,0.05,groundplane,5.66253
0.3746,0.1016,0.05,groundplane,5.662527
