x,y,z,mattype,Wm2Front
0.3746,4.217161e-17,0.05,groundplane,219.9851
0.3746,0.0254,0.05,groundplane,219.9832
0.3746,0.0508,0.05,groundplane,219.9831
0.3746,0.0762,0.05,groundplane,219.98300000000003
0.3746,0.1016,0.05,groundplane,219.9829
