x,y,z,mattype,Wm2Front
0.3746,3.050247e-17,0.05,groundplane,478.0787
0.3746,0.0254,0.05,groundplane,478.08189999999996
0.3746,0.0508,0.05,groundplane,478.0816
0.3746,0.0762,0.05,groundplane,478.0814
0.3746,0.1016,0.05,groundplane,478.08110000000005
