x,y,z,rearMat,Wm2Back
0.5489434,3.361309e-17,0.9180532,sky,14.30926
0.4115259,2.51987e-17,1.063368,sky,14.30926
0.2741084,1.67843e-17,1.208683,sky,14.30926
0.1366909,8.369905e-18,1.353998,sky,14.30926
-0.0007265747,-4.448987e-20,1.499313,sky,14.30926
-0.1381441,-8.458885e-18,1.644628,sky,14.30926
-0.2755616,-1.687328e-17,1.789943,sky,14.30926
-0.4129791,-2.528768e-17,1.935258,sky,14.30926
-0.5503966,-3.370207e-17,2.080573,sky,14.30926
