x,y,z,mattype,Wm2Front
1.5746,3.247255e-17,0.05,groundplane,387.4861
1.5746,0.0254,0.05,groundplane,387.4856
1.5746,0.0508,0.05,groundplane,387.4854
1.5746,0.0762,0.05,groundplane,387.4853
1.5746,0.1016,0.05,groundplane,387.48510000000005
