x,y,z,rearMat,Wm2Back
0.6817358,4.174428e-17,1.081386,sky,14.6118
0.5111713,3.130021e-17,1.185827,sky,14.6118
0.3406068,2.085615e-17,1.290267,sky,14.6118
0.1700423,1.041209e-17,1.394707,sky,14.6118
-0.0005222009,-3.197558e-20,1.499147,sky,14.6118
-0.1710867,-1.047604e-17,1.603587,sky,14.6118
-0.3416512,-2.09201e-17,1.708028,sky,14.6118
-0.5122157,-3.136417e-17,1.812468,sky,14.6118
-0.6827802,-4.180823e-17,1.916908,sky,14.6118
