x,y,z,mattype,Wm2Front
1.5746,3.050247e-17,0.05,groundplane,468.7857000000001
1.5746,0.0254,0.05,groundplane,468.789
1.5746,0.0508,0.05,groundplane,468.7888
1.5746,0.0762,0.05,groundplane,468.78860000000003
1.5746,0.1016,0.05,groundplane,468.7883
