x,y,z,rearMat,Wm2Back
0.546636,3.34718e-17,2.084115,sky,25.0343
0.4101597,2.511504e-17,1.937916,sky,25.0343
0.2736835,1.675828e-17,1.791716,sky,25.0343
0.1372072,8.40152e-18,1.645517,sky,25.0343
0.0007309965,4.476063e-20,1.499318,sky,25.0343
-0.1357452,-8.311999e-18,1.353118,sky,25.0343
-0.2722215,-1.666876e-17,1.206919,sky,25.0343
-0.4086977,-2.502552e-17,1.06072,sky,25.0343
-0.545174,-3.338228e-17,0.9145204,sky,25.0343
