x,y,z,mattype,Wm2Front
1.5746,3.965595e-17,0.05,groundplane,507.8853
1.5746,0.0254,0.05,groundplane,507.8822
1.5746,0.0508,0.05,groundplane,507.8806
1.5746,0.0762,0.05,groundplane,507.8790000000001
1.5746,0.1016,0.05,groundplane,507.8774
