x,y,z,mattype,Wm2Front
1.5746,4.81225e-17,0.05,groundplane,822.5879
1.5746,0.0254,0.05,groundplane,822.5886999999999
1.5746,0.0508,0.05,groundplane,822.5883
1.5746,0.0762,0.05,groundplane,822.5879
1.5746,0.1016,0.05,groundplane,822.5874
