x,y,z,mattype,Wm2Front
0.3746,4.815965e-17,0.05,groundplane,54.627199999999995
0.3746,0.0254,0.05,groundplane,54.62823
0.3746,0.0508,0.05,groundplane,54.62822
0.3746,0.0762,0.05,groundplane,54.62821
0.3746,0.1016,0.05,groundplane,54.6282
