x,y,z,mattype,Wm2Front
0.3746,3.247255e-17,0.05,groundplane,478.9584
0.3746,0.0254,0.05,groundplane,478.9573
0.3746,0.0508,0.05,groundplane,478.9571
0.3746,0.0762,0.05,groundplane,478.95689999999996
0.3746,0.1016,0.05,groundplane,478.9567
