x,y,z,mattype,Wm2Front
1.5746,3.050247e-17,0.05,groundplane,191.26200000000003
1.5746,0.0254,0.05,groundplane,191.269
1.5746,0.0508,0.05,groundplane,191.2686
1.5746,0.0762,0.05,groundplane,191.2682
1.5746,0.1016,0.05,groundplane,191.2678
