x,y,z,mattype,Wm2Front
0.3746,4.88526e-17,0.05,groundplane,25.21572
0.3746,0.0254,0.05,groundplane,25.21512
0.3746,0.0508,0.05,groundplane,25.21512
0.3746,0.0762,0.05,groundplane,25.21513
0.3746,0.1016,0.05,groundplane,25.21513
