x,y,z,rearMat,Wm2Back
0.5757475,3.525437e-17,0.944558,sky,21.59667
0.4316373,2.643016e-17,1.083238,sky,21.59667
0.287527,1.760595e-17,1.221919,sky,21.59667
0.1434168,8.781748e-18,1.360599,sky,21.59667
-0.0006934018,-4.245862e-20,1.499279,sky,21.59667
-0.1448036,-8.866665e-18,1.63796,sky,21.59667
-0.2889138,-1.769087e-17,1.77664,sky,21.59667
-0.4330241,-2.651508e-17,1.915321,sky,21.59667
-0.5771343,-3.533928e-17,2.054001,sky,21.59667
