x,y,z,mattype,Wm2Front
1.5746,4.760729e-17,0.05,groundplane,96.17374
1.5746,0.0254,0.05,groundplane,96.1734
1.5746,0.0508,0.05,groundplane,96.17338
1.5746,0.0762,0.05,groundplane,96.17336
1.5746,0.1016,0.05,groundplane,96.17334
