x,y,z,mattype,Wm2Front
1.5746,4.493039e-17,0.05,groundplane,69.85711
1.5746,0.0254,0.05,groundplane,69.86008
1.5746,0.0508,0.05,groundplane,69.86002
1.5746,0.0762,0.05,groundplane,69.85997
1.5746,0.1016,0.05,groundplane,69.85991
