x,y,z,mattype,Wm2Front
1.5746,3.050247e-17,0.05,groundplane,191.6074
1.5746,0.0254,0.05,groundplane,191.6117
1.5746,0.0508,0.05,groundplane,191.6114
1.5746,0.0762,0.05,groundplane,191.611
1.5746,0.1016,0.05,groundplane,191.61070000000004
