x,y,z,rearMat,Wm2Back
0.5870946,3.594917e-17,2.043434,sky,54.62434
0.440491,2.697229e-17,1.907393,sky,54.62434
0.2938874,1.799541e-17,1.771351,sky,54.62434
0.1472838,9.018532e-18,1.635309,sky,54.62434
0.0006802093,4.165081e-20,1.499267,sky,54.62434
-0.1459234,-8.93523e-18,1.363225,sky,54.62434
-0.292527,-1.791211e-17,1.227183,sky,54.62434
-0.4391306,-2.688899e-17,1.091141,sky,54.62434
-0.5857342,-3.586587e-17,0.9550995,sky,54.62434
