x,y,z,mattype,Wm2Front
1.5746,4.800251e-17,0.05,groundplane,914.9703
1.5746,0.0254,0.05,groundplane,914.9708
1.5746,0.0508,0.05,groundplane,914.9702000000001
1.5746,0.0762,0.05,groundplane,914.9695
1.5746,0.1016,0.05,groundplane,914.9688
