x,y,z,mattype,Wm2Front
0.3746,3.560043e-17,0.05,groundplane,373.5803
0.3746,0.0254,0.05,groundplane,373.5773
0.3746,0.0508,0.05,groundplane,373.57649999999995
0.3746,0.0762,0.05,groundplane,373.57570000000004
0.3746,0.1016,0.05,groundplane,373.575
