x,y,z,mattype,Wm2Front
1.5746,4.834143e-17,0.05,groundplane,811.8503
1.5746,0.0254,0.05,groundplane,811.8514
1.5746,0.0508,0.05,groundplane,811.851
1.5746,0.0762,0.05,groundplane,811.8506000000001
1.5746,0.1016,0.05,groundplane,811.8501
