x,y,z,rearMat,Wm2Back
0.5791297,3.546147e-17,0.9480854,sky,25.46495
0.434175,2.658555e-17,1.085883,sky,25.46495
0.2892204,1.770964e-17,1.22368,sky,25.46495
0.1442657,8.833726e-18,1.361478,sky,25.46495
-0.0006889873,-4.218831e-20,1.499275,sky,25.46495
-0.1456437,-8.918102e-18,1.637073,sky,25.46495
-0.2905983,-1.779402e-17,1.77487,sky,25.46495
-0.435553,-2.666993e-17,1.912668,sky,25.46495
-0.5805077,-3.554584e-17,2.050465,sky,25.46495
