x,y,z,rearMat,Wm2Back
0.7150009,4.378118e-17,1.141148,sky,94.42531000000001
0.5361388,3.282904e-17,1.230638,sky,94.42531000000001
0.3572767,2.187689e-17,1.320127,sky,94.42531000000001
0.1784146,1.092475e-17,1.409616,sky,94.42531000000001
-0.0004474469,-2.739822e-20,1.499106,sky,94.42531000000001
-0.1793095,-1.097954e-17,1.588595,sky,94.42531000000001
-0.3581716,-2.193169e-17,1.678084,sky,94.42531000000001
-0.5370337,-3.288383e-17,1.767574,sky,94.42531000000001
-0.7158958,-4.383598e-17,1.857063,sky,94.42531000000001
