x,y,z,rearMat,Wm2Back
0.7528074,4.609616e-17,1.770707,sky,19.92909
0.5646904,3.457732e-17,1.702795,sky,19.92909
0.3765735,2.305848e-17,1.634883,sky,19.92909
0.1884565,1.153963e-17,1.566971,sky,19.92909
0.0003395589,2.079198e-20,1.499059,sky,19.92909
-0.1877774,-1.149805e-17,1.431148,sky,19.92909
-0.3758944,-2.301689e-17,1.363236,sky,19.92909
-0.5640113,-3.453573e-17,1.295324,sky,19.92909
-0.7521283,-4.605457e-17,1.227412,sky,19.92909
