x,y,z,rearMat,Wm2Back
0.7996561,4.896481e-17,1.476524,sky,0.4939624
0.599735,3.672318e-17,1.482143,sky,0.4939624
0.399814,2.448155e-17,1.487762,sky,0.4939624
0.1998929,1.223991e-17,1.493381,sky,0.4939624
-2.80961e-05,-1.72039e-21,1.499,sky,0.4939624
-0.1999491,-1.224335e-17,1.50462,sky,0.4939624
-0.3998702,-2.448499e-17,1.510239,sky,0.4939624
-0.5997912,-3.672662e-17,1.515858,sky,0.4939624
-0.7997123,-4.896825e-17,1.521477,sky,0.4939624
