x,y,z,rearMat,Wm2Back
0.5662939,3.46755e-17,2.065077,sky,86.64137999999998
0.4248972,2.601745e-17,1.923631,sky,86.64137999999998
0.2835006,1.73594e-17,1.782185,sky,86.64137999999998
0.1421039,8.701354e-18,1.640739,sky,86.64137999999998
0.0007072302,4.330536e-20,1.499293,sky,86.64137999999998
-0.1406894,-8.614744e-18,1.357847,sky,86.64137999999998
-0.2820861,-1.727279e-17,1.216401,sky,86.64137999999998
-0.4234828,-2.593084e-17,1.074955,sky,86.64137999999998
-0.5648795,-3.458889e-17,0.9335089,sky,86.64137999999998
