x,y,z,mattype,Wm2Front
0.3746,4.892363e-17,0.05,groundplane,924.4052
0.3746,0.0254,0.05,groundplane,924.406
0.3746,0.0508,0.05,groundplane,924.4056
0.3746,0.0762,0.05,groundplane,924.4053
0.3746,0.1016,0.05,groundplane,924.4050000000001
