x,y,z,rearMat,Wm2Back
0.5240925,3.209141e-17,0.8955763,sky,33.37635
0.3928807,2.405701e-17,1.046518,sky,33.37635
0.2616689,1.60226e-17,1.19746,sky,33.37635
0.1304571,7.988193e-18,1.348402,sky,33.37635
-0.0007547096,-4.621263e-20,1.499344,sky,33.37635
-0.1319665,-8.080619e-18,1.650286,sky,33.37635
-0.2631783,-1.611502e-17,1.801228,sky,33.37635
-0.3943901,-2.414943e-17,1.95217,sky,33.37635
-0.5256019,-3.218384e-17,2.103112,sky,33.37635
