x,y,z,mattype,Wm2Front
1.5746,4.710831e-17,0.05,groundplane,97.58199
1.5746,0.0254,0.05,groundplane,97.58463
1.5746,0.0508,0.05,groundplane,97.58466
1.5746,0.0762,0.05,groundplane,97.58468999999998
1.5746,0.1016,0.05,groundplane,97.58471000000002
