x,y,z,rearMat,Wm2Back
0.7736786,4.737415e-17,1.703525,sky,19.19759
0.5803229,3.553453e-17,1.652402,sky,19.19759
0.3869671,2.36949e-17,1.601279,sky,19.19759
0.1936114,1.185528e-17,1.550156,sky,19.19759
0.0002556145,1.565187e-20,1.499033,sky,19.19759
-0.1931001,-1.182397e-17,1.44791,sky,19.19759
-0.3864559,-2.36636e-17,1.396787,sky,19.19759
-0.5798117,-3.550322e-17,1.345665,sky,19.19759
-0.7731674,-4.734285e-17,1.294542,sky,19.19759
