x,y,z,rearMat,Wm2Back
0.7135751,4.369387e-17,1.861679,sky,10.01049
0.5352946,3.277734e-17,1.771036,sky,10.01049
0.3570142,2.186081e-17,1.680394,sky,10.01049
0.1787337,1.094428e-17,1.589751,sky,10.01049
0.0004532128,2.775128e-20,1.499109,sky,10.01049
-0.1778273,-1.088878e-17,1.408466,sky,10.01049
-0.3561077,-2.180531e-17,1.317823,sky,10.01049
-0.5343882,-3.272184e-17,1.227181,sky,10.01049
-0.7126687,-4.363837e-17,1.136538,sky,10.01049
