x,y,z,rearMat,Wm2Back
0.5425448,3.322129e-17,2.087917,sky,44.45091
0.4070925,2.492723e-17,1.940768,sky,44.45091
0.2716403,1.663317e-17,1.79362,sky,44.45091
0.136188,8.33911e-18,1.646471,sky,44.45091
0.0007357426,4.505124e-20,1.499323,sky,44.45091
-0.1347165,-8.249008e-18,1.352174,sky,44.45091
-0.2701688,-1.654307e-17,1.205026,sky,44.45091
-0.405621,-2.483713e-17,1.057877,sky,44.45091
-0.5410733,-3.313118e-17,0.9107287,sky,44.45091
