x,y,z,mattype,Wm2Front
0.3746,4.886264e-17,0.05,groundplane,14.77603
0.3746,0.0254,0.05,groundplane,14.77646
0.3746,0.0508,0.05,groundplane,14.776469999999998
0.3746,0.0762,0.05,groundplane,14.77648
0.3746,0.1016,0.05,groundplane,14.77649
