x,y,z,mattype,Wm2Front
1.5746,4.868448e-17,0.05,groundplane,722.5291000000001
1.5746,0.0254,0.05,groundplane,722.5306
1.5746,0.0508,0.05,groundplane,722.5302
1.5746,0.0762,0.05,groundplane,722.5297
1.5746,0.1016,0.05,groundplane,722.5292
