x,y,z,rearMat,Wm2Back
0.5829996,3.569843e-17,2.047825,sky,65.09143
0.4374212,2.678432e-17,1.910687,sky,65.09143
0.2918427,1.787021e-17,1.773549,sky,65.09143
0.1462642,8.956098e-18,1.63641,sky,65.09143
0.0006856913,4.198648e-20,1.499272,sky,65.09143
-0.1448928,-8.872125e-18,1.362134,sky,65.09143
-0.2904713,-1.778624e-17,1.224996,sky,65.09143
-0.4360498,-2.670035e-17,1.087857,sky,65.09143
-0.5816283,-3.561446e-17,0.950719,sky,65.09143
