x,y,z,mattype,Wm2Front
1.5746,3.247255e-17,0.05,groundplane,398.1775
1.5746,0.0254,0.05,groundplane,398.17620000000005
1.5746,0.0508,0.05,groundplane,398.17609999999996
1.5746,0.0762,0.05,groundplane,398.17609999999996
1.5746,0.1016,0.05,groundplane,398.176
