x,y,z,rearMat,Wm2Back
0.7090823,4.341877e-17,1.12959,sky,7.497729
0.5316962,3.2557e-17,1.221971,sky,7.497729
0.3543102,2.169524e-17,1.314352,sky,7.497729
0.1769241,1.083348e-17,1.406732,sky,7.497729
-0.0004619034,-2.828343e-20,1.499113,sky,7.497729
-0.1778479,-1.089005e-17,1.591494,sky,7.497729
-0.355234,-2.175181e-17,1.683874,sky,7.497729
-0.53262,-3.261357e-17,1.776255,sky,7.497729
-0.7100061,-4.347533e-17,1.868636,sky,7.497729
