x,y,z,mattype,Wm2Front
1.5746,4.86958e-17,0.05,groundplane,41.96234
1.5746,0.0254,0.05,groundplane,41.96182
1.5746,0.0508,0.05,groundplane,41.96181
1.5746,0.0762,0.05,groundplane,41.9618
1.5746,0.1016,0.05,groundplane,41.96179
