x,y,z,mattype,Wm2Front
1.5746,4.879824e-17,0.05,groundplane,752.8467999999999
1.5746,0.0254,0.05,groundplane,752.8494999999999
1.5746,0.0508,0.05,groundplane,752.8484
1.5746,0.0762,0.05,groundplane,752.8473
1.5746,0.1016,0.05,groundplane,752.8462
