x,y,z,mattype,Wm2Front
1.5746,3.895636e-17,0.05,groundplane,228.7918
1.5746,0.0254,0.05,groundplane,228.7903
1.5746,0.0508,0.05,groundplane,228.7902
1.5746,0.0762,0.05,groundplane,228.79010000000002
1.5746,0.1016,0.05,groundplane,228.79
