x,y,z,mattype,Wm2Front
1.5746,4.709116e-17,0.05,groundplane,476.4803
1.5746,0.0254,0.05,groundplane,476.48510000000005
1.5746,0.0508,0.05,groundplane,476.48240000000004
1.5746,0.0762,0.05,groundplane,476.47970000000004
1.5746,0.1016,0.05,groundplane,476.47700000000003
