x,y,z,rearMat,Wm2Back
0.6217315,3.807007e-17,2.003439,sky,32.93267
0.4664562,2.85622e-17,1.877385,sky,32.93267
0.3111809,1.905433e-17,1.751331,sky,32.93267
0.1559056,9.546463e-18,1.625278,sky,32.93267
0.0006302694,3.859287e-20,1.499224,sky,32.93267
-0.154645,-9.469277e-18,1.37317,sky,32.93267
-0.3099203,-1.897715e-17,1.247116,sky,32.93267
-0.4651956,-2.848502e-17,1.121062,sky,32.93267
-0.6204709,-3.799289e-17,0.9950081,sky,32.93267
