x,y,z,mattype,Wm2Front
1.5746,4.275623e-17,0.05,groundplane,767.5281
1.5746,0.0254,0.05,groundplane,767.5283
1.5746,0.0508,0.05,groundplane,767.5279999999999
1.5746,0.0762,0.05,groundplane,767.5276
1.5746,0.1016,0.05,groundplane,767.5272
