x,y,z,rearMat,Wm2Back
0.7092115,4.342668e-17,1.129838,sky,10.973909999999998
0.5317933,3.256295e-17,1.222157,sky,10.973909999999998
0.354375,2.169921e-17,1.314475,sky,10.973909999999998
0.1769567,1.083547e-17,1.406794,sky,10.973909999999998
-0.0004615938,-2.826447e-20,1.499113,sky,10.973909999999998
-0.1778799,-1.0892e-17,1.591432,sky,10.973909999999998
-0.3552982,-2.175574e-17,1.68375,sky,10.973909999999998
-0.5327164,-3.261947e-17,1.776069,sky,10.973909999999998
-0.7101347,-4.348321e-17,1.868388,sky,10.973909999999998
