x,y,z,rearMat,Wm2Back
0.7864729,4.815757e-17,1.353503,sky,3.5082399999999994
0.5898092,3.61154e-17,1.389881,sky,3.5082399999999994
0.3931455,2.407322e-17,1.42626,sky,3.5082399999999994
0.1964818,1.203104e-17,1.462638,sky,3.5082399999999994
-0.0001818923,-1.113769e-20,1.499017,sky,3.5082399999999994
-0.1968456,-1.205332e-17,1.535395,sky,3.5082399999999994
-0.3935093,-2.409549e-17,1.571774,sky,3.5082399999999994
-0.590173,-3.613767e-17,1.608152,sky,3.5082399999999994
-0.7868367,-4.817985e-17,1.644531,sky,3.5082399999999994
