x,y,z,mattype,Wm2Front
1.5746,4.888316e-17,0.05,groundplane,23.91391
1.5746,0.0254,0.05,groundplane,23.91479
1.5746,0.0508,0.05,groundplane,23.91479
1.5746,0.0762,0.05,groundplane,23.914779999999997
1.5746,0.1016,0.05,groundplane,23.914779999999997
