x,y,z,rearMat,Wm2Back
0.6350368,3.888479e-17,1.986548,sky,35.89796
0.4764299,2.917292e-17,1.864713,sky,35.89796
0.317823,1.946104e-17,1.742878,sky,35.89796
0.1592161,9.749173e-18,1.621042,sky,35.89796
0.0006091767,3.730132e-20,1.499207,sky,35.89796
-0.1579977,-9.67457e-18,1.377372,sky,35.89796
-0.3166046,-1.938644e-17,1.255536,sky,35.89796
-0.4752115,-2.909831e-17,1.133701,sky,35.89796
-0.6338184,-3.881018e-17,1.011866,sky,35.89796
