x,y,z,mattype,Wm2Front
1.5746,4.439843e-17,0.05,groundplane,749.2763
1.5746,0.0254,0.05,groundplane,749.2784
1.5746,0.0508,0.05,groundplane,749.2779999999999
1.5746,0.0762,0.05,groundplane,749.2776
1.5746,0.1016,0.05,groundplane,749.2772
