x,y,z,rearMat,Wm2Back
0.6255511,3.830396e-17,1.001315,sky,76.86435
0.4690077,2.871844e-17,1.12579,sky,76.86435
0.3124643,1.913292e-17,1.250266,sky,76.86435
0.155921,9.547407e-18,1.374742,sky,76.86435
-0.000622378,-3.810966e-20,1.499217,sky,76.86435
-0.1571657,-9.623626e-18,1.623693,sky,76.86435
-0.3137091,-1.920914e-17,1.748168,sky,76.86435
-0.4702525,-2.879466e-17,1.872644,sky,76.86435
-0.6267958,-3.838017e-17,1.99712,sky,76.86435
