x,y,z,rearMat,Wm2Back
0.7833176,4.796437e-17,1.337474,sky,23.41573
0.5874377,3.597019e-17,1.377861,sky,23.41573
0.3915578,2.3976e-17,1.418248,sky,23.41573
0.1956779,1.198182e-17,1.458634,sky,23.41573
-0.0002019327,-1.236481e-20,1.499021,sky,23.41573
-0.1960818,-1.200655e-17,1.539407,sky,23.41573
-0.3919617,-2.400073e-17,1.579794,sky,23.41573
-0.5878416,-3.599492e-17,1.62018,sky,23.41573
-0.7837215,-4.79891e-17,1.660567,sky,23.41573
