x,y,z,mattype,Wm2Front
1.5746,4.878255e-17,0.05,groundplane,901.9406
1.5746,0.0254,0.05,groundplane,901.9425
1.5746,0.0508,0.05,groundplane,901.9419000000001
1.5746,0.0762,0.05,groundplane,901.9413
1.5746,0.1016,0.05,groundplane,901.9407
