x,y,z,rearMat,Wm2Back
0.6865842,4.204116e-17,1.089387,sky,15.782580000000001
0.5148101,3.152303e-17,1.191825,sky,15.782580000000001
0.343036,2.10049e-17,1.294264,sky,15.782580000000001
0.1712619,1.048677e-17,1.396703,sky,15.782580000000001
-0.0005121928,-3.136276e-20,1.499141,sky,15.782580000000001
-0.1722863,-1.054949e-17,1.60158,sky,15.782580000000001
-0.3440604,-2.106762e-17,1.704018,sky,15.782580000000001
-0.5158345,-3.158575e-17,1.806457,sky,15.782580000000001
-0.6876086,-4.210388e-17,1.908895,sky,15.782580000000001
