x,y,z,rearMat,Wm2Back
0.6253181,3.828969e-17,1.998977,sky,14.80836
0.4691447,2.872683e-17,1.874038,sky,14.80836
0.3129714,1.916397e-17,1.749098,sky,14.80836
0.156798,9.601111e-18,1.624159,sky,14.80836
0.0006246977,3.82517e-20,1.499219,sky,14.80836
-0.1555486,-9.524608e-18,1.37428,sky,14.80836
-0.311722,-1.908747e-17,1.24934,sky,14.80836
-0.4678953,-2.865033e-17,1.124401,sky,14.80836
-0.6240687,-3.821319e-17,0.999461,sky,14.80836
