x,y,z,rearMat,Wm2Back
0.6816133,4.173678e-17,1.918813,sky,136.0758
0.5113411,3.131061e-17,1.813897,sky,136.0758
0.3410689,2.088445e-17,1.708981,sky,136.0758
0.1707968,1.045829e-17,1.604065,sky,136.0758
0.0005245804,3.212129e-20,1.499149,sky,136.0758
-0.1697476,-1.039404e-17,1.394233,sky,136.0758
-0.3400198,-2.082021e-17,1.289316,sky,136.0758
-0.510292,-3.124637e-17,1.1844,sky,136.0758
-0.6805642,-4.167254e-17,1.079484,sky,136.0758
