x,y,z,rearMat,Wm2Back
0.5602135,3.430319e-17,0.9288942,sky,23.39984
0.4199819,2.571648e-17,1.071495,sky,23.39984
0.2797503,1.712976e-17,1.214097,sky,23.39984
0.1395186,8.543052e-18,1.356698,sky,23.39984
-0.0007130057,-4.365901e-20,1.499299,sky,23.39984
-0.1409446,-8.63037e-18,1.6419,sky,23.39984
-0.2811763,-1.721708e-17,1.784501,sky,23.39984
-0.4214079,-2.580379e-17,1.927102,sky,23.39984
-0.5616396,-3.43905e-17,2.069703,sky,23.39984
