x,y,z,mattype,Wm2Front
0.3746,4.892888e-17,0.05,groundplane,19.10736
0.3746,0.0254,0.05,groundplane,19.10706
0.3746,0.0508,0.05,groundplane,19.10706
0.3746,0.0762,0.05,groundplane,19.10706
0.3746,0.1016,0.05,groundplane,19.10706
