x,y,z,mattype,Wm2Front
0.3746,4.428924e-17,0.05,groundplane,180.9532
0.3746,0.0254,0.05,groundplane,180.95220000000003
0.3746,0.0508,0.05,groundplane,180.9521
0.3746,0.0762,0.05,groundplane,180.9521
0.3746,0.1016,0.05,groundplane,180.952
