x,y,z,rearMat,Wm2Back
0.7732749,4.734943e-17,1.294946,sky,4.232993
0.5798924,3.550817e-17,1.345968,sky,4.232993
0.3865099,2.366691e-17,1.39699,sky,4.232993
0.1931274,1.182564e-17,1.448011,sky,4.232993
-0.0002551083,-1.562088e-20,1.499033,sky,4.232993
-0.1936376,-1.185688e-17,1.550055,sky,4.232993
-0.3870201,-2.369815e-17,1.601076,sky,4.232993
-0.5804026,-3.553941e-17,1.652098,sky,4.232993
-0.7737851,-4.738067e-17,1.70312,sky,4.232993
