x,y,z,mattype,Wm2Front
0.3746,3.203645e-17,0.05,groundplane,690.2282
0.3746,0.0254,0.05,groundplane,690.2322
0.3746,0.0508,0.05,groundplane,690.2319000000001
0.3746,0.0762,0.05,groundplane,690.2316
0.3746,0.1016,0.05,groundplane,690.2313
