x,y,z,mattype,Wm2Front
1.5746,3.937915e-17,0.05,groundplane,213.99840000000003
1.5746,0.0254,0.05,groundplane,214.00159999999997
1.5746,0.0508,0.05,groundplane,214.0014
1.5746,0.0762,0.05,groundplane,214.0013
1.5746,0.1016,0.05,groundplane,214.00110000000004
