x,y,z,rearMat,Wm2Back
0.7164357,4.386903e-17,1.144021,sky,14.90545
0.5372158,3.289498e-17,1.232792,sky,14.90545
0.3579959,2.192093e-17,1.321563,sky,14.90545
0.178776,1.094687e-17,1.410333,sky,14.90545
-0.0004438534,-2.717818e-20,1.499104,sky,14.90545
-0.1796637,-1.100123e-17,1.587875,sky,14.90545
-0.3588836,-2.197528e-17,1.676645,sky,14.90545
-0.5381035,-3.294934e-17,1.765416,sky,14.90545
-0.7173234,-4.392339e-17,1.854187,sky,14.90545
