x,y,z,mattype,Wm2Front
0.3746,4.369808e-17,0.05,groundplane,186.77290000000002
0.3746,0.0254,0.05,groundplane,186.77010000000004
0.3746,0.0508,0.05,groundplane,186.77010000000004
0.3746,0.0762,0.05,groundplane,186.77
0.3746,0.1016,0.05,groundplane,186.77
