x,y,z,rearMat,Wm2Back
0.7261149,4.446171e-17,1.835795,sky,11.377050000000002
0.5446914,3.335273e-17,1.751619,sky,11.377050000000002
0.3632679,2.224374e-17,1.667444,sky,11.377050000000002
0.1818444,1.113476e-17,1.583268,sky,11.377050000000002
0.0004208775,2.577131e-20,1.499093,sky,11.377050000000002
-0.1810026,-1.108321e-17,1.414917,sky,11.377050000000002
-0.3624261,-2.21922e-17,1.330742,sky,11.377050000000002
-0.5438496,-3.330118e-17,1.246566,sky,11.377050000000002
-0.7252731,-4.441017e-17,1.162391,sky,11.377050000000002
