x,y,z,mattype,Wm2Front
0.3746,4.513273e-17,0.05,groundplane,884.9254999999999
0.3746,0.0254,0.05,groundplane,884.9293000000001
0.3746,0.0508,0.05,groundplane,884.9283
0.3746,0.0762,0.05,groundplane,884.9275000000001
0.3746,0.1016,0.05,groundplane,884.9266000000001
