x,y,z,mattype,Wm2Front
0.3746,3.957171e-17,0.05,groundplane,247.8894
0.3746,0.0254,0.05,groundplane,247.8917
0.3746,0.0508,0.05,groundplane,247.8916
0.3746,0.0762,0.05,groundplane,247.89150000000004
0.3746,0.1016,0.05,groundplane,247.8914
