x,y,z,mattype,Wm2Front
1.5746,4.140354e-17,0.05,groundplane,208.5466
1.5746,0.0254,0.05,groundplane,208.5471
1.5746,0.0508,0.05,groundplane,208.5467
1.5746,0.0762,0.05,groundplane,208.54640000000003
1.5746,0.1016,0.05,groundplane,208.5461
