x,y,z,mattype,Wm2Front
0.3746,4.865258e-17,0.05,groundplane,477.7567000000001
0.3746,0.0254,0.05,groundplane,477.7625
0.3746,0.0508,0.05,groundplane,477.76050000000004
0.3746,0.0762,0.05,groundplane,477.7585000000001
0.3746,0.1016,0.05,groundplane,477.7565
