x,y,z,mattype,Wm2Front
1.5746,4.642859e-17,0.05,groundplane,802.7628
1.5746,0.0254,0.05,groundplane,802.7643000000002
1.5746,0.0508,0.05,groundplane,802.7639
1.5746,0.0762,0.05,groundplane,802.7634000000002
1.5746,0.1016,0.05,groundplane,802.763
