x,y,z,rearMat,Wm2Back
0.7938979,4.861222e-17,1.401373,sky,90.97636
0.5953929,3.64573e-17,1.425782,sky,90.97636
0.3968879,2.430238e-17,1.45019,sky,90.97636
0.1983829,1.214745e-17,1.474599,sky,90.97636
-0.0001220426,-7.472952e-21,1.499007,sky,90.97636
-0.198627,-1.21624e-17,1.523416,sky,90.97636
-0.397132,-2.431732e-17,1.547825,sky,90.97636
-0.595637,-3.647224e-17,1.572233,sky,90.97636
-0.7941419,-4.862717e-17,1.596642,sky,90.97636
