x,y,z,mattype,Wm2Front
0.3746,4.866244e-17,0.05,groundplane,845.5839
0.3746,0.0254,0.05,groundplane,845.5862000000001
0.3746,0.0508,0.05,groundplane,845.5856
0.3746,0.0762,0.05,groundplane,845.5848
0.3746,0.1016,0.05,groundplane,845.5841
