x,y,z,rearMat,Wm2Back
0.5710741,3.49682e-17,0.9397542,sky,35.97072
0.4281307,2.621544e-17,1.079637,sky,35.97072
0.2851873,1.746269e-17,1.21952,sky,35.97072
0.142244,8.70993e-18,1.359403,sky,35.97072
-0.0006994139,-4.282675e-20,1.499285,sky,35.97072
-0.1436428,-8.795584e-18,1.639168,sky,35.97072
-0.2865862,-1.754834e-17,1.779051,sky,35.97072
-0.4295295,-2.63011e-17,1.918934,sky,35.97072
-0.5724729,-3.505386e-17,2.058816,sky,35.97072
