x,y,z,mattype,Wm2Front
1.5746,3.968106e-17,0.05,groundplane,240.9528
1.5746,0.0254,0.05,groundplane,240.952
1.5746,0.0508,0.05,groundplane,240.9519
1.5746,0.0762,0.05,groundplane,240.95179999999996
1.5746,0.1016,0.05,groundplane,240.95179999999996
