x,y,z,mattype,Wm2Front
0.3746,3.050247e-17,0.05,groundplane,363.06200000000007
0.3746,0.0254,0.05,groundplane,363.0689
0.3746,0.0508,0.05,groundplane,363.0681
0.3746,0.0762,0.05,groundplane,363.0674000000001
0.3746,0.1016,0.05,groundplane,363.0667
