x,y,z,mattype,Wm2Front
0.3746,3.930266e-17,0.05,groundplane,758.9912
0.3746,0.0254,0.05,groundplane,758.9943
0.3746,0.0508,0.05,groundplane,758.994
0.3746,0.0762,0.05,groundplane,758.9936000000001
0.3746,0.1016,0.05,groundplane,758.9932
