x,y,z,mattype,Wm2Front
0.3746,4.719216e-17,0.05,groundplane,61.44025
0.3746,0.0254,0.05,groundplane,61.44186
0.3746,0.0508,0.05,groundplane,61.44186
0.3746,0.0762,0.05,groundplane,61.44185000000001
0.3746,0.1016,0.05,groundplane,61.44183999999999
