x,y,z,rearMat,Wm2Back
0.6441506,3.944285e-17,1.025584,sky,10.717999999999998
0.482965,2.957307e-17,1.143986,sky,10.717999999999998
0.3217793,1.97033e-17,1.262389,sky,10.717999999999998
0.1605936,9.833525e-18,1.380791,sky,10.717999999999998
-0.0005920132,-3.625035e-20,1.499194,sky,10.717999999999998
-0.1617777,-9.906025e-18,1.617597,sky,10.717999999999998
-0.3229633,-1.97758e-17,1.735999,sky,10.717999999999998
-0.484149,-2.964558e-17,1.854402,sky,10.717999999999998
-0.6453346,-3.951535e-17,1.972805,sky,10.717999999999998
