x,y,z,rearMat,Wm2Back
0.799871,4.897797e-17,1.485597,sky,0.5754423
0.599899,3.673322e-17,1.488948,sky,0.5754423
0.3999271,2.448847e-17,1.492298,sky,0.5754423
0.1999552,1.224372e-17,1.495649,sky,0.5754423
-1.675438e-05,-1.02591e-21,1.499,sky,0.5754423
-0.1999887,-1.224577e-17,1.502351,sky,0.5754423
-0.3999606,-2.449052e-17,1.505702,sky,0.5754423
-0.5999325,-3.673527e-17,1.509053,sky,0.5754423
-0.7999045,-4.898002e-17,1.512404,sky,0.5754423
