x,y,z,rearMat,Wm2Back
0.7785706,4.76737e-17,1.316074,sky,17.77272
0.5838708,3.575177e-17,1.361812,sky,17.77272
0.389171,2.382985e-17,1.40755,sky,17.77272
0.1944711,1.190792e-17,1.453288,sky,17.77272
-0.0002286907,-1.400327e-20,1.499027,sky,17.77272
-0.1949285,-1.193593e-17,1.544765,sky,17.77272
-0.3896283,-2.385786e-17,1.590503,sky,17.77272
-0.5843282,-3.577978e-17,1.636241,sky,17.77272
-0.779028,-4.770171e-17,1.681979,sky,17.77272
