x,y,z,mattype,Wm2Front
0.3746,4.712242e-17,0.05,groundplane,29.58963
0.3746,0.0254,0.05,groundplane,29.589700000000004
0.3746,0.0508,0.05,groundplane,29.58969
0.3746,0.0762,0.05,groundplane,29.58969
0.3746,0.1016,0.05,groundplane,29.58968
