x,y,z,mattype,Wm2Front
1.5746,3.925528e-17,0.05,groundplane,716.1547
1.5746,0.0254,0.05,groundplane,716.1542
1.5746,0.0508,0.05,groundplane,716.1538999999999
1.5746,0.0762,0.05,groundplane,716.1536
1.5746,0.1016,0.05,groundplane,716.1533
