x,y,z,rearMat,Wm2Back
0.602315,3.688116e-17,2.026515,sky,32.06557
0.451901,2.767096e-17,1.894698,sky,32.06557
0.3014871,1.846076e-17,1.762881,sky,32.06557
0.1510731,9.250557e-18,1.631065,sky,32.06557
0.0006590833,4.035721e-20,1.499248,sky,32.06557
-0.1497549,-9.169843e-18,1.367431,sky,32.06557
-0.3001689,-1.838004e-17,1.235615,sky,32.06557
-0.4505829,-2.759024e-17,1.103798,sky,32.06557
-0.6009969,-3.680044e-17,0.9719813,sky,32.06557
