x,y,z,rearMat,Wm2Back
0.7190871,4.403138e-17,1.149408,sky,18.57838
0.539206,3.301685e-17,1.236831,sky,18.57838
0.359325,2.200231e-17,1.324254,sky,18.57838
0.1794439,1.098777e-17,1.411677,sky,18.57838
-0.0004371158,-2.676562e-20,1.499101,sky,18.57838
-0.1803182,-1.10413e-17,1.586524,sky,18.57838
-0.3601992,-2.205584e-17,1.673947,sky,18.57838
-0.5400803,-3.307038e-17,1.76137,sky,18.57838
-0.7199613,-4.408492e-17,1.848793,sky,18.57838
