x,y,z,mattype,Wm2Front
1.5746,4.654759e-17,0.05,groundplane,942.2995999999999
1.5746,0.0254,0.05,groundplane,942.3029
1.5746,0.0508,0.05,groundplane,942.3021
1.5746,0.0762,0.05,groundplane,942.3014
1.5746,0.1016,0.05,groundplane,942.3007000000001
