x,y,z,mattype,Wm2Front
1.5746,4.822622e-17,0.05,groundplane,796.8002
1.5746,0.0254,0.05,groundplane,796.8017999999998
1.5746,0.0508,0.05,groundplane,796.8011
1.5746,0.0762,0.05,groundplane,796.8006
1.5746,0.1016,0.05,groundplane,796.7999999999998
