x,y,z,rearMat,Wm2Back
0.7636497,4.676006e-17,1.738412,sky,11.03777
0.5728121,3.507462e-17,1.67857,sky,11.03777
0.3819745,2.338919e-17,1.618729,sky,11.03777
0.1911368,1.170376e-17,1.558887,sky,11.03777
0.0002992073,1.832117e-20,1.499046,sky,11.03777
-0.1905384,-1.166711e-17,1.439204,sky,11.03777
-0.381376,-2.335255e-17,1.379363,sky,11.03777
-0.5722137,-3.503798e-17,1.319521,sky,11.03777
-0.7630513,-4.672342e-17,1.25968,sky,11.03777
