x,y,z,mattype,Wm2Front
0.3746,4.214662e-17,0.05,groundplane,43.36866
0.3746,0.0254,0.05,groundplane,43.36882
0.3746,0.0508,0.05,groundplane,43.36881
0.3746,0.0762,0.05,groundplane,43.3688
0.3746,0.1016,0.05,groundplane,43.36879
