x,y,z,mattype,Wm2Front
0.3746,4.42462e-17,0.05,groundplane,818.6093
0.3746,0.0254,0.05,groundplane,818.6146
0.3746,0.0508,0.05,groundplane,818.6133
0.3746,0.0762,0.05,groundplane,818.612
0.3746,0.1016,0.05,groundplane,818.6106999999998
