x,y,z,mattype,Wm2Front
1.5746,4.467404e-17,0.05,groundplane,11.480690000000001
1.5746,0.0254,0.05,groundplane,11.48068
1.5746,0.0508,0.05,groundplane,11.48068
1.5746,0.0762,0.05,groundplane,11.48068
1.5746,0.1016,0.05,groundplane,11.48068
