x,y,z,mattype,Wm2Front
0.3746,4.362923e-17,0.05,groundplane,684.5036
0.3746,0.0254,0.05,groundplane,684.5134000000002
0.3746,0.0508,0.05,groundplane,684.5112
0.3746,0.0762,0.05,groundplane,684.5089000000002
0.3746,0.1016,0.05,groundplane,684.5067
