x,y,z,rearMat,Wm2Back
0.525252,3.216241e-17,0.8965836,sky,29.44274
0.3937506,2.411027e-17,1.047273,sky,29.44274
0.2622493,1.605814e-17,1.197963,sky,29.44274
0.1307479,8.006e-18,1.348653,sky,29.44274
-0.0007534486,-4.613542e-20,1.499342,sky,29.44274
-0.1322548,-8.098271e-18,1.650032,sky,29.44274
-0.2637562,-1.615041e-17,1.800722,sky,29.44274
-0.3952575,-2.420254e-17,1.951412,sky,29.44274
-0.5267589,-3.225468e-17,2.102101,sky,29.44274
