x,y,z,mattype,Wm2Front
0.3746,3.050247e-17,0.05,groundplane,440.93160000000006
0.3746,0.0254,0.05,groundplane,440.9339
0.3746,0.0508,0.05,groundplane,440.9337
0.3746,0.0762,0.05,groundplane,440.9334999999999
0.3746,0.1016,0.05,groundplane,440.9333
