x,y,z,mattype,Wm2Front
1.5746,3.247255e-17,0.05,groundplane,415.48
1.5746,0.0254,0.05,groundplane,415.47790000000003
1.5746,0.0508,0.05,groundplane,415.4775
1.5746,0.0762,0.05,groundplane,415.4772
1.5746,0.1016,0.05,groundplane,415.4768000000001
