x,y,z,rearMat,Wm2Back
0.7998743,4.897817e-17,1.514219,sky,4.105069
0.5999105,3.673392e-17,1.510414,sky,4.105069
0.3999466,2.448967e-17,1.506609,sky,4.105069
0.1999828,1.224542e-17,1.502805,sky,4.105069
1.902294e-05,1.164819e-21,1.499,sky,4.105069
-0.1999448,-1.224309e-17,1.495196,sky,4.105069
-0.3999086,-2.448734e-17,1.491391,sky,4.105069
-0.5998724,-3.673159e-17,1.487586,sky,4.105069
-0.7998362,-4.897584e-17,1.483782,sky,4.105069
