x,y,z,mattype,Wm2Front
0.3746,4.596912e-17,0.05,groundplane,802.0225
0.3746,0.0254,0.05,groundplane,802.0225999999999
0.3746,0.0508,0.05,groundplane,802.0223
0.3746,0.0762,0.05,groundplane,802.0219000000001
0.3746,0.1016,0.05,groundplane,802.0215
