x,y,z,mattype,Wm2Front
0.3746,4.288514e-17,0.05,groundplane,782.9082
0.3746,0.0254,0.05,groundplane,782.9081
0.3746,0.0508,0.05,groundplane,782.9078
0.3746,0.0762,0.05,groundplane,782.9074999999999
0.3746,0.1016,0.05,groundplane,782.9072
