x,y,z,rearMat,Wm2Back
0.5819468,3.563397e-17,2.048943,sky,172.3294
0.4366319,2.673599e-17,1.911526,sky,172.3294
0.291317,1.783802e-17,1.774108,sky,172.3294
0.146002,8.940045e-18,1.636691,sky,172.3294
0.0006870875,4.207198e-20,1.499273,sky,172.3294
-0.1446278,-8.855901e-18,1.361856,sky,172.3294
-0.2899428,-1.775387e-17,1.224438,sky,172.3294
-0.4352577,-2.665185e-17,1.087021,sky,172.3294
-0.5805726,-3.554982e-17,0.9496034,sky,172.3294
