x,y,z,mattype,Wm2Front
0.3746,3.050247e-17,0.05,groundplane,480.96510000000006
0.3746,0.0254,0.05,groundplane,480.9683
0.3746,0.0508,0.05,groundplane,480.968
0.3746,0.0762,0.05,groundplane,480.96780000000007
0.3746,0.1016,0.05,groundplane,480.9676
