x,y,z,mattype,Wm2Front
1.5746,4.789359e-17,0.05,groundplane,61.89013
1.5746,0.0254,0.05,groundplane,61.89199
1.5746,0.0508,0.05,groundplane,61.89192
1.5746,0.0762,0.05,groundplane,61.89185
1.5746,0.1016,0.05,groundplane,61.891780000000004
