x,y,z,mattype,Wm2Front
0.3746,3.050247e-17,0.05,groundplane,373.8032
0.3746,0.0254,0.05,groundplane,373.8069
0.3746,0.0508,0.05,groundplane,373.8066999999999
0.3746,0.0762,0.05,groundplane,373.80649999999997
0.3746,0.1016,0.05,groundplane,373.8064
