x,y,z,mattype,Wm2Front
0.3746,3.050247e-17,0.05,groundplane,425.5709
0.3746,0.0254,0.05,groundplane,425.57289999999995
0.3746,0.0508,0.05,groundplane,425.5727
0.3746,0.0762,0.05,groundplane,425.5725
0.3746,0.1016,0.05,groundplane,425.5724
