x,y,z,mattype,Wm2Front
0.3746,4.871763e-17,0.05,groundplane,355.31380000000007
0.3746,0.0254,0.05,groundplane,355.32559999999995
0.3746,0.0508,0.05,groundplane,355.3246
0.3746,0.0762,0.05,groundplane,355.3236
0.3746,0.1016,0.05,groundplane,355.3226
