x,y,z,rearMat,Wm2Back
0.6877995,4.211557e-17,1.091426,sky,16.58838
0.5157222,3.157888e-17,1.193354,sky,16.58838
0.3436449,2.104218e-17,1.295283,sky,16.58838
0.1715676,1.050549e-17,1.397211,sky,16.58838
-0.0005096422,-3.120658e-20,1.49914,sky,16.58838
-0.1725869,-1.05679e-17,1.601068,sky,16.58838
-0.3446642,-2.11046e-17,1.702996,sky,16.58838
-0.5167415,-3.164129e-17,1.804925,sky,16.58838
-0.6888188,-4.217799e-17,1.906853,sky,16.58838
