x,y,z,mattype,Wm2Front
1.5746,4.326137e-17,0.05,groundplane,15.83646
1.5746,0.0254,0.05,groundplane,15.83649
1.5746,0.0508,0.05,groundplane,15.83649
1.5746,0.0762,0.05,groundplane,15.83649
1.5746,0.1016,0.05,groundplane,15.83649
