x,y,z,mattype,Wm2Front
1.5746,3.965226e-17,0.05,groundplane,726.1971
1.5746,0.0254,0.05,groundplane,726.1996
1.5746,0.0508,0.05,groundplane,726.1992
1.5746,0.0762,0.05,groundplane,726.1989
1.5746,0.1016,0.05,groundplane,726.1983999999999
