x,y,z,mattype,Wm2Front
1.5746,4.900261e-17,0.05,groundplane,6.728086
1.5746,0.0254,0.05,groundplane,6.727798
1.5746,0.0508,0.05,groundplane,6.727798
1.5746,0.0762,0.05,groundplane,6.727797
1.5746,0.1016,0.05,groundplane,6.7277960000000006
