x,y,z,rearMat,Wm2Back
0.7079362,4.334859e-17,1.872595,sky,18.3666
0.5310688,3.251859e-17,1.779226,sky,18.3666
0.3542015,2.168859e-17,1.685856,sky,18.3666
0.1773342,1.085859e-17,1.592486,sky,18.3666
0.0004668497,2.85863e-20,1.499116,sky,18.3666
-0.1764005,-1.080141e-17,1.405746,sky,18.3666
-0.3532678,-2.163141e-17,1.312376,sky,18.3666
-0.5301351,-3.246142e-17,1.219006,sky,18.3666
-0.7070025,-4.329142e-17,1.125636,sky,18.3666
