x,y,z,mattype,Wm2Front
1.5746,4.889706e-17,0.05,groundplane,18.74391
1.5746,0.0254,0.05,groundplane,18.74412
1.5746,0.0508,0.05,groundplane,18.74412
1.5746,0.0762,0.05,groundplane,18.74413
1.5746,0.1016,0.05,groundplane,18.74413
