x,y,z,mattype,Wm2Front
0.3746,4.834143e-17,0.05,groundplane,811.5687000000001
0.3746,0.0254,0.05,groundplane,811.5697999999999
0.3746,0.0508,0.05,groundplane,811.5693
0.3746,0.0762,0.05,groundplane,811.5688
0.3746,0.1016,0.05,groundplane,811.5684
