x,y,z,mattype,Wm2Front
0.3746,3.247255e-17,0.05,groundplane,424.25600000000003
0.3746,0.0254,0.05,groundplane,424.2547
0.3746,0.0508,0.05,groundplane,424.2546
0.3746,0.0762,0.05,groundplane,424.2545
0.3746,0.1016,0.05,groundplane,424.2544
