x,y,z,rearMat,Wm2Back
0.7955277,4.871203e-17,1.415522,sky,1.5614669999999997
0.5966197,3.653242e-17,1.436393,sky,1.5614669999999997
0.3977117,2.435282e-17,1.457264,sky,1.5614669999999997
0.1988037,1.217321e-17,1.478134,sky,1.5614669999999997
-0.0001043549,-6.389894e-21,1.499005,sky,1.5614669999999997
-0.1990124,-1.218599e-17,1.519876,sky,1.5614669999999997
-0.3979204,-2.43656e-17,1.540747,sky,1.5614669999999997
-0.5968284,-3.65452e-17,1.561618,sky,1.5614669999999997
-0.7957365,-4.872481e-17,1.582489,sky,1.5614669999999997
