x,y,z,mattype,Wm2Front
0.3746,3.876881e-17,0.05,groundplane,717.3229
0.3746,0.0254,0.05,groundplane,717.3223000000002
0.3746,0.0508,0.05,groundplane,717.3219
0.3746,0.0762,0.05,groundplane,717.3215
0.3746,0.1016,0.05,groundplane,717.321
