x,y,z,rearMat,Wm2Back
0.7102633,4.349108e-17,1.86814,sky,16.87491
0.5328128,3.262537e-17,1.775883,sky,16.87491
0.3553623,2.175966e-17,1.683626,sky,16.87491
0.1779118,1.089395e-17,1.59137,sky,16.87491
0.0004612841,2.824551e-20,1.499113,sky,16.87491
-0.1769892,-1.083746e-17,1.406856,sky,16.87491
-0.3544397,-2.170317e-17,1.314599,sky,16.87491
-0.5318902,-3.256888e-17,1.222342,sky,16.87491
-0.7093407,-4.343459e-17,1.130085,sky,16.87491
