x,y,z,mattype,Wm2Front
0.3746,4.871462e-17,0.05,groundplane,11.10617
0.3746,0.0254,0.05,groundplane,11.106140000000002
0.3746,0.0508,0.05,groundplane,11.106140000000002
0.3746,0.0762,0.05,groundplane,11.106140000000002
0.3746,0.1016,0.05,groundplane,11.106140000000002
