x,y,z,mattype,Wm2Front
0.3746,3.247255e-17,0.05,groundplane,194.6807
0.3746,0.0254,0.05,groundplane,194.6766
0.3746,0.0508,0.05,groundplane,194.67639999999997
0.3746,0.0762,0.05,groundplane,194.6761
0.3746,0.1016,0.05,groundplane,194.67590000000004
