x,y,z,rearMat,Wm2Back
0.7791763,4.771079e-17,1.318657,sky,16.39724
0.5843258,3.577964e-17,1.363749,sky,16.39724
0.3894754,2.384849e-17,1.408841,sky,16.39724
0.194625,1.191734e-17,1.453934,sky,16.39724
-0.0002254612,-1.380552e-20,1.499026,sky,16.39724
-0.1950759,-1.194495e-17,1.544118,sky,16.39724
-0.3899263,-2.38761e-17,1.58921,sky,16.39724
-0.5847767,-3.580725e-17,1.634302,sky,16.39724
-0.7796272,-4.77384e-17,1.679395,sky,16.39724
