x,y,z,rearMat,Wm2Back
0.7434698,4.552439e-17,1.795387,sky,9.54329
0.5576949,3.414897e-17,1.721308,sky,9.54329
0.3719201,2.277354e-17,1.647229,sky,9.54329
0.1861452,1.139811e-17,1.57315,sky,9.54329
0.0003703953,2.268017e-20,1.499071,sky,9.54329
-0.1854044,-1.135275e-17,1.424992,sky,9.54329
-0.3711793,-2.272818e-17,1.350913,sky,9.54329
-0.5569541,-3.41036e-17,1.276834,sky,9.54329
-0.742729,-4.547903e-17,1.202755,sky,9.54329
