x,y,z,mattype,Wm2Front
1.5746,4.900265e-17,0.05,groundplane,5.670029
1.5746,0.0254,0.05,groundplane,5.669891
1.5746,0.0508,0.05,groundplane,5.669888
1.5746,0.0762,0.05,groundplane,5.669885
1.5746,0.1016,0.05,groundplane,5.669881
