x,y,z,rearMat,Wm2Back
0.6328801,3.875273e-17,1.01065,sky,31.77458
0.4745074,2.90552e-17,1.132789,sky,31.77458
0.3161347,1.935767e-17,1.254929,sky,31.77458
0.157762,9.660136e-18,1.377069,sky,31.77458
-0.0006106981,-3.739448e-20,1.499208,sky,31.77458
-0.1589834,-9.734925e-18,1.621348,sky,31.77458
-0.3173561,-1.943246e-17,1.743487,sky,31.77458
-0.4757288,-2.912999e-17,1.865627,sky,31.77458
-0.6341015,-3.882752e-17,1.987767,sky,31.77458
