x,y,z,mattype,Wm2Front
0.3746,4.599277e-17,0.05,groundplane,810.2604
0.3746,0.0254,0.05,groundplane,810.2614
0.3746,0.0508,0.05,groundplane,810.2608999999999
0.3746,0.0762,0.05,groundplane,810.2603
0.3746,0.1016,0.05,groundplane,810.2598000000002
