x,y,z,mattype,Wm2Front
1.5746,4.712242e-17,0.05,groundplane,29.595829999999996
1.5746,0.0254,0.05,groundplane,29.595970000000005
1.5746,0.0508,0.05,groundplane,29.59596
1.5746,0.0762,0.05,groundplane,29.59595
1.5746,0.1016,0.05,groundplane,29.59594
