x,y,z,mattype,Wm2Front
1.5746,4.787177e-17,0.05,groundplane,34.28164
1.5746,0.0254,0.05,groundplane,34.28198
1.5746,0.0508,0.05,groundplane,34.28198
1.5746,0.0762,0.05,groundplane,34.28198
1.5746,0.1016,0.05,groundplane,34.28198
