x,y,z,mattype,Wm2Front
0.3746,3.050247e-17,0.05,groundplane,426.4918
0.3746,0.0254,0.05,groundplane,426.4950999999999
0.3746,0.0508,0.05,groundplane,426.49500000000006
0.3746,0.0762,0.05,groundplane,426.4948
0.3746,0.1016,0.05,groundplane,426.4947
