x,y,z,mattype,Wm2Front
0.3746,4.80128e-17,0.05,groundplane,82.18803
0.3746,0.0254,0.05,groundplane,82.18729
0.3746,0.0508,0.05,groundplane,82.18727
0.3746,0.0762,0.05,groundplane,82.18726
0.3746,0.1016,0.05,groundplane,82.18726
