x,y,z,mattype,Wm2Front
0.3746,4.621093e-17,0.05,groundplane,863.4275000000001
0.3746,0.0254,0.05,groundplane,863.4294
0.3746,0.0508,0.05,groundplane,863.429
0.3746,0.0762,0.05,groundplane,863.4285999999998
0.3746,0.1016,0.05,groundplane,863.4282
