x,y,z,mattype,Wm2Front
1.5746,3.247255e-17,0.05,groundplane,239.5311
1.5746,0.0254,0.05,groundplane,239.5264
1.5746,0.0508,0.05,groundplane,239.52599999999998
1.5746,0.0762,0.05,groundplane,239.5257
1.5746,0.1016,0.05,groundplane,239.5254
