x,y,z,mattype,Wm2Front
1.5746,4.734987e-17,0.05,groundplane,865.8624
1.5746,0.0254,0.05,groundplane,865.8641000000001
1.5746,0.0508,0.05,groundplane,865.8635
1.5746,0.0762,0.05,groundplane,865.8629999999999
1.5746,0.1016,0.05,groundplane,865.8624999999998
