x,y,z,rearMat,Wm2Back
0.737932,4.51853e-17,1.808962,sky,15.61568
0.5535458,3.389491e-17,1.731491,sky,15.61568
0.3691597,2.260451e-17,1.65402,sky,15.61568
0.1847735,1.131411e-17,1.576549,sky,15.61568
0.0003873547,2.371863e-20,1.499078,sky,15.61568
-0.1839988,-1.126668e-17,1.421607,sky,15.61568
-0.368385,-2.255707e-17,1.344136,sky,15.61568
-0.5527711,-3.384747e-17,1.266665,sky,15.61568
-0.7371573,-4.513786e-17,1.189194,sky,15.61568
