x,y,z,mattype,Wm2Front
1.5746,4.653956e-17,0.05,groundplane,123.84070000000001
1.5746,0.0254,0.05,groundplane,123.8419
1.5746,0.0508,0.05,groundplane,123.8419
1.5746,0.0762,0.05,groundplane,123.84179999999999
1.5746,0.1016,0.05,groundplane,123.84179999999999
