x,y,z,rearMat,Wm2Back
0.696274,4.263448e-17,1.106041,sky,26.68095
0.5220826,3.196834e-17,1.204313,sky,26.68095
0.3478913,2.13022e-17,1.302585,sky,26.68095
0.1737,1.063606e-17,1.400857,sky,26.68095
-0.0004913599,-3.008711e-20,1.499129,sky,26.68095
-0.1746827,-1.069623e-17,1.597401,sky,26.68095
-0.348874,-2.136237e-17,1.695673,sky,26.68095
-0.5230654,-3.202852e-17,1.793945,sky,26.68095
-0.6972567,-4.269466e-17,1.892217,sky,26.68095
