x,y,z,rearMat,Wm2Back
0.6944098,4.252033e-17,1.102764,sky,24.17394
0.5206834,3.188267e-17,1.201856,sky,24.17394
0.3469571,2.1245e-17,1.300948,sky,24.17394
0.1732308,1.060733e-17,1.40004,sky,24.17394
-0.0004954587,-3.033809e-20,1.499131,sky,24.17394
-0.1742218,-1.066801e-17,1.598223,sky,24.17394
-0.3479481,-2.130567e-17,1.697315,sky,24.17394
-0.5216744,-3.194334e-17,1.796407,sky,24.17394
-0.6954007,-4.258101e-17,1.895498,sky,24.17394
