x,y,z,mattype,Wm2Front
1.5746,4.292646e-17,0.05,groundplane,171.83579999999998
1.5746,0.0254,0.05,groundplane,171.83579999999998
1.5746,0.0508,0.05,groundplane,171.83579999999998
1.5746,0.0762,0.05,groundplane,171.8357
1.5746,0.1016,0.05,groundplane,171.8356
