x,y,z,mattype,Wm2Front
0.3746,3.616538e-17,0.05,groundplane,195.7708
0.3746,0.0254,0.05,groundplane,195.7709
0.3746,0.0508,0.05,groundplane,195.77059999999997
0.3746,0.0762,0.05,groundplane,195.77020000000002
0.3746,0.1016,0.05,groundplane,195.7699
