x,y,z,rearMat,Wm2Back
0.6103011,3.737016e-17,0.9827635,sky,42.94144
0.4575644,2.801774e-17,1.111882,sky,42.94144
0.3048278,1.866532e-17,1.241,sky,42.94144
0.1520911,9.312893e-18,1.370118,sky,42.94144
-0.000645591,-3.953105e-20,1.499236,sky,42.94144
-0.1533823,-9.391955e-18,1.628355,sky,42.94144
-0.3061189,-1.874438e-17,1.757473,sky,42.94144
-0.4588556,-2.80968e-17,1.886591,sky,42.94144
-0.6115923,-3.744923e-17,2.015709,sky,42.94144
