x,y,z,mattype,Wm2Front
0.3746,4.610468e-17,0.05,groundplane,858.0646
0.3746,0.0254,0.05,groundplane,858.0660000000001
0.3746,0.0508,0.05,groundplane,858.0656
0.3746,0.0762,0.05,groundplane,858.0652
0.3746,0.1016,0.05,groundplane,858.0648
