x,y,z,mattype,Wm2Front
1.5746,4.87081e-17,0.05,groundplane,175.183
1.5746,0.0254,0.05,groundplane,175.1844
1.5746,0.0508,0.05,groundplane,175.18369999999996
1.5746,0.0762,0.05,groundplane,175.183
1.5746,0.1016,0.05,groundplane,175.18230000000003
