x,y,z,mattype,Wm2Front
1.5746,3.247255e-17,0.05,groundplane,172.9614
1.5746,0.0254,0.05,groundplane,172.9598
1.5746,0.0508,0.05,groundplane,172.95950000000002
1.5746,0.0762,0.05,groundplane,172.9592
1.5746,0.1016,0.05,groundplane,172.9588
