x,y,z,mattype,Wm2Front
0.3746,4.788816e-17,0.05,groundplane,77.08763
0.3746,0.0254,0.05,groundplane,77.08902
0.3746,0.0508,0.05,groundplane,77.089
0.3746,0.0762,0.05,groundplane,77.08897
0.3746,0.1016,0.05,groundplane,77.08895
