x,y,z,mattype,Wm2Front
0.3746,4.305779e-17,0.05,groundplane,803.9725
0.3746,0.0254,0.05,groundplane,803.9726
0.3746,0.0508,0.05,groundplane,803.9723
0.3746,0.0762,0.05,groundplane,803.9720000000001
0.3746,0.1016,0.05,groundplane,803.9717
