x,y,z,mattype,Wm2Front
0.3746,4.894451e-17,0.05,groundplane,24.27077
0.3746,0.0254,0.05,groundplane,24.271290000000004
0.3746,0.0508,0.05,groundplane,24.27128
0.3746,0.0762,0.05,groundplane,24.27127
0.3746,0.1016,0.05,groundplane,24.27125
