x,y,z,rearMat,Wm2Back
0.5671808,3.472981e-17,2.064187,sky,114.34319999999998
0.4255622,2.605817e-17,1.922963,sky,114.34319999999998
0.2839435,1.738652e-17,1.781739,sky,114.34319999999998
0.1423248,8.71488e-18,1.640516,sky,114.34319999999998
0.0007061188,4.323731e-20,1.499292,sky,114.34319999999998
-0.1409126,-8.628406e-18,1.358068,sky,114.34319999999998
-0.2825312,-1.730005e-17,1.216844,sky,114.34319999999998
-0.4241499,-2.597169e-17,1.075621,sky,114.34319999999998
-0.5657686,-3.464334e-17,0.9343969,sky,114.34319999999998
