x,y,z,rearMat,Wm2Back
0.7921988,4.850819e-17,1.611454,sky,15.83533
0.5941842,3.638329e-17,1.583343,sky,15.83533
0.3961697,2.42584e-17,1.555232,sky,15.83533
0.1981551,1.21335e-17,1.527121,sky,15.83533
0.0001405556,8.606551e-21,1.49901,sky,15.83533
-0.197874,-1.211629e-17,1.470899,sky,15.83533
-0.3958886,-2.424118e-17,1.442788,sky,15.83533
-0.5939031,-3.636608e-17,1.414677,sky,15.83533
-0.7919177,-4.849097e-17,1.386565,sky,15.83533
