x,y,z,mattype,Wm2Front
0.3746,4.318777e-17,0.05,groundplane,827.7572999999999
0.3746,0.0254,0.05,groundplane,827.757
0.3746,0.0508,0.05,groundplane,827.7567
0.3746,0.0762,0.05,groundplane,827.7563
0.3746,0.1016,0.05,groundplane,827.756
