x,y,z,mattype,Wm2Front
1.5746,4.483427e-17,0.05,groundplane,182.2155
1.5746,0.0254,0.05,groundplane,182.2188
1.5746,0.0508,0.05,groundplane,182.2187
1.5746,0.0762,0.05,groundplane,182.2186
1.5746,0.1016,0.05,groundplane,182.21850000000003
