x,y,z,rearMat,Wm2Back
0.7536541,4.614801e-17,1.76834,sky,10.956740000000002
0.5653248,3.461616e-17,1.70102,sky,10.956740000000002
0.3769954,2.308431e-17,1.633699,sky,10.956740000000002
0.188666,1.155246e-17,1.566379,sky,10.956740000000002
0.0003366023,2.061094e-20,1.499058,sky,10.956740000000002
-0.1879928,-1.151124e-17,1.431738,sky,10.956740000000002
-0.3763222,-2.304309e-17,1.364417,sky,10.956740000000002
-0.5646515,-3.457494e-17,1.297097,sky,10.956740000000002
-0.7529809,-4.610678e-17,1.229777,sky,10.956740000000002
