x,y,z,rearMat,Wm2Back
0.6297929,3.85637e-17,1.006683,sky,58.35161
0.4721908,2.891335e-17,1.129815,sky,58.35161
0.3145886,1.9263e-17,1.252947,sky,58.35161
0.1569865,9.61265e-18,1.37608,sky,58.35161
-0.0006156615,-3.769839e-20,1.499212,sky,58.35161
-0.1582178,-9.688047e-18,1.622344,sky,58.35161
-0.31582,-1.93384e-17,1.745477,sky,58.35161
-0.4734221,-2.898874e-17,1.868609,sky,58.35161
-0.6310243,-3.863909e-17,1.991741,sky,58.35161
