x,y,z,rearMat,Wm2Back
0.5164559,3.16238e-17,0.8890382,sky,200.86530000000002
0.3871512,2.370617e-17,1.041617,sky,200.86530000000002
0.2578465,1.578855e-17,1.194196,sky,200.86530000000002
0.1285418,7.870916e-18,1.346775,sky,200.86530000000002
-0.0007628941,-4.671379e-20,1.499353,sky,200.86530000000002
-0.1300676,-7.964343e-18,1.651932,sky,200.86530000000002
-0.2593723,-1.588197e-17,1.804511,sky,200.86530000000002
-0.388677,-2.37996e-17,1.95709,sky,200.86530000000002
-0.5179817,-3.171723e-17,2.109669,sky,200.86530000000002
