x,y,z,mattype,Wm2Front
0.3746,3.605707e-17,0.05,groundplane,79.95599
0.3746,0.0254,0.05,groundplane,79.95672
0.3746,0.0508,0.05,groundplane,79.9567
0.3746,0.0762,0.05,groundplane,79.9567
0.3746,0.1016,0.05,groundplane,79.95668
