x,y,z,mattype,Wm2Front
1.5746,3.963215e-17,0.05,groundplane,79.83348
1.5746,0.0254,0.05,groundplane,79.83366
1.5746,0.0508,0.05,groundplane,79.83365
1.5746,0.0762,0.05,groundplane,79.83363
1.5746,0.1016,0.05,groundplane,79.83362
