x,y,z,mattype,Wm2Front
1.5746,4.786812e-17,0.05,groundplane,715.5886999999999
1.5746,0.0254,0.05,groundplane,715.5895
1.5746,0.0508,0.05,groundplane,715.5892
1.5746,0.0762,0.05,groundplane,715.5888
1.5746,0.1016,0.05,groundplane,715.5885
