x,y,z,mattype,Wm2Front
0.3746,4.700088e-17,0.05,groundplane,738.9103
0.3746,0.0254,0.05,groundplane,738.9117
0.3746,0.0508,0.05,groundplane,738.9113000000001
0.3746,0.0762,0.05,groundplane,738.9109
0.3746,0.1016,0.05,groundplane,738.9104000000001
