x,y,z,mattype,Wm2Front
1.5746,4.893304e-17,0.05,groundplane,16.76133
1.5746,0.0254,0.05,groundplane,16.76071
1.5746,0.0508,0.05,groundplane,16.76072
1.5746,0.0762,0.05,groundplane,16.76073
1.5746,0.1016,0.05,groundplane,16.76073
