x,y,z,rearMat,Wm2Back
0.5567469,3.409092e-17,2.074486,sky,122.9369
0.4177399,2.557919e-17,1.930691,sky,122.9369
0.2787329,1.706747e-17,1.786895,sky,122.9369
0.139726,8.555747e-18,1.6431,sky,122.9369
0.000718976,4.402458e-20,1.499305,sky,122.9369
-0.138288,-8.467698e-18,1.35551,sky,122.9369
-0.277295,-1.697942e-17,1.211715,sky,122.9369
-0.416302,-2.549114e-17,1.067919,sky,122.9369
-0.555309,-3.400287e-17,0.9241242,sky,122.9369
