x,y,z,mattype,Wm2Front
0.3746,4.364376e-17,0.05,groundplane,215.5886
0.3746,0.0254,0.05,groundplane,215.5842
0.3746,0.0508,0.05,groundplane,215.58399999999997
0.3746,0.0762,0.05,groundplane,215.5839
0.3746,0.1016,0.05,groundplane,215.5838
