x,y,z,rearMat,Wm2Back
0.7874598,4.821801e-17,1.641096,sky,0.8729169
0.5906393,3.616622e-17,1.605576,sky,0.8729169
0.3938187,2.411444e-17,1.570056,sky,0.8729169
0.1969982,1.206266e-17,1.534536,sky,0.8729169
0.0001776,1.087487e-20,1.499016,sky,0.8729169
-0.196643,-1.204091e-17,1.463496,sky,0.8729169
-0.3934635,-2.409269e-17,1.427976,sky,0.8729169
-0.5902841,-3.614447e-17,1.392456,sky,0.8729169
-0.7871046,-4.819626e-17,1.356936,sky,0.8729169
