x,y,z,mattype,Wm2Front
0.3746,4.434859e-17,0.05,groundplane,834.1487000000001
0.3746,0.0254,0.05,groundplane,834.1509
0.3746,0.0508,0.05,groundplane,834.1505000000001
0.3746,0.0762,0.05,groundplane,834.15
0.3746,0.1016,0.05,groundplane,834.1495
