x,y,z,mattype,Wm2Front
0.3746,4.875047e-17,0.05,groundplane,29.52316
0.3746,0.0254,0.05,groundplane,29.52253
0.3746,0.0508,0.05,groundplane,29.522540000000003
0.3746,0.0762,0.05,groundplane,29.522540000000003
0.3746,0.1016,0.05,groundplane,29.522540000000003
