x,y,z,mattype,Wm2Front
1.5746,3.416689e-17,0.05,groundplane,81.60342
1.5746,0.0254,0.05,groundplane,81.60349
1.5746,0.0508,0.05,groundplane,81.60347
1.5746,0.0762,0.05,groundplane,81.60345
1.5746,0.1016,0.05,groundplane,81.60342
