x,y,z,rearMat,Wm2Back
0.7873858,4.821348e-17,1.641508,sky,10.958999999999998
0.5905839,3.616283e-17,1.605885,sky,10.958999999999998
0.393782,2.411219e-17,1.570262,sky,10.958999999999998
0.19698,1.206155e-17,1.534639,sky,10.958999999999998
0.0001781153,1.090642e-20,1.499016,sky,10.958999999999998
-0.1966238,-1.203974e-17,1.463393,sky,10.958999999999998
-0.3934257,-2.409038e-17,1.42777,sky,10.958999999999998
-0.5902277,-3.614102e-17,1.392147,sky,10.958999999999998
-0.7870296,-4.819166e-17,1.356524,sky,10.958999999999998
