x,y,z,rearMat,Wm2Back
0.7999923,4.89854e-17,1.496347,sky,8.287942
0.5999934,3.6739e-17,1.49701,sky,8.287942
0.3999945,2.44926e-17,1.497674,sky,8.287942
0.1999956,1.22462e-17,1.498337,sky,8.287942
-3.31612e-06,-2.030538e-22,1.499,sky,8.287942
-0.2000022,-1.22466e-17,1.499663,sky,8.287942
-0.4000011,-2.4493e-17,1.500326,sky,8.287942
-0.6,-3.673941e-17,1.50099,sky,8.287942
-0.7999989,-4.898581e-17,1.501653,sky,8.287942
