x,y,z,rearMat,Wm2Back
0.7914152,4.84602e-17,1.383111,sky,138.2316
0.5935252,3.634293e-17,1.412086,sky,138.2316
0.3956352,2.422567e-17,1.441061,sky,138.2316
0.1977451,1.21084e-17,1.470036,sky,138.2316
-0.0001448743,-8.870992e-21,1.499011,sky,138.2316
-0.1980349,-1.212614e-17,1.527985,sky,138.2316
-0.3959249,-2.424341e-17,1.55696,sky,138.2316
-0.5938149,-3.636068e-17,1.585935,sky,138.2316
-0.7917049,-4.847795e-17,1.61491,sky,138.2316
