x,y,z,rearMat,Wm2Back
0.7232166,4.428424e-17,1.841992,sky,9.482594
0.5425196,3.321974e-17,1.756268,sky,9.482594
0.3618226,2.215524e-17,1.670544,sky,9.482594
0.1811256,1.109075e-17,1.58482,sky,9.482594
0.0004286198,2.624539e-20,1.499097,sky,9.482594
-0.1802684,-1.103825e-17,1.413373,sky,9.482594
-0.3609654,-2.210275e-17,1.327649,sky,9.482594
-0.5416624,-3.316725e-17,1.241925,sky,9.482594
-0.7223594,-4.423175e-17,1.156201,sky,9.482594
