x,y,z,rearMat,Wm2Back
0.6545333,4.00786e-17,1.959986,sky,28.02096
0.491044,3.006777e-17,1.844785,sky,28.02096
0.3275546,2.005694e-17,1.729584,sky,28.02096
0.1640653,1.00461e-17,1.614383,sky,28.02096
0.0005760044,3.52701e-20,1.499183,sky,28.02096
-0.1629133,-9.975564e-18,1.383982,sky,28.02096
-0.3264026,-1.99864e-17,1.268781,sky,28.02096
-0.489892,-2.999723e-17,1.15358,sky,28.02096
-0.6533813,-4.000806e-17,1.038379,sky,28.02096
