x,y,z,mattype,Wm2Front
0.3746,4.854778e-17,0.05,groundplane,39.48777
0.3746,0.0254,0.05,groundplane,39.48857
0.3746,0.0508,0.05,groundplane,39.48856
0.3746,0.0762,0.05,groundplane,39.48854
0.3746,0.1016,0.05,groundplane,39.48853
