x,y,z,mattype,Wm2Front
1.5746,4.900263e-17,0.05,groundplane,798.8105
1.5746,0.0254,0.05,groundplane,798.812
1.5746,0.0508,0.05,groundplane,798.8114
1.5746,0.0762,0.05,groundplane,798.8107999999999
1.5746,0.1016,0.05,groundplane,798.8102
