x,y,z,rearMat,Wm2Back
0.7643816,4.680487e-17,1.263945,sky,8.986179
0.5732127,3.509916e-17,1.32272,sky,8.986179
0.3820439,2.339344e-17,1.381495,sky,8.986179
0.190875,1.168772e-17,1.440269,sky,8.986179
-0.0002938735,-1.799456e-20,1.499044,sky,8.986179
-0.1914627,-1.172371e-17,1.557819,sky,8.986179
-0.3826316,-2.342943e-17,1.616594,sky,8.986179
-0.5738005,-3.513515e-17,1.675368,sky,8.986179
-0.7649693,-4.684086e-17,1.734143,sky,8.986179
