x,y,z,mattype,Wm2Front
1.5746,4.877085e-17,0.05,groundplane,796.9618999999999
1.5746,0.0254,0.05,groundplane,796.965
1.5746,0.0508,0.05,groundplane,796.9645
1.5746,0.0762,0.05,groundplane,796.964
1.5746,0.1016,0.05,groundplane,796.9635
