x,y,z,mattype,Wm2Front
1.5746,4.602221e-17,0.05,groundplane,82.21165
1.5746,0.0254,0.05,groundplane,82.2095
1.5746,0.0508,0.05,groundplane,82.20944
1.5746,0.0762,0.05,groundplane,82.2094
1.5746,0.1016,0.05,groundplane,82.20934
