x,y,z,rearMat,Wm2Back
0.7970068,4.880259e-17,1.569146,sky,11.184199999999999
0.597777,3.660329e-17,1.55161,sky,11.184199999999999
0.3985472,2.440398e-17,1.534075,sky,11.184199999999999
0.1993175,1.220467e-17,1.516539,sky,11.184199999999999
8.767734e-05,5.368689e-21,1.499004,sky,11.184199999999999
-0.1991421,-1.219394e-17,1.481468,sky,11.184199999999999
-0.3983719,-2.439324e-17,1.463933,sky,11.184199999999999
-0.5976017,-3.659255e-17,1.446397,sky,11.184199999999999
-0.7968315,-4.879186e-17,1.428862,sky,11.184199999999999
