x,y,z,mattype,Wm2Front
1.5746,4.711709e-17,0.05,groundplane,888.5362
1.5746,0.0254,0.05,groundplane,888.5363000000001
1.5746,0.0508,0.05,groundplane,888.5359
1.5746,0.0762,0.05,groundplane,888.5356
1.5746,0.1016,0.05,groundplane,888.5353
