x,y,z,rearMat,Wm2Back
0.7630932,4.672598e-17,1.259813,sky,22.537940000000003
0.5722452,3.503991e-17,1.319621,sky,22.537940000000003
0.3813971,2.335384e-17,1.379429,sky,22.537940000000003
0.190549,1.166776e-17,1.439238,sky,22.537940000000003
-0.0002990408,-1.831097e-20,1.499046,sky,22.537940000000003
-0.1911471,-1.170438e-17,1.558854,sky,22.537940000000003
-0.3819952,-2.339046e-17,1.618662,sky,22.537940000000003
-0.5728432,-3.507653e-17,1.67847,sky,22.537940000000003
-0.7636913,-4.676261e-17,1.738278,sky,22.537940000000003
