x,y,z,mattype,Wm2Front
1.5746,4.720764e-17,0.05,groundplane,805.6271
1.5746,0.0254,0.05,groundplane,805.6275
1.5746,0.0508,0.05,groundplane,805.6271
1.5746,0.0762,0.05,groundplane,805.6267000000001
1.5746,0.1016,0.05,groundplane,805.6263
