x,y,z,rearMat,Wm2Back
0.7842407,4.802089e-17,1.341989,sky,5.756653
0.5881314,3.601266e-17,1.381246,sky,5.756653
0.3920222,2.400444e-17,1.420504,sky,5.756653
0.195913,1.199621e-17,1.459762,sky,5.756653
-0.0001962884,-1.20192e-20,1.499019,sky,5.756653
-0.1963055,-1.202025e-17,1.538277,sky,5.756653
-0.3924148,-2.402847e-17,1.577535,sky,5.756653
-0.588524,-3.60367e-17,1.616793,sky,5.756653
-0.7846332,-4.804493e-17,1.65605,sky,5.756653
