x,y,z,mattype,Wm2Front
0.3746,4.879353e-17,0.05,groundplane,827.6586000000001
0.3746,0.0254,0.05,groundplane,827.6601999999999
0.3746,0.0508,0.05,groundplane,827.6594
0.3746,0.0762,0.05,groundplane,827.6586000000001
0.3746,0.1016,0.05,groundplane,827.6578
