x,y,z,mattype,Wm2Front
0.3746,4.81691e-17,0.05,groundplane,71.2489
0.3746,0.0254,0.05,groundplane,71.24963
0.3746,0.0508,0.05,groundplane,71.2496
0.3746,0.0762,0.05,groundplane,71.24957
0.3746,0.1016,0.05,groundplane,71.24954
