x,y,z,mattype,Wm2Front
0.3746,3.050247e-17,0.05,groundplane,187.2209
0.3746,0.0254,0.05,groundplane,187.22709999999998
0.3746,0.0508,0.05,groundplane,187.2265
0.3746,0.0762,0.05,groundplane,187.22580000000002
0.3746,0.1016,0.05,groundplane,187.2252
