x,y,z,mattype,Wm2Front
0.3746,4.878255e-17,0.05,groundplane,901.4951
0.3746,0.0254,0.05,groundplane,901.4966
0.3746,0.0508,0.05,groundplane,901.496
0.3746,0.0762,0.05,groundplane,901.4954000000001
0.3746,0.1016,0.05,groundplane,901.4948
