x,y,z,mattype,Wm2Front
1.5746,4.828531e-17,0.05,groundplane,16.31639
1.5746,0.0254,0.05,groundplane,16.31639
1.5746,0.0508,0.05,groundplane,16.31638
1.5746,0.0762,0.05,groundplane,16.31638
1.5746,0.1016,0.05,groundplane,16.31638
