x,y,z,mattype,Wm2Front
0.3746,3.247255e-17,0.05,groundplane,458.9517
0.3746,0.0254,0.05,groundplane,458.9512
0.3746,0.0508,0.05,groundplane,458.94969999999995
0.3746,0.0762,0.05,groundplane,458.9483
0.3746,0.1016,0.05,groundplane,458.9469000000001
