x,y,z,rearMat,Wm2Back
0.7866849,4.817056e-17,1.645354,sky,7.400578
0.5900594,3.613072e-17,1.60877,sky,7.400578
0.3934339,2.409088e-17,1.572186,sky,7.400578
0.1968084,1.205104e-17,1.535601,sky,7.400578
0.0001829219,1.120074e-20,1.499017,sky,7.400578
-0.1964426,-1.202864e-17,1.462432,sky,7.400578
-0.3930681,-2.406848e-17,1.425848,sky,7.400578
-0.5896935,-3.610832e-17,1.389264,sky,7.400578
-0.786319,-4.814815e-17,1.352679,sky,7.400578
