x,y,z,mattype,Wm2Front
1.5746,4.823036e-17,0.05,groundplane,69.02295
1.5746,0.0254,0.05,groundplane,69.02246
1.5746,0.0508,0.05,groundplane,69.02244
1.5746,0.0762,0.05,groundplane,69.02242
1.5746,0.1016,0.05,groundplane,69.02239
