x,y,z,rearMat,Wm2Back
0.6534879,4.00146e-17,1.96147,sky,18.75073
0.4902604,3.001979e-17,1.845898,sky,18.75073
0.3270329,2.002499e-17,1.730327,sky,18.75073
0.1638054,1.003019e-17,1.614755,sky,18.75073
0.0005778576,3.538357e-20,1.499184,sky,18.75073
-0.1626497,-9.959419e-18,1.383612,sky,18.75073
-0.3258772,-1.995422e-17,1.268041,sky,18.75073
-0.4891047,-2.994903e-17,1.152469,sky,18.75073
-0.6523322,-3.994383e-17,1.036898,sky,18.75073
