x,y,z,rearMat,Wm2Back
0.7897729,4.835964e-17,1.372486,sky,1.527554
0.5922901,3.626731e-17,1.404118,sky,1.527554
0.3948074,2.417498e-17,1.435749,sky,1.527554
0.1973246,1.208265e-17,1.467381,sky,1.527554
-0.0001581581,-9.684389e-21,1.499013,sky,1.527554
-0.1976409,-1.210202e-17,1.530644,sky,1.527554
-0.3951237,-2.419435e-17,1.562276,sky,1.527554
-0.5926064,-3.628668e-17,1.593907,sky,1.527554
-0.7900892,-4.837901e-17,1.625539,sky,1.527554
