x,y,z,mattype,Wm2Front
1.5746,3.050247e-17,0.05,groundplane,248.42690000000002
1.5746,0.0254,0.05,groundplane,248.4335
1.5746,0.0508,0.05,groundplane,248.4331
1.5746,0.0762,0.05,groundplane,248.4326
1.5746,0.1016,0.05,groundplane,248.4321
