x,y,z,mattype,Wm2Front
0.3746,4.760175e-17,0.05,groundplane,89.77988999999998
0.3746,0.0254,0.05,groundplane,89.78091
0.3746,0.0508,0.05,groundplane,89.78091
0.3746,0.0762,0.05,groundplane,89.78090000000002
0.3746,0.1016,0.05,groundplane,89.78090000000002
