x,y,z,mattype,Wm2Front
1.5746,4.900054e-17,0.05,groundplane,0.4526891
1.5746,0.0254,0.05,groundplane,0.4526891
1.5746,0.0508,0.05,groundplane,0.4526891
1.5746,0.0762,0.05,groundplane,0.4526892
1.5746,0.1016,0.05,groundplane,0.4526892
