x,y,z,rearMat,Wm2Back
0.6650085,4.072002e-17,1.055293,sky,12.117200000000002
0.4986176,3.053152e-17,1.166261,sky,12.117200000000002
0.3322268,2.034302e-17,1.27723,sky,12.117200000000002
0.165836,1.015453e-17,1.388199,sky,12.117200000000002
-0.0005548444,-3.397442e-20,1.499168,sky,12.117200000000002
-0.1669457,-1.022247e-17,1.610137,sky,12.117200000000002
-0.3333365,-2.041097e-17,1.721106,sky,12.117200000000002
-0.4997273,-3.059947e-17,1.832075,sky,12.117200000000002
-0.6661181,-4.078797e-17,1.943044,sky,12.117200000000002
