x,y,z,rearMat,Wm2Back
0.6159514,3.771615e-17,0.9895053,sky,29.47094
0.4618043,2.827736e-17,1.116936,sky,29.47094
0.3076571,1.883857e-17,1.244367,sky,29.47094
0.15351,9.399776e-18,1.371798,sky,29.47094
-0.000637155,-3.901449e-20,1.499229,sky,29.47094
-0.1547843,-9.477805e-18,1.62666,sky,29.47094
-0.3089314,-1.891659e-17,1.754091,sky,29.47094
-0.4630786,-2.835538e-17,1.881522,sky,29.47094
-0.6172257,-3.779417e-17,2.008953,sky,29.47094
