x,y,z,mattype,Wm2Front
0.3746,4.10709e-17,0.05,groundplane,761.7028999999999
0.3746,0.0254,0.05,groundplane,761.7028
0.3746,0.0508,0.05,groundplane,761.7025
0.3746,0.0762,0.05,groundplane,761.7023
0.3746,0.1016,0.05,groundplane,761.7019999999999
