x,y,z,rearMat,Wm2Back
0.7343241,4.496438e-17,1.817441,sky,23.80609
0.5508426,3.372938e-17,1.737852,sky,23.80609
0.367361,2.249438e-17,1.658262,sky,23.80609
0.1838795,1.125937e-17,1.578672,sky,23.80609
0.0003979486,2.436733e-20,1.499083,sky,23.80609
-0.1830836,-1.121064e-17,1.419493,sky,23.80609
-0.3665651,-2.244564e-17,1.339903,sky,23.80609
-0.5500467,-3.368064e-17,1.260313,sky,23.80609
-0.7335282,-4.491565e-17,1.180724,sky,23.80609
