x,y,z,rearMat,Wm2Back
0.6646453,4.069779e-17,1.94525,sky,55.05418
0.4986234,3.053188e-17,1.83373,sky,55.05418
0.3326014,2.036596e-17,1.72221,sky,55.05418
0.1665795,1.020005e-17,1.61069,sky,55.05418
0.0005576002,3.414317e-20,1.49917,sky,55.05418
-0.1654643,-1.013177e-17,1.38765,sky,55.05418
-0.3314862,-2.029768e-17,1.27613,sky,55.05418
-0.4975082,-3.046359e-17,1.16461,sky,55.05418
-0.6635301,-4.06295e-17,1.05309,sky,55.05418
