x,y,z,rearMat,Wm2Back
0.5356329,3.279806e-17,2.094221,sky,18.34362
0.4019106,2.460993e-17,1.945498,sky,18.34362
0.2681883,1.642179e-17,1.796776,sky,18.34362
0.1344659,8.233664e-18,1.648054,sky,18.34362
0.0007436118,4.553309e-20,1.499331,sky,18.34362
-0.1329787,-8.142598e-18,1.350609,sky,18.34362
-0.266701,-1.633073e-17,1.201887,sky,18.34362
-0.4004234,-2.451886e-17,1.053164,sky,18.34362
-0.5341457,-3.270699e-17,0.904442,sky,18.34362
