x,y,z,mattype,Wm2Front
0.3746,3.050247e-17,0.05,groundplane,460.70970000000005
0.3746,0.0254,0.05,groundplane,460.7148
0.3746,0.0508,0.05,groundplane,460.7147
0.3746,0.0762,0.05,groundplane,460.7145
0.3746,0.1016,0.05,groundplane,460.7142999999999
