x,y,z,mattype,Wm2Front
1.5746,4.427923e-17,0.05,groundplane,24.84693
1.5746,0.0254,0.05,groundplane,24.846950000000003
1.5746,0.0508,0.05,groundplane,24.846950000000003
1.5746,0.0762,0.05,groundplane,24.84694
1.5746,0.1016,0.05,groundplane,24.84694
