x,y,z,rearMat,Wm2Back
0.7999354,4.898192e-17,1.489785,sky,0.5464377
0.5999487,3.673626e-17,1.492089,sky,0.5464377
0.3999619,2.449061e-17,1.494392,sky,0.5464377
0.1999752,1.224495e-17,1.496696,sky,0.5464377
-1.151892e-05,-7.053303e-22,1.499,sky,0.5464377
-0.1999982,-1.224636e-17,1.501304,sky,0.5464377
-0.399985,-2.449202e-17,1.503608,sky,0.5464377
-0.5999717,-3.673767e-17,1.505911,sky,0.5464377
-0.7999584,-4.898333e-17,1.508215,sky,0.5464377
