x,y,z,rearMat,Wm2Back
0.5812447,3.559097e-17,0.9503131,sky,20.14349
0.4357619,2.668272e-17,1.087553,sky,20.14349
0.2902792,1.777448e-17,1.224793,sky,20.14349
0.1447965,8.866229e-18,1.362033,sky,20.14349
-0.0006861993,-4.201759e-20,1.499273,sky,20.14349
-0.1461689,-8.950265e-18,1.636512,sky,20.14349
-0.2916516,-1.785851e-17,1.773752,sky,20.14349
-0.4371343,-2.676676e-17,1.910992,sky,20.14349
-0.5826171,-3.567501e-17,2.048232,sky,20.14349
