x,y,z,mattype,Wm2Front
0.3746,4.817537e-17,0.05,groundplane,887.7418000000001
0.3746,0.0254,0.05,groundplane,887.7428
0.3746,0.0508,0.05,groundplane,887.7424
0.3746,0.0762,0.05,groundplane,887.7419999999998
0.3746,0.1016,0.05,groundplane,887.7416
