x,y,z,mattype,Wm2Front
0.3746,4.603102e-17,0.05,groundplane,796.2896999999999
0.3746,0.0254,0.05,groundplane,796.2898
0.3746,0.0508,0.05,groundplane,796.2889
0.3746,0.0762,0.05,groundplane,796.2881000000001
0.3746,0.1016,0.05,groundplane,796.2872000000001
