x,y,z,mattype,Wm2Front
0.3746,3.707601e-17,0.05,groundplane,87.72971
0.3746,0.0254,0.05,groundplane,87.72969
0.3746,0.0508,0.05,groundplane,87.72969
0.3746,0.0762,0.05,groundplane,87.72967999999999
0.3746,0.1016,0.05,groundplane,87.72967999999999
