x,y,z,rearMat,Wm2Back
0.7997222,4.896886e-17,1.478896,sky,12.736600000000001
0.5997854,3.672626e-17,1.483922,sky,12.736600000000001
0.3998485,2.448366e-17,1.488948,sky,12.736600000000001
0.1999117,1.224106e-17,1.493974,sky,12.736600000000001
-2.51301e-05,-1.538775e-21,1.499,sky,12.736600000000001
-0.199962,-1.224414e-17,1.504026,sky,12.736600000000001
-0.3998988,-2.448674e-17,1.509052,sky,12.736600000000001
-0.5998356,-3.672934e-17,1.514078,sky,12.736600000000001
-0.7997725,-4.897194e-17,1.519104,sky,12.736600000000001
