x,y,z,rearMat,Wm2Back
0.7890944,4.83181e-17,1.368353,sky,9.73942
0.59178,3.623607e-17,1.401018,sky,9.73942
0.3944655,2.415405e-17,1.433683,sky,9.73942
0.1971511,1.207202e-17,1.466348,sky,9.73942
-0.000163326,-1.000083e-20,1.499013,sky,9.73942
-0.1974778,-1.209203e-17,1.531679,sky,9.73942
-0.3947922,-2.417405e-17,1.564344,sky,9.73942
-0.5921066,-3.625607e-17,1.597009,sky,9.73942
-0.7894211,-4.83381e-17,1.629674,sky,9.73942
