x,y,z,mattype,Wm2Front
0.3746,4.527798e-17,0.05,groundplane,728.4716
0.3746,0.0254,0.05,groundplane,728.478
0.3746,0.0508,0.05,groundplane,728.4761
0.3746,0.0762,0.05,groundplane,728.4741
0.3746,0.1016,0.05,groundplane,728.4720000000001
