x,y,z,mattype,Wm2Front
0.3746,4.69571e-17,0.05,groundplane,705.6158
0.3746,0.0254,0.05,groundplane,705.619
0.3746,0.0508,0.05,groundplane,705.618
0.3746,0.0762,0.05,groundplane,705.6171
0.3746,0.1016,0.05,groundplane,705.6160999999998
