x,y,z,mattype,Wm2Front
0.3746,4.598391e-17,0.05,groundplane,826.3781
0.3746,0.0254,0.05,groundplane,826.3783
0.3746,0.0508,0.05,groundplane,826.3779
0.3746,0.0762,0.05,groundplane,826.3776000000001
0.3746,0.1016,0.05,groundplane,826.3773
