x,y,z,mattype,Wm2Front
1.5746,3.247255e-17,0.05,groundplane,375.4648
1.5746,0.0254,0.05,groundplane,375.4636
1.5746,0.0508,0.05,groundplane,375.4635
1.5746,0.0762,0.05,groundplane,375.46330000000006
1.5746,0.1016,0.05,groundplane,375.4632
