x,y,z,mattype,Wm2Front
1.5746,4.154021e-17,0.05,groundplane,797.0063
1.5746,0.0254,0.05,groundplane,797.0057
1.5746,0.0508,0.05,groundplane,797.0054999999999
1.5746,0.0762,0.05,groundplane,797.0052
1.5746,0.1016,0.05,groundplane,797.005
