x,y,z,mattype,Wm2Front
0.3746,4.537548e-17,0.05,groundplane,873.2267
0.3746,0.0254,0.05,groundplane,873.2285
0.3746,0.0508,0.05,groundplane,873.2280999999999
0.3746,0.0762,0.05,groundplane,873.2277
0.3746,0.1016,0.05,groundplane,873.2274000000001
