x,y,z,rearMat,Wm2Back
0.7195346,4.405879e-17,1.849673,sky,64.44877
0.5397605,3.30508e-17,1.76203,sky,64.44877
0.3599864,2.204281e-17,1.674387,sky,64.44877
0.1802123,1.103482e-17,1.586744,sky,64.44877
0.0004382143,2.683289e-20,1.499101,sky,64.44877
-0.1793359,-1.098116e-17,1.411458,sky,64.44877
-0.35911,-2.198915e-17,1.323815,sky,64.44877
-0.5388841,-3.299714e-17,1.236173,sky,64.44877
-0.7186582,-4.400512e-17,1.14853,sky,64.44877
