x,y,z,mattype,Wm2Front
0.3746,4.043105e-17,0.05,groundplane,771.3909
0.3746,0.0254,0.05,groundplane,771.3927
0.3746,0.0508,0.05,groundplane,771.3924000000001
0.3746,0.0762,0.05,groundplane,771.3920000000002
0.3746,0.1016,0.05,groundplane,771.3917
