x,y,z,rearMat,Wm2Back
0.5312289,3.252839e-17,0.9018388,sky,229.84990000000002
0.3982349,2.438486e-17,1.051213,sky,229.84990000000002
0.265241,1.624133e-17,1.200587,sky,229.84990000000002
0.1322471,8.097797e-18,1.349961,sky,229.84990000000002
-0.0007468703,-4.573262e-20,1.499335,sky,229.84990000000002
-0.1337408,-8.189263e-18,1.648709,sky,229.84990000000002
-0.2667347,-1.633279e-17,1.798083,sky,229.84990000000002
-0.3997287,-2.447632e-17,1.947457,sky,229.84990000000002
-0.5327226,-3.261985e-17,2.096831,sky,229.84990000000002
