x,y,z,mattype,Wm2Front
1.5746,3.877021e-17,0.05,groundplane,761.6115
1.5746,0.0254,0.05,groundplane,761.614
1.5746,0.0508,0.05,groundplane,761.6136
1.5746,0.0762,0.05,groundplane,761.6132000000001
1.5746,0.1016,0.05,groundplane,761.6127
