x,y,z,mattype,Wm2Front
0.3746,3.940967e-17,0.05,groundplane,420.42429999999996
0.3746,0.0254,0.05,groundplane,420.43160000000006
0.3746,0.0508,0.05,groundplane,420.4302
0.3746,0.0762,0.05,groundplane,420.42879999999997
0.3746,0.1016,0.05,groundplane,420.4274
