x,y,z,mattype,Wm2Front
1.5746,4.5978e-17,0.05,groundplane,808.4543
1.5746,0.0254,0.05,groundplane,808.4544
1.5746,0.0508,0.05,groundplane,808.4540000000001
1.5746,0.0762,0.05,groundplane,808.4536000000002
1.5746,0.1016,0.05,groundplane,808.4531000000001
