x,y,z,mattype,Wm2Front
1.5746,4.007994e-17,0.05,groundplane,231.20359999999997
1.5746,0.0254,0.05,groundplane,231.20580000000004
1.5746,0.0508,0.05,groundplane,231.2057
1.5746,0.0762,0.05,groundplane,231.2057
1.5746,0.1016,0.05,groundplane,231.2056
