x,y,z,mattype,Wm2Front
1.5746,4.822581e-17,0.05,groundplane,751.5428
1.5746,0.0254,0.05,groundplane,751.5436
1.5746,0.0508,0.05,groundplane,751.5431
1.5746,0.0762,0.05,groundplane,751.5426000000001
1.5746,0.1016,0.05,groundplane,751.5421
