x,y,z,mattype,Wm2Front
1.5746,4.855588e-17,0.05,groundplane,858.2262
1.5746,0.0254,0.05,groundplane,858.2273
1.5746,0.0508,0.05,groundplane,858.2269
1.5746,0.0762,0.05,groundplane,858.2265000000001
1.5746,0.1016,0.05,groundplane,858.2261
