x,y,z,rearMat,Wm2Back
0.530218,3.246649e-17,2.099058,sky,27.013099999999998
0.3978509,2.436134e-17,1.949128,sky,27.013099999999998
0.2654838,1.625619e-17,1.799198,sky,27.013099999999998
0.1331167,8.151049e-18,1.649268,sky,27.013099999999998
0.0007496492,4.590277e-20,1.499338,sky,27.013099999999998
-0.1316174,-8.059243e-18,1.349408,sky,27.013099999999998
-0.2639845,-1.616439e-17,1.199478,sky,27.013099999999998
-0.3963516,-2.426953e-17,1.049549,sky,27.013099999999998
-0.5287187,-3.237468e-17,0.8996188,sky,27.013099999999998
