x,y,z,mattype,Wm2Front
1.5746,3.665343e-17,0.05,groundplane,736.7422
1.5746,0.0254,0.05,groundplane,736.7441
1.5746,0.0508,0.05,groundplane,736.7437999999999
1.5746,0.0762,0.05,groundplane,736.7435
1.5746,0.1016,0.05,groundplane,736.7433
