x,y,z,rearMat,Wm2Back
0.591878,3.624208e-17,0.9617794,sky,48.89410999999999
0.4437406,2.717127e-17,1.096149,sky,48.89410999999999
0.2956031,1.810047e-17,1.230519,sky,48.89410999999999
0.1474656,9.029665e-18,1.364889,sky,48.89410999999999
-0.0006718499,-4.113894e-20,1.499259,sky,48.89410999999999
-0.1488093,-9.111943e-18,1.633629,sky,48.89410999999999
-0.2969468,-1.818275e-17,1.767999,sky,48.89410999999999
-0.4450843,-2.725355e-17,1.902369,sky,48.89410999999999
-0.5932217,-3.632435e-17,2.036739,sky,48.89410999999999
