x,y,z,rearMat,Wm2Back
0.763927,4.677704e-17,1.262478,sky,13.37218
0.5728713,3.507825e-17,1.32162,sky,13.37218
0.3818156,2.337946e-17,1.380762,sky,13.37218
0.19076,1.168068e-17,1.439903,sky,13.37218
-0.0002957081,-1.81069e-20,1.499045,sky,13.37218
-0.1913514,-1.171689e-17,1.558186,sky,13.37218
-0.3824071,-2.341568e-17,1.617328,sky,13.37218
-0.5734627,-3.511446e-17,1.67647,sky,13.37218
-0.7645184,-4.681325e-17,1.735611,sky,13.37218
