x,y,z,rearMat,Wm2Back
0.6626709,4.057689e-17,1.051817,sky,70.1468
0.4968634,3.042411e-17,1.163655,sky,70.1468
0.3310558,2.027132e-17,1.275494,sky,70.1468
0.1652483,1.011854e-17,1.387332,sky,70.1468
-0.0005591929,-3.424069e-20,1.499171,sky,70.1468
-0.1663667,-1.018702e-17,1.61101,sky,70.1468
-0.3321742,-2.03398e-17,1.722848,sky,70.1468
-0.4979817,-3.049259e-17,1.834687,sky,70.1468
-0.6637893,-4.064537e-17,1.946525,sky,70.1468
