x,y,z,mattype,Wm2Front
1.5746,4.781768e-17,0.05,groundplane,29.79701
1.5746,0.0254,0.05,groundplane,29.79695
1.5746,0.0508,0.05,groundplane,29.796939999999996
1.5746,0.0762,0.05,groundplane,29.796939999999996
1.5746,0.1016,0.05,groundplane,29.796939999999996
