x,y,z,rearMat,Wm2Back
0.7019964,4.298488e-17,1.883669,sky,50.276199999999996
0.5266174,3.224602e-17,1.787533,sky,50.276199999999996
0.3512385,2.150716e-17,1.691396,sky,50.276199999999996
0.1758596,1.076829e-17,1.59526,sky,50.276199999999996
0.0004806827,2.943333e-20,1.499123,sky,50.276199999999996
-0.1748982,-1.070943e-17,1.402987,sky,50.276199999999996
-0.3502772,-2.144829e-17,1.30685,sky,50.276199999999996
-0.5256561,-3.218715e-17,1.210713,sky,50.276199999999996
-0.701035,-4.292601e-17,1.114577,sky,50.276199999999996
