x,y,z,rearMat,Wm2Back
0.7861727,4.813919e-17,1.6481,sky,8.626246
0.5896761,3.610725e-17,1.610829,sky,8.626246
0.3931795,2.40753e-17,1.573559,sky,8.626246
0.1966829,1.204336e-17,1.536288,sky,8.626246
0.0001863526,1.14108e-20,1.499018,sky,8.626246
-0.1963102,-1.202054e-17,1.461747,sky,8.626246
-0.3928068,-2.405248e-17,1.424476,sky,8.626246
-0.5893034,-3.608443e-17,1.387206,sky,8.626246
-0.7858,-4.811637e-17,1.349935,sky,8.626246
