x,y,z,mattype,Wm2Front
0.3746,4.793612e-17,0.05,groundplane,76.57855
0.3746,0.0254,0.05,groundplane,76.57809
0.3746,0.0508,0.05,groundplane,76.57806
0.3746,0.0762,0.05,groundplane,76.57803
0.3746,0.1016,0.05,groundplane,76.578
