x,y,z,mattype,Wm2Front
0.3746,4.892616e-17,0.05,groundplane,17.29268
0.3746,0.0254,0.05,groundplane,17.29309
0.3746,0.0508,0.05,groundplane,17.29309
0.3746,0.0762,0.05,groundplane,17.2931
0.3746,0.1016,0.05,groundplane,17.29311
