x,y,z,rearMat,Wm2Back
0.7806475,4.780087e-17,1.674901,sky,14.125189999999998
0.5855406,3.585402e-17,1.630932,sky,14.125189999999998
0.3904337,2.390717e-17,1.586963,sky,14.125189999999998
0.1953268,1.196031e-17,1.542994,sky,14.125189999999998
0.0002198462,1.34617e-20,1.499024,sky,14.125189999999998
-0.1948871,-1.193339e-17,1.455055,sky,14.125189999999998
-0.389994,-2.388024e-17,1.411086,sky,14.125189999999998
-0.5851009,-3.58271e-17,1.367117,sky,14.125189999999998
-0.7802078,-4.777395e-17,1.323148,sky,14.125189999999998
