x,y,z,rearMat,Wm2Back
0.5672474,3.473389e-17,0.93588,sky,26.689900000000005
0.4252595,2.603963e-17,1.076733,sky,26.689900000000005
0.2832716,1.734538e-17,1.217585,sky,26.689900000000005
0.1412837,8.651129e-18,1.358438,sky,26.689900000000005
-0.0007042626,-4.312365e-20,1.49929,sky,26.689900000000005
-0.1426922,-8.737376e-18,1.640143,sky,26.689900000000005
-0.2846801,-1.743163e-17,1.780995,sky,26.689900000000005
-0.426668,-2.612588e-17,1.921848,sky,26.689900000000005
-0.5686559,-3.482013e-17,2.0627,sky,26.689900000000005
