x,y,z,mattype,Wm2Front
0.3746,3.818095e-17,0.05,groundplane,195.87109999999998
0.3746,0.0254,0.05,groundplane,195.8691
0.3746,0.0508,0.05,groundplane,195.869
0.3746,0.0762,0.05,groundplane,195.8688
0.3746,0.1016,0.05,groundplane,195.8687
