x,y,z,mattype,Wm2Front
0.3746,4.466349e-17,0.05,groundplane,749.5643999999999
0.3746,0.0254,0.05,groundplane,749.5660000000001
0.3746,0.0508,0.05,groundplane,749.5656
0.3746,0.0762,0.05,groundplane,749.5652
0.3746,0.1016,0.05,groundplane,749.5648
