x,y,z,mattype,Wm2Front
1.5746,4.404575e-17,0.05,groundplane,88.21546
1.5746,0.0254,0.05,groundplane,88.21835
1.5746,0.0508,0.05,groundplane,88.21819999999998
1.5746,0.0762,0.05,groundplane,88.21805
1.5746,0.1016,0.05,groundplane,88.2179
