x,y,z,mattype,Wm2Front
0.3746,3.050247e-17,0.05,groundplane,96.12157
0.3746,0.0254,0.05,groundplane,96.12234
0.3746,0.0508,0.05,groundplane,96.12229
0.3746,0.0762,0.05,groundplane,96.12225
0.3746,0.1016,0.05,groundplane,96.12222000000001
