x,y,z,mattype,Wm2Front
0.3746,4.64586e-17,0.05,groundplane,858.3281000000001
0.3746,0.0254,0.05,groundplane,858.3293
0.3746,0.0508,0.05,groundplane,858.3281000000001
0.3746,0.0762,0.05,groundplane,858.3267
0.3746,0.1016,0.05,groundplane,858.3253
