x,y,z,mattype,Wm2Front
1.5746,4.723794e-17,0.05,groundplane,874.2661000000002
1.5746,0.0254,0.05,groundplane,874.2673
1.5746,0.0508,0.05,groundplane,874.2669
1.5746,0.0762,0.05,groundplane,874.2665000000001
1.5746,0.1016,0.05,groundplane,874.2661000000002
