x,y,z,mattype,Wm2Front
0.3746,4.336935e-17,0.05,groundplane,786.4442
0.3746,0.0254,0.05,groundplane,786.4456999999999
0.3746,0.0508,0.05,groundplane,786.4453
0.3746,0.0762,0.05,groundplane,786.4449
0.3746,0.1016,0.05,groundplane,786.4446000000002
