x,y,z,mattype,Wm2Front
1.5746,4.489184e-17,0.05,groundplane,31.97633
1.5746,0.0254,0.05,groundplane,31.9763
1.5746,0.0508,0.05,groundplane,31.9763
1.5746,0.0762,0.05,groundplane,31.976289999999995
1.5746,0.1016,0.05,groundplane,31.976289999999995
