x,y,z,rearMat,Wm2Back
0.7631351,4.672855e-17,1.259946,sky,16.72693
0.5722766,3.504184e-17,1.319721,sky,16.72693
0.3814181,2.335512e-17,1.379496,sky,16.72693
0.1905596,1.166841e-17,1.439271,sky,16.72693
-0.0002988742,-1.830077e-20,1.499046,sky,16.72693
-0.1911574,-1.170501e-17,1.558821,sky,16.72693
-0.3820159,-2.339173e-17,1.618595,sky,16.72693
-0.5728744,-3.507844e-17,1.67837,sky,16.72693
-0.7637329,-4.676515e-17,1.738145,sky,16.72693
