x,y,z,mattype,Wm2Front
1.5746,3.247255e-17,0.05,groundplane,91.23328
1.5746,0.0254,0.05,groundplane,91.23323999999998
1.5746,0.0508,0.05,groundplane,91.23322
1.5746,0.0762,0.05,groundplane,91.2332
1.5746,0.1016,0.05,groundplane,91.23318
