x,y,z,rearMat,Wm2Back
0.5899957,3.612682e-17,0.9597167,sky,42.95893
0.4423282,2.708479e-17,1.094603,sky,42.95893
0.2946606,1.804276e-17,1.229489,sky,42.95893
0.1469931,9.000731e-18,1.364375,sky,42.95893
-0.0006744313,-4.1297e-20,1.499262,sky,42.95893
-0.148342,-9.083325e-18,1.634148,sky,42.95893
-0.2960095,-1.812535e-17,1.769034,sky,42.95893
-0.443677,-2.716738e-17,1.90392,sky,42.95893
-0.5913445,-3.620941e-17,2.038807,sky,42.95893
