x,y,z,rearMat,Wm2Back
0.7671421,4.69739e-17,1.726923,sky,20.21621
0.5754278,3.523479e-17,1.669953,sky,20.21621
0.3837135,2.349567e-17,1.612982,sky,20.21621
0.1919992,1.175656e-17,1.556012,sky,20.21621
0.000284852,1.744215e-20,1.499041,sky,20.21621
-0.1914295,-1.172167e-17,1.442071,sky,20.21621
-0.3831438,-2.346079e-17,1.385101,sky,20.21621
-0.5748581,-3.51999e-17,1.32813,sky,20.21621
-0.7665724,-4.693902e-17,1.27116,sky,20.21621
