x,y,z,mattype,Wm2Front
0.3746,4.159456e-17,0.05,groundplane,794.263
0.3746,0.0254,0.05,groundplane,794.2628
0.3746,0.0508,0.05,groundplane,794.2626
0.3746,0.0762,0.05,groundplane,794.2623
0.3746,0.1016,0.05,groundplane,794.2620000000001
