x,y,z,mattype,Wm2Front
0.3746,4.659547e-17,0.05,groundplane,487.4874
0.3746,0.0254,0.05,groundplane,487.4948
0.3746,0.0508,0.05,groundplane,487.4928
0.3746,0.0762,0.05,groundplane,487.4907
0.3746,0.1016,0.05,groundplane,487.48859999999996
