x,y,z,mattype,Wm2Front
1.5746,3.934213e-17,0.05,groundplane,219.4709
1.5746,0.0254,0.05,groundplane,219.47079999999997
1.5746,0.0508,0.05,groundplane,219.4706
1.5746,0.0762,0.05,groundplane,219.4705
1.5746,0.1016,0.05,groundplane,219.47030000000004
