x,y,z,mattype,Wm2Front
0.3746,4.712179e-17,0.05,groundplane,893.3389000000001
0.3746,0.0254,0.05,groundplane,893.3374
0.3746,0.0508,0.05,groundplane,893.337
0.3746,0.0762,0.05,groundplane,893.3366
0.3746,0.1016,0.05,groundplane,893.3362000000001
