x,y,z,mattype,Wm2Front
0.3746,4.146867e-17,0.05,groundplane,807.1158
0.3746,0.0254,0.05,groundplane,807.1169999999998
0.3746,0.0508,0.05,groundplane,807.1167
0.3746,0.0762,0.05,groundplane,807.1164
0.3746,0.1016,0.05,groundplane,807.1160999999998
