x,y,z,mattype,Wm2Front
0.3746,4.809321e-17,0.05,groundplane,77.34123
0.3746,0.0254,0.05,groundplane,77.34039
0.3746,0.0508,0.05,groundplane,77.34039
0.3746,0.0762,0.05,groundplane,77.34039
0.3746,0.1016,0.05,groundplane,77.34039
