x,y,z,rearMat,Wm2Back
0.7902132,4.83866e-17,1.375244,sky,30.66143
0.5926212,3.628758e-17,1.406186,sky,30.66143
0.3950292,2.418856e-17,1.437128,sky,30.66143
0.1974373,1.208955e-17,1.46807,sky,30.66143
-0.0001547104,-9.473279e-21,1.499012,sky,30.66143
-0.1977467,-1.210849e-17,1.529954,sky,30.66143
-0.3953387,-2.420751e-17,1.560896,sky,30.66143
-0.5929306,-3.630653e-17,1.591838,sky,30.66143
-0.7905226,-4.840555e-17,1.62278,sky,30.66143
