x,y,z,mattype,Wm2Front
1.5746,4.834143e-17,0.05,groundplane,67.9967
1.5746,0.0254,0.05,groundplane,67.99905
1.5746,0.0508,0.05,groundplane,67.99902
1.5746,0.0762,0.05,groundplane,67.999
1.5746,0.1016,0.05,groundplane,67.99898
