x,y,z,mattype,Wm2Front
0.3746,4.046967e-17,0.05,groundplane,813.8993999999999
0.3746,0.0254,0.05,groundplane,813.9029999999999
0.3746,0.0508,0.05,groundplane,813.9025
0.3746,0.0762,0.05,groundplane,813.9019
0.3746,0.1016,0.05,groundplane,813.9013
