x,y,z,mattype,Wm2Front
0.3746,4.591258e-17,0.05,groundplane,725.1439999999999
0.3746,0.0254,0.05,groundplane,725.1447
0.3746,0.0508,0.05,groundplane,725.1443
0.3746,0.0762,0.05,groundplane,725.1438000000002
0.3746,0.1016,0.05,groundplane,725.1434
