x,y,z,mattype,Wm2Front
0.3746,4.674665e-17,0.05,groundplane,342.6892
0.3746,0.0254,0.05,groundplane,342.6954
0.3746,0.0508,0.05,groundplane,342.6939
0.3746,0.0762,0.05,groundplane,342.6924000000001
0.3746,0.1016,0.05,groundplane,342.6909
