x,y,z,mattype,Wm2Front
1.5746,4.802519e-17,0.05,groundplane,20.72396
1.5746,0.0254,0.05,groundplane,20.72399
1.5746,0.0508,0.05,groundplane,20.72399
1.5746,0.0762,0.05,groundplane,20.72399
1.5746,0.1016,0.05,groundplane,20.724
