x,y,z,mattype,Wm2Front
0.3746,3.247255e-17,0.05,groundplane,477.988
0.3746,0.0254,0.05,groundplane,477.9871
0.3746,0.0508,0.05,groundplane,477.98690000000005
0.3746,0.0762,0.05,groundplane,477.98679999999996
0.3746,0.1016,0.05,groundplane,477.9867
