x,y,z,mattype,Wm2Front
0.3746,4.855588e-17,0.05,groundplane,858.3579
0.3746,0.0254,0.05,groundplane,858.3588999999998
0.3746,0.0508,0.05,groundplane,858.3584999999999
0.3746,0.0762,0.05,groundplane,858.3582
0.3746,0.1016,0.05,groundplane,858.3578000000001
