x,y,z,rearMat,Wm2Back
0.7987389,4.890865e-17,1.544913,sky,32.94075
0.5990685,3.668237e-17,1.533436,sky,32.94075
0.3993981,2.445608e-17,1.521958,sky,32.94075
0.1997278,1.22298e-17,1.51048,sky,32.94075
5.738978e-05,3.514111e-21,1.499002,sky,32.94075
-0.199613,-1.222277e-17,1.487524,sky,32.94075
-0.3992833,-2.444905e-17,1.476046,sky,32.94075
-0.5989537,-3.667534e-17,1.464568,sky,32.94075
-0.7986241,-4.890162e-17,1.45309,sky,32.94075
