x,y,z,rearMat,Wm2Back
0.7983764,4.888646e-17,1.449048,sky,1.521273
0.5987667,3.666389e-17,1.461537,sky,1.521273
0.399157,2.444132e-17,1.474025,sky,1.521273
0.1995473,1.221875e-17,1.486514,sky,1.521273
-6.244214e-05,-3.823478e-21,1.499002,sky,1.521273
-0.1996722,-1.222639e-17,1.51149,sky,1.521273
-0.3992819,-2.444896e-17,1.523979,sky,1.521273
-0.5988916,-3.667153e-17,1.536467,sky,1.521273
-0.7985013,-4.88941e-17,1.548956,sky,1.521273
