x,y,z,mattype,Wm2Front
0.3746,3.247255e-17,0.05,groundplane,424.5891
0.3746,0.0254,0.05,groundplane,424.5878
0.3746,0.0508,0.05,groundplane,424.5877
0.3746,0.0762,0.05,groundplane,424.5874999999999
0.3746,0.1016,0.05,groundplane,424.58740000000006
