x,y,z,mattype,Wm2Front
1.5746,4.871831e-17,0.05,groundplane,34.53112
1.5746,0.0254,0.05,groundplane,34.53063
1.5746,0.0508,0.05,groundplane,34.53061
1.5746,0.0762,0.05,groundplane,34.53058
1.5746,0.1016,0.05,groundplane,34.53056
