x,y,z,mattype,Wm2Front
0.3746,3.247255e-17,0.05,groundplane,240.3125
0.3746,0.0254,0.05,groundplane,240.30910000000003
0.3746,0.0508,0.05,groundplane,240.30869999999996
0.3746,0.0762,0.05,groundplane,240.30820000000003
0.3746,0.1016,0.05,groundplane,240.30779999999996
