x,y,z,rearMat,Wm2Back
0.7762992,4.753462e-17,1.306711,sky,4.295733
0.5821643,3.564728e-17,1.354791,sky,4.295733
0.3880294,2.375995e-17,1.40287,sky,4.295733
0.1938945,1.187261e-17,1.45095,sky,4.295733
-0.0002403975,-1.47201e-20,1.499029,sky,4.295733
-0.1943753,-1.190205e-17,1.547109,sky,4.295733
-0.3885102,-2.378939e-17,1.595188,sky,4.295733
-0.5826451,-3.567672e-17,1.643268,sky,4.295733
-0.77678,-4.756406e-17,1.691347,sky,4.295733
