x,y,z,rearMat,Wm2Back
0.7102425,4.348981e-17,1.13182,sky,12.57002
0.5325671,3.261033e-17,1.223643,sky,12.57002
0.3548917,2.173085e-17,1.315466,sky,12.57002
0.1772163,1.085137e-17,1.407289,sky,12.57002
-0.0004591148,-2.811267e-20,1.499112,sky,12.57002
-0.1781345,-1.090759e-17,1.590935,sky,12.57002
-0.3558099,-2.178707e-17,1.682758,sky,12.57002
-0.5334853,-3.266655e-17,1.77458,sky,12.57002
-0.7111607,-4.354603e-17,1.866403,sky,12.57002
