x,y,z,rearMat,Wm2Back
0.5387035,3.298607e-17,0.9085614,sky,23.17294
0.403843,2.472825e-17,1.056252,sky,23.17294
0.2689825,1.647043e-17,1.203944,sky,23.17294
0.134122,8.212605e-18,1.351635,sky,23.17294
-0.0007384553,-4.521735e-20,1.499326,sky,23.17294
-0.1355989,-8.30304e-18,1.647017,sky,23.17294
-0.2704594,-1.656086e-17,1.794708,sky,23.17294
-0.4053199,-2.481869e-17,1.942399,sky,23.17294
-0.5401804,-3.307651e-17,2.09009,sky,23.17294
