x,y,z,mattype,Wm2Front
0.3746,4.463789e-17,0.05,groundplane,837.8624999999998
0.3746,0.0254,0.05,groundplane,837.8624
0.3746,0.0508,0.05,groundplane,837.8622
0.3746,0.0762,0.05,groundplane,837.8619
0.3746,0.1016,0.05,groundplane,837.8615999999998
