x,y,z,mattype,Wm2Front
1.5746,4.89715e-17,0.05,groundplane,10.169
1.5746,0.0254,0.05,groundplane,10.16871
1.5746,0.0508,0.05,groundplane,10.1687
1.5746,0.0762,0.05,groundplane,10.1687
1.5746,0.1016,0.05,groundplane,10.16869
