x,y,z,rearMat,Wm2Back
0.7686302,4.706503e-17,1.72183,sky,5.740875
0.5765423,3.530303e-17,1.666133,sky,5.740875
0.3844543,2.354104e-17,1.610435,sky,5.740875
0.1923664,1.177905e-17,1.554737,sky,5.740875
0.0002784883,1.705249e-20,1.49904,sky,5.740875
-0.1918094,-1.174494e-17,1.443342,sky,5.740875
-0.3838974,-2.350693e-17,1.387644,sky,5.740875
-0.5759853,-3.526893e-17,1.331947,sky,5.740875
-0.7680732,-4.703092e-17,1.276249,sky,5.740875
