x,y,z,mattype,Wm2Front
0.3746,3.050247e-17,0.05,groundplane,181.66870000000003
0.3746,0.0254,0.05,groundplane,181.6703
0.3746,0.0508,0.05,groundplane,181.67
0.3746,0.0762,0.05,groundplane,181.6697
0.3746,0.1016,0.05,groundplane,181.6695
