x,y,z,rearMat,Wm2Back
0.7828125,4.793344e-17,1.664941,sky,13.826410000000001
0.5871612,3.595325e-17,1.623461,sky,13.826410000000001
0.3915099,2.397307e-17,1.581982,sky,13.826410000000001
0.1958587,1.199288e-17,1.540502,sky,13.826410000000001
0.0002073995,1.269956e-20,1.499022,sky,13.826410000000001
-0.1954439,-1.196749e-17,1.457542,sky,13.826410000000001
-0.3910951,-2.394767e-17,1.416062,sky,13.826410000000001
-0.5867464,-3.592785e-17,1.374582,sky,13.826410000000001
-0.7823977,-4.790804e-17,1.333102,sky,13.826410000000001
