x,y,z,mattype,Wm2Front
1.5746,3.050247e-17,0.05,groundplane,80.37936
1.5746,0.0254,0.05,groundplane,80.3822
1.5746,0.0508,0.05,groundplane,80.38216
1.5746,0.0762,0.05,groundplane,80.38212
1.5746,0.1016,0.05,groundplane,80.38206
