x,y,z,mattype,Wm2Front
1.5746,3.050247e-17,0.05,groundplane,61.94769
1.5746,0.0254,0.05,groundplane,61.94779
1.5746,0.0508,0.05,groundplane,61.94777
1.5746,0.0762,0.05,groundplane,61.947759999999995
1.5746,0.1016,0.05,groundplane,61.94774
