x,y,z,mattype,Wm2Front
1.5746,3.050247e-17,0.05,groundplane,430.0143
1.5746,0.0254,0.05,groundplane,430.01950000000005
1.5746,0.0508,0.05,groundplane,430.0192
1.5746,0.0762,0.05,groundplane,430.0189
1.5746,0.1016,0.05,groundplane,430.01849999999996
