x,y,z,mattype,Wm2Front
0.3746,4.052746e-17,0.05,groundplane,221.5019
0.3746,0.0254,0.05,groundplane,221.50470000000004
0.3746,0.0508,0.05,groundplane,221.50470000000004
0.3746,0.0762,0.05,groundplane,221.50470000000004
0.3746,0.1016,0.05,groundplane,221.50470000000004
