x,y,z,mattype,Wm2Front
0.3746,4.79152e-17,0.05,groundplane,357.8673999999999
0.3746,0.0254,0.05,groundplane,357.86899999999997
0.3746,0.0508,0.05,groundplane,357.8684
0.3746,0.0762,0.05,groundplane,357.8678
0.3746,0.1016,0.05,groundplane,357.86719999999997
