x,y,z,rearMat,Wm2Back
0.611293,3.74309e-17,0.9839362,sky,90.32026
0.4583087,2.806332e-17,1.112761,sky,90.32026
0.3053244,1.869573e-17,1.241586,sky,90.32026
0.1523402,9.328144e-18,1.37041,sky,90.32026
-0.0006441236,-3.94412e-20,1.499235,sky,90.32026
-0.1536284,-9.407027e-18,1.62806,sky,90.32026
-0.3066127,-1.877461e-17,1.756885,sky,90.32026
-0.459597,-2.81422e-17,1.885709,sky,90.32026
-0.6125812,-3.750978e-17,2.014534,sky,90.32026
