x,y,z,mattype,Wm2Front
0.3746,4.849886e-17,0.05,groundplane,57.79474
0.3746,0.0254,0.05,groundplane,57.79668
0.3746,0.0508,0.05,groundplane,57.79662
0.3746,0.0762,0.05,groundplane,57.79656
0.3746,0.1016,0.05,groundplane,57.7965
