x,y,z,rearMat,Wm2Back
0.7435046,4.552653e-17,1.2047,sky,17.88725
0.5575365,3.413926e-17,1.278293,sky,17.88725
0.3715683,2.2752e-17,1.351885,sky,17.88725
0.1856002,1.136473e-17,1.425478,sky,17.88725
-0.0003679623,-2.253119e-20,1.49907,sky,17.88725
-0.1863361,-1.14098e-17,1.572663,sky,17.88725
-0.3723043,-2.279706e-17,1.646255,sky,17.88725
-0.5582724,-3.418433e-17,1.719848,sky,17.88725
-0.7442405,-4.557159e-17,1.79344,sky,17.88725
