x,y,z,mattype,Wm2Front
1.5746,4.602221e-17,0.05,groundplane,870.7603
1.5746,0.0254,0.05,groundplane,870.7599999999999
1.5746,0.0508,0.05,groundplane,870.7597
1.5746,0.0762,0.05,groundplane,870.7594
1.5746,0.1016,0.05,groundplane,870.7590999999999
