x,y,z,rearMat,Wm2Back
0.7603334,4.655699e-17,1.748785,sky,71.16763
0.5703281,3.492252e-17,1.686351,sky,71.16763
0.3803228,2.328805e-17,1.623918,sky,71.16763
0.1903175,1.165358e-17,1.561484,sky,71.16763
0.0003121691,1.911485e-20,1.49905,sky,71.16763
-0.1896931,-1.161535e-17,1.436616,sky,71.16763
-0.3796985,-2.324982e-17,1.374182,sky,71.16763
-0.5697038,-3.488429e-17,1.311749,sky,71.16763
-0.7597091,-4.651876e-17,1.249315,sky,71.16763
