x,y,z,mattype,Wm2Front
0.3746,3.491144e-17,0.05,groundplane,456.6706
0.3746,0.0254,0.05,groundplane,456.6675
0.3746,0.0508,0.05,groundplane,456.66619999999995
0.3746,0.0762,0.05,groundplane,456.6649
0.3746,0.1016,0.05,groundplane,456.66360000000003
