x,y,z,rearMat,Wm2Back
0.530636,3.249209e-17,2.098687,sky,26.124129999999997
0.3981643,2.438053e-17,1.94885,sky,26.124129999999997
0.2656926,1.626898e-17,1.799012,sky,26.124129999999997
0.1332209,8.157428e-18,1.649175,sky,26.124129999999997
0.000749187,4.587447e-20,1.499338,sky,26.124129999999997
-0.1317225,-8.065679e-18,1.3495,sky,26.124129999999997
-0.2641942,-1.617723e-17,1.199663,sky,26.124129999999997
-0.396666,-2.428878e-17,1.049825,sky,26.124129999999997
-0.5291377,-3.240034e-17,0.8999881,sky,26.124129999999997
