x,y,z,mattype,Wm2Front
1.5746,4.252133e-17,0.05,groundplane,205.4289
1.5746,0.0254,0.05,groundplane,205.431
1.5746,0.0508,0.05,groundplane,205.43089999999998
1.5746,0.0762,0.05,groundplane,205.43089999999998
1.5746,0.1016,0.05,groundplane,205.43089999999998
