x,y,z,rearMat,Wm2Back
0.7451079,4.56247e-17,1.79123,sky,34.98261
0.5589222,3.422412e-17,1.71819,sky,34.98261
0.3727366,2.282353e-17,1.64515,sky,34.98261
0.1865509,1.142295e-17,1.572109,sky,34.98261
0.0003652018,2.236216e-20,1.499069,sky,34.98261
-0.1858205,-1.137822e-17,1.426029,sky,34.98261
-0.3720062,-2.277881e-17,1.352988,sky,34.98261
-0.5581918,-3.417939e-17,1.279948,sky,34.98261
-0.7443775,-4.557998e-17,1.206908,sky,34.98261
