x,y,z,rearMat,Wm2Back
0.5180881,3.172375e-17,2.109578,sky,153.7819
0.3887568,2.380449e-17,1.957022,sky,153.7819
0.2594254,1.588523e-17,1.804466,sky,153.7819
0.1300941,7.965967e-18,1.65191,sky,153.7819
0.0007627812,4.670688e-20,1.499353,sky,153.7819
-0.1285686,-7.872553e-18,1.346797,sky,153.7819
-0.2578999,-1.579181e-17,1.194241,sky,153.7819
-0.3872312,-2.371107e-17,1.041685,sky,153.7819
-0.5165625,-3.163033e-17,0.8891284,sky,153.7819
