x,y,z,mattype,Wm2Front
1.5746,4.849886e-17,0.05,groundplane,47.46686
1.5746,0.0254,0.05,groundplane,47.46792
1.5746,0.0508,0.05,groundplane,47.46792
1.5746,0.0762,0.05,groundplane,47.467909999999996
1.5746,0.1016,0.05,groundplane,47.46790000000001
