x,y,z,mattype,Wm2Front
1.5746,4.370582e-17,0.05,groundplane,19.09058
1.5746,0.0254,0.05,groundplane,19.09059
1.5746,0.0508,0.05,groundplane,19.09059
1.5746,0.0762,0.05,groundplane,19.09059
1.5746,0.1016,0.05,groundplane,19.09059
