x,y,z,rearMat,Wm2Back
0.6026527,3.690184e-17,0.973872,sky,14.78223
0.4518253,2.766632e-17,1.105215,sky,14.78223
0.300998,1.843081e-17,1.236559,sky,14.78223
0.1501706,9.1953e-18,1.367902,sky,14.78223
-0.0006567174,-4.021234e-20,1.499246,sky,14.78223
-0.1514841,-9.275724e-18,1.630589,sky,14.78223
-0.3023114,-1.851124e-17,1.761933,sky,14.78223
-0.4531388,-2.774675e-17,1.893276,sky,14.78223
-0.6039661,-3.698226e-17,2.02462,sky,14.78223
