x,y,z,mattype,Wm2Front
0.3746,4.035229e-17,0.05,groundplane,232.4447
0.3746,0.0254,0.05,groundplane,232.44359999999998
0.3746,0.0508,0.05,groundplane,232.44359999999998
0.3746,0.0762,0.05,groundplane,232.4435
0.3746,0.1016,0.05,groundplane,232.4435
