x,y,z,mattype,Wm2Front
0.3746,4.142183e-17,0.05,groundplane,219.7282
0.3746,0.0254,0.05,groundplane,219.72709999999998
0.3746,0.0508,0.05,groundplane,219.727
0.3746,0.0762,0.05,groundplane,219.7269
0.3746,0.1016,0.05,groundplane,219.7269
