x,y,z,mattype,Wm2Front
0.3746,4.725156e-17,0.05,groundplane,97.45854000000001
0.3746,0.0254,0.05,groundplane,97.46013999999998
0.3746,0.0508,0.05,groundplane,97.46009
0.3746,0.0762,0.05,groundplane,97.46004
0.3746,0.1016,0.05,groundplane,97.45999
