x,y,z,rearMat,Wm2Back
0.7458173,4.566814e-17,1.789409,sky,12.10062
0.5594537,3.425666e-17,1.716824,sky,12.10062
0.3730901,2.284518e-17,1.644239,sky,12.10062
0.1867265,1.14337e-17,1.571653,sky,12.10062
0.000362926,2.222281e-20,1.499068,sky,12.10062
-0.1860007,-1.138926e-17,1.426483,sky,12.10062
-0.3723643,-2.280074e-17,1.353898,sky,12.10062
-0.5587279,-3.421221e-17,1.281313,sky,12.10062
-0.7450914,-4.562369e-17,1.208727,sky,12.10062
