x,y,z,rearMat,Wm2Back
0.7687462,4.707213e-17,1.721428,sky,22.38472
0.5766292,3.530835e-17,1.665831,sky,22.38472
0.3845121,2.354458e-17,1.610234,sky,22.38472
0.192395,1.17808e-17,1.554636,sky,22.38472
0.0002779853,1.702169e-20,1.499039,sky,22.38472
-0.1918391,-1.174676e-17,1.443442,sky,22.38472
-0.3839561,-2.351053e-17,1.387845,sky,22.38472
-0.5760732,-3.527431e-17,1.332248,sky,22.38472
-0.7681903,-4.703809e-17,1.276651,sky,22.38472
