x,y,z,mattype,Wm2Front
1.5746,4.898403e-17,0.05,groundplane,7.190354
1.5746,0.0254,0.05,groundplane,7.190407
1.5746,0.0508,0.05,groundplane,7.190407
1.5746,0.0762,0.05,groundplane,7.190407
1.5746,0.1016,0.05,groundplane,7.190408000000001
