x,y,z,mattype,Wm2Front
0.3746,3.247255e-17,0.05,groundplane,489.4166
0.3746,0.0254,0.05,groundplane,489.416
0.3746,0.0508,0.05,groundplane,489.4155
0.3746,0.0762,0.05,groundplane,489.415
0.3746,0.1016,0.05,groundplane,489.41439999999994
