x,y,z,rearMat,Wm2Back
0.7957174,4.872364e-17,1.417327,sky,25.91562
0.5967625,3.654116e-17,1.437746,sky,25.91562
0.3978076,2.435869e-17,1.458166,sky,25.91562
0.1988528,1.217622e-17,1.478586,sky,25.91562
-0.0001020981,-6.251704e-21,1.499005,sky,25.91562
-0.199057,-1.218872e-17,1.519425,sky,25.91562
-0.3980118,-2.43712e-17,1.539844,sky,25.91562
-0.5969667,-3.655367e-17,1.560264,sky,25.91562
-0.7959216,-4.873614e-17,1.580684,sky,25.91562
