x,y,z,mattype,Wm2Front
1.5746,4.784926e-17,0.05,groundplane,84.21758
1.5746,0.0254,0.05,groundplane,84.21651
1.5746,0.0508,0.05,groundplane,84.21651
1.5746,0.0762,0.05,groundplane,84.21651
1.5746,0.1016,0.05,groundplane,84.21652
