x,y,z,mattype,Wm2Front
0.3746,4.659283e-17,0.05,groundplane,808.7225
0.3746,0.0254,0.05,groundplane,808.7238000000001
0.3746,0.0508,0.05,groundplane,808.7233
0.3746,0.0762,0.05,groundplane,808.7228
0.3746,0.1016,0.05,groundplane,808.7224
