x,y,z,rearMat,Wm2Back
0.7339357,4.49406e-17,1.818338,sky,11.21398
0.5505516,3.371156e-17,1.738525,sky,11.21398
0.3671674,2.248252e-17,1.658711,sky,11.21398
0.1837832,1.125348e-17,1.578897,sky,11.21398
0.0003990692,2.443594e-20,1.499083,sky,11.21398
-0.1829851,-1.120461e-17,1.419269,sky,11.21398
-0.3663693,-2.243365e-17,1.339455,sky,11.21398
-0.5497534,-3.366269e-17,1.259642,sky,11.21398
-0.7331376,-4.489173e-17,1.179828,sky,11.21398
