x,y,z,mattype,Wm2Front
1.5746,4.879532e-17,0.05,groundplane,15.77073
1.5746,0.0254,0.05,groundplane,15.771319999999998
1.5746,0.0508,0.05,groundplane,15.77131
1.5746,0.0762,0.05,groundplane,15.771300000000002
1.5746,0.1016,0.05,groundplane,15.771300000000002
