x,y,z,mattype,Wm2Front
1.5746,4.820443e-17,0.05,groundplane,753.2327
1.5746,0.0254,0.05,groundplane,753.2334999999999
1.5746,0.0508,0.05,groundplane,753.2329999999998
1.5746,0.0762,0.05,groundplane,753.2325
1.5746,0.1016,0.05,groundplane,753.2320999999998
