x,y,z,mattype,Wm2Front
0.3746,4.754225e-17,0.05,groundplane,792.7752
0.3746,0.0254,0.05,groundplane,792.7770999999999
0.3746,0.0508,0.05,groundplane,792.7765
0.3746,0.0762,0.05,groundplane,792.7759
0.3746,0.1016,0.05,groundplane,792.7752999999999
