x,y,z,rearMat,Wm2Back
0.7146875,4.376199e-17,1.140524,sky,8.177008
0.5359036,3.281463e-17,1.23017,sky,8.177008
0.3571196,2.186727e-17,1.319815,sky,8.177008
0.1783357,1.091991e-17,1.409461,sky,8.177008
-0.0004482272,-2.7446e-20,1.499106,sky,8.177008
-0.1792322,-1.09748e-17,1.588752,sky,8.177008
-0.3580161,-2.192216e-17,1.678397,sky,8.177008
-0.5368,-3.286952e-17,1.768042,sky,8.177008
-0.715584,-4.381688e-17,1.857688,sky,8.177008
