x,y,z,mattype,Wm2Front
1.5746,4.243178e-17,0.05,groundplane,836.9575
1.5746,0.0254,0.05,groundplane,836.9618999999999
1.5746,0.0508,0.05,groundplane,836.9609999999999
1.5746,0.0762,0.05,groundplane,836.9602
1.5746,0.1016,0.05,groundplane,836.9594000000001
