x,y,z,mattype,Wm2Front
0.3746,4.47301e-17,0.05,groundplane,842.9771
0.3746,0.0254,0.05,groundplane,842.9786
0.3746,0.0508,0.05,groundplane,842.9783000000001
0.3746,0.0762,0.05,groundplane,842.9778
0.3746,0.1016,0.05,groundplane,842.9775
