x,y,z,rearMat,Wm2Back
0.7650102,4.684336e-17,1.734009,sky,7.785266
0.5738311,3.513702e-17,1.675268,sky,7.785266
0.3826519,2.343067e-17,1.616527,sky,7.785266
0.1914728,1.172433e-17,1.557785,sky,7.785266
0.0002937067,1.798435e-20,1.499044,sky,7.785266
-0.1908854,-1.168836e-17,1.440303,sky,7.785266
-0.3820645,-2.339471e-17,1.381561,sky,7.785266
-0.5732437,-3.510105e-17,1.32282,sky,7.785266
-0.7644228,-4.680739e-17,1.264079,sky,7.785266
