x,y,z,rearMat,Wm2Back
0.6021014,3.686808e-17,0.9732411,sky,35.19894
0.4514117,2.764099e-17,1.104742,sky,35.19894
0.300722,1.841391e-17,1.236244,sky,35.19894
0.1500322,9.186824e-18,1.367745,sky,35.19894
-0.0006575068,-4.026068e-20,1.499247,sky,35.19894
-0.1513472,-9.267345e-18,1.630748,sky,35.19894
-0.302037,-1.849443e-17,1.762249,sky,35.19894
-0.4527267,-2.772151e-17,1.893751,sky,35.19894
-0.6034164,-3.69486e-17,2.025252,sky,35.19894
