x,y,z,mattype,Wm2Front
1.5746,4.467662e-17,0.05,groundplane,180.4165
1.5746,0.0254,0.05,groundplane,180.41510000000002
1.5746,0.0508,0.05,groundplane,180.41510000000002
1.5746,0.0762,0.05,groundplane,180.415
1.5746,0.1016,0.05,groundplane,180.415
