x,y,z,rearMat,Wm2Back
0.7449388,4.561435e-17,1.208337,sky,6.433196
0.5586133,3.42052e-17,1.28102,sky,6.433196
0.3722877,2.279605e-17,1.353703,sky,6.433196
0.1859621,1.13869e-17,1.426386,sky,6.433196
-0.0003634138,-2.225268e-20,1.499068,sky,6.433196
-0.186689,-1.14314e-17,1.571751,sky,6.433196
-0.3730145,-2.284055e-17,1.644434,sky,6.433196
-0.5593401,-3.42497e-17,1.717117,sky,6.433196
-0.7456657,-4.565885e-17,1.789799,sky,6.433196
