x,y,z,rearMat,Wm2Back
0.5842102,3.577256e-17,0.953466,sky,14.85024
0.4379871,2.681898e-17,1.089917,sky,14.85024
0.291764,1.786539e-17,1.226367,sky,14.85024
0.1455409,8.911808e-18,1.362818,sky,14.85024
-0.0006822536,-4.177598e-20,1.499269,sky,14.85024
-0.1469054,-8.99536e-18,1.63572,sky,14.85024
-0.2931285,-1.794894e-17,1.77217,sky,14.85024
-0.4393516,-2.690253e-17,1.908621,sky,14.85024
-0.5855747,-3.585611e-17,2.045072,sky,14.85024
