x,y,z,rearMat,Wm2Back
0.799951,4.898287e-17,1.508913,sky,42.97267
0.5999663,3.673734e-17,1.506435,sky,42.97267
0.3999817,2.449181e-17,1.503957,sky,42.97267
0.199997,1.224629e-17,1.501478,sky,42.97267
1.239152e-05,7.587618e-22,1.499,sky,42.97267
-0.1999723,-1.224477e-17,1.496522,sky,42.97267
-0.3999569,-2.44903e-17,1.494043,sky,42.97267
-0.5999415,-3.673582e-17,1.491565,sky,42.97267
-0.7999262,-4.898135e-17,1.489087,sky,42.97267
