x,y,z,rearMat,Wm2Back
0.6082199,3.724273e-17,0.9803178,sky,16.92589
0.4560027,2.792211e-17,1.110048,sky,16.92589
0.3037856,1.86015e-17,1.239778,sky,16.92589
0.1515685,9.280893e-18,1.369509,sky,16.92589
-0.0006486514,-3.971844e-20,1.499239,sky,16.92589
-0.1528658,-9.360329e-18,1.628969,sky,16.92589
-0.3050829,-1.868094e-17,1.758699,sky,16.92589
-0.4573,-2.800155e-17,1.88843,sky,16.92589
-0.6095172,-3.732216e-17,2.01816,sky,16.92589
