x,y,z,rearMat,Wm2Back
0.7172415,4.391838e-17,1.145648,sky,8.304483
0.5378207,3.293202e-17,1.234011,sky,8.304483
0.3583999,2.194566e-17,1.322375,sky,8.304483
0.178979,1.09593e-17,1.410739,sky,8.304483
-0.000441819,-2.705361e-20,1.499103,sky,8.304483
-0.1798627,-1.101341e-17,1.587467,sky,8.304483
-0.3592835,-2.199977e-17,1.675831,sky,8.304483
-0.5387043,-3.298613e-17,1.764194,sky,8.304483
-0.7181252,-4.397249e-17,1.852558,sky,8.304483
