x,y,z,mattype,Wm2Front
1.5746,3.247255e-17,0.05,groundplane,377.59190000000007
1.5746,0.0254,0.05,groundplane,377.5876
1.5746,0.0508,0.05,groundplane,377.5869
1.5746,0.0762,0.05,groundplane,377.5862
1.5746,0.1016,0.05,groundplane,377.58560000000006
