x,y,z,rearMat,Wm2Back
0.6957232,4.260076e-17,1.105069,sky,8.674502
0.5216693,3.194303e-17,1.203584,sky,8.674502
0.3476153,2.12853e-17,1.3021,sky,8.674502
0.1735614,1.062757e-17,1.400615,sky,8.674502
-0.0004925755,-3.016155e-20,1.49913,sky,8.674502
-0.1745465,-1.068789e-17,1.597645,sky,8.674502
-0.3486005,-2.134562e-17,1.69616,sky,8.674502
-0.5226544,-3.200335e-17,1.794675,sky,8.674502
-0.6967084,-4.266108e-17,1.89319,sky,8.674502
