x,y,z,mattype,Wm2Front
1.5746,3.050247e-17,0.05,groundplane,477.8811
1.5746,0.0254,0.05,groundplane,477.885
1.5746,0.0508,0.05,groundplane,477.8847
1.5746,0.0762,0.05,groundplane,477.8844000000001
1.5746,0.1016,0.05,groundplane,477.8842
