x,y,z,mattype,Wm2Front
1.5746,3.836396e-17,0.05,groundplane,703.5389
1.5746,0.0254,0.05,groundplane,703.5414999999999
1.5746,0.0508,0.05,groundplane,703.541
1.5746,0.0762,0.05,groundplane,703.5405
1.5746,0.1016,0.05,groundplane,703.54
