x,y,z,rearMat,Wm2Back
0.7993287,4.894477e-17,1.53278,sky,0.2297389
0.5995071,3.670922e-17,1.524336,sky,0.2297389
0.3996855,2.447368e-17,1.515891,sky,0.2297389
0.1998639,1.223813e-17,1.507446,sky,0.2297389
4.222441e-05,2.585499e-21,1.499001,sky,0.2297389
-0.1997794,-1.223296e-17,1.490556,sky,0.2297389
-0.399601,-2.446851e-17,1.482111,sky,0.2297389
-0.5994227,-3.670405e-17,1.473666,sky,0.2297389
-0.7992443,-4.89396e-17,1.465221,sky,0.2297389
