x,y,z,mattype,Wm2Front
1.5746,4.863082e-17,0.05,groundplane,39.38659
1.5746,0.0254,0.05,groundplane,39.3876
1.5746,0.0508,0.05,groundplane,39.38756
1.5746,0.0762,0.05,groundplane,39.38752
1.5746,0.1016,0.05,groundplane,39.38747
