x,y,z,rearMat,Wm2Back
0.562633,3.445134e-17,2.068722,sky,114.6401
0.4221527,2.58494e-17,1.926366,sky,114.6401
0.2816724,1.724746e-17,1.78401,sky,114.6401
0.1411921,8.645522e-18,1.641654,sky,114.6401
0.0007117809,4.358401e-20,1.499298,sky,114.6401
-0.1397685,-8.558354e-18,1.356941,sky,114.6401
-0.2802488,-1.716029e-17,1.214585,sky,114.6401
-0.4207292,-2.576223e-17,1.072229,sky,114.6401
-0.5612095,-3.436417e-17,0.9298729,sky,114.6401
