x,y,z,rearMat,Wm2Back
0.7888477,4.830299e-17,1.633117,sky,11.60633
0.5916777,3.622981e-17,1.599592,sky,11.60633
0.3945077,2.415663e-17,1.566066,sky,11.60633
0.1973377,1.208345e-17,1.53254,sky,11.60633
0.0001676291,1.026432e-20,1.499014,sky,11.60633
-0.1970024,-1.206292e-17,1.465488,sky,11.60633
-0.3941724,-2.41361e-17,1.431962,sky,11.60633
-0.5913424,-3.620928e-17,1.398437,sky,11.60633
-0.7885125,-4.828246e-17,1.364911,sky,11.60633
