x,y,z,mattype,Wm2Front
1.5746,3.535422e-17,0.05,groundplane,710.5219000000001
1.5746,0.0254,0.05,groundplane,710.5237000000001
1.5746,0.0508,0.05,groundplane,710.5234
1.5746,0.0762,0.05,groundplane,710.5232
1.5746,0.1016,0.05,groundplane,710.5229
