x,y,z,mattype,Wm2Front
0.3746,3.794935e-17,0.05,groundplane,776.8917
0.3746,0.0254,0.05,groundplane,776.8885
0.3746,0.0508,0.05,groundplane,776.8875000000002
0.3746,0.0762,0.05,groundplane,776.8865
0.3746,0.1016,0.05,groundplane,776.8856
