x,y,z,mattype,Wm2Front
1.5746,3.16072e-17,0.05,groundplane,26.891229999999997
1.5746,0.0254,0.05,groundplane,26.89117
1.5746,0.0508,0.05,groundplane,26.89117
1.5746,0.0762,0.05,groundplane,26.89117
1.5746,0.1016,0.05,groundplane,26.891180000000002
