x,y,z,mattype,Wm2Front
1.5746,4.757468e-17,0.05,groundplane,99.71489000000001
1.5746,0.0254,0.05,groundplane,99.71373
1.5746,0.0508,0.05,groundplane,99.71373999999999
1.5746,0.0762,0.05,groundplane,99.71375
1.5746,0.1016,0.05,groundplane,99.71375
