x,y,z,rearMat,Wm2Back
0.6274613,3.842092e-17,1.00372,sky,25.09896
0.4704411,2.880621e-17,1.127594,sky,25.09896
0.3134209,1.91915e-17,1.251468,sky,25.09896
0.1564008,9.576786e-18,1.375341,sky,25.09896
-0.000619368,-3.792535e-20,1.499215,sky,25.09896
-0.1576395,-9.652637e-18,1.623089,sky,25.09896
-0.3146597,-1.926735e-17,1.746962,sky,25.09896
-0.4716798,-2.888206e-17,1.870836,sky,25.09896
-0.6287,-3.849677e-17,1.994709,sky,25.09896
