x,y,z,rearMat,Wm2Back
0.757552,4.638668e-17,1.75713,sky,16.43577
0.5682446,3.479495e-17,1.692611,sky,16.43577
0.3789373,2.320322e-17,1.628092,sky,16.43577
0.1896299,1.161148e-17,1.563573,sky,16.43577
0.0003225961,1.975332e-20,1.499053,sky,16.43577
-0.1889847,-1.157198e-17,1.434534,sky,16.43577
-0.3782921,-2.316371e-17,1.370015,sky,16.43577
-0.5675994,-3.475544e-17,1.305496,sky,16.43577
-0.7569068,-4.634717e-17,1.240977,sky,16.43577
