x,y,z,mattype,Wm2Front
1.5746,4.867468e-17,0.05,groundplane,887.4829
1.5746,0.0254,0.05,groundplane,887.4838999999998
1.5746,0.0508,0.05,groundplane,887.4834999999999
1.5746,0.0762,0.05,groundplane,887.4829999999998
1.5746,0.1016,0.05,groundplane,887.4825
