x,y,z,mattype,Wm2Front
1.5746,4.827839e-17,0.05,groundplane,915.5586
1.5746,0.0254,0.05,groundplane,915.5596
1.5746,0.0508,0.05,groundplane,915.5591
1.5746,0.0762,0.05,groundplane,915.5587
1.5746,0.1016,0.05,groundplane,915.5580999999999
