x,y,z,rearMat,Wm2Back
0.6342441,3.883625e-17,1.012419,sky,232.5755
0.475531,2.911788e-17,1.134116,sky,232.5755
0.3168178,1.93995e-17,1.255813,sky,232.5755
0.1581047,9.681119e-18,1.37751,sky,232.5755
-0.0006084845,-3.725893e-20,1.499206,sky,232.5755
-0.1593216,-9.755637e-18,1.620903,sky,232.5755
-0.3180348,-1.947402e-17,1.7426,sky,232.5755
-0.476748,-2.919239e-17,1.864297,sky,232.5755
-0.6354611,-3.891077e-17,1.985994,sky,232.5755
