x,y,z,mattype,Wm2Front
0.3746,4.890905e-17,0.05,groundplane,22.85345
0.3746,0.0254,0.05,groundplane,22.85455
0.3746,0.0508,0.05,groundplane,22.85454
0.3746,0.0762,0.05,groundplane,22.85453
0.3746,0.1016,0.05,groundplane,22.854519999999997
