x,y,z,rearMat,Wm2Back
0.708694,4.339499e-17,1.128848,sky,9.847461
0.5314048,3.253916e-17,1.221414,sky,9.847461
0.3541156,2.168333e-17,1.313981,sky,9.847461
0.1768264,1.082749e-17,1.406547,sky,9.847461
-0.000462832,-2.834028e-20,1.499114,sky,9.847461
-0.177752,-1.088417e-17,1.59168,sky,9.847461
-0.3550412,-2.174001e-17,1.684246,sky,9.847461
-0.5323305,-3.259584e-17,1.776813,sky,9.847461
-0.7096197,-4.345167e-17,1.869379,sky,9.847461
