x,y,z,rearMat,Wm2Back
0.7152513,4.379651e-17,1.141647,sky,15.60769
0.5363268,3.284054e-17,1.231012,sky,15.60769
0.3574022,2.188458e-17,1.320376,sky,15.60769
0.1784777,1.092861e-17,1.409741,sky,15.60769
-0.0004468225,-2.735999e-20,1.499105,sky,15.60769
-0.1793714,-1.098333e-17,1.58847,sky,15.60769
-0.3582959,-2.19393e-17,1.677834,sky,15.60769
-0.5372204,-3.289526e-17,1.767199,sky,15.60769
-0.7161449,-4.385123e-17,1.856563,sky,15.60769
