x,y,z,mattype,Wm2Front
1.5746,4.309448e-17,0.05,groundplane,805.5886999999999
1.5746,0.0254,0.05,groundplane,805.5885
1.5746,0.0508,0.05,groundplane,805.5882
1.5746,0.0762,0.05,groundplane,805.5879
1.5746,0.1016,0.05,groundplane,805.5875
