x,y,z,mattype,Wm2Front
1.5746,3.247255e-17,0.05,groundplane,350.7582
1.5746,0.0254,0.05,groundplane,350.757
1.5746,0.0508,0.05,groundplane,350.75690000000003
1.5746,0.0762,0.05,groundplane,350.75679999999994
1.5746,0.1016,0.05,groundplane,350.7567000000001
