x,y,z,mattype,Wm2Front
1.5746,4.821098e-17,0.05,groundplane,60.41031999999999
1.5746,0.0254,0.05,groundplane,60.41172
1.5746,0.0508,0.05,groundplane,60.411750000000005
1.5746,0.0762,0.05,groundplane,60.41178
1.5746,0.1016,0.05,groundplane,60.4118
