x,y,z,mattype,Wm2Front
0.3746,4.601634e-17,0.05,groundplane,870.3548999999999
0.3746,0.0254,0.05,groundplane,870.3530999999999
0.3746,0.0508,0.05,groundplane,870.3528
0.3746,0.0762,0.05,groundplane,870.3524000000001
0.3746,0.1016,0.05,groundplane,870.3521
