x,y,z,mattype,Wm2Front
0.3746,3.050247e-17,0.05,groundplane,343.0716
0.3746,0.0254,0.05,groundplane,343.075
0.3746,0.0508,0.05,groundplane,343.075
0.3746,0.0762,0.05,groundplane,343.0749
0.3746,0.1016,0.05,groundplane,343.07480000000004
