x,y,z,rearMat,Wm2Back
0.7732865,4.735014e-17,1.70501,sky,5.90694
0.5800292,3.551655e-17,1.653516,sky,5.90694
0.386772,2.368295e-17,1.602022,sky,5.90694
0.1935147,1.184936e-17,1.550528,sky,5.90694
0.0002574701,1.57655e-20,1.499034,sky,5.90694
-0.1929998,-1.181783e-17,1.44754,sky,5.90694
-0.386257,-2.365142e-17,1.396046,sky,5.90694
-0.5795143,-3.548502e-17,1.344552,sky,5.90694
-0.7727715,-4.731861e-17,1.293058,sky,5.90694
