x,y,z,mattype,Wm2Front
1.5746,4.400343e-17,0.05,groundplane,57.07755
1.5746,0.0254,0.05,groundplane,57.07739999999999
1.5746,0.0508,0.05,groundplane,57.07739
1.5746,0.0762,0.05,groundplane,57.07738
1.5746,0.1016,0.05,groundplane,57.07737
