x,y,z,mattype,Wm2Front
1.5746,4.892616e-17,0.05,groundplane,17.2738
1.5746,0.0254,0.05,groundplane,17.27425
1.5746,0.0508,0.05,groundplane,17.27426
1.5746,0.0762,0.05,groundplane,17.27427
1.5746,0.1016,0.05,groundplane,17.27427
