x,y,z,mattype,Wm2Front
0.3746,4.714285e-17,0.05,groundplane,860.4435
0.3746,0.0254,0.05,groundplane,860.4437000000001
0.3746,0.0508,0.05,groundplane,860.4434
0.3746,0.0762,0.05,groundplane,860.4429999999999
0.3746,0.1016,0.05,groundplane,860.4426
