x,y,z,rearMat,Wm2Back
0.795334,4.870016e-17,1.413717,sky,9.917695
0.5964739,3.652349e-17,1.435039,sky,9.917695
0.3976137,2.434682e-17,1.456361,sky,9.917695
0.1987535,1.217014e-17,1.477683,sky,9.917695
-0.0001066112,-6.52805e-21,1.499006,sky,9.917695
-0.1989668,-1.21832e-17,1.520328,sky,9.917695
-0.3978269,-2.435987e-17,1.54165,sky,9.917695
-0.5966871,-3.653655e-17,1.562972,sky,9.917695
-0.7955472,-4.871322e-17,1.584295,sky,9.917695
