x,y,z,mattype,Wm2Front
0.3746,3.050247e-17,0.05,groundplane,412.8653
0.3746,0.0254,0.05,groundplane,412.86899999999997
0.3746,0.0508,0.05,groundplane,412.8685
0.3746,0.0762,0.05,groundplane,412.86809999999997
0.3746,0.1016,0.05,groundplane,412.8677
