x,y,z,mattype,Wm2Front
0.3746,4.775762e-17,0.05,groundplane,847.2925
0.3746,0.0254,0.05,groundplane,847.294
0.3746,0.0508,0.05,groundplane,847.2935000000001
0.3746,0.0762,0.05,groundplane,847.293
0.3746,0.1016,0.05,groundplane,847.2925
