x,y,z,mattype,Wm2Front
1.5746,4.562315e-17,0.05,groundplane,842.4338000000001
1.5746,0.0254,0.05,groundplane,842.4351
1.5746,0.0508,0.05,groundplane,842.4347000000001
1.5746,0.0762,0.05,groundplane,842.4343
1.5746,0.1016,0.05,groundplane,842.4339999999999
