x,y,z,rearMat,Wm2Back
0.6615738,4.050971e-17,1.050199,sky,14.15213
0.49604,3.037369e-17,1.162442,sky,14.15213
0.3305063,2.023767e-17,1.274686,sky,14.15213
0.1649725,1.010165e-17,1.386929,sky,14.15213
-0.000561217,-3.436463e-20,1.499172,sky,14.15213
-0.166095,-1.017038e-17,1.611416,sky,14.15213
-0.3316287,-2.03064e-17,1.723659,sky,14.15213
-0.4971625,-3.044242e-17,1.835903,sky,14.15213
-0.6626962,-4.057844e-17,1.948146,sky,14.15213
