x,y,z,rearMat,Wm2Back
0.7951208,4.868711e-17,1.411774,sky,110.3087
0.5963134,3.651366e-17,1.433582,sky,110.3087
0.3975059,2.434022e-17,1.45539,sky,110.3087
0.1986984,1.216677e-17,1.477198,sky,110.3087
-0.0001090404,-6.676797e-21,1.499006,sky,110.3087
-0.1989165,-1.218012e-17,1.520814,sky,110.3087
-0.397724,-2.435357e-17,1.542622,sky,110.3087
-0.5965314,-3.652702e-17,1.56443,sky,110.3087
-0.7953389,-4.870046e-17,1.586238,sky,110.3087
