x,y,z,mattype,Wm2Front
1.5746,3.863381e-17,0.05,groundplane,409.07109999999994
1.5746,0.0254,0.05,groundplane,409.0798
1.5746,0.0508,0.05,groundplane,409.07840000000004
1.5746,0.0762,0.05,groundplane,409.0769
1.5746,0.1016,0.05,groundplane,409.0754
