x,y,z,rearMat,Wm2Back
0.7949969,4.867952e-17,1.410664,sky,1.6632620000000002
0.59622,3.650795e-17,1.432749,sky,1.6632620000000002
0.3974432,2.433638e-17,1.454835,sky,1.6632620000000002
0.1986664,1.216481e-17,1.47692,sky,1.6632620000000002
-0.0001104282,-6.761777e-21,1.499006,sky,1.6632620000000002
-0.1988872,-1.217833e-17,1.521092,sky,1.6632620000000002
-0.3976641,-2.43499e-17,1.543177,sky,1.6632620000000002
-0.5964409,-3.652147e-17,1.565263,sky,1.6632620000000002
-0.7952177,-4.869304e-17,1.587349,sky,1.6632620000000002
