x,y,z,rearMat,Wm2Back
0.5627323,3.445741e-17,2.068624,sky,15.10713
0.4222271,2.585395e-17,1.926292,sky,15.10713
0.281722,1.72505e-17,1.783961,sky,15.10713
0.1412168,8.647036e-18,1.641629,sky,15.10713
0.0007116583,4.35765e-20,1.499297,sky,15.10713
-0.1397935,-8.559883e-18,1.356966,sky,15.10713
-0.2802987,-1.716334e-17,1.214634,sky,15.10713
-0.4208038,-2.57668e-17,1.072302,sky,15.10713
-0.561309,-3.437026e-17,0.9299708,sky,15.10713
