x,y,z,mattype,Wm2Front
0.3746,3.528743e-17,0.05,groundplane,113.31670000000001
0.3746,0.0254,0.05,groundplane,113.3164
0.3746,0.0508,0.05,groundplane,113.3162
0.3746,0.0762,0.05,groundplane,113.3161
0.3746,0.1016,0.05,groundplane,113.3159
