x,y,z,mattype,Wm2Front
1.5746,4.243064e-17,0.05,groundplane,685.5115
1.5746,0.0254,0.05,groundplane,685.5117
1.5746,0.0508,0.05,groundplane,685.5113
1.5746,0.0762,0.05,groundplane,685.5108999999999
1.5746,0.1016,0.05,groundplane,685.5105
