x,y,z,mattype,Wm2Front
0.3746,4.144131e-17,0.05,groundplane,350.91709999999995
0.3746,0.0254,0.05,groundplane,350.94069999999994
0.3746,0.0508,0.05,groundplane,350.9391
0.3746,0.0762,0.05,groundplane,350.9374
0.3746,0.1016,0.05,groundplane,350.9358
