x,y,z,rearMat,Wm2Back
0.7297059,4.46816e-17,1.827918,sky,11.54535
0.5473822,3.351749e-17,1.745711,sky,11.54535
0.3650585,2.235339e-17,1.663503,sky,11.54535
0.1827348,1.118928e-17,1.581296,sky,11.54535
0.0004110371,2.516876e-20,1.499088,sky,11.54535
-0.1819127,-1.113894e-17,1.416881,sky,11.54535
-0.3642364,-2.230305e-17,1.334674,sky,11.54535
-0.5465601,-3.346716e-17,1.252466,sky,11.54535
-0.7288839,-4.463126e-17,1.170259,sky,11.54535
