x,y,z,rearMat,Wm2Back
0.5996424,3.671751e-17,2.029556,sky,46.28722
0.4498975,2.754828e-17,1.89698,sky,46.28722
0.3001526,1.837905e-17,1.764404,sky,46.28722
0.1504078,9.209819e-18,1.631828,sky,46.28722
0.0006628814,4.058978e-20,1.499251,sky,46.28722
-0.149082,-9.128639e-18,1.366675,sky,46.28722
-0.2988269,-1.829787e-17,1.234099,sky,46.28722
-0.4485717,-2.74671e-17,1.101522,sky,46.28722
-0.5983166,-3.663633e-17,0.9689461,sky,46.28722
