x,y,z,mattype,Wm2Front
1.5746,4.589462e-17,0.05,groundplane,732.6846
1.5746,0.0254,0.05,groundplane,732.685
1.5746,0.0508,0.05,groundplane,732.6847000000001
1.5746,0.0762,0.05,groundplane,732.6843
1.5746,0.1016,0.05,groundplane,732.6839999999999
