x,y,z,mattype,Wm2Front
0.3746,4.637084e-17,0.05,groundplane,777.0198999999999
0.3746,0.0254,0.05,groundplane,777.022
0.3746,0.0508,0.05,groundplane,777.0214
0.3746,0.0762,0.05,groundplane,777.0209
0.3746,0.1016,0.05,groundplane,777.0203
