x,y,z,mattype,Wm2Front
0.3746,4.526073e-17,0.05,groundplane,49.7887
0.3746,0.0254,0.05,groundplane,49.78866
0.3746,0.0508,0.05,groundplane,49.78862999999999
0.3746,0.0762,0.05,groundplane,49.7886
0.3746,0.1016,0.05,groundplane,49.78857
