x,y,z,rearMat,Wm2Back
0.7954585,4.870779e-17,1.585128,sky,24.34348
0.5966208,3.653249e-17,1.563597,sky,24.34348
0.3977831,2.435719e-17,1.542067,sky,24.34348
0.1989454,1.218189e-17,1.520536,sky,24.34348
0.0001076523,6.591804e-21,1.499006,sky,24.34348
-0.1987301,-1.216871e-17,1.477475,sky,24.34348
-0.3975678,-2.434401e-17,1.455945,sky,24.34348
-0.5964055,-3.65193e-17,1.434414,sky,24.34348
-0.7952432,-4.86946e-17,1.412884,sky,24.34348
