x,y,z,rearMat,Wm2Back
0.795369,4.87023e-17,1.585961,sky,13.27857
0.5965539,3.652839e-17,1.564222,sky,13.27857
0.3977388,2.435448e-17,1.542483,sky,13.27857
0.1989238,1.218057e-17,1.520745,sky,13.27857
0.0001086934,6.65555e-21,1.499006,sky,13.27857
-0.1987064,-1.216726e-17,1.477267,sky,13.27857
-0.3975214,-2.434117e-17,1.455529,sky,13.27857
-0.5963365,-3.651508e-17,1.43379,sky,13.27857
-0.7951516,-4.868899e-17,1.412051,sky,13.27857
