x,y,z,rearMat,Wm2Back
0.7419482,4.543123e-17,1.200811,sky,46.56392
0.556368,3.406771e-17,1.275377,sky,46.56392
0.3707877,2.27042e-17,1.349942,sky,46.56392
0.1852074,1.134069e-17,1.424507,sky,46.56392
-0.0003728258,-2.2829e-20,1.499072,sky,46.56392
-0.1859531,-1.138634e-17,1.573637,sky,46.56392
-0.3715334,-2.274986e-17,1.648202,sky,46.56392
-0.5571136,-3.411337e-17,1.722768,sky,46.56392
-0.7426939,-4.547689e-17,1.797333,sky,46.56392
