x,y,z,mattype,Wm2Front
1.5746,4.085624e-17,0.05,groundplane,710.8849999999999
1.5746,0.0254,0.05,groundplane,710.8907
1.5746,0.0508,0.05,groundplane,710.8903
1.5746,0.0762,0.05,groundplane,710.8898
1.5746,0.1016,0.05,groundplane,710.8894
