x,y,z,mattype,Wm2Front
1.5746,4.597208e-17,0.05,groundplane,815.9958
1.5746,0.0254,0.05,groundplane,815.9964999999999
1.5746,0.0508,0.05,groundplane,815.996
1.5746,0.0762,0.05,groundplane,815.9955999999999
1.5746,0.1016,0.05,groundplane,815.9952
