x,y,z,mattype,Wm2Front
0.3746,3.982607e-17,0.05,groundplane,221.79329999999996
0.3746,0.0254,0.05,groundplane,221.7926
0.3746,0.0508,0.05,groundplane,221.7925
0.3746,0.0762,0.05,groundplane,221.79239999999996
0.3746,0.1016,0.05,groundplane,221.79229999999998
