x,y,z,mattype,Wm2Front
1.5746,4.733663e-17,0.05,groundplane,2.122597
1.5746,0.0254,0.05,groundplane,2.122595
1.5746,0.0508,0.05,groundplane,2.122595
1.5746,0.0762,0.05,groundplane,2.122595
1.5746,0.1016,0.05,groundplane,2.122595
