x,y,z,rearMat,Wm2Back
0.6076139,3.720562e-17,2.020391,sky,24.165669999999995
0.4558733,2.791419e-17,1.890103,sky,24.165669999999995
0.3041327,1.862276e-17,1.759816,sky,24.165669999999995
0.1523921,9.331322e-18,1.629529,sky,24.165669999999995
0.0006514366,3.988898e-20,1.499241,sky,24.165669999999995
-0.1510892,-9.251544e-18,1.368954,sky,24.165669999999995
-0.3028298,-1.854298e-17,1.238667,sky,24.165669999999995
-0.4545704,-2.783441e-17,1.108379,sky,24.165669999999995
-0.6063111,-3.712584e-17,0.9780921,sky,24.165669999999995
