x,y,z,mattype,Wm2Front
1.5746,3.305761e-17,0.05,groundplane,178.2798
1.5746,0.0254,0.05,groundplane,178.2773
1.5746,0.0508,0.05,groundplane,178.2771
1.5746,0.0762,0.05,groundplane,178.27699999999996
1.5746,0.1016,0.05,groundplane,178.2768
