x,y,z,mattype,Wm2Front
0.3746,3.050247e-17,0.05,groundplane,475.6758
0.3746,0.0254,0.05,groundplane,475.6785
0.3746,0.0508,0.05,groundplane,475.6782
0.3746,0.0762,0.05,groundplane,475.67800000000005
0.3746,0.1016,0.05,groundplane,475.6777
