x,y,z,rearMat,Wm2Back
0.7564081,4.631664e-17,1.239524,sky,5.745437
0.567225,3.473251e-17,1.304406,sky,5.745437
0.3780418,2.314839e-17,1.369289,sky,5.745437
0.1888587,1.156426e-17,1.434172,sky,5.745437
-0.0003244127,-1.986455e-20,1.499054,sky,5.745437
-0.1895075,-1.160399e-17,1.563937,sky,5.745437
-0.3786907,-2.318812e-17,1.628819,sky,5.745437
-0.5678738,-3.477224e-17,1.693702,sky,5.745437
-0.7570569,-4.635637e-17,1.758584,sky,5.745437
