x,y,z,rearMat,Wm2Back
0.7916784,4.847632e-17,1.384907,sky,23.974640000000004
0.5937231,3.635506e-17,1.413433,sky,23.974640000000004
0.3957679,2.423379e-17,1.441959,sky,23.974640000000004
0.1978126,1.211253e-17,1.470484,sky,23.974640000000004
-0.0001426289,-8.733503e-21,1.49901,sky,23.974640000000004
-0.1980979,-1.213e-17,1.527536,sky,23.974640000000004
-0.3960531,-2.425126e-17,1.556062,sky,23.974640000000004
-0.5940084,-3.637252e-17,1.584588,sky,23.974640000000004
-0.7919636,-4.849379e-17,1.613113,sky,23.974640000000004
