x,y,z,mattype,Wm2Front
0.3746,3.723067e-17,0.05,groundplane,244.62890000000002
0.3746,0.0254,0.05,groundplane,244.6268
0.3746,0.0508,0.05,groundplane,244.6268
0.3746,0.0762,0.05,groundplane,244.6267
0.3746,0.1016,0.05,groundplane,244.62659999999997
