x,y,z,rearMat,Wm2Back
0.764134,4.678971e-17,1.263145,sky,21.91745
0.5730268,3.508777e-17,1.32212,sky,21.91745
0.3819195,2.338583e-17,1.381095,sky,21.91745
0.1908123,1.168389e-17,1.44007,sky,21.91745
-0.0002948743,-1.805584e-20,1.499044,sky,21.91745
-0.1914021,-1.172e-17,1.558019,sky,21.91745
-0.3825093,-2.342194e-17,1.616994,sky,21.91745
-0.5736165,-3.512388e-17,1.675969,sky,21.91745
-0.7647237,-4.682582e-17,1.734944,sky,21.91745
