x,y,z,rearMat,Wm2Back
0.7835156,4.797649e-17,1.338432,sky,3.386859
0.5875865,3.59793e-17,1.378579,sky,3.386859
0.3916574,2.39821e-17,1.418726,sky,3.386859
0.1957283,1.19849e-17,1.458873,sky,3.386859
-0.000200736,-1.229153e-20,1.49902,sky,3.386859
-0.1961298,-1.200949e-17,1.539168,sky,3.386859
-0.3920589,-2.400668e-17,1.579315,sky,3.386859
-0.587988,-3.600388e-17,1.619462,sky,3.386859
-0.783917,-4.800107e-17,1.659609,sky,3.386859
