x,y,z,mattype,Wm2Front
1.5746,3.247255e-17,0.05,groundplane,441.16169999999994
1.5746,0.0254,0.05,groundplane,441.1614
1.5746,0.0508,0.05,groundplane,441.1613
1.5746,0.0762,0.05,groundplane,441.1611
1.5746,0.1016,0.05,groundplane,441.1609
