x,y,z,rearMat,Wm2Back
0.7726024,4.730825e-17,1.707573,sky,26.72673
0.579517,3.548518e-17,1.655438,sky,26.72673
0.3864315,2.366211e-17,1.603304,sky,26.72673
0.1933461,1.183903e-17,1.551169,sky,26.72673
0.000260673,1.596162e-20,1.499035,sky,26.72673
-0.1928248,-1.180711e-17,1.4469,sky,26.72673
-0.3859102,-2.363018e-17,1.394765,sky,26.72673
-0.5789956,-3.545326e-17,1.342631,sky,26.72673
-0.772081,-4.727633e-17,1.290496,sky,26.72673
