x,y,z,rearMat,Wm2Back
0.5274941,3.22997e-17,2.101457,sky,29.99664
0.3958087,2.423629e-17,1.950928,sky,29.99664
0.2641234,1.617289e-17,1.800399,sky,29.99664
0.132438,8.109489e-18,1.649871,sky,29.99664
0.0007526448,4.60862e-20,1.499342,sky,29.99664
-0.1309327,-8.017316e-18,1.348813,sky,29.99664
-0.2626181,-1.608072e-17,1.198284,sky,29.99664
-0.3943034,-2.414412e-17,1.047755,sky,29.99664
-0.5259888,-3.220752e-17,0.8972257,sky,29.99664
