x,y,z,rearMat,Wm2Back
0.6128506,3.752627e-17,2.014213,sky,20.25877
0.4597989,2.815456e-17,1.885469,sky,20.25877
0.3067471,1.878285e-17,1.756724,sky,20.25877
0.1536954,9.411131e-18,1.627979,sky,20.25877
0.000643723,3.941667e-20,1.499235,sky,20.25877
-0.152408,-9.332298e-18,1.37049,sky,20.25877
-0.3054597,-1.870401e-17,1.241746,sky,20.25877
-0.4585114,-2.807573e-17,1.113001,sky,20.25877
-0.6115631,-3.744744e-17,0.9842563,sky,20.25877
