x,y,z,mattype,Wm2Front
1.5746,4.722138e-17,0.05,groundplane,384.3500000000001
1.5746,0.0254,0.05,groundplane,384.3531
1.5746,0.0508,0.05,groundplane,384.3512
1.5746,0.0762,0.05,groundplane,384.3493
1.5746,0.1016,0.05,groundplane,384.3475
