x,y,z,rearMat,Wm2Back
0.747621,4.577858e-17,1.784717,sky,12.36603
0.560805,3.43394e-17,1.713304,sky,12.36603
0.373989,2.290022e-17,1.641892,sky,12.36603
0.187173,1.146104e-17,1.570479,sky,12.36603
0.0003570641,2.186387e-20,1.499066,sky,12.36603
-0.1864589,-1.141732e-17,1.427653,sky,12.36603
-0.3732749,-2.28565e-17,1.35624,sky,12.36603
-0.5600909,-3.429567e-17,1.284827,sky,12.36603
-0.7469068,-4.573485e-17,1.213415,sky,12.36603
