x,y,z,rearMat,Wm2Back
0.5863045,3.590079e-17,0.9557132,sky,19.70437
0.4395585,2.691519e-17,1.091601,sky,19.70437
0.2928125,1.792959e-17,1.22749,sky,19.70437
0.1460665,8.943996e-18,1.363378,sky,19.70437
-0.0006794413,-4.160378e-20,1.499266,sky,19.70437
-0.1474254,-9.027203e-18,1.635155,sky,19.70437
-0.2941714,-1.80128e-17,1.771043,sky,19.70437
-0.4409174,-2.69984e-17,1.906931,sky,19.70437
-0.5876633,-3.5984e-17,2.042819,sky,19.70437
