x,y,z,mattype,Wm2Front
1.5746,4.874699e-17,0.05,groundplane,825.5026000000001
1.5746,0.0254,0.05,groundplane,825.5034
1.5746,0.0508,0.05,groundplane,825.5029
1.5746,0.0762,0.05,groundplane,825.5025
1.5746,0.1016,0.05,groundplane,825.5021
