x,y,z,mattype,Wm2Front
1.5746,4.516266e-17,0.05,groundplane,93.3725
1.5746,0.0254,0.05,groundplane,93.37457
1.5746,0.0508,0.05,groundplane,93.37459
1.5746,0.0762,0.05,groundplane,93.3746
1.5746,0.1016,0.05,groundplane,93.3746
