x,y,z,mattype,Wm2Front
1.5746,3.050247e-17,0.05,groundplane,210.3602
1.5746,0.0254,0.05,groundplane,210.364
1.5746,0.0508,0.05,groundplane,210.3637
1.5746,0.0762,0.05,groundplane,210.36350000000002
1.5746,0.1016,0.05,groundplane,210.3633
