x,y,z,mattype,Wm2Front
1.5746,4.702501e-17,0.05,groundplane,38.08581
1.5746,0.0254,0.05,groundplane,38.08609
1.5746,0.0508,0.05,groundplane,38.08607
1.5746,0.0762,0.05,groundplane,38.08606
1.5746,0.1016,0.05,groundplane,38.08605
