x,y,z,rearMat,Wm2Back
0.722719,4.425377e-17,1.156957,sky,16.49522
0.5419323,3.318378e-17,1.242492,sky,16.49522
0.3611457,2.211379e-17,1.328027,sky,16.49522
0.180359,1.10438e-17,1.413561,sky,16.49522
-0.0004276734,-2.618744e-20,1.499096,sky,16.49522
-0.1812143,-1.109618e-17,1.584631,sky,16.49522
-0.362001,-2.216617e-17,1.670165,sky,16.49522
-0.5427877,-3.323616e-17,1.7557,sky,16.49522
-0.7235743,-4.430615e-17,1.841235,sky,16.49522
