x,y,z,mattype,Wm2Front
0.3746,4.326137e-17,0.05,groundplane,15.837160000000003
0.3746,0.0254,0.05,groundplane,15.83713
0.3746,0.0508,0.05,groundplane,15.83713
0.3746,0.0762,0.05,groundplane,15.83713
0.3746,0.1016,0.05,groundplane,15.83714
