x,y,z,mattype,Wm2Front
1.5746,3.399482e-17,0.05,groundplane,80.50866
1.5746,0.0254,0.05,groundplane,80.50928
1.5746,0.0508,0.05,groundplane,80.50925
1.5746,0.0762,0.05,groundplane,80.50921
1.5746,0.1016,0.05,groundplane,80.50918
