x,y,z,mattype,Wm2Front
0.3746,4.863082e-17,0.05,groundplane,39.39373
0.3746,0.0254,0.05,groundplane,39.39489
0.3746,0.0508,0.05,groundplane,39.39485
0.3746,0.0762,0.05,groundplane,39.39481
0.3746,0.1016,0.05,groundplane,39.39477
