x,y,z,mattype,Wm2Front
1.5746,3.050247e-17,0.05,groundplane,417.72869999999995
1.5746,0.0254,0.05,groundplane,417.7307
1.5746,0.0508,0.05,groundplane,417.73060000000004
1.5746,0.0762,0.05,groundplane,417.7304
1.5746,0.1016,0.05,groundplane,417.7303
