x,y,z,mattype,Wm2Front
0.3746,4.895845e-17,0.05,groundplane,908.8124000000001
0.3746,0.0254,0.05,groundplane,908.8134999999999
0.3746,0.0508,0.05,groundplane,908.8129
0.3746,0.0762,0.05,groundplane,908.8123
0.3746,0.1016,0.05,groundplane,908.8116999999999
