x,y,z,mattype,Wm2Front
1.5746,4.896245e-17,0.05,groundplane,12.29782
1.5746,0.0254,0.05,groundplane,12.29811
1.5746,0.0508,0.05,groundplane,12.298120000000003
1.5746,0.0762,0.05,groundplane,12.29813
1.5746,0.1016,0.05,groundplane,12.298139999999998
