x,y,z,mattype,Wm2Front
1.5746,4.725156e-17,0.05,groundplane,97.43822
1.5746,0.0254,0.05,groundplane,97.44041
1.5746,0.0508,0.05,groundplane,97.44036999999999
1.5746,0.0762,0.05,groundplane,97.44032
1.5746,0.1016,0.05,groundplane,97.44027
