x,y,z,mattype,Wm2Front
1.5746,3.565485e-17,0.05,groundplane,479.70790000000005
1.5746,0.0254,0.05,groundplane,479.715
1.5746,0.0508,0.05,groundplane,479.714
1.5746,0.0762,0.05,groundplane,479.713
1.5746,0.1016,0.05,groundplane,479.712
