x,y,z,mattype,Wm2Front
0.3746,4.786812e-17,0.05,groundplane,715.6523000000001
0.3746,0.0254,0.05,groundplane,715.6536
0.3746,0.0508,0.05,groundplane,715.6533
0.3746,0.0762,0.05,groundplane,715.6529
0.3746,0.1016,0.05,groundplane,715.6526
