x,y,z,rearMat,Wm2Back
0.7414249,4.539918e-17,1.199517,sky,43.51171
0.5559751,3.404366e-17,1.274406,sky,43.51171
0.3705252,2.268813e-17,1.349295,sky,43.51171
0.1850754,1.13326e-17,1.424184,sky,43.51171
-0.0003744448,-2.292813e-20,1.499073,sky,43.51171
-0.1858243,-1.137846e-17,1.573962,sky,43.51171
-0.3712741,-2.273398e-17,1.648851,sky,43.51171
-0.556724,-3.408951e-17,1.72374,sky,43.51171
-0.7421738,-4.544504e-17,1.798629,sky,43.51171
