x,y,z,rearMat,Wm2Back
0.7999998,4.898586e-17,1.49886,sky,13.084070000000002
0.5999998,3.673939e-17,1.498895,sky,13.084070000000002
0.3999998,2.449292e-17,1.49893,sky,13.084070000000002
0.1999998,1.224646e-17,1.498965,sky,13.084070000000002
-1.745329e-07,-1.068706e-23,1.499,sky,13.084070000000002
-0.2000002,-1.224648e-17,1.499035,sky,13.084070000000002
-0.4000002,-2.449295e-17,1.49907,sky,13.084070000000002
-0.6000002,-3.673941e-17,1.499105,sky,13.084070000000002
-0.8000002,-4.898588e-17,1.49914,sky,13.084070000000002
