x,y,z,rearMat,Wm2Back
0.7994844,4.89543e-17,1.528734,sky,14.4731
0.5996226,3.67163e-17,1.521301,sky,14.4731
0.3997608,2.447829e-17,1.513867,sky,14.4731
0.199899,1.224028e-17,1.506434,sky,14.4731
3.716695e-05,2.275819e-21,1.499001,sky,14.4731
-0.1998246,-1.223573e-17,1.491567,sky,14.4731
-0.3996865,-2.447374e-17,1.484134,sky,14.4731
-0.5995483,-3.671174e-17,1.476701,sky,14.4731
-0.7994101,-4.894975e-17,1.469267,sky,14.4731
