x,y,z,mattype,Wm2Front
0.3746,4.594537e-17,0.05,groundplane,458.8487
0.3746,0.0254,0.05,groundplane,458.8513
0.3746,0.0508,0.05,groundplane,458.8493
0.3746,0.0762,0.05,groundplane,458.8473000000001
0.3746,0.1016,0.05,groundplane,458.8453
