x,y,z,rearMat,Wm2Back
0.6240096,3.820957e-17,2.000613,sky,29.3314
0.4681639,2.866677e-17,1.875265,sky,29.3314
0.3123182,1.912397e-17,1.749917,sky,29.3314
0.1564725,9.581175e-18,1.624569,sky,29.3314
0.0006267398,3.837675e-20,1.499221,sky,29.3314
-0.155219,-9.504421e-18,1.373873,sky,29.3314
-0.3110647,-1.904722e-17,1.248525,sky,29.3314
-0.4669104,-2.859002e-17,1.123177,sky,29.3314
-0.6227561,-3.813282e-17,0.9978289,sky,29.3314
