x,y,z,mattype,Wm2Front
1.5746,3.97875e-17,0.05,groundplane,752.824
1.5746,0.0254,0.05,groundplane,752.8278999999999
1.5746,0.0508,0.05,groundplane,752.8271
1.5746,0.0762,0.05,groundplane,752.8264
1.5746,0.1016,0.05,groundplane,752.8256
