x,y,z,mattype,Wm2Front
0.3746,4.617382e-17,0.05,groundplane,127.467
0.3746,0.0254,0.05,groundplane,127.4683
0.3746,0.0508,0.05,groundplane,127.46819999999998
0.3746,0.0762,0.05,groundplane,127.46819999999998
0.3746,0.1016,0.05,groundplane,127.46819999999998
