x,y,z,rearMat,Wm2Back
0.7750461,4.745788e-17,1.698254,sky,10.37006
0.5813468,3.559723e-17,1.648448,sky,10.37006
0.3876475,2.373657e-17,1.598643,sky,10.37006
0.1939483,1.187591e-17,1.548837,sky,10.37006
0.000249028,1.524857e-20,1.499032,sky,10.37006
-0.1934502,-1.184541e-17,1.449226,sky,10.37006
-0.3871495,-2.370607e-17,1.39942,sky,10.37006
-0.5808487,-3.556673e-17,1.349615,sky,10.37006
-0.774548,-4.742739e-17,1.299809,sky,10.37006
