x,y,z,mattype,Wm2Front
1.5746,3.845955e-17,0.05,groundplane,93.50623
1.5746,0.0254,0.05,groundplane,93.5072
1.5746,0.0508,0.05,groundplane,93.50714
1.5746,0.0762,0.05,groundplane,93.50709
1.5746,0.1016,0.05,groundplane,93.50703
