x,y,z,mattype,Wm2Front
0.3746,3.638388e-17,0.05,groundplane,105.2641
0.3746,0.0254,0.05,groundplane,105.26389999999999
0.3746,0.0508,0.05,groundplane,105.26389999999999
0.3746,0.0762,0.05,groundplane,105.2638
0.3746,0.1016,0.05,groundplane,105.2638
