x,y,z,rearMat,Wm2Back
0.7998554,4.897702e-17,1.484759,sky,0.5337537
0.5998871,3.673249e-17,1.488319,sky,0.5337537
0.3999188,2.448796e-17,1.49188,sky,0.5337537
0.1999505,1.224344e-17,1.49544,sky,0.5337537
-1.780142e-05,-1.090022e-21,1.499,sky,0.5337537
-0.1999861,-1.224562e-17,1.50256,sky,0.5337537
-0.3999544,-2.449014e-17,1.506121,sky,0.5337537
-0.5999227,-3.673467e-17,1.509681,sky,0.5337537
-0.799891,-4.89792e-17,1.513241,sky,0.5337537
