x,y,z,rearMat,Wm2Back
0.727979,4.457586e-17,1.831734,sky,16.45892
0.5460882,3.343826e-17,1.748573,sky,16.45892
0.3641974,2.230066e-17,1.665412,sky,16.45892
0.1823066,1.116306e-17,1.582251,sky,16.45892
0.0004158047,2.546069e-20,1.499091,sky,16.45892
-0.181475,-1.111214e-17,1.41593,sky,16.45892
-0.3633658,-2.224974e-17,1.332769,sky,16.45892
-0.5452566,-3.338734e-17,1.249608,sky,16.45892
-0.7271474,-4.452493e-17,1.166447,sky,16.45892
