x,y,z,mattype,Wm2Front
0.3746,4.235886e-17,0.05,groundplane,798.5067
0.3746,0.0254,0.05,groundplane,798.5083
0.3746,0.0508,0.05,groundplane,798.5079
0.3746,0.0762,0.05,groundplane,798.5076
0.3746,0.1016,0.05,groundplane,798.5072999999999
