x,y,z,mattype,Wm2Front
0.3746,4.275623e-17,0.05,groundplane,767.5441
0.3746,0.0254,0.05,groundplane,767.544
0.3746,0.0508,0.05,groundplane,767.5436
0.3746,0.0762,0.05,groundplane,767.5432999999999
0.3746,0.1016,0.05,groundplane,767.5429
