x,y,z,mattype,Wm2Front
1.5746,4.785343e-17,0.05,groundplane,852.2311
1.5746,0.0254,0.05,groundplane,852.2324
1.5746,0.0508,0.05,groundplane,852.232
1.5746,0.0762,0.05,groundplane,852.2316
1.5746,0.1016,0.05,groundplane,852.2311999999998
