x,y,z,mattype,Wm2Front
1.5746,4.352361e-17,0.05,groundplane,99.71245
1.5746,0.0254,0.05,groundplane,99.71352
1.5746,0.0508,0.05,groundplane,99.71349
1.5746,0.0762,0.05,groundplane,99.71346999999999
1.5746,0.1016,0.05,groundplane,99.71345000000001
