x,y,z,mattype,Wm2Front
1.5746,3.247255e-17,0.05,groundplane,497.3896
1.5746,0.0254,0.05,groundplane,497.3885
1.5746,0.0508,0.05,groundplane,497.3884
1.5746,0.0762,0.05,groundplane,497.38820000000004
1.5746,0.1016,0.05,groundplane,497.38809999999995
