x,y,z,rearMat,Wm2Back
0.7783235,4.765857e-17,1.684969,sky,67.28026
0.5838007,3.574749e-17,1.638484,sky,67.28026
0.389278,2.38364e-17,1.591998,sky,67.28026
0.1947552,1.192532e-17,1.545513,sky,67.28026
0.000232427,1.423205e-20,1.499027,sky,67.28026
-0.1942903,-1.189685e-17,1.452542,sky,67.28026
-0.3888131,-2.380794e-17,1.406057,sky,67.28026
-0.5833359,-3.571902e-17,1.359571,sky,67.28026
-0.7778587,-4.763011e-17,1.313086,sky,67.28026
