x,y,z,rearMat,Wm2Back
0.7638575,4.677278e-17,1.737745,sky,19.3535
0.5729677,3.508415e-17,1.67807,sky,19.3535
0.3820779,2.339553e-17,1.618395,sky,19.3535
0.1911881,1.17069e-17,1.55872,sky,19.3535
0.0002983745,1.827017e-20,1.499046,sky,19.3535
-0.1905914,-1.167036e-17,1.439371,sky,19.3535
-0.3814812,-2.335898e-17,1.379696,sky,19.3535
-0.5723709,-3.504761e-17,1.320021,sky,19.3535
-0.7632607,-4.673624e-17,1.260346,sky,19.3535
