x,y,z,rearMat,Wm2Back
0.7990261,4.892624e-17,1.539476,sky,13.27257
0.5992822,3.669545e-17,1.529357,sky,13.27257
0.3995383,2.446467e-17,1.519238,sky,13.27257
0.1997945,1.223388e-17,1.50912,sky,13.27257
5.059294e-05,3.097924e-21,1.499001,sky,13.27257
-0.1996933,-1.222769e-17,1.488883,sky,13.27257
-0.3994371,-2.445847e-17,1.478764,sky,13.27257
-0.599181,-3.668926e-17,1.468646,sky,13.27257
-0.7989249,-4.892004e-17,1.458527,sky,13.27257
