x,y,z,rearMat,Wm2Back
0.7417392,4.541843e-17,1.200294,sky,30.318069999999995
0.556211,3.40581e-17,1.274988,sky,30.318069999999995
0.3706829,2.269778e-17,1.349683,sky,30.318069999999995
0.1851547,1.133746e-17,1.424378,sky,30.318069999999995
-0.0003734735,-2.286866e-20,1.499072,sky,30.318069999999995
-0.1859016,-1.138319e-17,1.573767,sky,30.318069999999995
-0.3714298,-2.274352e-17,1.648462,sky,30.318069999999995
-0.556958,-3.410384e-17,1.723156,sky,30.318069999999995
-0.7424861,-4.546416e-17,1.797851,sky,30.318069999999995
