x,y,z,mattype,Wm2Front
1.5746,3.247255e-17,0.05,groundplane,106.7839
1.5746,0.0254,0.05,groundplane,106.7837
1.5746,0.0508,0.05,groundplane,106.78360000000002
1.5746,0.0762,0.05,groundplane,106.7835
1.5746,0.1016,0.05,groundplane,106.78339999999999
