x,y,z,rearMat,Wm2Back
0.7983346,4.888389e-17,1.551603,sky,1.11859
0.5987674,3.666393e-17,1.538453,sky,1.11859
0.3992002,2.444396e-17,1.525303,sky,1.11859
0.199633,1.222399e-17,1.512152,sky,1.11859
6.575144e-05,4.026115e-21,1.499002,sky,1.11859
-0.1995015,-1.221594e-17,1.485852,sky,1.11859
-0.3990687,-2.443591e-17,1.472702,sky,1.11859
-0.5986359,-3.665587e-17,1.459551,sky,1.11859
-0.7982031,-4.887584e-17,1.446401,sky,1.11859
