x,y,z,mattype,Wm2Front
1.5746,4.849886e-17,0.05,groundplane,57.80116
1.5746,0.0254,0.05,groundplane,57.803230000000006
1.5746,0.0508,0.05,groundplane,57.80317
1.5746,0.0762,0.05,groundplane,57.80311
1.5746,0.1016,0.05,groundplane,57.803050000000006
