x,y,z,mattype,Wm2Front
0.3746,4.781768e-17,0.05,groundplane,29.79243
0.3746,0.0254,0.05,groundplane,29.792369999999995
0.3746,0.0508,0.05,groundplane,29.79236
0.3746,0.0762,0.05,groundplane,29.79236
0.3746,0.1016,0.05,groundplane,29.79236
