x,y,z,rearMat,Wm2Back
0.7998188,4.897478e-17,1.482944,sky,9.751291
0.5998591,3.673077e-17,1.486958,sky,9.751291
0.3998994,2.448677e-17,1.490972,sky,9.751291
0.1999396,1.224277e-17,1.494986,sky,9.751291
-2.006994e-05,-1.228929e-21,1.499,sky,9.751291
-0.1999798,-1.224523e-17,1.503014,sky,9.751291
-0.3999395,-2.448923e-17,1.507028,sky,9.751291
-0.5998992,-3.673323e-17,1.511042,sky,9.751291
-0.7998589,-4.897723e-17,1.515056,sky,9.751291
