x,y,z,rearMat,Wm2Back
0.6753253,4.135175e-17,1.928878,sky,10.32074
0.5066283,3.102203e-17,1.821448,sky,10.32074
0.3379312,2.069232e-17,1.714017,sky,10.32074
0.1692342,1.036261e-17,1.606587,sky,10.32074
0.0005371524,3.28911e-20,1.499157,sky,10.32074
-0.1681599,-1.029682e-17,1.391726,sky,10.32074
-0.3368569,-2.062654e-17,1.284296,sky,10.32074
-0.505554,-3.095625e-17,1.176865,sky,10.32074
-0.674251,-4.128597e-17,1.069435,sky,10.32074
