x,y,z,mattype,Wm2Front
1.5746,3.152215e-17,0.05,groundplane,18.54361
1.5746,0.0254,0.05,groundplane,18.54359
1.5746,0.0508,0.05,groundplane,18.54359
1.5746,0.0762,0.05,groundplane,18.54359
1.5746,0.1016,0.05,groundplane,18.54359
