x,y,z,rearMat,Wm2Back
0.6608664,4.04664e-17,1.04916,sky,46.41292000000001
0.4955092,3.034119e-17,1.161663,sky,46.41292000000001
0.3301519,2.021598e-17,1.274167,sky,46.41292000000001
0.1647947,1.009077e-17,1.38667,sky,46.41292000000001
-0.0005625164,-3.444419e-20,1.499173,sky,46.41292000000001
-0.1659197,-1.015965e-17,1.611676,sky,46.41292000000001
-0.331277,-2.028486e-17,1.72418,sky,46.41292000000001
-0.4966342,-3.041007e-17,1.836683,sky,46.41292000000001
-0.6619914,-4.053528e-17,1.949186,sky,46.41292000000001
