x,y,z,mattype,Wm2Front
0.3746,4.77838e-17,0.05,groundplane,88.16032
0.3746,0.0254,0.05,groundplane,88.1597
0.3746,0.0508,0.05,groundplane,88.1597
0.3746,0.0762,0.05,groundplane,88.15971
0.3746,0.1016,0.05,groundplane,88.15971
