x,y,z,mattype,Wm2Front
0.3746,4.553437e-17,0.05,groundplane,371.992
0.3746,0.0254,0.05,groundplane,371.9949
0.3746,0.0508,0.05,groundplane,371.9927
0.3746,0.0762,0.05,groundplane,371.9905999999999
0.3746,0.1016,0.05,groundplane,371.9884
