x,y,z,rearMat,Wm2Back
0.5340754,3.270269e-17,2.095621,sky,84.61905
0.4007429,2.453843e-17,1.946549,sky,84.61905
0.2674104,1.637416e-17,1.797477,sky,84.61905
0.1340779,8.209902e-18,1.648405,sky,84.61905
0.0007453597,4.564012e-20,1.499333,sky,84.61905
-0.1325872,-8.118622e-18,1.350261,sky,84.61905
-0.2659197,-1.628288e-17,1.201189,sky,84.61905
-0.3992522,-2.444715e-17,1.052118,sky,84.61905
-0.5325847,-3.261141e-17,0.9030456,sky,84.61905
