x,y,z,mattype,Wm2Front
1.5746,4.315135e-17,0.05,groundplane,206.88610000000003
1.5746,0.0254,0.05,groundplane,206.8844
1.5746,0.0508,0.05,groundplane,206.8844
1.5746,0.0762,0.05,groundplane,206.8844
1.5746,0.1016,0.05,groundplane,206.8845
