x,y,z,mattype,Wm2Front
1.5746,3.050247e-17,0.05,groundplane,114.3096
1.5746,0.0254,0.05,groundplane,114.31080000000001
1.5746,0.0508,0.05,groundplane,114.3107
1.5746,0.0762,0.05,groundplane,114.3107
1.5746,0.1016,0.05,groundplane,114.31059999999998
