x,y,z,mattype,Wm2Front
1.5746,4.857863e-17,0.05,groundplane,35.10785
1.5746,0.0254,0.05,groundplane,35.10868
1.5746,0.0508,0.05,groundplane,35.10868
1.5746,0.0762,0.05,groundplane,35.10869
1.5746,0.1016,0.05,groundplane,35.10869
