x,y,z,mattype,Wm2Front
1.5746,4.894605e-17,0.05,groundplane,896.2274000000001
1.5746,0.0254,0.05,groundplane,896.2283000000001
1.5746,0.0508,0.05,groundplane,896.2278
1.5746,0.0762,0.05,groundplane,896.2273
1.5746,0.1016,0.05,groundplane,896.2269
