x,y,z,mattype,Wm2Front
1.5746,4.813696e-17,0.05,groundplane,832.4627
1.5746,0.0254,0.05,groundplane,832.4633
1.5746,0.0508,0.05,groundplane,832.4627999999999
1.5746,0.0762,0.05,groundplane,832.4624
1.5746,0.1016,0.05,groundplane,832.462
