x,y,z,mattype,Wm2Front
0.3746,4.898032e-17,0.05,groundplane,219.52779999999998
0.3746,0.0254,0.05,groundplane,219.5287
0.3746,0.0508,0.05,groundplane,219.52830000000003
0.3746,0.0762,0.05,groundplane,219.528
0.3746,0.1016,0.05,groundplane,219.5276
