x,y,z,rearMat,Wm2Back
0.7894663,4.834087e-17,1.629399,sky,10.860620000000003
0.5921404,3.625815e-17,1.596802,sky,10.860620000000003
0.3948146,2.417542e-17,1.564206,sky,10.860620000000003
0.1974888,1.20927e-17,1.53161,sky,10.860620000000003
0.0001629816,9.979743e-21,1.499013,sky,10.860620000000003
-0.1971628,-1.207274e-17,1.466417,sky,10.860620000000003
-0.3944887,-2.415546e-17,1.433821,sky,10.860620000000003
-0.5918145,-3.623819e-17,1.401224,sky,10.860620000000003
-0.7891403,-4.832091e-17,1.368628,sky,10.860620000000003
