x,y,z,mattype,Wm2Front
1.5746,4.899102e-17,0.05,groundplane,1.619103
1.5746,0.0254,0.05,groundplane,1.619102
1.5746,0.0508,0.05,groundplane,1.619102
1.5746,0.0762,0.05,groundplane,1.619102
1.5746,0.1016,0.05,groundplane,1.619102
