x,y,z,mattype,Wm2Front
0.3746,3.050247e-17,0.05,groundplane,396.837
0.3746,0.0254,0.05,groundplane,396.8397
0.3746,0.0508,0.05,groundplane,396.8395
0.3746,0.0762,0.05,groundplane,396.83920000000006
0.3746,0.1016,0.05,groundplane,396.8389
