x,y,z,mattype,Wm2Front
1.5746,3.43991e-17,0.05,groundplane,243.3018
1.5746,0.0254,0.05,groundplane,243.3063
1.5746,0.0508,0.05,groundplane,243.306
1.5746,0.0762,0.05,groundplane,243.3057
1.5746,0.1016,0.05,groundplane,243.30550000000002
