x,y,z,rearMat,Wm2Back
0.7977399,4.884748e-17,1.5601,sky,79.48586
0.5983241,3.663678e-17,1.544826,sky,79.48586
0.3989082,2.442608e-17,1.529551,sky,79.48586
0.1994923,1.221538e-17,1.514277,sky,79.48586
7.637099e-05,4.676374e-21,1.499003,sky,79.48586
-0.1993395,-1.220603e-17,1.483729,sky,79.48586
-0.3987554,-2.441673e-17,1.468455,sky,79.48586
-0.5981713,-3.662743e-17,1.45318,sky,79.48586
-0.7975872,-4.883813e-17,1.437906,sky,79.48586
