x,y,z,rearMat,Wm2Back
0.7883943,4.827523e-17,1.364223,sky,2.832151
0.5912536,3.620384e-17,1.397921,sky,2.832151
0.3941129,2.413245e-17,1.431619,sky,2.832151
0.1969722,1.206107e-17,1.465316,sky,2.832151
-0.0001684894,-1.0317e-20,1.499014,sky,2.832151
-0.1973092,-1.20817e-17,1.532712,sky,2.832151
-0.3944499,-2.415309e-17,1.56641,sky,2.832151
-0.5915906,-3.622447e-17,1.600108,sky,2.832151
-0.7887313,-4.829586e-17,1.633806,sky,2.832151
