x,y,z,mattype,Wm2Front
1.5746,3.994168e-17,0.05,groundplane,236.5456
1.5746,0.0254,0.05,groundplane,236.54820000000004
1.5746,0.0508,0.05,groundplane,236.5481
1.5746,0.0762,0.05,groundplane,236.5481
1.5746,0.1016,0.05,groundplane,236.548
