x,y,z,mattype,Wm2Front
0.3746,4.895662e-17,0.05,groundplane,15.69862
0.3746,0.0254,0.05,groundplane,15.69815
0.3746,0.0508,0.05,groundplane,15.69815
0.3746,0.0762,0.05,groundplane,15.69815
0.3746,0.1016,0.05,groundplane,15.69815
