x,y,z,rearMat,Wm2Back
0.7859567,4.812597e-17,1.350758,sky,2.9448260000000004
0.5894212,3.609164e-17,1.387823,sky,2.9448260000000004
0.3928857,2.405731e-17,1.424888,sky,2.9448260000000004
0.1963502,1.202298e-17,1.461953,sky,2.9448260000000004
-0.0001853236,-1.13478e-20,1.499017,sky,2.9448260000000004
-0.1967208,-1.204568e-17,1.536082,sky,2.9448260000000004
-0.3932563,-2.408001e-17,1.573147,sky,2.9448260000000004
-0.5897919,-3.611434e-17,1.610211,sky,2.9448260000000004
-0.7863274,-4.814866e-17,1.647276,sky,2.9448260000000004
