x,y,z,mattype,Wm2Front
1.5746,3.247255e-17,0.05,groundplane,124.80040000000001
1.5746,0.0254,0.05,groundplane,124.7977
1.5746,0.0508,0.05,groundplane,124.7975
1.5746,0.0762,0.05,groundplane,124.7973
1.5746,0.1016,0.05,groundplane,124.79720000000002
