x,y,z,mattype,Wm2Front
0.3746,3.778251e-17,0.05,groundplane,740.9806
0.3746,0.0254,0.05,groundplane,740.9832
0.3746,0.0508,0.05,groundplane,740.9828000000001
0.3746,0.0762,0.05,groundplane,740.9824
0.3746,0.1016,0.05,groundplane,740.982
