x,y,z,mattype,Wm2Front
0.3746,3.050247e-17,0.05,groundplane,504.358
0.3746,0.0254,0.05,groundplane,504.3604
0.3746,0.0508,0.05,groundplane,504.36010000000005
0.3746,0.0762,0.05,groundplane,504.3599
0.3746,0.1016,0.05,groundplane,504.3596
