x,y,z,mattype,Wm2Front
1.5746,3.661935e-17,0.05,groundplane,735.5265
1.5746,0.0254,0.05,groundplane,735.5295
1.5746,0.0508,0.05,groundplane,735.5291000000001
1.5746,0.0762,0.05,groundplane,735.5286
1.5746,0.1016,0.05,groundplane,735.5281
