x,y,z,rearMat,Wm2Back
0.7489053,4.585722e-17,1.781322,sky,36.12738
0.5617672,3.439832e-17,1.710757,sky,36.12738
0.3746291,2.293941e-17,1.640193,sky,36.12738
0.1874909,1.148051e-17,1.569629,sky,36.12738
0.0003528217,2.16041e-20,1.499064,sky,36.12738
-0.1867853,-1.14373e-17,1.4285,sky,36.12738
-0.3739234,-2.289621e-17,1.357936,sky,36.12738
-0.5610615,-3.435511e-17,1.287371,sky,36.12738
-0.7481996,-4.581401e-17,1.216807,sky,36.12738
