x,y,z,mattype,Wm2Front
1.5746,4.575832e-17,0.05,groundplane,687.0391
1.5746,0.0254,0.05,groundplane,687.0393
1.5746,0.0508,0.05,groundplane,687.0390000000001
1.5746,0.0762,0.05,groundplane,687.0386
1.5746,0.1016,0.05,groundplane,687.0383
