x,y,z,mattype,Wm2Front
0.3746,4.757468e-17,0.05,groundplane,99.83355999999999
0.3746,0.0254,0.05,groundplane,99.83259
0.3746,0.0508,0.05,groundplane,99.8326
0.3746,0.0762,0.05,groundplane,99.8326
0.3746,0.1016,0.05,groundplane,99.8326
