x,y,z,mattype,Wm2Front
0.3746,4.759768e-17,0.05,groundplane,71.87311
0.3746,0.0254,0.05,groundplane,71.87447
0.3746,0.0508,0.05,groundplane,71.87442
0.3746,0.0762,0.05,groundplane,71.87436
0.3746,0.1016,0.05,groundplane,71.8743
