x,y,z,mattype,Wm2Front
0.3746,3.050247e-17,0.05,groundplane,85.80818
0.3746,0.0254,0.05,groundplane,85.80849
0.3746,0.0508,0.05,groundplane,85.80847999999999
0.3746,0.0762,0.05,groundplane,85.80847
0.3746,0.1016,0.05,groundplane,85.80845
