x,y,z,rearMat,Wm2Back
0.7990123,4.892539e-17,1.539755,sky,3.456018
0.5992719,3.669482e-17,1.529566,sky,3.456018
0.3995316,2.446425e-17,1.519378,sky,3.456018
0.1997913,1.223369e-17,1.50919,sky,3.456018
5.094156e-05,3.119271e-21,1.499001,sky,3.456018
-0.1996894,-1.222745e-17,1.488813,sky,3.456018
-0.3994297,-2.445802e-17,1.478625,sky,3.456018
-0.59917,-3.668858e-17,1.468436,sky,3.456018
-0.7989104,-4.891915e-17,1.458248,sky,3.456018
