x,y,z,rearMat,Wm2Back
0.785431,4.809378e-17,1.348016,sky,4.430871
0.589026,3.606744e-17,1.385766,sky,4.430871
0.3926211,2.404111e-17,1.423517,sky,4.430871
0.1962162,1.201478e-17,1.461267,sky,4.430871
-0.0001887527,-1.155777e-20,1.499018,sky,4.430871
-0.1965937,-1.203789e-17,1.536769,sky,4.430871
-0.3929986,-2.406422e-17,1.574519,sky,4.430871
-0.5894035,-3.609056e-17,1.61227,sky,4.430871
-0.7858085,-4.811689e-17,1.65002,sky,4.430871
