x,y,z,mattype,Wm2Front
0.3746,4.810466e-17,0.05,groundplane,70.95213
0.3746,0.0254,0.05,groundplane,70.95135
0.3746,0.0508,0.05,groundplane,70.95132
0.3746,0.0762,0.05,groundplane,70.95128
0.3746,0.1016,0.05,groundplane,70.95124
