x,y,z,mattype,Wm2Front
1.5746,3.050247e-17,0.05,groundplane,444.29839999999996
1.5746,0.0254,0.05,groundplane,444.301
1.5746,0.0508,0.05,groundplane,444.3009
1.5746,0.0762,0.05,groundplane,444.3008
1.5746,0.1016,0.05,groundplane,444.3007
