x,y,z,mattype,Wm2Front
0.3746,3.247255e-17,0.05,groundplane,229.74030000000002
0.3746,0.0254,0.05,groundplane,229.7355
0.3746,0.0508,0.05,groundplane,229.73529999999997
0.3746,0.0762,0.05,groundplane,229.7352
0.3746,0.1016,0.05,groundplane,229.735
