x,y,z,mattype,Wm2Front
1.5746,3.35719e-17,0.05,groundplane,430.92890000000006
1.5746,0.0254,0.05,groundplane,430.9266
1.5746,0.0508,0.05,groundplane,430.9254
1.5746,0.0762,0.05,groundplane,430.9241
1.5746,0.1016,0.05,groundplane,430.9228
