x,y,z,rearMat,Wm2Back
0.7034644,4.307477e-17,1.880971,sky,73.4294
0.5277176,3.231338e-17,1.785509,sky,73.4294
0.3519708,2.1552e-17,1.690046,sky,73.4294
0.1762241,1.079061e-17,1.594584,sky,73.4294
0.0004773121,2.922694e-20,1.499121,sky,73.4294
-0.1752695,-1.073216e-17,1.403659,sky,73.4294
-0.3510162,-2.149354e-17,1.308196,sky,73.4294
-0.526763,-3.225493e-17,1.212734,sky,73.4294
-0.7025097,-4.301632e-17,1.117272,sky,73.4294
