x,y,z,mattype,Wm2Front
0.3746,3.900818e-17,0.05,groundplane,243.4324
0.3746,0.0254,0.05,groundplane,243.432
0.3746,0.0508,0.05,groundplane,243.4319
0.3746,0.0762,0.05,groundplane,243.4319
0.3746,0.1016,0.05,groundplane,243.43179999999998
