x,y,z,rearMat,Wm2Back
0.78079,4.78096e-17,1.325736,sky,31.05887
0.5855383,3.585388e-17,1.369058,sky,31.05887
0.3902867,2.389817e-17,1.41238,sky,31.05887
0.195035,1.194245e-17,1.455702,sky,31.05887
-0.00021661,-1.326354e-20,1.499024,sky,31.05887
-0.1954683,-1.196898e-17,1.542346,sky,31.05887
-0.3907199,-2.392469e-17,1.585668,sky,31.05887
-0.5859715,-3.588041e-17,1.62899,sky,31.05887
-0.7812232,-4.783612e-17,1.672312,sky,31.05887
