x,y,z,rearMat,Wm2Back
0.7833459,4.796611e-17,1.337611,sky,9.903008
0.587459,3.597149e-17,1.377964,sky,9.903008
0.3915721,2.397688e-17,1.418316,sky,9.903008
0.1956852,1.198226e-17,1.458668,sky,9.903008
-0.0002017617,-1.235434e-20,1.499021,sky,9.903008
-0.1960887,-1.200697e-17,1.539373,sky,9.903008
-0.3919756,-2.400158e-17,1.579725,sky,9.903008
-0.5878625,-3.59962e-17,1.620078,sky,9.903008
-0.7837495,-4.799081e-17,1.66043,sky,9.903008
