x,y,z,rearMat,Wm2Back
0.6280951,3.845973e-17,1.995477,sky,24.79091
0.4712264,2.88543e-17,1.871412,sky,24.79091
0.3143577,1.924886e-17,1.747346,sky,24.79091
0.157489,9.643422e-18,1.623281,sky,24.79091
0.0006203268,3.798406e-20,1.499216,sky,24.79091
-0.1562484,-9.567453e-18,1.37515,sky,24.79091
-0.3131171,-1.917289e-17,1.251085,sky,24.79091
-0.4699858,-2.877833e-17,1.12702,sky,24.79091
-0.6268545,-3.838377e-17,1.002954,sky,24.79091
