x,y,z,mattype,Wm2Front
1.5746,4.27657e-17,0.05,groundplane,795.0125000000002
1.5746,0.0254,0.05,groundplane,795.0167
1.5746,0.0508,0.05,groundplane,795.0159
1.5746,0.0762,0.05,groundplane,795.015
1.5746,0.1016,0.05,groundplane,795.0142
