x,y,z,rearMat,Wm2Back
0.7053836,4.319229e-17,1.877406,sky,58.07996
0.5291559,3.240146e-17,1.782834,sky,58.07996
0.3529282,2.161062e-17,1.688262,sky,58.07996
0.1767005,1.081979e-17,1.593691,sky,58.07996
0.0004728584,2.895422e-20,1.499119,sky,58.07996
-0.1757548,-1.076188e-17,1.404547,sky,58.07996
-0.3519825,-2.155271e-17,1.309976,sky,58.07996
-0.5282102,-3.234355e-17,1.215404,sky,58.07996
-0.7044379,-4.313438e-17,1.120832,sky,58.07996
