x,y,z,mattype,Wm2Front
0.3746,4.898648e-17,0.05,groundplane,6.824196
0.3746,0.0254,0.05,groundplane,6.823989999999999
0.3746,0.0508,0.05,groundplane,6.823989999999999
0.3746,0.0762,0.05,groundplane,6.823989999999999
0.3746,0.1016,0.05,groundplane,6.823989
