x,y,z,rearMat,Wm2Back
0.7929331,4.855315e-17,1.393896,sky,2.279898
0.594667,3.641285e-17,1.420174,sky,2.279898
0.3964008,2.427255e-17,1.446452,sky,2.279898
0.1981347,1.213225e-17,1.47273,sky,2.279898
-0.0001313913,-8.045399e-21,1.499009,sky,2.279898
-0.1983975,-1.214834e-17,1.525287,sky,2.279898
-0.3966636,-2.428864e-17,1.551565,sky,2.279898
-0.5949297,-3.642894e-17,1.577843,sky,2.279898
-0.7931959,-4.856924e-17,1.604122,sky,2.279898
