x,y,z,rearMat,Wm2Back
0.7643404,4.680235e-17,1.263812,sky,15.55948
0.5731818,3.509726e-17,1.32262,sky,15.55948
0.3820232,2.339217e-17,1.381428,sky,15.55948
0.1908646,1.168708e-17,1.440236,sky,15.55948
-0.0002940403,-1.800478e-20,1.499044,sky,15.55948
-0.1914526,-1.172309e-17,1.557852,sky,15.55948
-0.3826112,-2.342818e-17,1.61666,sky,15.55948
-0.5737698,-3.513327e-17,1.675468,sky,15.55948
-0.7649285,-4.683836e-17,1.734276,sky,15.55948
