x,y,z,mattype,Wm2Front
0.3746,4.863397e-17,0.05,groundplane,856.5104
0.3746,0.0254,0.05,groundplane,856.5133
0.3746,0.0508,0.05,groundplane,856.5126999999999
0.3746,0.0762,0.05,groundplane,856.5121
0.3746,0.1016,0.05,groundplane,856.5115
