x,y,z,rearMat,Wm2Back
0.7999994,4.898584e-17,1.501374,sky,42.12186
0.6000003,3.673942e-17,1.50078,sky,42.12186
0.4000012,2.449301e-17,1.500187,sky,42.12186
0.2000021,1.22466e-17,1.499593,sky,42.12186
2.967055e-06,1.816797e-22,1.499,sky,42.12186
-0.1999962,-1.224623e-17,1.498407,sky,42.12186
-0.3999953,-2.449265e-17,1.497813,sky,42.12186
-0.5999944,-3.673906e-17,1.49722,sky,42.12186
-0.7999935,-4.898547e-17,1.496626,sky,42.12186
