x,y,z,rearMat,Wm2Back
0.7432983,4.551389e-17,1.204181,sky,43.63107
0.5573816,3.412978e-17,1.277904,sky,43.63107
0.3714648,2.274566e-17,1.351626,sky,43.63107
0.1855481,1.136154e-17,1.425348,sky,43.63107
-0.0003686113,-2.257093e-20,1.49907,sky,43.63107
-0.1862853,-1.140669e-17,1.572793,sky,43.63107
-0.3722021,-2.27908e-17,1.646515,sky,43.63107
-0.5581188,-3.417492e-17,1.720237,sky,43.63107
-0.7440355,-4.555903e-17,1.793959,sky,43.63107
