x,y,z,mattype,Wm2Front
1.5746,4.11964e-17,0.05,groundplane,745.3660999999998
1.5746,0.0254,0.05,groundplane,745.3658
1.5746,0.0508,0.05,groundplane,745.3654
1.5746,0.0762,0.05,groundplane,745.3651
1.5746,0.1016,0.05,groundplane,745.3646
