x,y,z,mattype,Wm2Front
1.5746,3.050247e-17,0.05,groundplane,469.0231999999999
1.5746,0.0254,0.05,groundplane,469.02670000000006
1.5746,0.0508,0.05,groundplane,469.0263
1.5746,0.0762,0.05,groundplane,469.026
1.5746,0.1016,0.05,groundplane,469.0256
