x,y,z,mattype,Wm2Front
0.3746,4.792414e-17,0.05,groundplane,67.3663
0.3746,0.0254,0.05,groundplane,67.36739
0.3746,0.0508,0.05,groundplane,67.3674
0.3746,0.0762,0.05,groundplane,67.36742
0.3746,0.1016,0.05,groundplane,67.36744
