x,y,z,mattype,Wm2Front
1.5746,4.717539e-17,0.05,groundplane,840.504
1.5746,0.0254,0.05,groundplane,840.5044000000001
1.5746,0.0508,0.05,groundplane,840.504
1.5746,0.0762,0.05,groundplane,840.5036999999999
1.5746,0.1016,0.05,groundplane,840.5034
