x,y,z,rearMat,Wm2Back
0.7331935,4.489515e-17,1.179956,sky,81.88362
0.5497954,3.366526e-17,1.259738,sky,81.88362
0.3663973,2.243536e-17,1.339519,sky,81.88362
0.1829992,1.120547e-17,1.419301,sky,81.88362
-0.0003989091,-2.442614e-20,1.499083,sky,81.88362
-0.183797,-1.125432e-17,1.578865,sky,81.88362
-0.3671951,-2.248421e-17,1.658647,sky,81.88362
-0.5505932,-3.371411e-17,1.738428,sky,81.88362
-0.7339913,-4.4944e-17,1.81821,sky,81.88362
