x,y,z,rearMat,Wm2Back
0.6435705,3.940733e-17,1.024797,sky,12.77125
0.4825296,2.954642e-17,1.143396,sky,12.77125
0.3214888,1.968551e-17,1.261996,sky,12.77125
0.1604479,9.824599e-18,1.380595,sky,12.77125
-0.0005929974,-3.631062e-20,1.499195,sky,12.77125
-0.1616339,-9.897221e-18,1.617794,sky,12.77125
-0.3226748,-1.975813e-17,1.736394,sky,12.77125
-0.4837156,-2.961904e-17,1.854993,sky,12.77125
-0.6447565,-3.947995e-17,1.973593,sky,12.77125
