x,y,z,rearMat,Wm2Back
0.7991761,4.893542e-17,1.463687,sky,12.65093
0.599371,3.670089e-17,1.472515,sky,12.65093
0.399566,2.446636e-17,1.481344,sky,12.65093
0.1997609,1.223183e-17,1.490172,sky,12.65093
-4.414248e-05,-2.702947e-21,1.499001,sky,12.65093
-0.1998492,-1.223723e-17,1.507829,sky,12.65093
-0.3996542,-2.447176e-17,1.516658,sky,12.65093
-0.5994593,-3.67063e-17,1.525486,sky,12.65093
-0.7992643,-4.894083e-17,1.534315,sky,12.65093
