x,y,z,rearMat,Wm2Back
0.7968849,4.879513e-17,1.570537,sky,17.91809
0.597686,3.659772e-17,1.552653,sky,17.91809
0.3984872,2.44003e-17,1.53477,sky,17.91809
0.1992883,1.220289e-17,1.516887,sky,17.91809
8.941581e-05,5.475139e-21,1.499004,sky,17.91809
-0.1991095,-1.219194e-17,1.481121,sky,17.91809
-0.3983083,-2.438935e-17,1.463238,sky,17.91809
-0.5975072,-3.658676e-17,1.445355,sky,17.91809
-0.7967061,-4.878418e-17,1.427471,sky,17.91809
