x,y,z,rearMat,Wm2Back
0.5329309,3.263261e-17,2.096645,sky,84.09822
0.3998849,2.448589e-17,1.947318,sky,84.09822
0.2668388,1.633916e-17,1.79799,sky,84.09822
0.1337927,8.192441e-18,1.648662,sky,84.09822
0.0007466382,4.57184e-20,1.499335,sky,84.09822
-0.1322994,-8.101004e-18,1.350007,sky,84.09822
-0.2653455,-1.624773e-17,1.200679,sky,84.09822
-0.3983916,-2.439445e-17,1.051352,sky,84.09822
-0.5314376,-3.254117e-17,0.9020242,sky,84.09822
