x,y,z,mattype,Wm2Front
0.3746,4.497374e-17,0.05,groundplane,24.538079999999997
0.3746,0.0254,0.05,groundplane,24.538120000000003
0.3746,0.0508,0.05,groundplane,24.538120000000003
0.3746,0.0762,0.05,groundplane,24.538120000000003
0.3746,0.1016,0.05,groundplane,24.538120000000003
