x,y,z,mattype,Wm2Front
0.3746,4.423419e-17,0.05,groundplane,714.2217999999999
0.3746,0.0254,0.05,groundplane,714.2222
0.3746,0.0508,0.05,groundplane,714.2219
0.3746,0.0762,0.05,groundplane,714.2216
0.3746,0.1016,0.05,groundplane,714.2213
