x,y,z,mattype,Wm2Front
0.3746,3.247255e-17,0.05,groundplane,415.4415000000001
0.3746,0.0254,0.05,groundplane,415.43880000000007
0.3746,0.0508,0.05,groundplane,415.4384
0.3746,0.0762,0.05,groundplane,415.43799999999993
0.3746,0.1016,0.05,groundplane,415.4377
