x,y,z,mattype,Wm2Front
0.3746,3.994168e-17,0.05,groundplane,236.2881
0.3746,0.0254,0.05,groundplane,236.2907
0.3746,0.0508,0.05,groundplane,236.2907
0.3746,0.0762,0.05,groundplane,236.2906
0.3746,0.1016,0.05,groundplane,236.29049999999998
