x,y,z,mattype,Wm2Front
0.3746,3.247255e-17,0.05,groundplane,446.2608
0.3746,0.0254,0.05,groundplane,446.2636
0.3746,0.0508,0.05,groundplane,446.2634
0.3746,0.0762,0.05,groundplane,446.26320000000004
0.3746,0.1016,0.05,groundplane,446.2629
