x,y,z,rearMat,Wm2Back
0.7223188,4.422927e-17,1.843885,sky,119.98
0.5418468,3.317855e-17,1.757688,sky,119.98
0.3613749,2.212783e-17,1.671491,sky,119.98
0.1809029,1.107711e-17,1.585294,sky,119.98
0.0004309836,2.639014e-20,1.499098,sky,119.98
-0.180041,-1.102433e-17,1.412901,sky,119.98
-0.3605129,-2.207505e-17,1.326704,sky,119.98
-0.5409849,-3.312577e-17,1.240507,sky,119.98
-0.7214568,-4.417649e-17,1.154311,sky,119.98
