x,y,z,rearMat,Wm2Back
0.7565591,4.632588e-17,1.760037,sky,45.00902
0.5675009,3.474941e-17,1.694792,sky,45.00902
0.3784427,2.317293e-17,1.629546,sky,45.00902
0.1893844,1.159645e-17,1.5643,sky,45.00902
0.0003262282,1.997571e-20,1.499055,sky,45.00902
-0.188732,-1.15565e-17,1.433809,sky,45.00902
-0.3777902,-2.313298e-17,1.368563,sky,45.00902
-0.5668484,-3.470945e-17,1.303318,sky,45.00902
-0.7559066,-4.628593e-17,1.238072,sky,45.00902
