x,y,z,rearMat,Wm2Back
0.6158623,3.771069e-17,0.9893978,sky,18.58866
0.4617374,2.827326e-17,1.116856,sky,18.58866
0.3076125,1.883583e-17,1.244314,sky,18.58866
0.1534876,9.398405e-18,1.371771,sky,18.58866
-0.0006372895,-3.902273e-20,1.499229,sky,18.58866
-0.1547622,-9.476451e-18,1.626687,sky,18.58866
-0.3088871,-1.891388e-17,1.754145,sky,18.58866
-0.463012,-2.835131e-17,1.881603,sky,18.58866
-0.6171369,-3.778873e-17,2.009061,sky,18.58866
