x,y,z,mattype,Wm2Front
0.3746,4.507836e-17,0.05,groundplane,49.53476
0.3746,0.0254,0.05,groundplane,49.53462
0.3746,0.0508,0.05,groundplane,49.53459
0.3746,0.0762,0.05,groundplane,49.53457
0.3746,0.1016,0.05,groundplane,49.53455
