x,y,z,rearMat,Wm2Back
0.7961026,4.874722e-17,1.578878,sky,4.325793
0.5971019,3.656195e-17,1.558909,sky,4.325793
0.3981012,2.437667e-17,1.538941,sky,4.325793
0.1991005,1.219139e-17,1.518973,sky,4.325793
9.984075e-05,6.113482e-21,1.499005,sky,4.325793
-0.1989008,-1.217916e-17,1.479037,sky,4.325793
-0.3979015,-2.436444e-17,1.459069,sky,4.325793
-0.5969022,-3.654972e-17,1.439101,sky,4.325793
-0.7959029,-4.8735e-17,1.419132,sky,4.325793
