x,y,z,rearMat,Wm2Back
0.5975745,3.659089e-17,0.9681112,sky,2.71819
0.4480149,2.7433e-17,1.100896,sky,2.71819
0.2984553,1.827512e-17,1.233682,sky,2.71819
0.1488957,9.117232e-18,1.366467,sky,2.71819
-0.0006639262,-4.065376e-20,1.499252,sky,2.71819
-0.1502235,-9.198539e-18,1.632037,sky,2.71819
-0.2997832,-1.835642e-17,1.764823,sky,2.71819
-0.4493428,-2.751431e-17,1.897608,sky,2.71819
-0.5989024,-3.66722e-17,2.030393,sky,2.71819
