x,y,z,mattype,Wm2Front
0.3746,4.569457e-17,0.05,groundplane,739.5301
0.3746,0.0254,0.05,groundplane,739.5313
0.3746,0.0508,0.05,groundplane,739.5309000000001
0.3746,0.0762,0.05,groundplane,739.5306
0.3746,0.1016,0.05,groundplane,739.5302
