x,y,z,rearMat,Wm2Back
0.6388385,3.911758e-17,1.981546,sky,120.9375
0.4792796,2.934741e-17,1.86096,sky,120.9375
0.3197207,1.957725e-17,1.740374,sky,120.9375
0.1601618,9.807083e-18,1.619788,sky,120.9375
0.0006029295,3.691879e-20,1.499202,sky,120.9375
-0.158956,-9.733245e-18,1.378616,sky,120.9375
-0.3185148,-1.950341e-17,1.25803,sky,120.9375
-0.4780737,-2.927357e-17,1.137444,sky,120.9375
-0.6376326,-3.904374e-17,1.016859,sky,120.9375
