x,y,z,mattype,Wm2Front
1.5746,4.595429e-17,0.05,groundplane,791.1563
1.5746,0.0254,0.05,groundplane,791.1565999999999
1.5746,0.0508,0.05,groundplane,791.1562
1.5746,0.0762,0.05,groundplane,791.1558
1.5746,0.1016,0.05,groundplane,791.1553
