x,y,z,mattype,Wm2Front
0.3746,4.823489e-17,0.05,groundplane,733.4910999999998
0.3746,0.0254,0.05,groundplane,733.4919
0.3746,0.0508,0.05,groundplane,733.4915
0.3746,0.0762,0.05,groundplane,733.4910999999998
0.3746,0.1016,0.05,groundplane,733.4907
