x,y,z,mattype,Wm2Front
0.3746,4.439843e-17,0.05,groundplane,749.2042
0.3746,0.0254,0.05,groundplane,749.2043
0.3746,0.0508,0.05,groundplane,749.2039
0.3746,0.0762,0.05,groundplane,749.2035
0.3746,0.1016,0.05,groundplane,749.2031000000001
