x,y,z,rearMat,Wm2Back
0.780146,4.777017e-17,1.322875,sky,58.19099
0.5850545,3.582425e-17,1.366913,sky,58.19099
0.3899629,2.387834e-17,1.41095,sky,58.19099
0.1948714,1.193243e-17,1.454987,sky,58.19099
-0.0002201867,-1.348255e-20,1.499025,sky,58.19099
-0.1953117,-1.195939e-17,1.543062,sky,58.19099
-0.3904033,-2.390531e-17,1.587099,sky,58.19099
-0.5854948,-3.585122e-17,1.631137,sky,58.19099
-0.7805864,-4.779713e-17,1.675174,sky,58.19099
