x,y,z,mattype,Wm2Front
0.3746,4.595725e-17,0.05,groundplane,771.165
0.3746,0.0254,0.05,groundplane,771.1655999999999
0.3746,0.0508,0.05,groundplane,771.1652
0.3746,0.0762,0.05,groundplane,771.1648
0.3746,0.1016,0.05,groundplane,771.1644
