x,y,z,rearMat,Wm2Back
0.7182482,4.398002e-17,1.852307,sky,27.02405
0.5387965,3.299177e-17,1.764006,sky,27.02405
0.3593449,2.200353e-17,1.675705,sky,27.02405
0.1798932,1.101528e-17,1.587404,sky,27.02405
0.0004415059,2.703444e-20,1.499103,sky,27.02405
-0.1790102,-1.096121e-17,1.410802,sky,27.02405
-0.3584618,-2.194946e-17,1.3225,sky,27.02405
-0.5379135,-3.29377e-17,1.234199,sky,27.02405
-0.7173652,-4.392595e-17,1.145898,sky,27.02405
