x,y,z,rearMat,Wm2Back
0.79693,4.879789e-17,1.429975,sky,1.978834
0.5976759,3.65971e-17,1.447232,sky,1.978834
0.3984219,2.43963e-17,1.464489,sky,1.978834
0.1991678,1.219551e-17,1.481746,sky,1.978834
-8.628637e-05,-5.283516e-21,1.499004,sky,1.978834
-0.1993404,-1.220608e-17,1.516261,sky,1.978834
-0.3985944,-2.440687e-17,1.533518,sky,1.978834
-0.5978485,-3.660766e-17,1.550776,sky,1.978834
-0.7971026,-4.880846e-17,1.568033,sky,1.978834
