x,y,z,rearMat,Wm2Back
0.6915494,4.234519e-17,1.097806,sky,67.3009
0.5185367,3.175121e-17,1.198138,sky,67.3009
0.3455239,2.115724e-17,1.29847,sky,67.3009
0.1725111,1.056326e-17,1.398803,sky,67.3009
-0.0005016617,-3.071792e-20,1.499135,sky,67.3009
-0.1735144,-1.06247e-17,1.599467,sky,67.3009
-0.3465272,-2.121867e-17,1.6998,sky,67.3009
-0.51954,-3.181265e-17,1.800132,sky,67.3009
-0.6925528,-4.240663e-17,1.900464,sky,67.3009
