x,y,z,mattype,Wm2Front
0.3746,4.830702e-17,0.05,groundplane,54.84248
0.3746,0.0254,0.05,groundplane,54.841550000000005
0.3746,0.0508,0.05,groundplane,54.841550000000005
0.3746,0.0762,0.05,groundplane,54.841550000000005
0.3746,0.1016,0.05,groundplane,54.841550000000005
