x,y,z,rearMat,Wm2Back
0.7999389,4.898213e-17,1.490064,sky,0.5807113
0.5999514,3.673643e-17,1.492298,sky,0.5807113
0.3999639,2.449072e-17,1.494532,sky,0.5807113
0.1999764,1.224502e-17,1.496766,sky,0.5807113
-1.116987e-05,-6.839576e-22,1.499,sky,0.5807113
-0.1999987,-1.224639e-17,1.501234,sky,0.5807113
-0.3999862,-2.449209e-17,1.503468,sky,0.5807113
-0.5999737,-3.67378e-17,1.505702,sky,0.5807113
-0.7999613,-4.89835e-17,1.507936,sky,0.5807113
