x,y,z,rearMat,Wm2Back
0.7716525,4.725009e-17,1.711077,sky,14.08778
0.5788056,3.544162e-17,1.658067,sky,14.08778
0.3859588,2.363316e-17,1.605056,sky,14.08778
0.1931119,1.182469e-17,1.552046,sky,14.08778
0.0002650513,1.622971e-20,1.499036,sky,14.08778
-0.1925818,-1.179223e-17,1.446026,sky,14.08778
-0.3854287,-2.36007e-17,1.393015,sky,14.08778
-0.5782755,-3.540916e-17,1.340005,sky,14.08778
-0.7711224,-4.721763e-17,1.286995,sky,14.08778
