x,y,z,rearMat,Wm2Back
0.7492815,4.588026e-17,1.219682,sky,5.991437
0.5618738,3.440485e-17,1.289527,sky,5.991437
0.3744661,2.292944e-17,1.359372,sky,5.991437
0.1870585,1.145403e-17,1.429218,sky,5.991437
-0.0003492263,-2.138394e-20,1.499063,sky,5.991437
-0.1877569,-1.149679e-17,1.568908,sky,5.991437
-0.3751646,-2.297221e-17,1.638753,sky,5.991437
-0.5625723,-3.444762e-17,1.708599,sky,5.991437
-0.74998,-4.592303e-17,1.778444,sky,5.991437
