x,y,z,mattype,Wm2Front
1.5746,3.888361e-17,0.05,groundplane,179.3321
1.5746,0.0254,0.05,groundplane,179.3323
1.5746,0.0508,0.05,groundplane,179.332
1.5746,0.0762,0.05,groundplane,179.33180000000002
1.5746,0.1016,0.05,groundplane,179.3316
