x,y,z,rearMat,Wm2Back
0.7830899,4.795043e-17,1.336381,sky,11.14017
0.5872666,3.595971e-17,1.377041,sky,11.14017
0.3914433,2.396899e-17,1.417701,sky,11.14017
0.19562,1.197827e-17,1.458361,sky,11.14017
-0.0002033,-1.244853e-20,1.499021,sky,11.14017
-0.1960266,-1.200317e-17,1.539681,sky,11.14017
-0.3918499,-2.399389e-17,1.580341,sky,11.14017
-0.5876732,-3.598461e-17,1.621001,sky,11.14017
-0.7834965,-4.797532e-17,1.661661,sky,11.14017
