x,y,z,mattype,Wm2Front
1.5746,4.260919e-17,0.05,groundplane,725.6466
1.5746,0.0254,0.05,groundplane,725.6492
1.5746,0.0508,0.05,groundplane,725.6487000000001
1.5746,0.0762,0.05,groundplane,725.6484
1.5746,0.1016,0.05,groundplane,725.648
