x,y,z,rearMat,Wm2Back
0.7980794,4.886827e-17,1.44459,sky,1.8541110000000003
0.5985426,3.665016e-17,1.458193,sky,1.8541110000000003
0.3990057,2.443205e-17,1.471796,sky,1.8541110000000003
0.1994688,1.221394e-17,1.485399,sky,1.8541110000000003
-6.801529e-05,-4.164735e-21,1.499002,sky,1.8541110000000003
-0.1996049,-1.222227e-17,1.512605,sky,1.8541110000000003
-0.3991417,-2.444038e-17,1.526208,sky,1.8541110000000003
-0.5986786,-3.665849e-17,1.539811,sky,1.8541110000000003
-0.7982154,-4.88766e-17,1.553415,sky,1.8541110000000003
