x,y,z,rearMat,Wm2Back
0.7424341,4.546098e-17,1.797981,sky,108.37240000000001
0.556919,3.410145e-17,1.723254,sky,108.37240000000001
0.3714039,2.274193e-17,1.648527,sky,108.37240000000001
0.1858888,1.13824e-17,1.5738,sky,108.37240000000001
0.0003736354,2.287857e-20,1.499072,sky,108.37240000000001
-0.1851415,-1.133665e-17,1.424345,sky,108.37240000000001
-0.3706566,-2.269617e-17,1.349618,sky,108.37240000000001
-0.5561717,-3.40557e-17,1.274891,sky,108.37240000000001
-0.7416869,-4.541522e-17,1.200164,sky,108.37240000000001
