x,y,z,mattype,Wm2Front
0.3746,3.050247e-17,0.05,groundplane,98.70374
0.3746,0.0254,0.05,groundplane,98.70467000000001
0.3746,0.0508,0.05,groundplane,98.70466
0.3746,0.0762,0.05,groundplane,98.70464
0.3746,0.1016,0.05,groundplane,98.70461
