x,y,z,mattype,Wm2Front
1.5746,4.861888e-17,0.05,groundplane,887.0661999999999
1.5746,0.0254,0.05,groundplane,887.0668
1.5746,0.0508,0.05,groundplane,887.0664
1.5746,0.0762,0.05,groundplane,887.0660000000001
1.5746,0.1016,0.05,groundplane,887.0656
