x,y,z,rearMat,Wm2Back
0.62824,3.846861e-17,1.004707,sky,57.57334
0.4710255,2.884199e-17,1.128334,sky,57.57334
0.313811,1.921538e-17,1.25196,sky,57.57334
0.1565964,9.588764e-18,1.375587,sky,57.57334
-0.000618134,-3.784979e-20,1.499214,sky,57.57334
-0.1578327,-9.664464e-18,1.622841,sky,57.57334
-0.3150472,-1.929108e-17,1.746468,sky,57.57334
-0.4722618,-2.891769e-17,1.870094,sky,57.57334
-0.6294763,-3.854431e-17,1.993721,sky,57.57334
