x,y,z,mattype,Wm2Front
1.5746,4.721223e-17,0.05,groundplane,778.2368
1.5746,0.0254,0.05,groundplane,778.239
1.5746,0.0508,0.05,groundplane,778.2378
1.5746,0.0762,0.05,groundplane,778.2365999999998
1.5746,0.1016,0.05,groundplane,778.2354
