x,y,z,mattype,Wm2Front
1.5746,4.817652e-17,0.05,groundplane,430.90809999999993
1.5746,0.0254,0.05,groundplane,430.912
1.5746,0.0508,0.05,groundplane,430.91
1.5746,0.0762,0.05,groundplane,430.9078
1.5746,0.1016,0.05,groundplane,430.9058
