x,y,z,mattype,Wm2Front
1.5746,4.798698e-17,0.05,groundplane,910.1139
1.5746,0.0254,0.05,groundplane,910.1147
1.5746,0.0508,0.05,groundplane,910.1142999999998
1.5746,0.0762,0.05,groundplane,910.1138
1.5746,0.1016,0.05,groundplane,910.1133
