x,y,z,mattype,Wm2Front
1.5746,3.895636e-17,0.05,groundplane,434.567
1.5746,0.0254,0.05,groundplane,434.566
1.5746,0.0508,0.05,groundplane,434.5647000000001
1.5746,0.0762,0.05,groundplane,434.5635
1.5746,0.1016,0.05,groundplane,434.5623
