x,y,z,mattype,Wm2Front
0.3746,4.417884e-17,0.05,groundplane,175.7151
0.3746,0.0254,0.05,groundplane,175.7133
0.3746,0.0508,0.05,groundplane,175.7132
0.3746,0.0762,0.05,groundplane,175.7132
0.3746,0.1016,0.05,groundplane,175.71310000000003
