x,y,z,mattype,Wm2Front
1.5746,3.247255e-17,0.05,groundplane,497.9202
1.5746,0.0254,0.05,groundplane,497.91900000000004
1.5746,0.0508,0.05,groundplane,497.91889999999995
1.5746,0.0762,0.05,groundplane,497.9188
1.5746,0.1016,0.05,groundplane,497.9187
