x,y,z,mattype,Wm2Front
1.5746,3.718206e-17,0.05,groundplane,75.52026
1.5746,0.0254,0.05,groundplane,75.52357
1.5746,0.0508,0.05,groundplane,75.52343
1.5746,0.0762,0.05,groundplane,75.5233
1.5746,0.1016,0.05,groundplane,75.52316
