x,y,z,mattype,Wm2Front
0.3746,3.050247e-17,0.05,groundplane,402.3922
0.3746,0.0254,0.05,groundplane,402.40260000000006
0.3746,0.0508,0.05,groundplane,402.402
0.3746,0.0762,0.05,groundplane,402.4013
0.3746,0.1016,0.05,groundplane,402.4006
