x,y,z,rearMat,Wm2Back
0.7997878,4.897288e-17,1.481548,sky,9.784637
0.5998354,3.672933e-17,1.485911,sky,9.784637
0.399883,2.448577e-17,1.490274,sky,9.784637
0.1999306,1.224222e-17,1.494637,sky,9.784637
-2.181489e-05,-1.335776e-21,1.499,sky,9.784637
-0.1999742,-1.224489e-17,1.503363,sky,9.784637
-0.3999266,-2.448844e-17,1.507726,sky,9.784637
-0.599879,-3.6732e-17,1.512089,sky,9.784637
-0.7998314,-4.897555e-17,1.516452,sky,9.784637
