x,y,z,rearMat,Wm2Back
0.7788586,4.769133e-17,1.317297,sky,125.6229
0.5840871,3.576502e-17,1.362729,sky,125.6229
0.3893157,2.383871e-17,1.408162,sky,125.6229
0.1945443,1.19124e-17,1.453594,sky,125.6229
-0.0002271612,-1.390961e-20,1.499026,sky,125.6229
-0.1949986,-1.194022e-17,1.544458,sky,125.6229
-0.38977,-2.386653e-17,1.589891,sky,125.6229
-0.5845415,-3.579284e-17,1.635323,sky,125.6229
-0.7793129,-4.771915e-17,1.680755,sky,125.6229
