x,y,z,rearMat,Wm2Back
0.5538321,3.391243e-17,2.077296,sky,45.47993
0.4155547,2.544538e-17,1.932799,sky,45.47993
0.2772773,1.697834e-17,1.788302,sky,45.47993
0.1389999,8.511288e-18,1.643806,sky,45.47993
0.0007224846,4.423943e-20,1.499309,sky,45.47993
-0.1375549,-8.422809e-18,1.354812,sky,45.47993
-0.2758323,-1.688986e-17,1.210315,sky,45.47993
-0.4141097,-2.535691e-17,1.065818,sky,45.47993
-0.5523871,-3.382395e-17,0.9213209,sky,45.47993
