x,y,z,mattype,Wm2Front
1.5746,3.829861e-17,0.05,groundplane,393.7473
1.5746,0.0254,0.05,groundplane,393.74680000000006
1.5746,0.0508,0.05,groundplane,393.7454
1.5746,0.0762,0.05,groundplane,393.74399999999997
1.5746,0.1016,0.05,groundplane,393.7426
