x,y,z,rearMat,Wm2Back
0.6801472,4.164701e-17,1.92119,sky,12.13573
0.5102423,3.124333e-17,1.81568,sky,12.13573
0.3403374,2.083965e-17,1.71017,sky,12.13573
0.1704325,1.043598e-17,1.60466,sky,12.13573
0.000527549,3.230306e-20,1.49915,sky,12.13573
-0.1693774,-1.037137e-17,1.393641,sky,12.13573
-0.3392823,-2.077505e-17,1.288131,sky,12.13573
-0.5091872,-3.117872e-17,1.182621,sky,12.13573
-0.6790921,-4.15824e-17,1.077111,sky,12.13573
