x,y,z,mattype,Wm2Front
0.3746,4.877416e-17,0.05,groundplane,33.45864
0.3746,0.0254,0.05,groundplane,33.45812
0.3746,0.0508,0.05,groundplane,33.45812
0.3746,0.0762,0.05,groundplane,33.45811
0.3746,0.1016,0.05,groundplane,33.45811
