x,y,z,rearMat,Wm2Back
0.6067663,3.715372e-17,0.9786214,sky,104.154
0.454912,2.785533e-17,1.108776,sky,104.154
0.3030577,1.855694e-17,1.238931,sky,104.154
0.1512035,9.258543e-18,1.369086,sky,104.154
-0.0006507742,-3.984843e-20,1.499241,sky,104.154
-0.152505,-9.33824e-18,1.629396,sky,104.154
-0.3043593,-1.863663e-17,1.75955,sky,104.154
-0.4562136,-2.793502e-17,1.889705,sky,104.154
-0.6080678,-3.723342e-17,2.01986,sky,104.154
