x,y,z,rearMat,Wm2Back
0.7900162,4.837454e-17,1.374003,sky,4.314566
0.5924731,3.627852e-17,1.405255,sky,4.314566
0.39493,2.418249e-17,1.436507,sky,4.314566
0.1973869,1.208646e-17,1.46776,sky,4.314566
-0.0001562621,-9.568293e-21,1.499012,sky,4.314566
-0.1976994,-1.21056e-17,1.530265,sky,4.314566
-0.3952425,-2.420162e-17,1.561517,sky,4.314566
-0.5927856,-3.629765e-17,1.59277,sky,4.314566
-0.7903288,-4.839368e-17,1.624022,sky,4.314566
