x,y,z,mattype,Wm2Front
1.5746,3.050247e-17,0.05,groundplane,99.14068000000002
1.5746,0.0254,0.05,groundplane,99.14133
1.5746,0.0508,0.05,groundplane,99.14128999999998
1.5746,0.0762,0.05,groundplane,99.14124
1.5746,0.1016,0.05,groundplane,99.14119
