x,y,z,rearMat,Wm2Back
0.6397618,3.917411e-17,1.980318,sky,24.21238
0.4799717,2.938979e-17,1.860039,sky,24.21238
0.3201816,1.960547e-17,1.73976,sky,24.21238
0.1603915,9.821147e-18,1.61948,sky,24.21238
0.0006013968,3.682493e-20,1.499201,sky,24.21238
-0.1591887,-9.747497e-18,1.378922,sky,24.21238
-0.3189788,-1.953182e-17,1.258642,sky,24.21238
-0.4787689,-2.931614e-17,1.138363,sky,24.21238
-0.638559,-3.910046e-17,1.018084,sky,24.21238
