x,y,z,mattype,Wm2Front
1.5746,3.050247e-17,0.05,groundplane,410.20689999999996
1.5746,0.0254,0.05,groundplane,410.2099
1.5746,0.0508,0.05,groundplane,410.20970000000005
1.5746,0.0762,0.05,groundplane,410.20959999999997
1.5746,0.1016,0.05,groundplane,410.2095
