x,y,z,rearMat,Wm2Back
0.7621791,4.667001e-17,1.743072,sky,8.367453
0.5717106,3.500718e-17,1.682066,sky,8.367453
0.3812421,2.334434e-17,1.62106,sky,8.367453
0.1907735,1.168151e-17,1.560054,sky,8.367453
0.0003050305,1.867773e-20,1.499048,sky,8.367453
-0.1901635,-1.164416e-17,1.438042,sky,8.367453
-0.380632,-2.330699e-17,1.377035,sky,8.367453
-0.5711005,-3.496982e-17,1.316029,sky,8.367453
-0.761569,-4.663265e-17,1.255023,sky,8.367453
