x,y,z,mattype,Wm2Front
0.3746,4.849486e-17,0.05,groundplane,33.44456
0.3746,0.0254,0.05,groundplane,33.44388
0.3746,0.0508,0.05,groundplane,33.44387
0.3746,0.0762,0.05,groundplane,33.44385
0.3746,0.1016,0.05,groundplane,33.44384
