x,y,z,mattype,Wm2Front
0.3746,4.543253e-17,0.05,groundplane,234.25110000000004
0.3746,0.0254,0.05,groundplane,234.2517
0.3746,0.0508,0.05,groundplane,234.2512
0.3746,0.0762,0.05,groundplane,234.2508
0.3746,0.1016,0.05,groundplane,234.2503
