x,y,z,mattype,Wm2Front
1.5746,4.121152e-17,0.05,groundplane,709.1171
1.5746,0.0254,0.05,groundplane,709.1259999999999
1.5746,0.0508,0.05,groundplane,709.1241
1.5746,0.0762,0.05,groundplane,709.1223999999999
1.5746,0.1016,0.05,groundplane,709.1205999999999
