x,y,z,mattype,Wm2Front
1.5746,4.075205e-17,0.05,groundplane,441.1985
1.5746,0.0254,0.05,groundplane,441.2076
1.5746,0.0508,0.05,groundplane,441.2058
1.5746,0.0762,0.05,groundplane,441.2041
1.5746,0.1016,0.05,groundplane,441.20239999999995
