x,y,z,mattype,Wm2Front
1.5746,4.898756e-17,0.05,groundplane,847.9577
1.5746,0.0254,0.05,groundplane,847.9586
1.5746,0.0508,0.05,groundplane,847.958
1.5746,0.0762,0.05,groundplane,847.9573999999999
1.5746,0.1016,0.05,groundplane,847.9567000000001
