x,y,z,mattype,Wm2Front
0.3746,4.515934e-17,0.05,groundplane,55.36745
0.3746,0.0254,0.05,groundplane,55.36776
0.3746,0.0508,0.05,groundplane,55.36773
0.3746,0.0762,0.05,groundplane,55.36771000000001
0.3746,0.1016,0.05,groundplane,55.36769
