x,y,z,rearMat,Wm2Back
0.5753596,3.523061e-17,0.9441562,sky,70.21262
0.4313462,2.641234e-17,1.082937,sky,70.21262
0.2873328,1.759406e-17,1.221718,sky,70.21262
0.1433195,8.775786e-18,1.360499,sky,70.21262
-0.0006939047,-4.248941e-20,1.49928,sky,70.21262
-0.1447073,-8.860765e-18,1.638061,sky,70.21262
-0.2887206,-1.767904e-17,1.776842,sky,70.21262
-0.432734,-2.649732e-17,1.915623,sky,70.21262
-0.5767474,-3.531559e-17,2.054404,sky,70.21262
