x,y,z,mattype,Wm2Front
0.3746,4.85931e-17,0.05,groundplane,43.02884
0.3746,0.0254,0.05,groundplane,43.029680000000006
0.3746,0.0508,0.05,groundplane,43.029689999999995
0.3746,0.0762,0.05,groundplane,43.0297
0.3746,0.1016,0.05,groundplane,43.02971
