x,y,z,rearMat,Wm2Back
0.62003,3.796589e-17,0.9944668,sky,19.7979
0.4648648,2.846476e-17,1.120656,sky,19.7979
0.3096995,1.896363e-17,1.246846,sky,19.7979
0.1545343,9.462497e-18,1.373035,sky,19.7979
-0.0006309467,-3.863434e-20,1.499224,sky,19.7979
-0.1557962,-9.539765e-18,1.625414,sky,19.7979
-0.3109614,-1.90409e-17,1.751603,sky,19.7979
-0.4661267,-2.854203e-17,1.877792,sky,19.7979
-0.6212919,-3.804316e-17,2.003982,sky,19.7979
