x,y,z,mattype,Wm2Front
1.5746,4.900244e-17,0.05,groundplane,5.741243999999999
1.5746,0.0254,0.05,groundplane,5.741088
1.5746,0.0508,0.05,groundplane,5.741087
1.5746,0.0762,0.05,groundplane,5.741086
1.5746,0.1016,0.05,groundplane,5.741085000000001
