x,y,z,mattype,Wm2Front
1.5746,3.247255e-17,0.05,groundplane,425.13280000000003
1.5746,0.0254,0.05,groundplane,425.1317000000001
1.5746,0.0508,0.05,groundplane,425.1316
1.5746,0.0762,0.05,groundplane,425.1314
1.5746,0.1016,0.05,groundplane,425.1313
