x,y,z,rearMat,Wm2Back
0.7380223,4.519083e-17,1.191254,sky,12.93876
0.5534205,3.388723e-17,1.26821,sky,12.93876
0.3688188,2.258364e-17,1.345166,sky,12.93876
0.184217,1.128004e-17,1.422121,sky,12.93876
-0.0003847787,-2.35609e-20,1.499077,sky,12.93876
-0.1849866,-1.132716e-17,1.576033,sky,12.93876
-0.3695883,-2.263076e-17,1.652988,sky,12.93876
-0.5541901,-3.393436e-17,1.729944,sky,12.93876
-0.7387919,-4.523796e-17,1.8069,sky,12.93876
