x,y,z,rearMat,Wm2Back
0.6623578,4.055772e-17,1.051354,sky,20.86432
0.4966284,3.040972e-17,1.163308,sky,20.86432
0.330899,2.026172e-17,1.275263,sky,20.86432
0.1651696,1.011372e-17,1.387217,sky,20.86432
-0.0005597715,-3.427612e-20,1.499171,sky,20.86432
-0.1662892,-1.018227e-17,1.611126,sky,20.86432
-0.3320186,-2.033027e-17,1.72308,sky,20.86432
-0.497748,-3.047827e-17,1.835034,sky,20.86432
-0.6634774,-4.062627e-17,1.946989,sky,20.86432
