x,y,z,mattype,Wm2Front
1.5746,3.247255e-17,0.05,groundplane,248.02560000000003
1.5746,0.0254,0.05,groundplane,248.0235
1.5746,0.0508,0.05,groundplane,248.02329999999998
1.5746,0.0762,0.05,groundplane,248.0231
1.5746,0.1016,0.05,groundplane,248.02290000000002
