x,y,z,rearMat,Wm2Back
0.6176409,3.78196e-17,0.9915506,sky,18.27053
0.463072,2.835498e-17,1.11847,sky,18.27053
0.3085031,1.889037e-17,1.245389,sky,18.27053
0.1539343,9.425756e-18,1.372308,sky,18.27053
-0.0006345956,-3.885778e-20,1.499227,sky,18.27053
-0.1552035,-9.503471e-18,1.626146,sky,18.27053
-0.3097723,-1.896808e-17,1.753065,sky,18.27053
-0.4643412,-2.84327e-17,1.879985,sky,18.27053
-0.6189101,-3.789731e-17,2.006904,sky,18.27053
