x,y,z,mattype,Wm2Front
1.5746,4.300049e-17,0.05,groundplane,218.8423
1.5746,0.0254,0.05,groundplane,218.8423
1.5746,0.0508,0.05,groundplane,218.84219999999996
1.5746,0.0762,0.05,groundplane,218.842
1.5746,0.1016,0.05,groundplane,218.8419
