x,y,z,rearMat,Wm2Back
0.5416206,3.31647e-17,2.088768,sky,26.565829999999995
0.4063997,2.48848e-17,1.941407,sky,26.565829999999995
0.2711787,1.660491e-17,1.794046,sky,26.565829999999995
0.1359578,8.325012e-18,1.646685,sky,26.565829999999995
0.0007368055,4.511633e-20,1.499324,sky,26.565829999999995
-0.1344841,-8.234779e-18,1.351963,sky,26.565829999999995
-0.2697051,-1.651467e-17,1.204602,sky,26.565829999999995
-0.4049261,-2.479457e-17,1.057241,sky,26.565829999999995
-0.540147,-3.307446e-17,0.9098795,sky,26.565829999999995
