x,y,z,mattype,Wm2Front
0.3746,4.314026e-17,0.05,groundplane,823.4892
0.3746,0.0254,0.05,groundplane,823.4909000000001
0.3746,0.0508,0.05,groundplane,823.4905
0.3746,0.0762,0.05,groundplane,823.4901
0.3746,0.1016,0.05,groundplane,823.4897
