x,y,z,rearMat,Wm2Back
0.5383239,3.296283e-17,2.091784,sky,76.64747
0.4039281,2.473346e-17,1.94367,sky,76.64747
0.2695322,1.650409e-17,1.795556,sky,76.64747
0.1351364,8.274718e-18,1.647442,sky,76.64747
0.0007405701,4.534684e-20,1.499328,sky,76.64747
-0.1336553,-8.184024e-18,1.351214,sky,76.64747
-0.2680511,-1.64134e-17,1.2031,sky,76.64747
-0.4024469,-2.464277e-17,1.054986,sky,76.64747
-0.5368427,-3.287214e-17,0.906872,sky,76.64747
