x,y,z,mattype,Wm2Front
1.5746,4.883752e-17,0.05,groundplane,739.5261
1.5746,0.0254,0.05,groundplane,739.5273000000001
1.5746,0.0508,0.05,groundplane,739.5269
1.5746,0.0762,0.05,groundplane,739.5265
1.5746,0.1016,0.05,groundplane,739.5261
