x,y,z,rearMat,Wm2Back
0.7724092,4.729642e-17,1.291709,sky,12.280319999999998
0.5792421,3.546835e-17,1.34354,sky,12.280319999999998
0.386075,2.364028e-17,1.395372,sky,12.280319999999998
0.1929079,1.18122e-17,1.447203,sky,12.280319999999998
-0.0002591562,-1.586874e-20,1.499034,sky,12.280319999999998
-0.1934262,-1.184394e-17,1.550865,sky,12.280319999999998
-0.3865933,-2.367201e-17,1.602697,sky,12.280319999999998
-0.5797604,-3.550009e-17,1.654528,sky,12.280319999999998
-0.7729275,-4.732816e-17,1.706359,sky,12.280319999999998
