x,y,z,rearMat,Wm2Back
0.6985535,4.277406e-17,1.889903,sky,51.22929
0.5240372,3.208803e-17,1.792209,sky,51.22929
0.349521,2.140199e-17,1.694515,sky,51.22929
0.1750047,1.071595e-17,1.596821,sky,51.22929
0.000488469,2.99101e-20,1.499127,sky,51.22929
-0.1740278,-1.065613e-17,1.401434,sky,51.22929
-0.348544,-2.134217e-17,1.30374,sky,51.22929
-0.5230603,-3.202821e-17,1.206046,sky,51.22929
-0.6975766,-4.271424e-17,1.108352,sky,51.22929
