x,y,z,mattype,Wm2Front
1.5746,3.765548e-17,0.05,groundplane,731.4703
1.5746,0.0254,0.05,groundplane,731.4679
1.5746,0.0508,0.05,groundplane,731.4674
1.5746,0.0762,0.05,groundplane,731.4669
1.5746,0.1016,0.05,groundplane,731.4663999999999
