x,y,z,rearMat,Wm2Back
0.7346561,4.498471e-17,1.816672,sky,8.532105
0.5510913,3.374461e-17,1.737275,sky,8.532105
0.3675266,2.250451e-17,1.657877,sky,8.532105
0.1839618,1.126441e-17,1.57848,sky,8.532105
0.0003969877,2.430849e-20,1.499082,sky,8.532105
-0.1831678,-1.121579e-17,1.419685,sky,8.532105
-0.3667326,-2.245589e-17,1.340287,sky,8.532105
-0.5502974,-3.3696e-17,1.26089,sky,8.532105
-0.7338622,-4.49361e-17,1.181492,sky,8.532105
