x,y,z,mattype,Wm2Front
1.5746,4.897026e-17,0.05,groundplane,885.7052
1.5746,0.0254,0.05,groundplane,885.7062
1.5746,0.0508,0.05,groundplane,885.7055999999999
1.5746,0.0762,0.05,groundplane,885.705
1.5746,0.1016,0.05,groundplane,885.7044
