x,y,z,rearMat,Wm2Back
0.5228255,3.201383e-17,0.8944799,sky,31.62591
0.3919301,2.39988e-17,1.045696,sky,31.62591
0.2610347,1.598376e-17,1.196913,sky,31.62591
0.1301393,7.968734e-18,1.348129,sky,31.62591
-0.000756082,-4.629667e-20,1.499346,sky,31.62591
-0.1316515,-8.061327e-18,1.650562,sky,31.62591
-0.2625469,-1.607636e-17,1.801778,sky,31.62591
-0.3934422,-2.409139e-17,1.952995,sky,31.62591
-0.5243376,-3.210642e-17,2.104211,sky,31.62591
