x,y,z,mattype,Wm2Front
0.3746,3.050247e-17,0.05,groundplane,483.7979
0.3746,0.0254,0.05,groundplane,483.8
0.3746,0.0508,0.05,groundplane,483.7998
0.3746,0.0762,0.05,groundplane,483.7996
0.3746,0.1016,0.05,groundplane,483.79940000000005
