x,y,z,rearMat,Wm2Back
0.6361963,3.895579e-17,1.014969,sky,27.974229999999995
0.4769959,2.920758e-17,1.136028,sky,27.974229999999995
0.3177955,1.945936e-17,1.257086,sky,27.974229999999995
0.1585951,9.711149e-18,1.378145,sky,27.974229999999995
-0.000605294,-3.706357e-20,1.499204,sky,27.974229999999995
-0.1598057,-9.785277e-18,1.620263,sky,27.974229999999995
-0.3190061,-1.953349e-17,1.741322,sky,27.974229999999995
-0.4782065,-2.92817e-17,1.86238,sky,27.974229999999995
-0.6374069,-3.902992e-17,1.983439,sky,27.974229999999995
