x,y,z,rearMat,Wm2Back
0.7998107,4.897428e-17,1.517429,sky,2.355813
0.5998638,3.673106e-17,1.512822,sky,2.355813
0.3999169,2.448785e-17,1.508215,sky,2.355813
0.19997,1.224463e-17,1.503608,sky,2.355813
2.303631e-05,1.410567e-21,1.499,sky,2.355813
-0.1999239,-1.224181e-17,1.494393,sky,2.355813
-0.3998708,-2.448503e-17,1.489786,sky,2.355813
-0.5998177,-3.672824e-17,1.485178,sky,2.355813
-0.7997647,-4.897146e-17,1.480571,sky,2.355813
