x,y,z,rearMat,Wm2Back
0.7588294,4.64649e-17,1.246664,sky,5.657877
0.5690432,3.484384e-17,1.309761,sky,5.657877
0.379257,2.322279e-17,1.372858,sky,5.657877
0.1894707,1.160174e-17,1.435954,sky,5.657877
-0.0003154834,-1.931779e-20,1.499051,sky,5.657877
-0.1901017,-1.164037e-17,1.562148,sky,5.657877
-0.3798879,-2.326143e-17,1.625244,sky,5.657877
-0.5696741,-3.488248e-17,1.688341,sky,5.657877
-0.7594604,-4.650353e-17,1.751438,sky,5.657877
