x,y,z,rearMat,Wm2Back
0.7354277,4.503196e-17,1.814876,sky,38.69432
0.5516695,3.378001e-17,1.735928,sky,38.69432
0.3679112,2.252807e-17,1.656979,sky,38.69432
0.184153,1.127612e-17,1.57803,sky,38.69432
0.0003947439,2.417109e-20,1.499081,sky,38.69432
-0.1833635,-1.122778e-17,1.420132,sky,38.69432
-0.3671217,-2.247972e-17,1.341184,sky,38.69432
-0.55088,-3.373167e-17,1.262235,sky,38.69432
-0.7346382,-4.498362e-17,1.183286,sky,38.69432
