x,y,z,rearMat,Wm2Back
0.7561953,4.63036e-17,1.761093,sky,6.706975
0.5672283,3.473272e-17,1.695584,sky,6.706975
0.3782614,2.316183e-17,1.630074,sky,6.706975
0.1892945,1.159094e-17,1.564565,sky,6.706975
0.0003275477,2.005651e-20,1.499055,sky,6.706975
-0.1886394,-1.155083e-17,1.433546,sky,6.706975
-0.3776063,-2.312172e-17,1.368036,sky,6.706975
-0.5665732,-3.46926e-17,1.302527,sky,6.706975
-0.7555402,-4.626349e-17,1.237017,sky,6.706975
