x,y,z,mattype,Wm2Front
1.5746,4.861916e-17,0.05,groundplane,868.3246
1.5746,0.0254,0.05,groundplane,868.3259000000002
1.5746,0.0508,0.05,groundplane,868.3253
1.5746,0.0762,0.05,groundplane,868.3248
1.5746,0.1016,0.05,groundplane,868.3242999999999
