x,y,z,mattype,Wm2Front
0.3746,4.823941e-17,0.05,groundplane,700.8641000000001
0.3746,0.0254,0.05,groundplane,700.8649
0.3746,0.0508,0.05,groundplane,700.8645
0.3746,0.0762,0.05,groundplane,700.8642
0.3746,0.1016,0.05,groundplane,700.8638
