x,y,z,mattype,Wm2Front
1.5746,4.596615e-17,0.05,groundplane,789.5049
1.5746,0.0254,0.05,groundplane,789.5051
1.5746,0.0508,0.05,groundplane,789.5048
1.5746,0.0762,0.05,groundplane,789.5044000000001
1.5746,0.1016,0.05,groundplane,789.504
