x,y,z,rearMat,Wm2Back
0.7130061,4.365903e-17,1.862799,sky,53.56683
0.5348682,3.275123e-17,1.771877,sky,53.56683
0.3567304,2.184343e-17,1.680954,sky,53.56683
0.1785925,1.093564e-17,1.590032,sky,53.56683
0.0004546124,2.783698e-20,1.499109,sky,53.56683
-0.1776833,-1.087996e-17,1.408187,sky,53.56683
-0.3558211,-2.178776e-17,1.317264,sky,53.56683
-0.533959,-3.269556e-17,1.226342,sky,53.56683
-0.7120969,-4.360336e-17,1.135419,sky,53.56683
