x,y,z,mattype,Wm2Front
0.3746,4.895954e-17,0.05,groundplane,16.40557
0.3746,0.0254,0.05,groundplane,16.40507
0.3746,0.0508,0.05,groundplane,16.40508
0.3746,0.0762,0.05,groundplane,16.40509
0.3746,0.1016,0.05,groundplane,16.40509
