x,y,z,mattype,Wm2Front
0.3746,4.421208e-17,0.05,groundplane,700.9496
0.3746,0.0254,0.05,groundplane,700.9499
0.3746,0.0508,0.05,groundplane,700.9495000000001
0.3746,0.0762,0.05,groundplane,700.9492
0.3746,0.1016,0.05,groundplane,700.9488
