x,y,z,mattype,Wm2Front
1.5746,3.247255e-17,0.05,groundplane,416.4726
1.5746,0.0254,0.05,groundplane,416.4714000000001
1.5746,0.0508,0.05,groundplane,416.4714000000001
1.5746,0.0762,0.05,groundplane,416.4713
1.5746,0.1016,0.05,groundplane,416.4713
