x,y,z,mattype,Wm2Front
0.3746,4.879353e-17,0.05,groundplane,29.603760000000005
0.3746,0.0254,0.05,groundplane,29.60332
0.3746,0.0508,0.05,groundplane,29.603310000000004
0.3746,0.0762,0.05,groundplane,29.60329
0.3746,0.1016,0.05,groundplane,29.60327
