x,y,z,mattype,Wm2Front
0.3746,4.317267e-17,0.05,groundplane,742.9074999999999
0.3746,0.0254,0.05,groundplane,742.91
0.3746,0.0508,0.05,groundplane,742.9095000000001
0.3746,0.0762,0.05,groundplane,742.9089
0.3746,0.1016,0.05,groundplane,742.9083999999999
