x,y,z,mattype,Wm2Front
0.3746,4.244888e-17,0.05,groundplane,493.0533
0.3746,0.0254,0.05,groundplane,493.061
0.3746,0.0508,0.05,groundplane,493.05930000000006
0.3746,0.0762,0.05,groundplane,493.05750000000006
0.3746,0.1016,0.05,groundplane,493.05570000000006
