x,y,z,mattype,Wm2Front
1.5746,3.247255e-17,0.05,groundplane,467.80199999999996
1.5746,0.0254,0.05,groundplane,467.8004
1.5746,0.0508,0.05,groundplane,467.80030000000005
1.5746,0.0762,0.05,groundplane,467.80030000000005
1.5746,0.1016,0.05,groundplane,467.80019999999996
