x,y,z,rearMat,Wm2Back
0.7607233,4.658087e-17,1.747591,sky,24.08837
0.5706201,3.49404e-17,1.685455,sky,24.08837
0.380517,2.329994e-17,1.62332,sky,24.08837
0.1904138,1.165948e-17,1.561185,sky,24.08837
0.0003106764,1.902344e-20,1.499049,sky,24.08837
-0.1897925,-1.162144e-17,1.436914,sky,24.08837
-0.3798956,-2.32619e-17,1.374779,sky,24.08837
-0.5699988,-3.490236e-17,1.312644,sky,24.08837
-0.7601019,-4.654282e-17,1.250508,sky,24.08837
