x,y,z,mattype,Wm2Front
1.5746,4.83284e-17,0.05,groundplane,49.36771000000001
1.5746,0.0254,0.05,groundplane,49.36661999999999
1.5746,0.0508,0.05,groundplane,49.36664
1.5746,0.0762,0.05,groundplane,49.36666
1.5746,0.1016,0.05,groundplane,49.36668
