x,y,z,mattype,Wm2Front
1.5746,3.595691e-17,0.05,groundplane,797.9584
1.5746,0.0254,0.05,groundplane,797.9554000000002
1.5746,0.0508,0.05,groundplane,797.9548
1.5746,0.0762,0.05,groundplane,797.9542
1.5746,0.1016,0.05,groundplane,797.9536000000002
