x,y,z,mattype,Wm2Front
1.5746,3.247255e-17,0.05,groundplane,406.78309999999993
1.5746,0.0254,0.05,groundplane,406.7827
1.5746,0.0508,0.05,groundplane,406.7825
1.5746,0.0762,0.05,groundplane,406.7824
1.5746,0.1016,0.05,groundplane,406.78219999999993
