x,y,z,mattype,Wm2Front
1.5746,4.240494e-17,0.05,groundplane,83.8047
1.5746,0.0254,0.05,groundplane,83.80429
1.5746,0.0508,0.05,groundplane,83.80426
1.5746,0.0762,0.05,groundplane,83.80421
1.5746,0.1016,0.05,groundplane,83.80418
