x,y,z,mattype,Wm2Front
1.5746,3.247255e-17,0.05,groundplane,87.73524000000002
1.5746,0.0254,0.05,groundplane,87.73467999999998
1.5746,0.0508,0.05,groundplane,87.73433
1.5746,0.0762,0.05,groundplane,87.73398000000002
1.5746,0.1016,0.05,groundplane,87.73363
