x,y,z,mattype,Wm2Front
1.5746,4.749996e-17,0.05,groundplane,98.57132
1.5746,0.0254,0.05,groundplane,98.56991999999998
1.5746,0.0508,0.05,groundplane,98.56993
1.5746,0.0762,0.05,groundplane,98.56995
1.5746,0.1016,0.05,groundplane,98.56995
