x,y,z,rearMat,Wm2Back
0.7830134,4.794574e-17,1.663985,sky,11.925000000000002
0.5873116,3.596246e-17,1.622744,sky,11.925000000000002
0.3916098,2.397918e-17,1.581503,sky,11.925000000000002
0.195908,1.199591e-17,1.540262,sky,11.925000000000002
0.0002062042,1.262636e-20,1.499021,sky,11.925000000000002
-0.1954956,-1.197065e-17,1.457781,sky,11.925000000000002
-0.3911974,-2.395393e-17,1.41654,sky,11.925000000000002
-0.5868992,-3.593721e-17,1.375299,sky,11.925000000000002
-0.782601,-4.792049e-17,1.334058,sky,11.925000000000002
