x,y,z,mattype,Wm2Front
1.5746,3.247255e-17,0.05,groundplane,426.9265
1.5746,0.0254,0.05,groundplane,426.9256
1.5746,0.0508,0.05,groundplane,426.9254
1.5746,0.0762,0.05,groundplane,426.92530000000005
1.5746,0.1016,0.05,groundplane,426.9251
