x,y,z,mattype,Wm2Front
0.3746,3.409324e-17,0.05,groundplane,462.844
0.3746,0.0254,0.05,groundplane,462.848
0.3746,0.0508,0.05,groundplane,462.8473000000001
0.3746,0.0762,0.05,groundplane,462.8466
0.3746,0.1016,0.05,groundplane,462.846
