x,y,z,mattype,Wm2Front
1.5746,4.197548e-17,0.05,groundplane,700.3649
1.5746,0.0254,0.05,groundplane,700.3705
1.5746,0.0508,0.05,groundplane,700.3695000000001
1.5746,0.0762,0.05,groundplane,700.3685
1.5746,0.1016,0.05,groundplane,700.3676
