x,y,z,rearMat,Wm2Back
0.7247611,4.437882e-17,1.838707,sky,16.89663
0.5436769,3.329061e-17,1.753804,sky,16.89663
0.3625928,2.22024e-17,1.668901,sky,16.89663
0.1815086,1.11142e-17,1.583998,sky,16.89663
0.0004245155,2.599408e-20,1.499095,sky,16.89663
-0.1806596,-1.106221e-17,1.414191,sky,16.89663
-0.3617438,-2.215042e-17,1.329288,sky,16.89663
-0.5428279,-3.323862e-17,1.244385,sky,16.89663
-0.723912,-4.432683e-17,1.159482,sky,16.89663
