x,y,z,rearMat,Wm2Back
0.7811833,4.783368e-17,1.327508,sky,14.250480000000001
0.5858339,3.587198e-17,1.370387,sky,14.250480000000001
0.3904845,2.391028e-17,1.413265,sky,14.250480000000001
0.195135,1.194858e-17,1.456144,sky,14.250480000000001
-0.0002143944,-1.312787e-20,1.499023,sky,14.250480000000001
-0.1955638,-1.197483e-17,1.541902,sky,14.250480000000001
-0.3909133,-2.393653e-17,1.584781,sky,14.250480000000001
-0.5862627,-3.589824e-17,1.62766,sky,14.250480000000001
-0.7816121,-4.785994e-17,1.670539,sky,14.250480000000001
