x,y,z,mattype,Wm2Front
0.3746,3.909738e-17,0.05,groundplane,691.6263
0.3746,0.0254,0.05,groundplane,691.6292
0.3746,0.0508,0.05,groundplane,691.6286999999999
0.3746,0.0762,0.05,groundplane,691.6282
0.3746,0.1016,0.05,groundplane,691.6277
