x,y,z,rearMat,Wm2Back
0.7994172,4.895018e-17,1.530548,sky,5.522334
0.5995727,3.671324e-17,1.522661,sky,5.522334
0.3997283,2.44763e-17,1.514774,sky,5.522334
0.1998839,1.223936e-17,1.506888,sky,5.522334
3.943421e-05,2.414649e-21,1.499001,sky,5.522334
-0.199805,-1.223453e-17,1.491114,sky,5.522334
-0.3996494,-2.447147e-17,1.483227,sky,5.522334
-0.5994939,-3.670841e-17,1.47534,sky,5.522334
-0.7993383,-4.894535e-17,1.467453,sky,5.522334
