x,y,z,rearMat,Wm2Back
0.7036637,4.308698e-17,1.880603,sky,26.08669
0.527867,3.232253e-17,1.785232,sky,26.08669
0.3520703,2.155809e-17,1.689862,sky,26.08669
0.1762736,1.079364e-17,1.594491,sky,26.08669
0.000476852,2.919876e-20,1.499121,sky,26.08669
-0.1753199,-1.073525e-17,1.403751,sky,26.08669
-0.3511166,-2.149969e-17,1.30838,sky,26.08669
-0.5269133,-3.226414e-17,1.21301,sky,26.08669
-0.70271,-4.302858e-17,1.117639,sky,26.08669
