x,y,z,mattype,Wm2Front
0.3746,3.686683e-17,0.05,groundplane,711.879
0.3746,0.0254,0.05,groundplane,711.8783
0.3746,0.0508,0.05,groundplane,711.8777999999999
0.3746,0.0762,0.05,groundplane,711.8773
0.3746,0.1016,0.05,groundplane,711.8768
