x,y,z,mattype,Wm2Front
0.3746,3.247255e-17,0.05,groundplane,406.0655
0.3746,0.0254,0.05,groundplane,406.064
0.3746,0.0508,0.05,groundplane,406.06389999999993
0.3746,0.0762,0.05,groundplane,406.06389999999993
0.3746,0.1016,0.05,groundplane,406.06380000000007
