x,y,z,rearMat,Wm2Back
0.6572256,4.024346e-17,1.043869,sky,44.95767
0.4927769,3.017388e-17,1.157696,sky,44.95767
0.3283282,2.010431e-17,1.271523,sky,44.95767
0.1638795,1.003473e-17,1.385351,sky,44.95767
-0.000569136,-3.484953e-20,1.499178,sky,44.95767
-0.1650178,-1.010443e-17,1.613005,sky,44.95767
-0.3294665,-2.0174e-17,1.726832,sky,44.95767
-0.4939152,-3.024358e-17,1.840659,sky,44.95767
-0.6583638,-4.031316e-17,1.954487,sky,44.95767
