x,y,z,rearMat,Wm2Back
0.5295903,3.242806e-17,2.099612,sky,50.53274
0.3973803,2.433253e-17,1.949544,sky,50.53274
0.2651703,1.6237e-17,1.799476,sky,50.53274
0.1329603,8.141473e-18,1.649407,sky,50.53274
0.0007503419,4.594519e-20,1.499339,sky,50.53274
-0.1314597,-8.049582e-18,1.349271,sky,50.53274
-0.2636697,-1.614511e-17,1.199202,sky,50.53274
-0.3958797,-2.424064e-17,1.049134,sky,50.53274
-0.5280896,-3.233616e-17,0.8990655,sky,50.53274
