x,y,z,rearMat,Wm2Back
0.5798036,3.550273e-17,0.9487933,sky,29.551290000000005
0.4346807,2.661651e-17,1.086414,sky,29.551290000000005
0.2895577,1.77303e-17,1.224034,sky,29.551290000000005
0.1444348,8.844082e-18,1.361654,sky,29.551290000000005
-0.0006881013,-4.213405e-20,1.499274,sky,29.551290000000005
-0.145811,-8.92835e-18,1.636895,sky,29.551290000000005
-0.2909339,-1.781457e-17,1.774515,sky,29.551290000000005
-0.4360569,-2.670078e-17,1.912135,sky,29.551290000000005
-0.5811798,-3.5587e-17,2.049755,sky,29.551290000000005
