x,y,z,mattype,Wm2Front
0.3746,4.446695e-17,0.05,groundplane,782.8204
0.3746,0.0254,0.05,groundplane,782.8204
0.3746,0.0508,0.05,groundplane,782.82
0.3746,0.0762,0.05,groundplane,782.8196000000002
0.3746,0.1016,0.05,groundplane,782.8193
