x,y,z,mattype,Wm2Front
1.5746,4.712179e-17,0.05,groundplane,893.4209999999999
1.5746,0.0254,0.05,groundplane,893.4215
1.5746,0.0508,0.05,groundplane,893.4211
1.5746,0.0762,0.05,groundplane,893.4207
1.5746,0.1016,0.05,groundplane,893.4203000000001
