x,y,z,rearMat,Wm2Back
0.7249973,4.439328e-17,1.838201,sky,7.9527019999999995
0.543854,3.330145e-17,1.753424,sky,7.9527019999999995
0.3627106,2.220962e-17,1.668648,sky,7.9527019999999995
0.1815672,1.111779e-17,1.583871,sky,7.9527019999999995
0.0004238833,2.595537e-20,1.499094,sky,7.9527019999999995
-0.1807195,-1.106588e-17,1.414318,sky,7.9527019999999995
-0.3618628,-2.215771e-17,1.329541,sky,7.9527019999999995
-0.5430062,-3.324954e-17,1.244764,sky,7.9527019999999995
-0.7241496,-4.434137e-17,1.159988,sky,7.9527019999999995
