x,y,z,mattype,Wm2Front
0.3746,4.597208e-17,0.05,groundplane,795.166
0.3746,0.0254,0.05,groundplane,795.166
0.3746,0.0508,0.05,groundplane,795.1655999999999
0.3746,0.0762,0.05,groundplane,795.1652
0.3746,0.1016,0.05,groundplane,795.1648
