x,y,z,rearMat,Wm2Back
0.7994625,4.895296e-17,1.470662,sky,14.62805
0.599588,3.671418e-17,1.477747,sky,14.62805
0.3997135,2.44754e-17,1.484832,sky,14.62805
0.1998391,1.223661e-17,1.491916,sky,14.62805
-3.542277e-05,-2.169019e-21,1.499001,sky,14.62805
-0.1999099,-1.224095e-17,1.506085,sky,14.62805
-0.3997844,-2.447973e-17,1.51317,sky,14.62805
-0.5996589,-3.671852e-17,1.520254,sky,14.62805
-0.7995334,-4.89573e-17,1.527339,sky,14.62805
