x,y,z,rearMat,Wm2Back
0.7999429,4.898237e-17,1.509611,sky,3.739347
0.5999605,3.673698e-17,1.506959,sky,3.739347
0.3999781,2.449159e-17,1.504306,sky,3.739347
0.1999957,1.22462e-17,1.501653,sky,3.739347
1.326411e-05,8.121927e-22,1.499,sky,3.739347
-0.1999691,-1.224458e-17,1.496347,sky,3.739347
-0.3999515,-2.448997e-17,1.493694,sky,3.739347
-0.599934,-3.673536e-17,1.491042,sky,3.739347
-0.7999164,-4.898075e-17,1.488389,sky,3.739347
