x,y,z,mattype,Wm2Front
1.5746,4.729152e-17,0.05,groundplane,57.01052000000001
1.5746,0.0254,0.05,groundplane,57.00871
1.5746,0.0508,0.05,groundplane,57.0087
1.5746,0.0762,0.05,groundplane,57.00869
1.5746,0.1016,0.05,groundplane,57.00868
