x,y,z,mattype,Wm2Front
0.3746,4.777671e-17,0.05,groundplane,72.6949
0.3746,0.0254,0.05,groundplane,72.69696
0.3746,0.0508,0.05,groundplane,72.69693
0.3746,0.0762,0.05,groundplane,72.69689
0.3746,0.1016,0.05,groundplane,72.69685
