x,y,z,mattype,Wm2Front
0.3746,4.751881e-17,0.05,groundplane,91.61458
0.3746,0.0254,0.05,groundplane,91.61343
0.3746,0.0508,0.05,groundplane,91.6134
0.3746,0.0762,0.05,groundplane,91.61336
0.3746,0.1016,0.05,groundplane,91.61333
