x,y,z,rearMat,Wm2Back
0.7941251,4.862614e-17,1.59678,sky,0.8964507999999999
0.5956243,3.647147e-17,1.572337,sky,0.8964507999999999
0.3971236,2.431681e-17,1.547894,sky,0.8964507999999999
0.1986229,1.216215e-17,1.523451,sky,0.8964507999999999
0.0001222158,7.483559e-21,1.499007,sky,0.8964507999999999
-0.1983785,-1.214718e-17,1.474564,sky,0.8964507999999999
-0.3968792,-2.430184e-17,1.450121,sky,0.8964507999999999
-0.5953799,-3.645651e-17,1.425678,sky,0.8964507999999999
-0.7938806,-4.861117e-17,1.401235,sky,0.8964507999999999
