x,y,z,mattype,Wm2Front
0.3746,4.842114e-17,0.05,groundplane,57.39514
0.3746,0.0254,0.05,groundplane,57.39436
0.3746,0.0508,0.05,groundplane,57.39437
0.3746,0.0762,0.05,groundplane,57.39437999999999
0.3746,0.1016,0.05,groundplane,57.39439000000001
