x,y,z,rearMat,Wm2Back
0.7791129,4.770691e-17,1.318385,sky,8.440474
0.5842782,3.577672e-17,1.363545,sky,8.440474
0.3894436,2.384654e-17,1.408705,sky,8.440474
0.1946089,1.191636e-17,1.453866,sky,8.440474
-0.0002258013,-1.382634e-20,1.499026,sky,8.440474
-0.1950605,-1.194401e-17,1.544186,sky,8.440474
-0.3898952,-2.387419e-17,1.589346,sky,8.440474
-0.5847298,-3.580438e-17,1.634507,sky,8.440474
-0.7795645,-4.773456e-17,1.679667,sky,8.440474
