x,y,z,mattype,Wm2Front
0.3746,3.050247e-17,0.05,groundplane,490.0146
0.3746,0.0254,0.05,groundplane,490.0208
0.3746,0.0508,0.05,groundplane,490.02040000000005
0.3746,0.0762,0.05,groundplane,490.02
0.3746,0.1016,0.05,groundplane,490.0196
