x,y,z,mattype,Wm2Front
0.3746,3.050247e-17,0.05,groundplane,497.8521
0.3746,0.0254,0.05,groundplane,497.8576
0.3746,0.0508,0.05,groundplane,497.85740000000004
0.3746,0.0762,0.05,groundplane,497.8572
0.3746,0.1016,0.05,groundplane,497.857
