x,y,z,rearMat,Wm2Back
0.6208233,3.801447e-17,0.9954414,sky,18.20572
0.4654601,2.850121e-17,1.121387,sky,18.20572
0.3100968,1.898795e-17,1.247332,sky,18.20572
0.1547335,9.474697e-18,1.373278,sky,18.20572
-0.0006297272,-3.855967e-20,1.499223,sky,18.20572
-0.155993,-9.551816e-18,1.625169,sky,18.20572
-0.3113563,-1.906507e-17,1.751114,sky,18.20572
-0.4667195,-2.857833e-17,1.87706,sky,18.20572
-0.6220828,-3.809159e-17,2.003005,sky,18.20572
