x,y,z,rearMat,Wm2Back
0.7684237,4.705238e-17,1.277456,sky,4.436407
0.5762486,3.528505e-17,1.332852,sky,4.436407
0.3840734,2.351771e-17,1.388247,sky,4.436407
0.1918982,1.175038e-17,1.443643,sky,4.436407
-0.0002769793,-1.696009e-20,1.499039,sky,4.436407
-0.1924522,-1.17843e-17,1.554435,sky,4.436407
-0.3846273,-2.355163e-17,1.609831,sky,4.436407
-0.5768025,-3.531897e-17,1.665227,sky,4.436407
-0.7689777,-4.70863e-17,1.720623,sky,4.436407
