x,y,z,mattype,Wm2Front
0.3746,4.494062e-17,0.05,groundplane,845.7403
0.3746,0.0254,0.05,groundplane,845.7418000000001
0.3746,0.0508,0.05,groundplane,845.7415
0.3746,0.0762,0.05,groundplane,845.7410999999998
0.3746,0.1016,0.05,groundplane,845.7407
