x,y,z,mattype,Wm2Front
1.5746,4.137149e-17,0.05,groundplane,778.265
1.5746,0.0254,0.05,groundplane,778.2646
1.5746,0.0508,0.05,groundplane,778.2643000000002
1.5746,0.0762,0.05,groundplane,778.264
1.5746,0.1016,0.05,groundplane,778.2638000000001
