x,y,z,rearMat,Wm2Back
0.79495,4.867665e-17,1.410247,sky,13.37677
0.5961847,3.650579e-17,1.432437,sky,13.37677
0.3974195,2.433493e-17,1.454627,sky,13.37677
0.1986543,1.216407e-17,1.476816,sky,13.37677
-0.0001109486,-6.793641e-21,1.499006,sky,13.37677
-0.1988762,-1.217765e-17,1.521196,sky,13.37677
-0.3976414,-2.434851e-17,1.543386,sky,13.37677
-0.5964066,-3.651937e-17,1.565575,sky,13.37677
-0.7951719,-4.869023e-17,1.587765,sky,13.37677
