x,y,z,mattype,Wm2Front
1.5746,4.899902e-17,0.05,groundplane,7.773284999999999
1.5746,0.0254,0.05,groundplane,7.773104
1.5746,0.0508,0.05,groundplane,7.773097
1.5746,0.0762,0.05,groundplane,7.77309
1.5746,0.1016,0.05,groundplane,7.773083
