x,y,z,mattype,Wm2Front
1.5746,4.808664e-17,0.05,groundplane,851.2932
1.5746,0.0254,0.05,groundplane,851.2936
1.5746,0.0508,0.05,groundplane,851.2932999999999
1.5746,0.0762,0.05,groundplane,851.2929
1.5746,0.1016,0.05,groundplane,851.2925
