x,y,z,mattype,Wm2Front
0.3746,4.714052e-17,0.05,groundplane,861.7836000000001
0.3746,0.0254,0.05,groundplane,861.7842
0.3746,0.0508,0.05,groundplane,861.7838
0.3746,0.0762,0.05,groundplane,861.7833999999999
0.3746,0.1016,0.05,groundplane,861.7831
