x,y,z,mattype,Wm2Front
0.3746,4.468013e-17,0.05,groundplane,877.8004
0.3746,0.0254,0.05,groundplane,877.8003
0.3746,0.0508,0.05,groundplane,877.7995999999999
0.3746,0.0762,0.05,groundplane,877.799
0.3746,0.1016,0.05,groundplane,877.7981999999998
