x,y,z,mattype,Wm2Front
0.3746,4.413805e-17,0.05,groundplane,479.3145
0.3746,0.0254,0.05,groundplane,479.3246
0.3746,0.0508,0.05,groundplane,479.3224
0.3746,0.0762,0.05,groundplane,479.32019999999994
0.3746,0.1016,0.05,groundplane,479.318
