x,y,z,rearMat,Wm2Back
0.6578875,4.028399e-17,1.955176,sky,20.1345
0.4935582,3.022172e-17,1.841176,sky,20.1345
0.3292288,2.015945e-17,1.727177,sky,20.1345
0.1648994,1.009718e-17,1.613178,sky,20.1345
0.0005699968,3.490224e-20,1.499178,sky,20.1345
-0.1637594,-1.002737e-17,1.385179,sky,20.1345
-0.3280888,-2.008964e-17,1.27118,sky,20.1345
-0.4924182,-3.015192e-17,1.15718,sky,20.1345
-0.6567476,-4.021419e-17,1.043181,sky,20.1345
