x,y,z,rearMat,Wm2Back
0.7770796,4.75824e-17,1.690127,sky,6.19761
0.5828694,3.569046e-17,1.642352,sky,6.19761
0.3886593,2.379852e-17,1.594578,sky,6.19761
0.1944491,1.190657e-17,1.546803,sky,6.19761
0.0002388724,1.462672e-20,1.499029,sky,6.19761
-0.1939713,-1.187732e-17,1.451254,sky,6.19761
-0.3881815,-2.376926e-17,1.40348,sky,6.19761
-0.5823917,-3.566121e-17,1.355705,sky,6.19761
-0.7766019,-4.755315e-17,1.307931,sky,6.19761
