x,y,z,rearMat,Wm2Back
0.6033247,3.694299e-17,2.025357,sky,30.41358
0.452658,2.771731e-17,1.89383,sky,30.41358
0.3019912,1.849163e-17,1.762302,sky,30.41358
0.1513244,9.265948e-18,1.630774,sky,30.41358
0.0006576382,4.026873e-20,1.499247,sky,30.41358
-0.1500091,-9.185411e-18,1.367719,sky,30.41358
-0.3006759,-1.841109e-17,1.236191,sky,30.41358
-0.4513427,-2.763677e-17,1.104664,sky,30.41358
-0.6020095,-3.686245e-17,0.9731361,sky,30.41358
