x,y,z,mattype,Wm2Front
0.3746,4.86423e-17,0.05,groundplane,14.591879999999998
0.3746,0.0254,0.05,groundplane,14.59201
0.3746,0.0508,0.05,groundplane,14.59201
0.3746,0.0762,0.05,groundplane,14.59201
0.3746,0.1016,0.05,groundplane,14.59201
