x,y,z,rearMat,Wm2Back
0.7970749,4.880676e-17,1.431644,sky,83.51945
0.5977851,3.660378e-17,1.448484,sky,83.51945
0.3984954,2.44008e-17,1.465324,sky,83.51945
0.1992056,1.219782e-17,1.482164,sky,83.51945
-8.419959e-05,-5.155738e-21,1.499004,sky,83.51945
-0.199374,-1.220814e-17,1.515843,sky,83.51945
-0.3986638,-2.441112e-17,1.532683,sky,83.51945
-0.5979535,-3.661409e-17,1.549523,sky,83.51945
-0.7972433,-4.881707e-17,1.566363,sky,83.51945
