x,y,z,mattype,Wm2Front
1.5746,4.788586e-17,0.05,groundplane,71.55809
1.5746,0.0254,0.05,groundplane,71.55697
1.5746,0.0508,0.05,groundplane,71.55695
1.5746,0.0762,0.05,groundplane,71.55694
1.5746,0.1016,0.05,groundplane,71.55692
