x,y,z,rearMat,Wm2Back
0.7771128,4.758444e-17,1.689991,sky,16.02181
0.5828943,3.569198e-17,1.642251,sky,16.02181
0.3886758,2.379953e-17,1.59451,sky,16.02181
0.1944572,1.190707e-17,1.546769,sky,16.02181
0.0002387029,1.461634e-20,1.499029,sky,16.02181
-0.1939798,-1.187784e-17,1.451288,sky,16.02181
-0.3881984,-2.377029e-17,1.403548,sky,16.02181
-0.5824169,-3.566275e-17,1.355807,sky,16.02181
-0.7766354,-4.75552e-17,1.308067,sky,16.02181
