x,y,z,rearMat,Wm2Back
0.7889792,4.831104e-17,1.367664,sky,6.922149
0.5916934,3.623077e-17,1.400501,sky,6.922149
0.3944075,2.41505e-17,1.433339,sky,6.922149
0.1971217,1.207022e-17,1.466176,sky,6.922149
-0.0001641868,-1.005354e-20,1.499014,sky,6.922149
-0.19745,-1.209033e-17,1.531851,sky,6.922149
-0.3947359,-2.41706e-17,1.564688,sky,6.922149
-0.5920217,-3.625088e-17,1.597526,sky,6.922149
-0.7893076,-4.833115e-17,1.630363,sky,6.922149
