x,y,z,mattype,Wm2Front
0.3746,4.465903e-17,0.05,groundplane,827.3788
0.3746,0.0254,0.05,groundplane,827.3786999999999
0.3746,0.0508,0.05,groundplane,827.3783
0.3746,0.0762,0.05,groundplane,827.378
0.3746,0.1016,0.05,groundplane,827.3777
