x,y,z,mattype,Wm2Front
1.5746,3.247255e-17,0.05,groundplane,474.2733
1.5746,0.0254,0.05,groundplane,474.27299999999997
1.5746,0.0508,0.05,groundplane,474.2728
1.5746,0.0762,0.05,groundplane,474.2726
1.5746,0.1016,0.05,groundplane,474.2725
