x,y,z,mattype,Wm2Front
1.5746,4.884652e-17,0.05,groundplane,711.7739
1.5746,0.0254,0.05,groundplane,711.7747
1.5746,0.0508,0.05,groundplane,711.7743999999999
1.5746,0.0762,0.05,groundplane,711.774
1.5746,0.1016,0.05,groundplane,711.7737000000001
