x,y,z,mattype,Wm2Front
0.3746,4.12565e-17,0.05,groundplane,375.0665000000001
0.3746,0.0254,0.05,groundplane,375.06569999999994
0.3746,0.0508,0.05,groundplane,375.0651
0.3746,0.0762,0.05,groundplane,375.0645
0.3746,0.1016,0.05,groundplane,375.06389999999993
