x,y,z,rearMat,Wm2Back
0.7663853,4.692757e-17,1.729466,sky,20.27508
0.574861,3.520009e-17,1.67186,sky,20.27508
0.3833367,2.34726e-17,1.614254,sky,20.27508
0.1918124,1.174512e-17,1.556648,sky,20.27508
0.0002880291,1.76367e-20,1.499042,sky,20.27508
-0.1912363,-1.170985e-17,1.441437,sky,20.27508
-0.3827606,-2.343733e-17,1.383831,sky,20.27508
-0.574285,-3.516481e-17,1.326225,sky,20.27508
-0.7658093,-4.689229e-17,1.268619,sky,20.27508
