x,y,z,mattype,Wm2Front
0.3746,3.900301e-17,0.05,groundplane,762.7851999999999
0.3746,0.0254,0.05,groundplane,762.7846
0.3746,0.0508,0.05,groundplane,762.784
0.3746,0.0762,0.05,groundplane,762.7833
0.3746,0.1016,0.05,groundplane,762.7827000000001
