x,y,z,mattype,Wm2Front
0.3746,4.516266e-17,0.05,groundplane,93.01961999999999
0.3746,0.0254,0.05,groundplane,93.022
0.3746,0.0508,0.05,groundplane,93.02202
0.3746,0.0762,0.05,groundplane,93.02202
0.3746,0.1016,0.05,groundplane,93.02203000000002
