x,y,z,rearMat,Wm2Back
0.6940159,4.249622e-17,1.897923,sky,14.6312
0.5206365,3.187979e-17,1.798226,sky,14.6312
0.3472572,2.126337e-17,1.698528,sky,14.6312
0.1738778,1.064695e-17,1.598831,sky,14.6312
0.0004984877,3.052357e-20,1.499133,sky,14.6312
-0.1728809,-1.05859e-17,1.399436,sky,14.6312
-0.3462602,-2.120232e-17,1.299738,sky,14.6312
-0.5196396,-3.181875e-17,1.20004,sky,14.6312
-0.6930189,-4.243517e-17,1.100343,sky,14.6312
