x,y,z,mattype,Wm2Front
1.5746,4.878797e-17,0.05,groundplane,27.47266
1.5746,0.0254,0.05,groundplane,27.47224
1.5746,0.0508,0.05,groundplane,27.472220000000004
1.5746,0.0762,0.05,groundplane,27.47219
1.5746,0.1016,0.05,groundplane,27.472169999999995
