x,y,z,mattype,Wm2Front
0.3746,4.479968e-17,0.05,groundplane,849.4319
0.3746,0.0254,0.05,groundplane,849.4329000000001
0.3746,0.0508,0.05,groundplane,849.4326
0.3746,0.0762,0.05,groundplane,849.4321999999999
0.3746,0.1016,0.05,groundplane,849.4319
