x,y,z,rearMat,Wm2Back
0.5979758,3.661546e-17,2.031438,sky,14.612630000000001
0.4486481,2.747178e-17,1.898392,sky,14.612630000000001
0.2993205,1.832809e-17,1.765346,sky,14.612630000000001
0.1499929,9.184414e-18,1.632299,sky,14.612630000000001
0.0006652304,4.073361e-20,1.499253,sky,14.612630000000001
-0.1486624,-9.102947e-18,1.366207,sky,14.612630000000001
-0.29799,-1.824663e-17,1.233161,sky,14.612630000000001
-0.4473177,-2.739031e-17,1.100115,sky,14.612630000000001
-0.5966453,-3.653399e-17,0.9670691,sky,14.612630000000001
