x,y,z,mattype,Wm2Front
0.3746,4.82075e-17,0.05,groundplane,67.699
0.3746,0.0254,0.05,groundplane,67.69901
0.3746,0.0508,0.05,groundplane,67.69901
0.3746,0.0762,0.05,groundplane,67.69901
0.3746,0.1016,0.05,groundplane,67.69901
