x,y,z,rearMat,Wm2Back
0.7905157,4.840512e-17,1.377175,sky,2.7756090000000007
0.5928487,3.630151e-17,1.407634,sky,2.7756090000000007
0.3951817,2.41979e-17,1.438093,sky,2.7756090000000007
0.1975147,1.209429e-17,1.468552,sky,2.7756090000000007
-0.0001522959,-9.325433e-21,1.499012,sky,2.7756090000000007
-0.1978193,-1.211294e-17,1.529471,sky,2.7756090000000007
-0.3954863,-2.421655e-17,1.55993,sky,2.7756090000000007
-0.5931533,-3.632016e-17,1.590389,sky,2.7756090000000007
-0.7908203,-4.842377e-17,1.620848,sky,2.7756090000000007
