x,y,z,mattype,Wm2Front
0.3746,4.810139e-17,0.05,groundplane,87.9294
0.3746,0.0254,0.05,groundplane,87.92946
0.3746,0.0508,0.05,groundplane,87.92946
0.3746,0.0762,0.05,groundplane,87.92946
0.3746,0.1016,0.05,groundplane,87.92945000000002
