x,y,z,mattype,Wm2Front
1.5746,4.895255e-17,0.05,groundplane,13.480219999999997
1.5746,0.0254,0.05,groundplane,13.48039
1.5746,0.0508,0.05,groundplane,13.480380000000002
1.5746,0.0762,0.05,groundplane,13.48037
1.5746,0.1016,0.05,groundplane,13.48036
