x,y,z,rearMat,Wm2Back
0.6335627,3.879453e-17,1.011534,sky,31.23812
0.4750197,2.908657e-17,1.133452,sky,31.23812
0.3164766,1.93786e-17,1.255371,sky,31.23812
0.1579335,9.670637e-18,1.377289,sky,31.23812
-0.0006095919,-3.732674e-20,1.499207,sky,31.23812
-0.1591527,-9.745291e-18,1.621126,sky,31.23812
-0.3176958,-1.945325e-17,1.743044,sky,31.23812
-0.4762388,-2.916122e-17,1.864962,sky,31.23812
-0.6347819,-3.886918e-17,1.986881,sky,31.23812
