x,y,z,mattype,Wm2Front
1.5746,4.722366e-17,0.05,groundplane,792.6920999999999
1.5746,0.0254,0.05,groundplane,792.6931
1.5746,0.0508,0.05,groundplane,792.6923
1.5746,0.0762,0.05,groundplane,792.6914
1.5746,0.1016,0.05,groundplane,792.6905
