x,y,z,mattype,Wm2Front
1.5746,3.050247e-17,0.05,groundplane,386.9298999999999
1.5746,0.0254,0.05,groundplane,386.9325999999999
1.5746,0.0508,0.05,groundplane,386.93250000000006
1.5746,0.0762,0.05,groundplane,386.9323
1.5746,0.1016,0.05,groundplane,386.9322
