x,y,z,mattype,Wm2Front
0.3746,4.815765e-17,0.05,groundplane,797.5825
0.3746,0.0254,0.05,groundplane,797.5832999999999
0.3746,0.0508,0.05,groundplane,797.5829
0.3746,0.0762,0.05,groundplane,797.5823999999999
0.3746,0.1016,0.05,groundplane,797.582
