x,y,z,mattype,Wm2Front
1.5746,4.84026e-17,0.05,groundplane,9.82111
1.5746,0.0254,0.05,groundplane,9.821095
1.5746,0.0508,0.05,groundplane,9.821095
1.5746,0.0762,0.05,groundplane,9.821095
1.5746,0.1016,0.05,groundplane,9.821095
