x,y,z,rearMat,Wm2Back
0.6398185,3.917758e-17,1.019757,sky,44.74985
0.479714,2.937401e-17,1.139618,sky,44.74985
0.3196096,1.957044e-17,1.259478,sky,44.74985
0.1595051,9.766873e-18,1.379339,sky,44.74985
-0.0005993031,-3.669673e-20,1.499199,sky,44.74985
-0.1607037,-9.840267e-18,1.61906,sky,44.74985
-0.3208082,-1.964384e-17,1.738921,sky,44.74985
-0.4809126,-2.944741e-17,1.858781,sky,44.74985
-0.6410171,-3.925098e-17,1.978642,sky,44.74985
