x,y,z,mattype,Wm2Front
1.5746,4.021235e-17,0.05,groundplane,721.0872
1.5746,0.0254,0.05,groundplane,721.0934000000001
1.5746,0.0508,0.05,groundplane,721.0922999999999
1.5746,0.0762,0.05,groundplane,721.0913
1.5746,0.1016,0.05,groundplane,721.0902
