x,y,z,mattype,Wm2Front
1.5746,4.782192e-17,0.05,groundplane,75.7849
1.5746,0.0254,0.05,groundplane,75.78654
1.5746,0.0508,0.05,groundplane,75.78651
1.5746,0.0762,0.05,groundplane,75.7865
1.5746,0.1016,0.05,groundplane,75.78647
