x,y,z,mattype,Wm2Front
1.5746,4.862342e-17,0.05,groundplane,26.65469
1.5746,0.0254,0.05,groundplane,26.65518
1.5746,0.0508,0.05,groundplane,26.65519
1.5746,0.0762,0.05,groundplane,26.655199999999997
1.5746,0.1016,0.05,groundplane,26.65522
