x,y,z,mattype,Wm2Front
0.3746,4.867763e-17,0.05,groundplane,7.999645
0.3746,0.0254,0.05,groundplane,7.999671
0.3746,0.0508,0.05,groundplane,7.999671
0.3746,0.0762,0.05,groundplane,7.999669999999999
0.3746,0.1016,0.05,groundplane,7.999668
