x,y,z,rearMat,Wm2Back
0.6346119,3.885877e-17,1.987102,sky,11.46084
0.4761114,2.915342e-17,1.865129,sky,11.46084
0.3176109,1.944806e-17,1.743155,sky,11.46084
0.1591104,9.742701e-18,1.621181,sky,11.46084
0.0006098686,3.734368e-20,1.499207,sky,11.46084
-0.1578906,-9.668014e-18,1.377234,sky,11.46084
-0.3163912,-1.937337e-17,1.25526,sky,11.46084
-0.4748917,-2.907873e-17,1.133286,sky,11.46084
-0.6333922,-3.878409e-17,1.011313,sky,11.46084
