x,y,z,mattype,Wm2Front
0.3746,4.869484e-17,0.05,groundplane,858.3999
0.3746,0.0254,0.05,groundplane,858.4005000000001
0.3746,0.0508,0.05,groundplane,858.4001
0.3746,0.0762,0.05,groundplane,858.3998
0.3746,0.1016,0.05,groundplane,858.3993999999999
