x,y,z,mattype,Wm2Front
0.3746,4.87081e-17,0.05,groundplane,175.0231
0.3746,0.0254,0.05,groundplane,175.0243
0.3746,0.0508,0.05,groundplane,175.0236
0.3746,0.0762,0.05,groundplane,175.02290000000002
0.3746,0.1016,0.05,groundplane,175.0222
