x,y,z,mattype,Wm2Front
0.3746,4.899596e-17,0.05,groundplane,721.5112
0.3746,0.0254,0.05,groundplane,721.5122
0.3746,0.0508,0.05,groundplane,721.5117999999999
0.3746,0.0762,0.05,groundplane,721.5114
0.3746,0.1016,0.05,groundplane,721.511
