x,y,z,mattype,Wm2Front
0.3746,3.247255e-17,0.05,groundplane,449.587
0.3746,0.0254,0.05,groundplane,449.5858
0.3746,0.0508,0.05,groundplane,449.5858
0.3746,0.0762,0.05,groundplane,449.5856999999999
0.3746,0.1016,0.05,groundplane,449.58560000000006
