x,y,z,mattype,Wm2Front
1.5746,4.151297e-17,0.05,groundplane,797.1028
1.5746,0.0254,0.05,groundplane,797.1027
1.5746,0.0508,0.05,groundplane,797.1024000000001
1.5746,0.0762,0.05,groundplane,797.1021
1.5746,0.1016,0.05,groundplane,797.1017
