x,y,z,mattype,Wm2Front
1.5746,3.050247e-17,0.05,groundplane,428.6551
1.5746,0.0254,0.05,groundplane,428.66270000000003
1.5746,0.0508,0.05,groundplane,428.6621
1.5746,0.0762,0.05,groundplane,428.6615
1.5746,0.1016,0.05,groundplane,428.6609
