x,y,z,rearMat,Wm2Back
0.7974143,4.882755e-17,1.564276,sky,121.8497
0.5980811,3.662191e-17,1.547958,sky,121.8497
0.398748,2.441627e-17,1.53164,sky,121.8497
0.1994148,1.221063e-17,1.515321,sky,121.8497
8.159061e-05,4.995984e-21,1.499003,sky,121.8497
-0.1992516,-1.220064e-17,1.482685,sky,121.8497
-0.3985848,-2.440628e-17,1.466367,sky,121.8497
-0.597918,-3.661192e-17,1.450049,sky,121.8497
-0.7972512,-4.881755e-17,1.433731,sky,121.8497
