x,y,z,rearMat,Wm2Back
0.7975253,4.883434e-17,1.562884,sky,2.9559270000000004
0.5981639,3.662698e-17,1.546914,sky,2.9559270000000004
0.3988026,2.441961e-17,1.530944,sky,2.9559270000000004
0.1994412,1.221225e-17,1.514973,sky,2.9559270000000004
7.985098e-05,4.889462e-21,1.499003,sky,2.9559270000000004
-0.1992815,-1.220247e-17,1.483033,sky,2.9559270000000004
-0.3986429,-2.440984e-17,1.467063,sky,2.9559270000000004
-0.5980042,-3.66172e-17,1.451093,sky,2.9559270000000004
-0.7973656,-4.882456e-17,1.435122,sky,2.9559270000000004
