x,y,z,rearMat,Wm2Back
0.6529237,3.998004e-17,1.962268,sky,5.046122
0.4898375,2.999389e-17,1.846497,sky,5.046122
0.3267513,2.000774e-17,1.730726,sky,5.046122
0.1636651,1.002159e-17,1.614955,sky,5.046122
0.0005788543,3.54446e-20,1.499185,sky,5.046122
-0.1625073,-9.950705e-18,1.383414,sky,5.046122
-0.3255935,-1.993685e-17,1.267643,sky,5.046122
-0.4886797,-2.9923e-17,1.151872,sky,5.046122
-0.6517659,-3.990915e-17,1.036101,sky,5.046122
