x,y,z,mattype,Wm2Front
1.5746,3.356567e-17,0.05,groundplane,170.81679999999997
1.5746,0.0254,0.05,groundplane,170.81679999999997
1.5746,0.0508,0.05,groundplane,170.8166
1.5746,0.0762,0.05,groundplane,170.81630000000004
1.5746,0.1016,0.05,groundplane,170.8161
