x,y,z,rearMat,Wm2Back
0.7971144,4.880918e-17,1.567894,sky,1.347644
0.5978574,3.660821e-17,1.550671,sky,1.347644
0.3986003,2.440723e-17,1.533449,sky,1.347644
0.1993432,1.220625e-17,1.516226,sky,1.347644
8.611248e-05,5.272869e-21,1.499004,sky,1.347644
-0.199171,-1.21957e-17,1.481781,sky,1.347644
-0.3984281,-2.439668e-17,1.464559,sky,1.347644
-0.5976851,-3.659766e-17,1.447336,sky,1.347644
-0.7969422,-4.879864e-17,1.430114,sky,1.347644
