x,y,z,mattype,Wm2Front
1.5746,4.515934e-17,0.05,groundplane,55.39177
1.5746,0.0254,0.05,groundplane,55.39225
1.5746,0.0508,0.05,groundplane,55.39222
1.5746,0.0762,0.05,groundplane,55.39219
1.5746,0.1016,0.05,groundplane,55.39218
