x,y,z,rearMat,Wm2Back
0.5313671,3.253685e-17,2.098038,sky,20.58747
0.3987124,2.441409e-17,1.948363,sky,20.58747
0.2660577,1.629134e-17,1.798688,sky,20.58747
0.1334031,8.168581e-18,1.649012,sky,20.58747
0.0007483772,4.582489e-20,1.499337,sky,20.58747
-0.1319063,-8.076931e-18,1.349661,sky,20.58747
-0.264561,-1.619969e-17,1.199986,sky,20.58747
-0.3972157,-2.432244e-17,1.05031,sky,20.58747
-0.5298703,-3.24452e-17,0.900635,sky,20.58747
