x,y,z,mattype,Wm2Front
1.5746,3.247255e-17,0.05,groundplane,80.68507
1.5746,0.0254,0.05,groundplane,80.68492
1.5746,0.0508,0.05,groundplane,80.68491
1.5746,0.0762,0.05,groundplane,80.68489
1.5746,0.1016,0.05,groundplane,80.68488
