x,y,z,mattype,Wm2Front
0.3746,3.356567e-17,0.05,groundplane,170.8528
0.3746,0.0254,0.05,groundplane,170.8528
0.3746,0.0508,0.05,groundplane,170.8525
0.3746,0.0762,0.05,groundplane,170.8523
0.3746,0.1016,0.05,groundplane,170.85209999999998
