x,y,z,mattype,Wm2Front
1.5746,4.548765e-17,0.05,groundplane,72.29151
1.5746,0.0254,0.05,groundplane,72.29353
1.5746,0.0508,0.05,groundplane,72.29351
1.5746,0.0762,0.05,groundplane,72.2935
1.5746,0.1016,0.05,groundplane,72.29348
