x,y,z,rearMat,Wm2Back
0.5322016,3.258795e-17,2.097296,sky,42.68111
0.3993381,2.44524e-17,1.947806,sky,42.68111
0.2664745,1.631686e-17,1.798316,sky,42.68111
0.133611,8.181313e-18,1.648826,sky,42.68111
0.0007474504,4.576813e-20,1.499336,sky,42.68111
-0.1321161,-8.089777e-18,1.349846,sky,42.68111
-0.2649796,-1.622532e-17,1.200356,sky,42.68111
-0.3978432,-2.436087e-17,1.050865,sky,42.68111
-0.5307067,-3.249641e-17,0.9013754,sky,42.68111
