x,y,z,mattype,Wm2Front
0.3746,4.823941e-17,0.05,groundplane,713.8831999999999
0.3746,0.0254,0.05,groundplane,713.8839000000002
0.3746,0.0508,0.05,groundplane,713.8836
0.3746,0.0762,0.05,groundplane,713.8831999999999
0.3746,0.1016,0.05,groundplane,713.8829
