x,y,z,rearMat,Wm2Back
0.794567,4.86532e-17,1.406918,sky,49.6105
0.5958965,3.648814e-17,1.42994,sky,49.6105
0.397226,2.432308e-17,1.452962,sky,49.6105
0.1985554,1.215801e-17,1.475985,sky,49.6105
-0.0001151105,-7.048487e-21,1.499007,sky,49.6105
-0.1987856,-1.217211e-17,1.522029,sky,49.6105
-0.3974562,-2.433717e-17,1.545051,sky,49.6105
-0.5961267,-3.650223e-17,1.568073,sky,49.6105
-0.7947973,-4.86673e-17,1.591095,sky,49.6105
