x,y,z,mattype,Wm2Front
1.5746,4.603473e-17,0.05,groundplane,122.49330000000002
1.5746,0.0254,0.05,groundplane,122.4957
1.5746,0.0508,0.05,groundplane,122.49560000000001
1.5746,0.0762,0.05,groundplane,122.4955
1.5746,0.1016,0.05,groundplane,122.4954
