x,y,z,mattype,Wm2Front
0.3746,4.849886e-17,0.05,groundplane,47.27721
0.3746,0.0254,0.05,groundplane,47.27824999999999
0.3746,0.0508,0.05,groundplane,47.278240000000004
0.3746,0.0762,0.05,groundplane,47.27823
0.3746,0.1016,0.05,groundplane,47.27821
