x,y,z,rearMat,Wm2Back
0.7418607,4.542587e-17,1.799406,sky,17.49739
0.5564894,3.407515e-17,1.724322,sky,17.49739
0.3711181,2.272443e-17,1.649239,sky,17.49739
0.1857467,1.137371e-17,1.574156,sky,17.49739
0.0003754156,2.298757e-20,1.499073,sky,17.49739
-0.1849959,-1.132773e-17,1.42399,sky,17.49739
-0.3703672,-2.267845e-17,1.348907,sky,17.49739
-0.5557385,-3.402917e-17,1.273824,sky,17.49739
-0.7411099,-4.537989e-17,1.198741,sky,17.49739
