x,y,z,mattype,Wm2Front
1.5746,4.542932e-17,0.05,groundplane,64.90606
1.5746,0.0254,0.05,groundplane,64.90575
1.5746,0.0508,0.05,groundplane,64.90572
1.5746,0.0762,0.05,groundplane,64.9057
1.5746,0.1016,0.05,groundplane,64.90568
