x,y,z,rearMat,Wm2Back
0.7833551,4.796667e-17,1.662345,sky,44.81378
0.5875674,3.597813e-17,1.621514,sky,44.81378
0.3917796,2.398958e-17,1.580683,sky,44.81378
0.1959919,1.200104e-17,1.539852,sky,44.81378
0.0002041544,1.250085e-20,1.499021,sky,44.81378
-0.1955836,-1.197604e-17,1.45819,sky,44.81378
-0.3913713,-2.396458e-17,1.417359,sky,44.81378
-0.5871591,-3.595312e-17,1.376528,sky,44.81378
-0.7829468,-4.794167e-17,1.335698,sky,44.81378
