x,y,z,mattype,Wm2Front
0.3746,3.050247e-17,0.05,groundplane,360.31200000000007
0.3746,0.0254,0.05,groundplane,360.3182
0.3746,0.0508,0.05,groundplane,360.3179
0.3746,0.0762,0.05,groundplane,360.31749999999994
0.3746,0.1016,0.05,groundplane,360.3171
