x,y,z,mattype,Wm2Front
0.3746,4.392512e-17,0.05,groundplane,821.3199
0.3746,0.0254,0.05,groundplane,821.33
0.3746,0.0508,0.05,groundplane,821.3284
0.3746,0.0762,0.05,groundplane,821.3267
0.3746,0.1016,0.05,groundplane,821.3250000000002
