x,y,z,mattype,Wm2Front
0.3746,3.624184e-17,0.05,groundplane,807.4944
0.3746,0.0254,0.05,groundplane,807.4964999999999
0.3746,0.0508,0.05,groundplane,807.4958
0.3746,0.0762,0.05,groundplane,807.4952
0.3746,0.1016,0.05,groundplane,807.4946
