x,y,z,rearMat,Wm2Back
0.7702356,4.716333e-17,1.71619,sky,80.14146
0.5777446,3.537665e-17,1.661902,sky,80.14146
0.3852535,2.358998e-17,1.607614,sky,80.14146
0.1927625,1.18033e-17,1.553326,sky,80.14146
0.0002714404,1.662093e-20,1.499038,sky,80.14146
-0.1922196,-1.177006e-17,1.444749,sky,80.14146
-0.3847107,-2.355673e-17,1.390461,sky,80.14146
-0.5772017,-3.534341e-17,1.336173,sky,80.14146
-0.7696927,-4.713009e-17,1.281885,sky,80.14146
