x,y,z,rearMat,Wm2Back
0.69339,4.245789e-17,1.899013,sky,15.68408
0.5201674,3.185107e-17,1.799043,sky,15.68408
0.3469449,2.124425e-17,1.699073,sky,15.68408
0.1737224,1.063743e-17,1.599104,sky,15.68408
0.0004998488,3.060691e-20,1.499134,sky,15.68408
-0.1727227,-1.057621e-17,1.399164,sky,15.68408
-0.3459452,-2.118303e-17,1.299194,sky,15.68408
-0.5191677,-3.178986e-17,1.199225,sky,15.68408
-0.6923903,-4.239668e-17,1.099255,sky,15.68408
