x,y,z,rearMat,Wm2Back
0.6427671,3.935813e-17,1.976289,sky,46.60532
0.4822244,2.952773e-17,1.857016,sky,46.60532
0.3216817,1.969732e-17,1.737743,sky,46.60532
0.161139,9.866921e-18,1.61847,sky,46.60532
0.000596365,3.651682e-20,1.499197,sky,46.60532
-0.1599463,-9.793887e-18,1.379924,sky,46.60532
-0.320489,-1.962429e-17,1.260651,sky,46.60532
-0.4810317,-2.94547e-17,1.141378,sky,46.60532
-0.6415744,-3.92851e-17,1.022105,sky,46.60532
