x,y,z,mattype,Wm2Front
0.3746,3.583465e-17,0.05,groundplane,687.9503
0.3746,0.0254,0.05,groundplane,687.9495000000001
0.3746,0.0508,0.05,groundplane,687.9492999999999
0.3746,0.0762,0.05,groundplane,687.9492
0.3746,0.1016,0.05,groundplane,687.949
