x,y,z,rearMat,Wm2Back
0.5962731,3.65112e-17,0.9666527,sky,13.56752
0.4470384,2.737321e-17,1.099803,sky,13.56752
0.2978037,1.823522e-17,1.232953,sky,13.56752
0.148569,9.097225e-18,1.366104,sky,13.56752
-0.0006657514,-4.076552e-20,1.499254,sky,13.56752
-0.1499005,-9.178756e-18,1.632404,sky,13.56752
-0.2991352,-1.831675e-17,1.765554,sky,13.56752
-0.4483699,-2.745474e-17,1.898705,sky,13.56752
-0.5976046,-3.659273e-17,2.031855,sky,13.56752
