x,y,z,mattype,Wm2Front
1.5746,4.703877e-17,0.05,groundplane,203.68860000000004
1.5746,0.0254,0.05,groundplane,203.6893
1.5746,0.0508,0.05,groundplane,203.689
1.5746,0.0762,0.05,groundplane,203.6887
1.5746,0.1016,0.05,groundplane,203.6884
