x,y,z,mattype,Wm2Front
0.3746,4.834143e-17,0.05,groundplane,67.84706
0.3746,0.0254,0.05,groundplane,67.84972
0.3746,0.0508,0.05,groundplane,67.8497
0.3746,0.0762,0.05,groundplane,67.84968
0.3746,0.1016,0.05,groundplane,67.84966
