x,y,z,mattype,Wm2Front
0.3746,4.765803e-17,0.05,groundplane,85.37988
0.3746,0.0254,0.05,groundplane,85.38083999999999
0.3746,0.0508,0.05,groundplane,85.38082000000001
0.3746,0.0762,0.05,groundplane,85.38081
0.3746,0.1016,0.05,groundplane,85.38078
