x,y,z,mattype,Wm2Front
0.3746,4.542932e-17,0.05,groundplane,64.92473
0.3746,0.0254,0.05,groundplane,64.92415
0.3746,0.0508,0.05,groundplane,64.92413
0.3746,0.0762,0.05,groundplane,64.92411
0.3746,0.1016,0.05,groundplane,64.92408
