x,y,z,mattype,Wm2Front
1.5746,3.66292e-17,0.05,groundplane,253.3496
1.5746,0.0254,0.05,groundplane,253.3491
1.5746,0.0508,0.05,groundplane,253.34900000000002
1.5746,0.0762,0.05,groundplane,253.34900000000002
1.5746,0.1016,0.05,groundplane,253.3489
