x,y,z,mattype,Wm2Front
0.3746,3.554161e-17,0.05,groundplane,685.3648
0.3746,0.0254,0.05,groundplane,685.3641000000001
0.3746,0.0508,0.05,groundplane,685.364
0.3746,0.0762,0.05,groundplane,685.3638
0.3746,0.1016,0.05,groundplane,685.3636
