x,y,z,mattype,Wm2Front
0.3746,3.247255e-17,0.05,groundplane,388.9597999999999
0.3746,0.0254,0.05,groundplane,388.9592
0.3746,0.0508,0.05,groundplane,388.959
0.3746,0.0762,0.05,groundplane,388.9589
0.3746,0.1016,0.05,groundplane,388.95880000000005
