x,y,z,mattype,Wm2Front
1.5746,4.884942e-17,0.05,groundplane,795.7747
1.5746,0.0254,0.05,groundplane,795.7787
1.5746,0.0508,0.05,groundplane,795.7781
1.5746,0.0762,0.05,groundplane,795.7776
1.5746,0.1016,0.05,groundplane,795.7770999999999
