x,y,z,mattype,Wm2Front
1.5746,3.247255e-17,0.05,groundplane,398.8192000000001
1.5746,0.0254,0.05,groundplane,398.8179
1.5746,0.0508,0.05,groundplane,398.8178
1.5746,0.0762,0.05,groundplane,398.8176
1.5746,0.1016,0.05,groundplane,398.81749999999994
