x,y,z,rearMat,Wm2Back
0.5769095,3.532552e-17,0.945765,sky,21.70777
0.4325092,2.648355e-17,1.084143,sky,21.70777
0.2881088,1.764158e-17,1.222522,sky,21.70777
0.1437085,8.799606e-18,1.3609,sky,21.70777
-0.0006918912,-4.236612e-20,1.499278,sky,21.70777
-0.1450922,-8.884338e-18,1.637656,sky,21.70777
-0.2894926,-1.772631e-17,1.776034,sky,21.70777
-0.433893,-2.656828e-17,1.914413,sky,21.70777
-0.5782933,-3.541025e-17,2.052791,sky,21.70777
