x,y,z,rearMat,Wm2Back
0.6748758,4.132423e-17,1.929585,sky,30.0086
0.5062914,3.100141e-17,1.821978,sky,30.0086
0.3377069,2.067859e-17,1.714371,sky,30.0086
0.1691225,1.035577e-17,1.606764,sky,30.0086
0.0005380354,3.294517e-20,1.499157,sky,30.0086
-0.1680464,-1.028988e-17,1.39155,sky,30.0086
-0.3366309,-2.06127e-17,1.283943,sky,30.0086
-0.5052153,-3.093552e-17,1.176336,sky,30.0086
-0.6737998,-4.125834e-17,1.068729,sky,30.0086
