x,y,z,mattype,Wm2Front
1.5746,3.247255e-17,0.05,groundplane,478.10639999999995
1.5746,0.0254,0.05,groundplane,478.1053
1.5746,0.0508,0.05,groundplane,478.1052
1.5746,0.0762,0.05,groundplane,478.1051
1.5746,0.1016,0.05,groundplane,478.1049
