x,y,z,mattype,Wm2Front
0.3746,4.717076e-17,0.05,groundplane,856.1716
0.3746,0.0254,0.05,groundplane,856.1718999999999
0.3746,0.0508,0.05,groundplane,856.1716
0.3746,0.0762,0.05,groundplane,856.1713
0.3746,0.1016,0.05,groundplane,856.1709
