x,y,z,mattype,Wm2Front
1.5746,4.89362e-17,0.05,groundplane,473.0561
1.5746,0.0254,0.05,groundplane,473.0598
1.5746,0.0508,0.05,groundplane,473.0578
1.5746,0.0762,0.05,groundplane,473.0557999999999
1.5746,0.1016,0.05,groundplane,473.05379999999997
