x,y,z,mattype,Wm2Front
1.5746,4.244888e-17,0.05,groundplane,493.35099999999994
1.5746,0.0254,0.05,groundplane,493.35999999999996
1.5746,0.0508,0.05,groundplane,493.35819999999995
1.5746,0.0762,0.05,groundplane,493.35639999999995
1.5746,0.1016,0.05,groundplane,493.35459999999995
